x	y	clickSelects
-0.05076792480235	0.442524207311945	16
-0.0506222353636701	0.442697734012975	953
-0.00954023717211006	1.05075857659414	33
-0.05422848079298	0.440039859159679	399
-0.05076792480235	0.442524207311945	25
-0.05422848079298	0.440039859159679	25
-0.0506222353636701	0.442697734012975	25
-0.05422848079298	0.440039859159679	421
-0.0506222353636701	0.442697734012975	61
-0.05422848079298	0.440039859159679	61
-0.05076792480235	0.442524207311945	150
-0.0506222353636701	0.442697734012975	134
-0.05076792480235	0.442524207311945	1402
-0.05076792480235	0.442524207311945	1402
-0.0506222353636701	0.442697734012975	1402
-0.0506222353636701	0.442697734012975	1515
-0.0506222353636701	0.442697734012975	1515
-0.05076792480235	0.442524207311945	1515
-0.05422848079298	0.440039859159679	1515
-0.0506222353636701	0.442697734012975	1515
-0.05422848079298	0.440039859159679	1134
-0.0506222353636701	0.442697734012975	1134
-0.0506222353636701	0.442697734012975	174
-0.0506222353636701	0.442697734012975	174
-0.05076792480235	0.442524207311945	16
-0.05076792480235	0.442524207311945	16
-0.0506222353636701	0.442697734012975	153
-0.0506222353636701	0.442697734012975	153
-0.05422848079298	0.440039859159679	33
-0.0506222353636701	0.442697734012975	33
-0.05076792480235	0.442524207311945	33
-0.05076792480235	0.442524207311945	1
-0.05076792480235	0.442524207311945	25
-0.05076792480235	0.442524207311945	421
-0.0506222353636701	0.442697734012975	421
-0.05076792480235	0.442524207311945	61
-0.05076792480235	0.442524207311945	61
-0.0506222353636701	0.442697734012975	1677
-0.0506222353636701	0.442697734012975	134
-0.05076792480235	0.442524207311945	134
-0.05422848079298	0.440039859159679	134
-0.0506222353636701	0.442697734012975	1402
-0.05076792480235	0.442524207311945	1402
-0.0506222353636701	0.442697734012975	1515
-0.05076792480235	0.442524207311945	123
-0.05076792480235	0.442524207311945	1543
-0.05076792480235	0.442524207311945	1543
-0.00486048894790003	1.0398144260574	93
-0.0506222353636701	0.442697734012975	25
-0.0506222353636701	0.442697734012975	1800
-0.0506222353636701	0.442697734012975	421
-0.0506222353636701	0.442697734012975	1677
-0.05076792480235	0.442524207311945	1677
-0.0506222353636701	0.442697734012975	61
-0.0506222353636701	0.442697734012975	134
-0.05076792480235	0.442524207311945	134
-0.0506222353636701	0.442697734012975	134
-0.0506222353636701	0.442697734012975	134
-0.0506222353636701	0.442697734012975	134
-0.05076792480235	0.442524207311945	600
-0.05076792480235	0.442524207311945	1402
-0.0506222353636701	0.442697734012975	1402
-0.05076792480235	0.442524207311945	1515
-0.0506222353636701	0.442697734012975	123
-0.05076792480235	0.442524207311945	126
-0.05076792480235	0.442524207311945	153
-0.0506222353636701	0.442697734012975	242
-0.0506222353636701	0.442697734012975	242
-0.0506222353636701	0.442697734012975	33
-0.05076792480235	0.442524207311945	399
-0.0506222353636701	0.442697734012975	25
-0.0506222353636701	0.442697734012975	422
-0.0506222353636701	0.442697734012975	25
-0.0506222353636701	0.442697734012975	25
-0.0506222353636701	0.442697734012975	25
-0.0506222353636701	0.442697734012975	770
-0.0506222353636701	0.442697734012975	421
-0.05076792480235	0.442524207311945	421
-0.0506222353636701	0.442697734012975	421
-0.0506222353636701	0.442697734012975	1241
-0.05076792480235	0.442524207311945	1134
-0.05076792480235	0.442524207311945	1134
-0.05076792480235	0.442524207311945	1134
-0.05422848079298	0.440039859159679	123
-0.0506222353636701	0.442697734012975	33
-0.05422848079298	0.440039859159679	1366
-0.0506222353636701	0.442697734012975	1
-0.0506222353636701	0.442697734012975	25
-0.0506222353636701	0.442697734012975	25
-0.05076792480235	0.442524207311945	421
-0.05422848079298	0.440039859159679	61
-0.0506222353636701	0.442697734012975	1677
-0.0506222353636701	0.442697734012975	134
-0.0506222353636701	0.442697734012975	134
-0.0506222353636701	0.442697734012975	1402
-0.05076792480235	0.442524207311945	1402
-0.05076792480235	0.442524207311945	253
-0.0506222353636701	0.442697734012975	1515
-0.0506222353636701	0.442697734012975	1515
-0.0506222353636701	0.442697734012975	166
-0.0661000812121999	1.53500694490999	105
-0.0506222353636701	0.442697734012975	121
-0.05076792480235	0.442524207311945	16
-0.05076792480235	0.442524207311945	126
-0.0506222353636701	0.442697734012975	1616
-0.0506222353636701	0.442697734012975	126
-0.0506222353636701	0.442697734012975	25
-0.0506222353636701	0.442697734012975	25
-0.0506222353636701	0.442697734012975	25
-0.0506222353636701	0.442697734012975	25
-0.05076792480235	0.442524207311945	421
-0.0506222353636701	0.442697734012975	61
-0.0506222353636701	0.442697734012975	134
-0.0506222353636701	0.442697734012975	134
-0.05076792480235	0.442524207311945	1402
-0.05076792480235	0.442524207311945	1402
-0.05076792480235	0.442524207311945	1402
-0.0506222353636701	0.442697734012975	531
-0.0506222353636701	0.442697734012975	531
-0.05076792480235	0.442524207311945	1134
-0.0506222353636701	0.442697734012975	155
-0.05076792480235	0.442524207311945	126
-0.05076792480235	0.442524207311945	242
-0.0506222353636701	0.442697734012975	33
-0.0506222353636701	0.442697734012975	757
-0.05076792480235	0.442524207311945	25
-0.05076792480235	0.442524207311945	25
-0.05076792480235	0.442524207311945	25
-0.0506222353636701	0.442697734012975	25
-0.0506222353636701	0.442697734012975	25
-0.05076792480235	0.442524207311945	61
-0.0506222353636701	0.442697734012975	61
-0.0506222353636701	0.442697734012975	1241
-0.0506222353636701	0.442697734012975	61
-0.05076792480235	0.442524207311945	134
-0.05076792480235	0.442524207311945	134
-0.05076792480235	0.442524207311945	134
-0.05076792480235	0.442524207311945	531
-0.05422848079298	0.440039859159679	531
-0.05076792480235	0.442524207311945	531
-0.05076792480235	0.442524207311945	166
-0.0506222353636701	0.442697734012975	123
-0.05076792480235	0.442524207311945	151
-0.0506222353636701	0.442697734012975	16
-0.0506222353636701	0.442697734012975	126
-0.05422848079298	0.440039859159679	33
-0.0056026556164599	1.0242303120476	1366
-0.05422848079298	0.440039859159679	1371
-0.0506222353636701	0.442697734012975	25
-0.0506222353636701	0.442697734012975	25
-0.05076792480235	0.442524207311945	421
-0.05076792480235	0.442524207311945	421
-0.05076792480235	0.442524207311945	421
-0.0506222353636701	0.442697734012975	61
-0.0506222353636701	0.442697734012975	134
-0.0506222353636701	0.442697734012975	134
-0.0506222353636701	0.442697734012975	134
-0.0506222353636701	0.442697734012975	1402
-0.0506222353636701	0.442697734012975	253
-0.05076792480235	0.442524207311945	531
-0.0506222353636701	0.442697734012975	531
-0.0506222353636701	0.442697734012975	123
-0.05076792480235	0.442524207311945	16
-0.05076792480235	0.442524207311945	16
-0.0506222353636701	0.442697734012975	4
-0.0506222353636701	0.442697734012975	126
-0.0506222353636701	0.442697734012975	126
-0.05422848079298	0.440039859159679	1371
-0.05076792480235	0.442524207311945	25
-0.05422848079298	0.440039859159679	25
-0.0506222353636701	0.442697734012975	421
-0.0506222353636701	0.442697734012975	421
-0.05076792480235	0.442524207311945	421
-0.0506222353636701	0.442697734012975	421
-0.05076792480235	0.442524207311945	61
-0.0506222353636701	0.442697734012975	134
-0.0506222353636701	0.442697734012975	134
-0.0506222353636701	0.442697734012975	134
-0.05076792480235	0.442524207311945	253
-0.0506222353636701	0.442697734012975	531
-0.05076792480235	0.442524207311945	531
-0.05076792480235	0.442524207311945	1340
-0.0506222353636701	0.442697734012975	1371
-0.05076792480235	0.442524207311945	25
-0.0506222353636701	0.442697734012975	25
-0.0506222353636701	0.442697734012975	25
-0.0506222353636701	0.442697734012975	421
-0.05422848079298	0.440039859159679	421
-0.0506222353636701	0.442697734012975	421
-0.05076792480235	0.442524207311945	421
-0.0506222353636701	0.442697734012975	134
-0.05076792480235	0.442524207311945	134
-0.0506222353636701	0.442697734012975	134
-0.0506222353636701	0.442697734012975	134
-0.0506222353636701	0.442697734012975	134
-0.0506222353636701	0.442697734012975	134
-0.05076792480235	0.442524207311945	600
-0.05076792480235	0.442524207311945	1402
-0.05076792480235	0.442524207311945	1402
-0.05076792480235	0.442524207311945	123
-0.05076792480235	0.442524207311945	16
-0.05422848079298	0.440039859159679	510
-0.0506222353636701	0.442697734012975	233
-0.05422848079298	0.440039859159679	104
-0.05422848079298	0.440039859159679	126
-0.0506222353636701	0.442697734012975	740
-0.0506222353636701	0.442697734012975	740
-0.0506222353636701	0.442697734012975	25
-0.0506222353636701	0.442697734012975	25
-0.0506222353636701	0.442697734012975	25
-0.0506222353636701	0.442697734012975	25
-0.05076792480235	0.442524207311945	421
-0.05422848079298	0.440039859159679	421
-0.0506222353636701	0.442697734012975	61
-0.05422848079298	0.440039859159679	134
-0.0506222353636701	0.442697734012975	134
-0.0506222353636701	0.442697734012975	134
-0.0506222353636701	0.442697734012975	134
-0.05076792480235	0.442524207311945	134
-0.05076792480235	0.442524207311945	531
-0.0506222353636701	0.442697734012975	531
-0.05422848079298	0.440039859159679	123
-0.0506222353636701	0.442697734012975	93
-0.00584395314167008	1.04495455476846	93
-0.00806446316527998	1.02614598506172	16
-0.05076792480235	0.442524207311945	16
-0.0506222353636701	0.442697734012975	16
-0.05076792480235	0.442524207311945	16
-0.05076792480235	0.442524207311945	204
-0.05076792480235	0.442524207311945	204
-0.05422848079298	0.440039859159679	1102
-0.0506222353636701	0.442697734012975	4
-0.05076792480235	0.442524207311945	153
-0.05076792480235	0.442524207311945	33
-0.00276987314785004	1.0248378782837	33
-0.0506222353636701	0.442697734012975	25
-0.05422848079298	0.440039859159679	1049
-0.0506222353636701	0.442697734012975	1049
-0.05076792480235	0.442524207311945	1049
-0.05422848079298	0.440039859159679	861
0.05416031656194	1.29247701675033	421
-0.05422848079298	0.440039859159679	421
-0.0506222353636701	0.442697734012975	134
-0.0506222353636701	0.442697734012975	134
-0.0506222353636701	0.442697734012975	134
-0.0506222353636701	0.442697734012975	134
-0.05076792480235	0.442524207311945	134
-0.0506222353636701	0.442697734012975	600
-0.05076792480235	0.442524207311945	1402
-0.0506222353636701	0.442697734012975	253
-0.05076792480235	0.442524207311945	104
-0.0506222353636701	0.442697734012975	33
-0.0506222353636701	0.442697734012975	25
-0.0506222353636701	0.442697734012975	25
-0.0506222353636701	0.442697734012975	129
-0.05076792480235	0.442524207311945	1049
-0.0506222353636701	0.442697734012975	1049
-0.0506222353636701	0.442697734012975	1049
-0.05422848079298	0.440039859159679	25
-0.0506222353636701	0.442697734012975	421
-0.05422848079298	0.440039859159679	421
-0.05076792480235	0.442524207311945	421
-0.05076792480235	0.442524207311945	421
-0.05076792480235	0.442524207311945	421
-0.0506222353636701	0.442697734012975	134
-0.05076792480235	0.442524207311945	134
-0.0506222353636701	0.442697734012975	98
-0.0506222353636701	0.442697734012975	134
-0.05422848079298	0.440039859159679	134
-0.0506222353636701	0.442697734012975	134
-0.0506222353636701	0.442697734012975	134
-0.05422848079298	0.440039859159679	134
-0.0506222353636701	0.442697734012975	134
-0.05076792480235	0.442524207311945	253
-0.05076792480235	0.442524207311945	253
-0.0506222353636701	0.442697734012975	253
-0.05422848079298	0.440039859159679	531
-0.0506222353636701	0.442697734012975	531
-0.0506222353636701	0.442697734012975	33
-0.0506222353636701	0.442697734012975	33
-0.00930116136719006	1.03114532209878	33
-0.0506222353636701	0.442697734012975	25
-0.0506222353636701	0.442697734012975	1049
-0.0506222353636701	0.442697734012975	1171
-0.0506222353636701	0.442697734012975	25
-0.05076792480235	0.442524207311945	421
-0.0506222353636701	0.442697734012975	421
-0.05076792480235	0.442524207311945	421
-0.0506222353636701	0.442697734012975	134
-0.05076792480235	0.442524207311945	134
-0.05422848079298	0.440039859159679	134
-0.0506222353636701	0.442697734012975	134
-0.0506222353636701	0.442697734012975	253
-0.05076792480235	0.442524207311945	531
-0.05076792480235	0.442524207311945	531
-0.0506222353636701	0.442697734012975	123
-0.05076792480235	0.442524207311945	1098
-0.0506222353636701	0.442697734012975	1
-0.05076792480235	0.442524207311945	683
-0.0506222353636701	0.442697734012975	25
-0.05076792480235	0.442524207311945	129
-0.05422848079298	0.440039859159679	1049
-0.0506222353636701	0.442697734012975	1049
-0.0506222353636701	0.442697734012975	25
-0.0506222353636701	0.442697734012975	421
-0.05076792480235	0.442524207311945	421
-0.0506222353636701	0.442697734012975	421
-0.05076792480235	0.442524207311945	421
-0.05076792480235	0.442524207311945	421
-0.05076792480235	0.442524207311945	134
-0.05076792480235	0.442524207311945	134
-0.05076792480235	0.442524207311945	134
-0.0506222353636701	0.442697734012975	218
-0.0506222353636701	0.442697734012975	863
-0.05076792480235	0.442524207311945	531
-0.05076792480235	0.442524207311945	123
0.10932278283649	2.16320583663414	148
-0.05076792480235	0.442524207311945	16
-0.05076792480235	0.442524207311945	126
-0.0506222353636701	0.442697734012975	126
-0.0506222353636701	0.442697734012975	25
-0.05076792480235	0.442524207311945	25
-0.05076792480235	0.442524207311945	421
-0.0506222353636701	0.442697734012975	421
-0.0506222353636701	0.442697734012975	421
-0.05076792480235	0.442524207311945	98
-0.05076792480235	0.442524207311945	134
-0.05422848079298	0.440039859159679	134
-0.0506222353636701	0.442697734012975	134
-0.0506222353636701	0.442697734012975	531
-0.05076792480235	0.442524207311945	531
-0.0506222353636701	0.442697734012975	531
-0.0506222353636701	0.442697734012975	531
-0.0506222353636701	0.442697734012975	531
-0.05422848079298	0.440039859159679	794
-0.05076792480235	0.442524207311945	25
-0.05076792480235	0.442524207311945	25
-0.0506222353636701	0.442697734012975	25
-0.0506222353636701	0.442697734012975	421
-0.05422848079298	0.440039859159679	421
-0.0506222353636701	0.442697734012975	421
-0.05422848079298	0.440039859159679	98
-0.0506222353636701	0.442697734012975	98
-0.0506222353636701	0.442697734012975	134
-0.0506222353636701	0.442697734012975	531
-0.05422848079298	0.440039859159679	531
-0.05076792480235	0.442524207311945	1056
-0.00654175599668005	2.16815772347225	93
-0.0506222353636701	0.442697734012975	204
-0.00994456895460005	1.01349442726476	201
-0.0506222353636701	0.442697734012975	25
-0.05076792480235	0.442524207311945	25
-0.05076792480235	0.442524207311945	25
-0.0506222353636701	0.442697734012975	25
-0.05076792480235	0.442524207311945	421
-0.05076792480235	0.442524207311945	421
-0.0506222353636701	0.442697734012975	421
-0.0506222353636701	0.442697734012975	98
-0.0506222353636701	0.442697734012975	98
-0.05076792480235	0.442524207311945	98
-0.05076792480235	0.442524207311945	98
-0.05076792480235	0.442524207311945	134
-0.0506222353636701	0.442697734012975	134
-0.05076792480235	0.442524207311945	1725
-0.05076792480235	0.442524207311945	1725
-0.05076792480235	0.442524207311945	1300
-0.0506222353636701	0.442697734012975	1300
-0.05076792480235	0.442524207311945	1045
-0.05076792480235	0.442524207311945	1045
-0.0506222353636701	0.442697734012975	531
-0.05076792480235	0.442524207311945	531
-0.05422848079298	0.440039859159679	531
-0.0506222353636701	0.442697734012975	1056
-0.05422848079298	0.440039859159679	1301
-0.0112567119201299	1.03250794828592	100
0.10626959580981	1.56573736872928	93
-0.0506222353636701	0.442697734012975	214
-0.05422848079298	0.440039859159679	1
-0.0506222353636701	0.442697734012975	25
-0.0506222353636701	0.442697734012975	25
-0.05076792480235	0.442524207311945	25
-0.05076792480235	0.442524207311945	25
-0.0506222353636701	0.442697734012975	25
-0.0506222353636701	0.442697734012975	25
-0.0506222353636701	0.442697734012975	536
-0.05076792480235	0.442524207311945	536
-0.05076792480235	0.442524207311945	421
-0.0506222353636701	0.442697734012975	98
-0.05076792480235	0.442524207311945	98
-0.0506222353636701	0.442697734012975	98
-0.05076792480235	0.442524207311945	218
-0.05076792480235	0.442524207311945	1300
-0.05076792480235	0.442524207311945	1300
-0.05076792480235	0.442524207311945	1300
-0.0506222353636701	0.442697734012975	1300
-0.0506222353636701	0.442697734012975	1300
-0.05076792480235	0.442524207311945	1300
-0.05076792480235	0.442524207311945	1300
-0.05076792480235	0.442524207311945	123
-0.05076792480235	0.442524207311945	1056
-0.05076792480235	0.442524207311945	1056
-0.05076792480235	0.442524207311945	1301
-0.05076792480235	0.442524207311945	1301
-0.0506222353636701	0.442697734012975	395
-0.05076792480235	0.442524207311945	25
-0.05422848079298	0.440039859159679	25
-0.0506222353636701	0.442697734012975	1615
-0.05076792480235	0.442524207311945	536
-0.05076792480235	0.442524207311945	536
-0.0506222353636701	0.442697734012975	421
-0.0506222353636701	0.442697734012975	421
-0.0506222353636701	0.442697734012975	421
-0.0506222353636701	0.442697734012975	98
-0.05076792480235	0.442524207311945	1300
-0.05076792480235	0.442524207311945	334
-0.05076792480235	0.442524207311945	531
-0.0506222353636701	0.442697734012975	1056
-0.05076792480235	0.442524207311945	123
-0.0506222353636701	0.442697734012975	1301
0.06226221749343	1.31338189689857	688
-0.05076792480235	0.442524207311945	190
-0.0506222353636701	0.442697734012975	33
-0.05076792480235	0.442524207311945	805
-0.0506222353636701	0.442697734012975	683
-0.0506222353636701	0.442697734012975	1157
-0.05076792480235	0.442524207311945	25
-0.0506222353636701	0.442697734012975	1615
-0.05076792480235	0.442524207311945	1615
-0.05076792480235	0.442524207311945	536
-0.0506222353636701	0.442697734012975	421
-0.0506222353636701	0.442697734012975	587
-0.05076792480235	0.442524207311945	98
-0.05076792480235	0.442524207311945	98
-0.0506222353636701	0.442697734012975	514
-0.0506222353636701	0.442697734012975	1300
-0.0506222353636701	0.442697734012975	1300
-0.0506222353636701	0.442697734012975	334
-0.05076792480235	0.442524207311945	334
-0.0506222353636701	0.442697734012975	334
-0.0506222353636701	0.442697734012975	334
-0.0506222353636701	0.442697734012975	531
-0.0506222353636701	0.442697734012975	531
-0.05422848079298	0.440039859159679	531
-0.05422848079298	0.440039859159679	531
-0.0506222353636701	0.442697734012975	1301
-0.05076792480235	0.442524207311945	33
-0.0506222353636701	0.442697734012975	683
-0.0506222353636701	0.442697734012975	25
-0.0506222353636701	0.442697734012975	25
-0.05076792480235	0.442524207311945	25
-0.05076792480235	0.442524207311945	25
-0.05076792480235	0.442524207311945	1615
-0.05076792480235	0.442524207311945	91
-0.0506222353636701	0.442697734012975	536
-0.05076792480235	0.442524207311945	536
-0.05076792480235	0.442524207311945	587
-0.05076792480235	0.442524207311945	587
-0.05076792480235	0.442524207311945	1167
-0.05076792480235	0.442524207311945	514
-0.0506222353636701	0.442697734012975	514
-0.05076792480235	0.442524207311945	1300
-0.0506222353636701	0.442697734012975	334
-0.0506222353636701	0.442697734012975	531
-0.0506222353636701	0.442697734012975	123
0.0107730510087101	1.77881777599895	300
-0.0149585161377801	1.0178122190586	408
-0.0506222353636701	0.442697734012975	852
-0.0506222353636701	0.442697734012975	987
-0.05076792480235	0.442524207311945	1120
-0.05076792480235	0.442524207311945	33
-0.05076792480235	0.442524207311945	33
-0.05076792480235	0.442524207311945	395
-0.05076792480235	0.442524207311945	25
-0.0506222353636701	0.442697734012975	25
-0.05076792480235	0.442524207311945	25
-0.0506222353636701	0.442697734012975	1615
-0.0506222353636701	0.442697734012975	531
-0.0506222353636701	0.442697734012975	123
-0.05076792480235	0.442524207311945	123
-0.05076792480235	0.442524207311945	123
-0.0506222353636701	0.442697734012975	408
-0.05076792480235	0.442524207311945	93
-0.05076792480235	0.442524207311945	93
-0.05076792480235	0.442524207311945	16
-0.0506222353636701	0.442697734012975	781
-0.05422848079298	0.440039859159679	32
-0.05076792480235	0.442524207311945	104
-0.05076792480235	0.442524207311945	104
-0.0506222353636701	0.442697734012975	987
-0.0506222353636701	0.442697734012975	1120
-0.0506222353636701	0.442697734012975	1120
-0.0506222353636701	0.442697734012975	215
-0.05422848079298	0.440039859159679	33
-0.05422848079298	0.440039859159679	683
-0.05076792480235	0.442524207311945	1
-0.05076792480235	0.442524207311945	975
-0.05422848079298	0.440039859159679	25
-0.05422848079298	0.440039859159679	1615
-0.0506222353636701	0.442697734012975	1615
-0.05422848079298	0.440039859159679	1615
-0.0506222353636701	0.442697734012975	1615
-0.0506222353636701	0.442697734012975	91
-0.0506222353636701	0.442697734012975	514
-0.0506222353636701	0.442697734012975	334
-0.0506222353636701	0.442697734012975	334
-0.05076792480235	0.442524207311945	123
-0.0056026556164599	1.0242303120476	300
-0.05076792480235	0.442524207311945	41
-0.0506222353636701	0.442697734012975	93
-0.0506222353636701	0.442697734012975	16
-0.0506222353636701	0.442697734012975	1634
-0.0506222353636701	0.442697734012975	16
-0.05076792480235	0.442524207311945	852
-0.05076792480235	0.442524207311945	852
-0.0506222353636701	0.442697734012975	852
-0.05076792480235	0.442524207311945	1169
-0.0506222353636701	0.442697734012975	1117
-0.05076792480235	0.442524207311945	1166
-0.0506222353636701	0.442697734012975	104
-0.05422848079298	0.440039859159679	987
-0.0506222353636701	0.442697734012975	987
-0.0506222353636701	0.442697734012975	987
-0.0506222353636701	0.442697734012975	1120
-0.0682402389143799	1.48094982048262	214
-0.00105562598442011	1.01887038151903	33
-0.0506222353636701	0.442697734012975	33
-0.05076792480235	0.442524207311945	683
-0.05076792480235	0.442524207311945	25
-0.0506222353636701	0.442697734012975	25
-0.0506222353636701	0.442697734012975	1615
-0.05076792480235	0.442524207311945	587
-0.05076792480235	0.442524207311945	587
-0.0506222353636701	0.442697734012975	587
-0.0506222353636701	0.442697734012975	587
-0.0506222353636701	0.442697734012975	587
-0.05076792480235	0.442524207311945	587
-0.0506222353636701	0.442697734012975	587
-0.05422848079298	0.440039859159679	514
-0.05076792480235	0.442524207311945	514
-0.0506222353636701	0.442697734012975	334
-0.0506222353636701	0.442697734012975	531
-0.0506222353636701	0.442697734012975	529
-0.0506222353636701	0.442697734012975	1063
-0.0506222353636701	0.442697734012975	1063
-0.0506222353636701	0.442697734012975	1063
-0.05076792480235	0.442524207311945	93
-0.0506222353636701	0.442697734012975	357
-0.0506222353636701	0.442697734012975	357
-0.0506222353636701	0.442697734012975	32
-0.0506222353636701	0.442697734012975	104
-0.0506222353636701	0.442697734012975	104
-0.0506222353636701	0.442697734012975	505
-0.05076792480235	0.442524207311945	505
-0.05076792480235	0.442524207311945	1166
-0.05076792480235	0.442524207311945	131
-0.0506222353636701	0.442697734012975	214
-0.05422848079298	0.440039859159679	1447
-0.05076792480235	0.442524207311945	683
-0.05076792480235	0.442524207311945	1
-0.05422848079298	0.440039859159679	1295
-0.05422848079298	0.440039859159679	25
-0.05076792480235	0.442524207311945	25
-0.05076792480235	0.442524207311945	25
-0.0506222353636701	0.442697734012975	25
-0.0506222353636701	0.442697734012975	534
-0.05076792480235	0.442524207311945	587
-0.0506222353636701	0.442697734012975	587
-0.05076792480235	0.442524207311945	587
-0.05422848079298	0.440039859159679	587
-0.0506222353636701	0.442697734012975	587
-0.0506222353636701	0.442697734012975	218
-0.0506222353636701	0.442697734012975	514
-0.05076792480235	0.442524207311945	514
-0.05076792480235	0.442524207311945	89
-0.05076792480235	0.442524207311945	334
-0.0506222353636701	0.442697734012975	334
-0.0506222353636701	0.442697734012975	531
-0.05076792480235	0.442524207311945	531
-0.05076792480235	0.442524207311945	531
-0.0506222353636701	0.442697734012975	531
-0.0506222353636701	0.442697734012975	1063
-0.05076792480235	0.442524207311945	55
-0.05076792480235	0.442524207311945	32
-0.0506222353636701	0.442697734012975	104
-0.05422848079298	0.440039859159679	505
-0.05076792480235	0.442524207311945	505
-0.0506222353636701	0.442697734012975	104
-0.0506222353636701	0.442697734012975	1119
-0.0506222353636701	0.442697734012975	1119
-0.05076792480235	0.442524207311945	1119
-0.05076792480235	0.442524207311945	1119
-0.05076792480235	0.442524207311945	215
-0.05422848079298	0.440039859159679	1447
-0.05076792480235	0.442524207311945	1197
-0.0506222353636701	0.442697734012975	186
-0.05076792480235	0.442524207311945	683
-0.05076792480235	0.442524207311945	1295
-0.05076792480235	0.442524207311945	25
-0.05422848079298	0.440039859159679	25
-0.05422848079298	0.440039859159679	25
-0.05422848079298	0.440039859159679	25
-0.05076792480235	0.442524207311945	534
-0.0506222353636701	0.442697734012975	587
-0.05076792480235	0.442524207311945	587
-0.0506222353636701	0.442697734012975	587
-0.05422848079298	0.440039859159679	89
-0.05422848079298	0.440039859159679	531
-0.0506222353636701	0.442697734012975	531
-0.0506222353636701	0.442697734012975	1063
-0.05422848079298	0.440039859159679	1199
-0.05576672794813	1.50967929591101	11
-0.05076792480235	0.442524207311945	55
-0.05422848079298	0.440039859159679	16
-0.05076792480235	0.442524207311945	16
-0.0506222353636701	0.442697734012975	1634
-0.0506222353636701	0.442697734012975	32
-0.05076792480235	0.442524207311945	32
-0.05422848079298	0.440039859159679	357
-0.05076792480235	0.442524207311945	104
-0.0506222353636701	0.442697734012975	104
-0.0506222353636701	0.442697734012975	505
-0.0506222353636701	0.442697734012975	505
-0.0506222353636701	0.442697734012975	202
-0.05076792480235	0.442524207311945	104
-0.0506222353636701	0.442697734012975	104
-0.0506222353636701	0.442697734012975	104
-0.05076792480235	0.442524207311945	131
-0.0506222353636701	0.442697734012975	1119
-0.0506222353636701	0.442697734012975	1119
-0.0506222353636701	0.442697734012975	214
-0.0506222353636701	0.442697734012975	215
-0.0506222353636701	0.442697734012975	33
-0.05076792480235	0.442524207311945	1447
-0.0506222353636701	0.442697734012975	1447
-0.05422848079298	0.440039859159679	186
-0.05076792480235	0.442524207311945	1295
-0.05076792480235	0.442524207311945	1295
-0.05076792480235	0.442524207311945	25
-0.0506222353636701	0.442697734012975	25
-0.05422848079298	0.440039859159679	25
-0.0506222353636701	0.442697734012975	25
-0.0506222353636701	0.442697734012975	25
-0.0506222353636701	0.442697734012975	25
-0.0506222353636701	0.442697734012975	25
-0.05076792480235	0.442524207311945	25
-0.0506222353636701	0.442697734012975	587
-0.0506222353636701	0.442697734012975	587
-0.0506222353636701	0.442697734012975	587
-0.0506222353636701	0.442697734012975	218
-0.05076792480235	0.442524207311945	308
-0.05076792480235	0.442524207311945	774
-0.0506222353636701	0.442697734012975	531
-0.05076792480235	0.442524207311945	531
-0.0506222353636701	0.442697734012975	1063
-0.00608542718326	1.02915872464785	123
-0.00682806160103011	1.03905848899912	11
0.0643822123009401	1.27173227024752	306
-0.0506222353636701	0.442697734012975	1634
-0.0506222353636701	0.442697734012975	104
-0.0506222353636701	0.442697734012975	104
-0.0506222353636701	0.442697734012975	505
-0.0506222353636701	0.442697734012975	423
-0.05076792480235	0.442524207311945	214
-0.05076792480235	0.442524207311945	215
-0.05076792480235	0.442524207311945	33
-0.05076792480235	0.442524207311945	1447
-0.01101746233712	1.04007929601231	1197
-0.01027173853796	1.03590758782257	1
-0.0506222353636701	0.442697734012975	25
-0.0506222353636701	0.442697734012975	25
-0.0506222353636701	0.442697734012975	25
-0.0506222353636701	0.442697734012975	587
-0.0506222353636701	0.442697734012975	587
-0.05076792480235	0.442524207311945	587
-0.05076792480235	0.442524207311945	587
-0.0506222353636701	0.442697734012975	587
-0.05422848079298	0.440039859159679	308
-0.0506222353636701	0.442697734012975	308
-0.05076792480235	0.442524207311945	531
-0.05076792480235	0.442524207311945	531
-0.05076792480235	0.442524207311945	1732
0.00846234584430006	1.75813067140793	404
-0.0506222353636701	0.442697734012975	423
-0.00657739703291993	1.03026936730603	423
-0.05422848079298	0.440039859159679	1
-0.0506222353636701	0.442697734012975	1
-0.0506222353636701	0.442697734012975	1295
-0.0506222353636701	0.442697734012975	25
-0.0506222353636701	0.442697734012975	25
-0.0506222353636701	0.442697734012975	25
-0.0506222353636701	0.442697734012975	25
-0.0506222353636701	0.442697734012975	25
-0.05422848079298	0.440039859159679	91
-0.05076792480235	0.442524207311945	587
-0.0506222353636701	0.442697734012975	587
-0.05076792480235	0.442524207311945	587
-0.05076792480235	0.442524207311945	587
-0.05076792480235	0.442524207311945	587
-0.05422848079298	0.440039859159679	308
-0.05422848079298	0.440039859159679	531
-0.05422848079298	0.440039859159679	154
-0.05076792480235	0.442524207311945	751
-0.05076792480235	0.442524207311945	751
-0.0506222353636701	0.442697734012975	123
-0.0506222353636701	0.442697734012975	123
-0.0647526135815899	2.27245662554233	100
-0.05076792480235	0.442524207311945	1634
-0.00154652707322001	1.02269571455944	104
-0.00302019373102991	1.0181906545487	104
-0.05076792480235	0.442524207311945	33
-0.0506222353636701	0.442697734012975	1
-0.0506222353636701	0.442697734012975	1
-0.0506222353636701	0.442697734012975	25
-0.0506222353636701	0.442697734012975	25
-0.0506222353636701	0.442697734012975	25
-0.05076792480235	0.442524207311945	25
-0.0506222353636701	0.442697734012975	25
-0.0506222353636701	0.442697734012975	25
-0.05076792480235	0.442524207311945	587
-0.05076792480235	0.442524207311945	587
-0.0506222353636701	0.442697734012975	587
-0.05076792480235	0.442524207311945	1752
-0.0506222353636701	0.442697734012975	1752
-0.05076792480235	0.442524207311945	308
-0.05076792480235	0.442524207311945	308
-0.0506222353636701	0.442697734012975	308
-0.05422848079298	0.440039859159679	308
-0.05422848079298	0.440039859159679	89
-0.05076792480235	0.442524207311945	89
-0.0506222353636701	0.442697734012975	531
-0.05076792480235	0.442524207311945	531
-0.05422848079298	0.440039859159679	154
-0.0506222353636701	0.442697734012975	154
-0.0506222353636701	0.442697734012975	751
-0.05076792480235	0.442524207311945	123
0.05775251943213	1.28765485234914	151
-0.00633592678864003	1.04342194758688	179
-0.06153389978772	1.5315716793473	179
-0.05076792480235	0.442524207311945	33
-0.05076792480235	0.442524207311945	25
-0.0506222353636701	0.442697734012975	25
-0.0506222353636701	0.442697734012975	25
-0.0506222353636701	0.442697734012975	25
-0.0506222353636701	0.442697734012975	25
-0.05076792480235	0.442524207311945	684
-0.0506222353636701	0.442697734012975	587
-0.05076792480235	0.442524207311945	587
-0.0506222353636701	0.442697734012975	42
-0.05422848079298	0.440039859159679	1752
-0.05076792480235	0.442524207311945	308
-0.0506222353636701	0.442697734012975	531
-0.05076792480235	0.442524207311945	796
-0.05076792480235	0.442524207311945	796
-0.05076792480235	0.442524207311945	33
-0.0506222353636701	0.442697734012975	1
-0.05076792480235	0.442524207311945	1
-0.0506222353636701	0.442697734012975	504
-0.05076792480235	0.442524207311945	25
-0.0506222353636701	0.442697734012975	1110
-0.0506222353636701	0.442697734012975	91
-0.0506222353636701	0.442697734012975	993
-0.0506222353636701	0.442697734012975	993
-0.05076792480235	0.442524207311945	531
-0.05076792480235	0.442524207311945	531
-0.05076792480235	0.442524207311945	531
-0.0506222353636701	0.442697734012975	751
-0.0506222353636701	0.442697734012975	1634
-0.05076792480235	0.442524207311945	1099
-0.0506222353636701	0.442697734012975	504
-0.05076792480235	0.442524207311945	25
-0.0506222353636701	0.442697734012975	684
-0.0506222353636701	0.442697734012975	684
-0.0506222353636701	0.442697734012975	684
-0.05076792480235	0.442524207311945	42
-0.05076792480235	0.442524207311945	308
-0.05422848079298	0.440039859159679	308
-0.05076792480235	0.442524207311945	89
-0.0506222353636701	0.442697734012975	388
-0.05076792480235	0.442524207311945	89
-0.0506222353636701	0.442697734012975	154
-0.0506222353636701	0.442697734012975	123
-0.01484397039061	0.990220117525499	32
-0.0506222353636701	0.442697734012975	104
-0.0506222353636701	0.442697734012975	504
-0.0506222353636701	0.442697734012975	25
-0.05076792480235	0.442524207311945	1110
-0.05076792480235	0.442524207311945	444
-0.05422848079298	0.440039859159679	89
-0.0506222353636701	0.442697734012975	89
-0.05422848079298	0.440039859159679	89
-0.0506222353636701	0.442697734012975	1285
-0.05076792480235	0.442524207311945	55
-0.0506222353636701	0.442697734012975	1568
-0.05076792480235	0.442524207311945	214
-0.0506222353636701	0.442697734012975	33
-0.05076792480235	0.442524207311945	273
-0.05076792480235	0.442524207311945	144
-0.0506222353636701	0.442697734012975	25
-0.0506222353636701	0.442697734012975	25
-0.05076792480235	0.442524207311945	684
-0.0506222353636701	0.442697734012975	684
-0.05076792480235	0.442524207311945	444
-0.05076792480235	0.442524207311945	444
-0.05076792480235	0.442524207311945	117
-0.05076792480235	0.442524207311945	154
-0.0506222353636701	0.442697734012975	1036
-0.05076792480235	0.442524207311945	55
0.0518491825884	1.29362441601339	53
-0.05076792480235	0.442524207311945	33
-0.05076792480235	0.442524207311945	33
-0.0506222353636701	0.442697734012975	25
-0.0506222353636701	0.442697734012975	25
-0.05076792480235	0.442524207311945	684
-0.05076792480235	0.442524207311945	444
-0.0506222353636701	0.442697734012975	89
-0.05076792480235	0.442524207311945	89
-0.0506222353636701	0.442697734012975	89
-0.05076792480235	0.442524207311945	117
-0.0506222353636701	0.442697734012975	117
-0.0506222353636701	0.442697734012975	117
-0.0506222353636701	0.442697734012975	117
-0.0506222353636701	0.442697734012975	1594
-0.0506222353636701	0.442697734012975	57
-0.0506222353636701	0.442697734012975	57
-0.0506222353636701	0.442697734012975	57
-0.05076792480235	0.442524207311945	1285
-0.05076792480235	0.442524207311945	1285
-0.05422848079298	0.440039859159679	33
-0.0506222353636701	0.442697734012975	25
-0.0506222353636701	0.442697734012975	48
-0.05076792480235	0.442524207311945	25
-0.05076792480235	0.442524207311945	1704
-0.0506222353636701	0.442697734012975	444
-0.0506222353636701	0.442697734012975	89
-0.0506222353636701	0.442697734012975	117
-0.05076792480235	0.442524207311945	117
-0.05076792480235	0.442524207311945	117
-0.05076792480235	0.442524207311945	1594
-0.05076792480235	0.442524207311945	57
-0.0506222353636701	0.442697734012975	154
0.10663888233384	1.59511093836714	11
0.0567468852319399	1.31917031664042	100
-0.05076792480235	0.442524207311945	1623
-0.0506222353636701	0.442697734012975	53
-0.0506222353636701	0.442697734012975	33
-0.0506222353636701	0.442697734012975	33
-0.05076792480235	0.442524207311945	33
-0.00706952804708005	1.0287991566873	33
-0.0506222353636701	0.442697734012975	69
-0.05422848079298	0.440039859159679	144
-0.05076792480235	0.442524207311945	25
-0.05076792480235	0.442524207311945	1091
-0.05422848079298	0.440039859159679	25
-0.05076792480235	0.442524207311945	1028
-0.05076792480235	0.442524207311945	1028
-0.0506222353636701	0.442697734012975	1028
-0.0506222353636701	0.442697734012975	1230
-0.0506222353636701	0.442697734012975	42
-0.0506222353636701	0.442697734012975	42
-0.0506222353636701	0.442697734012975	42
-0.0506222353636701	0.442697734012975	89
-0.05076792480235	0.442524207311945	117
-0.05076792480235	0.442524207311945	117
-0.05076792480235	0.442524207311945	117
-0.05076792480235	0.442524207311945	57
-0.0506222353636701	0.442697734012975	57
-0.05076792480235	0.442524207311945	57
-0.05076792480235	0.442524207311945	1036
-0.00574169089726007	1.02949428835185	110
-0.05076792480235	0.442524207311945	170
-0.0506222353636701	0.442697734012975	33
-0.05076792480235	0.442524207311945	750
-0.0506222353636701	0.442697734012975	322
-0.05076792480235	0.442524207311945	25
-0.05076792480235	0.442524207311945	25
-0.0506222353636701	0.442697734012975	1091
-0.0506222353636701	0.442697734012975	1230
-0.05076792480235	0.442524207311945	42
-0.05076792480235	0.442524207311945	42
-0.0506222353636701	0.442697734012975	42
-0.0506222353636701	0.442697734012975	1036
-0.05076792480235	0.442524207311945	1036
-0.0506222353636701	0.442697734012975	104
-0.05076792480235	0.442524207311945	979
-0.05076792480235	0.442524207311945	33
-0.05076792480235	0.442524207311945	144
-0.05422848079298	0.440039859159679	322
-0.05076792480235	0.442524207311945	322
-0.0506222353636701	0.442697734012975	25
-0.05422848079298	0.440039859159679	25
-0.0506222353636701	0.442697734012975	1091
-0.0506222353636701	0.442697734012975	358
-0.0506222353636701	0.442697734012975	1745
-0.0506222353636701	0.442697734012975	1745
-0.05422848079298	0.440039859159679	42
-0.05076792480235	0.442524207311945	42
-0.05076792480235	0.442524207311945	42
-0.05076792480235	0.442524207311945	42
-0.0506222353636701	0.442697734012975	117
-0.05076792480235	0.442524207311945	71
-0.05076792480235	0.442524207311945	57
-0.0506222353636701	0.442697734012975	1285
-0.00994456895460005	1.01349442726476	55
-0.05076792480235	0.442524207311945	25
-0.05076792480235	0.442524207311945	25
-0.0506222353636701	0.442697734012975	1230
-0.05076792480235	0.442524207311945	1230
-0.05076792480235	0.442524207311945	42
-0.0506222353636701	0.442697734012975	761
-0.0506222353636701	0.442697734012975	117
-0.05076792480235	0.442524207311945	117
-0.0506222353636701	0.442697734012975	154
-0.0506222353636701	0.442697734012975	1274
-0.0506222353636701	0.442697734012975	8
-0.0506222353636701	0.442697734012975	48
-0.05076792480235	0.442524207311945	345
-0.0506222353636701	0.442697734012975	89
-0.05076792480235	0.442524207311945	1175
-0.0100324841883901	1.05056928585634	55
-0.05076792480235	0.442524207311945	807
-0.05076792480235	0.442524207311945	8
-0.0506222353636701	0.442697734012975	104
-0.0506222353636701	0.442697734012975	33
-0.0506222353636701	0.442697734012975	33
-0.05076792480235	0.442524207311945	144
-0.0506222353636701	0.442697734012975	25
-0.05076792480235	0.442524207311945	48
-0.0506222353636701	0.442697734012975	1364
-0.05076792480235	0.442524207311945	42
-0.05076792480235	0.442524207311945	42
-0.05076792480235	0.442524207311945	117
-0.0506222353636701	0.442697734012975	1175
-0.05076792480235	0.442524207311945	1175
-0.05076792480235	0.442524207311945	726
-0.0506222353636701	0.442697734012975	236
-0.0506222353636701	0.442697734012975	41
-0.0506222353636701	0.442697734012975	41
-0.05076792480235	0.442524207311945	32
-0.05076792480235	0.442524207311945	110
-0.0506222353636701	0.442697734012975	110
-0.0506222353636701	0.442697734012975	8
-0.0506222353636701	0.442697734012975	104
-0.05076792480235	0.442524207311945	104
-0.05076792480235	0.442524207311945	104
-0.05076792480235	0.442524207311945	33
-0.0506222353636701	0.442697734012975	25
-0.05076792480235	0.442524207311945	1365
-0.0506222353636701	0.442697734012975	1365
-0.0506222353636701	0.442697734012975	370
-0.0506222353636701	0.442697734012975	42
-0.0506222353636701	0.442697734012975	42
-0.0506222353636701	0.442697734012975	42
-0.05076792480235	0.442524207311945	742
-0.05422848079298	0.440039859159679	742
-0.05076792480235	0.442524207311945	742
-0.0506222353636701	0.442697734012975	117
-0.05076792480235	0.442524207311945	117
-0.0506222353636701	0.442697734012975	1175
-0.05076792480235	0.442524207311945	1175
-0.0506222353636701	0.442697734012975	154
-0.05076792480235	0.442524207311945	8
-0.05076792480235	0.442524207311945	25
-0.05422848079298	0.440039859159679	25
-0.0506222353636701	0.442697734012975	25
-0.05076792480235	0.442524207311945	1364
-0.0506222353636701	0.442697734012975	48
-0.05076792480235	0.442524207311945	370
-0.05076792480235	0.442524207311945	370
-0.05076792480235	0.442524207311945	742
-0.0506222353636701	0.442697734012975	117
-0.05076792480235	0.442524207311945	1175
-0.0506222353636701	0.442697734012975	1175
-0.05422848079298	0.440039859159679	1175
-0.05076792480235	0.442524207311945	154
0.06813848544388	2.00636141326644	1520
-0.05076792480235	0.442524207311945	144
-0.0506222353636701	0.442697734012975	864
-0.05422848079298	0.440039859159679	48
-0.05076792480235	0.442524207311945	478
-0.0506222353636701	0.442697734012975	478
-0.0506222353636701	0.442697734012975	478
-0.0506222353636701	0.442697734012975	358
-0.0506222353636701	0.442697734012975	370
-0.05076792480235	0.442524207311945	370
-0.0506222353636701	0.442697734012975	42
-0.0506222353636701	0.442697734012975	1278
-0.0506222353636701	0.442697734012975	1278
-0.05076792480235	0.442524207311945	742
-0.0506222353636701	0.442697734012975	117
-0.0506222353636701	0.442697734012975	726
-0.0506222353636701	0.442697734012975	236
-0.0506222353636701	0.442697734012975	236
-0.00486048894790003	1.0398144260574	706
-0.05076792480235	0.442524207311945	139
-0.05422848079298	0.440039859159679	144
-0.05076792480235	0.442524207311945	25
-0.0506222353636701	0.442697734012975	25
-0.05076792480235	0.442524207311945	25
-0.05422848079298	0.440039859159679	370
-0.0506222353636701	0.442697734012975	370
-0.05422848079298	0.440039859159679	42
-0.0506222353636701	0.442697734012975	42
-0.05076792480235	0.442524207311945	117
-0.0506222353636701	0.442697734012975	117
-0.05076792480235	0.442524207311945	1175
-0.0506222353636701	0.442697734012975	1175
-0.05076792480235	0.442524207311945	236
-0.00584395314167008	1.04495455476846	110
-0.0506222353636701	0.442697734012975	139
-0.0506222353636701	0.442697734012975	1321
-0.0506222353636701	0.442697734012975	1321
-0.05422848079298	0.440039859159679	25
-0.0506222353636701	0.442697734012975	91
-0.0506222353636701	0.442697734012975	370
-0.0506222353636701	0.442697734012975	370
-0.05076792480235	0.442524207311945	1278
-0.05076792480235	0.442524207311945	117
-0.0506222353636701	0.442697734012975	117
-0.0506222353636701	0.442697734012975	117
-0.0506222353636701	0.442697734012975	117
-0.0506222353636701	0.442697734012975	117
-0.05076792480235	0.442524207311945	154
-0.05076792480235	0.442524207311945	154
-0.05076792480235	0.442524207311945	236
-0.0506222353636701	0.442697734012975	236
-0.05076792480235	0.442524207311945	236
-0.05076792480235	0.442524207311945	53
-0.06249479164281	1.54105555837051	53
-0.00954023717211006	1.05075857659414	104
-0.05076792480235	0.442524207311945	33
-0.0506222353636701	0.442697734012975	144
-0.05422848079298	0.440039859159679	139
-0.05076792480235	0.442524207311945	972
-0.0506222353636701	0.442697734012975	478
-0.05076792480235	0.442524207311945	91
-0.05076792480235	0.442524207311945	965
-0.05076792480235	0.442524207311945	872
-0.0506222353636701	0.442697734012975	117
-0.0506222353636701	0.442697734012975	117
-0.05076792480235	0.442524207311945	117
-0.05422848079298	0.440039859159679	117
-0.0506222353636701	0.442697734012975	236
-0.0586134818306601	1.51290150712111	53
-0.00178759425815	1.01990349891881	339
-0.0506222353636701	0.442697734012975	104
-0.05076792480235	0.442524207311945	25
-0.05076792480235	0.442524207311945	736
-0.0506222353636701	0.442697734012975	736
-0.05076792480235	0.442524207311945	965
-0.05076792480235	0.442524207311945	965
-0.05076792480235	0.442524207311945	42
-0.0506222353636701	0.442697734012975	42
-0.0506222353636701	0.442697734012975	117
-0.05076792480235	0.442524207311945	117
-0.0506222353636701	0.442697734012975	1175
-0.00657739703291993	1.03026936730603	53
-0.05076792480235	0.442524207311945	104
-0.05076792480235	0.442524207311945	299
-0.05076792480235	0.442524207311945	1422
-0.05076792480235	0.442524207311945	139
-0.05076792480235	0.442524207311945	139
-0.05076792480235	0.442524207311945	144
-0.05076792480235	0.442524207311945	1321
-0.05076792480235	0.442524207311945	478
-0.05076792480235	0.442524207311945	998
-0.05076792480235	0.442524207311945	42
-0.0506222353636701	0.442697734012975	117
-0.05422848079298	0.440039859159679	117
-0.05076792480235	0.442524207311945	1175
-0.0506222353636701	0.442697734012975	87
-0.00302019373102991	1.0181906545487	104
-0.05076792480235	0.442524207311945	144
-0.05076792480235	0.442524207311945	998
-0.0506222353636701	0.442697734012975	42
-0.05076792480235	0.442524207311945	42
-0.05076792480235	0.442524207311945	42
-0.0506222353636701	0.442697734012975	700
-0.0506222353636701	0.442697734012975	700
-0.0506222353636701	0.442697734012975	117
-0.0506222353636701	0.442697734012975	1586
-0.0506222353636701	0.442697734012975	87
0.1121521739034	2.18128043410729	434
-0.01397300681655	1.01810459281283	53
-0.0506222353636701	0.442697734012975	6
-0.05076792480235	0.442524207311945	6
-0.05076792480235	0.442524207311945	736
-0.05076792480235	0.442524207311945	965
-0.05076792480235	0.442524207311945	42
-0.0506222353636701	0.442697734012975	42
-0.0506222353636701	0.442697734012975	700
0.10504697399115	1.54151095237213	53
-0.05076792480235	0.442524207311945	6
-0.05076792480235	0.442524207311945	736
-0.05076792480235	0.442524207311945	48
-0.0506222353636701	0.442697734012975	788
-0.0506222353636701	0.442697734012975	42
-0.0506222353636701	0.442697734012975	42
-0.05422848079298	0.440039859159679	42
-0.0506222353636701	0.442697734012975	700
-0.0506222353636701	0.442697734012975	117
-0.05076792480235	0.442524207311945	87
-0.05076792480235	0.442524207311945	1729
-0.0506222353636701	0.442697734012975	87
-0.0142286500039901	1.03194261717082	239
-0.0506222353636701	0.442697734012975	104
-0.0506222353636701	0.442697734012975	144
-0.0506222353636701	0.442697734012975	788
-0.05076792480235	0.442524207311945	998
-0.05422848079298	0.440039859159679	996
-0.0506222353636701	0.442697734012975	42
-0.0506222353636701	0.442697734012975	700
-0.05076792480235	0.442524207311945	700
-0.05076792480235	0.442524207311945	117
-0.05422848079298	0.440039859159679	117
-0.05422848079298	0.440039859159679	87
-0.0506222353636701	0.442697734012975	87
-0.05422848079298	0.440039859159679	1729
-0.05076792480235	0.442524207311945	53
-0.0506222353636701	0.442697734012975	53
-0.05076792480235	0.442524207311945	53
-0.00706952804708005	1.0287991566873	763
-0.0506222353636701	0.442697734012975	144
-0.00696364044448994	1.03035827417137	144
-0.0506222353636701	0.442697734012975	735
-0.05422848079298	0.440039859159679	117
-0.0506222353636701	0.442697734012975	117
-0.05076792480235	0.442524207311945	87
-0.0506222353636701	0.442697734012975	87
-0.0506222353636701	0.442697734012975	822
0.0627195294733201	1.30055954994408	36
-0.05076792480235	0.442524207311945	144
-0.0506222353636701	0.442697734012975	144
-0.05076792480235	0.442524207311945	144
-0.05076792480235	0.442524207311945	144
-0.05076792480235	0.442524207311945	144
-0.05422848079298	0.440039859159679	183
-0.05076792480235	0.442524207311945	6
-0.0506222353636701	0.442697734012975	6
-0.0506222353636701	0.442697734012975	780
-0.0506222353636701	0.442697734012975	788
-0.05076792480235	0.442524207311945	998
-0.05422848079298	0.440039859159679	996
-0.0506222353636701	0.442697734012975	646
-0.05076792480235	0.442524207311945	646
-0.05076792480235	0.442524207311945	117
-0.0506222353636701	0.442697734012975	130
-0.0506222353636701	0.442697734012975	822
-0.05076792480235	0.442524207311945	822
-0.05076792480235	0.442524207311945	56
-0.05076792480235	0.442524207311945	414
-0.05076792480235	0.442524207311945	414
-0.0506222353636701	0.442697734012975	42
-0.05076792480235	0.442524207311945	42
-0.05076792480235	0.442524207311945	117
-0.05076792480235	0.442524207311945	117
-0.05422848079298	0.440039859159679	117
-0.05422848079298	0.440039859159679	87
-0.0506222353636701	0.442697734012975	822
-0.0581337887713	1.51182941916906	53
0.05842815146945	1.29121446124688	53
0.05819510978132	1.32477446901334	36
-0.00633592678864003	1.04342194758688	414
-0.05076792480235	0.442524207311945	735
-0.0506222353636701	0.442697734012975	646
-0.0506222353636701	0.442697734012975	42
-0.0506222353636701	0.442697734012975	917
-0.0506222353636701	0.442697734012975	1114
-0.05076792480235	0.442524207311945	48
-0.05076792480235	0.442524207311945	646
-0.05076792480235	0.442524207311945	117
-0.05076792480235	0.442524207311945	117
-0.05076792480235	0.442524207311945	917
0.0586934805128401	1.29491533857862	116
-0.05076792480235	0.442524207311945	104
-0.05076792480235	0.442524207311945	250
-0.05076792480235	0.442524207311945	250
-0.05422848079298	0.440039859159679	387
-0.0506222353636701	0.442697734012975	6
-0.05076792480235	0.442524207311945	42
-0.05076792480235	0.442524207311945	117
-0.0506222353636701	0.442697734012975	117
-0.05076792480235	0.442524207311945	117
-0.05076792480235	0.442524207311945	802
-0.05076792480235	0.442524207311945	802
-0.0506222353636701	0.442697734012975	103
-0.05076792480235	0.442524207311945	917
-0.05076792480235	0.442524207311945	55
-0.05076792480235	0.442524207311945	6
-0.05076792480235	0.442524207311945	6
-0.0506222353636701	0.442697734012975	6
-0.05076792480235	0.442524207311945	42
-0.0506222353636701	0.442697734012975	42
-0.0506222353636701	0.442697734012975	117
-0.0506222353636701	0.442697734012975	117
-0.05076792480235	0.442524207311945	117
-0.05076792480235	0.442524207311945	117
-0.05076792480235	0.442524207311945	117
-0.05422848079298	0.440039859159679	117
-0.05422848079298	0.440039859159679	117
-0.05076792480235	0.442524207311945	917
-0.06299602518575	1.52638444851234	239
0.00975927770382001	1.77220966078367	53
0.11026969892874	1.56321578901748	104
-0.0506222353636701	0.442697734012975	559
-0.0506222353636701	0.442697734012975	250
-0.0506222353636701	0.442697734012975	250
-0.05076792480235	0.442524207311945	643
-0.05076792480235	0.442524207311945	643
-0.05422848079298	0.440039859159679	1452
-0.05076792480235	0.442524207311945	1452
-0.05076792480235	0.442524207311945	117
-0.05076792480235	0.442524207311945	103
-0.0506222353636701	0.442697734012975	87
-0.00375279482391999	1.01922093563351	32
-0.05076792480235	0.442524207311945	527
-0.05422848079298	0.440039859159679	6
-0.05076792480235	0.442524207311945	6
-0.0506222353636701	0.442697734012975	814
-0.05076792480235	0.442524207311945	1464
-0.05076792480235	0.442524207311945	1464
-0.0506222353636701	0.442697734012975	42
-0.05076792480235	0.442524207311945	42
-0.0506222353636701	0.442697734012975	1452
-0.05076792480235	0.442524207311945	117
-0.05422848079298	0.440039859159679	87
-0.05076792480235	0.442524207311945	144
-0.0506222353636701	0.442697734012975	144
0.05861608538243	1.25140197944788	387
-0.05076792480235	0.442524207311945	6
-0.0506222353636701	0.442697734012975	144
-0.0506222353636701	0.442697734012975	144
-0.0506222353636701	0.442697734012975	6
-0.0506222353636701	0.442697734012975	643
-0.05422848079298	0.440039859159679	814
-0.0506222353636701	0.442697734012975	42
-0.05076792480235	0.442524207311945	1452
-0.0506222353636701	0.442697734012975	1452
-0.05076792480235	0.442524207311945	117
-0.0506222353636701	0.442697734012975	103
-0.0506222353636701	0.442697734012975	87
-0.00559361839901995	1.0252948674712	53
0.00872424971832997	1.78816284706945	36
-0.05076792480235	0.442524207311945	144
-0.0506222353636701	0.442697734012975	643
-0.0506222353636701	0.442697734012975	1452
-0.0506222353636701	0.442697734012975	1452
-0.05422848079298	0.440039859159679	1452
-0.0506222353636701	0.442697734012975	715
-0.0506222353636701	0.442697734012975	643
-0.0506222353636701	0.442697734012975	6
-0.0506222353636701	0.442697734012975	1452
-0.0506222353636701	0.442697734012975	117
-0.0506222353636701	0.442697734012975	103
-0.05076792480235	0.442524207311945	87
-0.0596505842164301	1.51511769748967	14
-0.05076792480235	0.442524207311945	1427
-0.0506222353636701	0.442697734012975	6
-0.0506222353636701	0.442697734012975	6
-0.05076792480235	0.442524207311945	643
-0.05422848079298	0.440039859159679	6
-0.0506222353636701	0.442697734012975	6
-0.0506222353636701	0.442697734012975	117
-0.0506222353636701	0.442697734012975	117
-0.06492647041258	1.46885241546206	104
-0.0506222353636701	0.442697734012975	206
-0.0506222353636701	0.442697734012975	6
-0.0506222353636701	0.442697734012975	6
-0.05076792480235	0.442524207311945	6
-0.05076792480235	0.442524207311945	6
-0.05076792480235	0.442524207311945	42
-0.0506222353636701	0.442697734012975	42
-0.05076792480235	0.442524207311945	42
-0.05076792480235	0.442524207311945	42
-0.05076792480235	0.442524207311945	117
-0.05422848079298	0.440039859159679	117
-0.05076792480235	0.442524207311945	87
-0.0506222353636701	0.442697734012975	87
-0.0506222353636701	0.442697734012975	87
0.00997866411604997	1.79113804328703	440
-0.05076792480235	0.442524207311945	1427
-0.0506222353636701	0.442697734012975	6
-0.0506222353636701	0.442697734012975	42
-0.05076792480235	0.442524207311945	42
-0.0506222353636701	0.442697734012975	117
0.10367069555388	1.5946198290258	53
-0.05076792480235	0.442524207311945	206
-0.0506222353636701	0.442697734012975	6
-0.05076792480235	0.442524207311945	6
-0.05076792480235	0.442524207311945	56
-0.05076792480235	0.442524207311945	6
-0.05076792480235	0.442524207311945	6
-0.0506222353636701	0.442697734012975	6
-0.05076792480235	0.442524207311945	650
-0.05076792480235	0.442524207311945	6
-0.05076792480235	0.442524207311945	6
-0.05076792480235	0.442524207311945	390
-0.05076792480235	0.442524207311945	42
-0.0506222353636701	0.442697734012975	42
-0.05076792480235	0.442524207311945	117
-0.05076792480235	0.442524207311945	269
-0.00608542718326	1.02915872464785	217
-0.05076792480235	0.442524207311945	6
-0.0506222353636701	0.442697734012975	6
-0.05076792480235	0.442524207311945	6
-0.05422848079298	0.440039859159679	6
-0.05076792480235	0.442524207311945	6
-0.05076792480235	0.442524207311945	42
-0.0506222353636701	0.442697734012975	42
-0.0506222353636701	0.442697734012975	390
-0.0506222353636701	0.442697734012975	42
-0.0506222353636701	0.442697734012975	674
-0.05076792480235	0.442524207311945	117
-0.0506222353636701	0.442697734012975	1683
-0.05076792480235	0.442524207311945	1564
-0.0506222353636701	0.442697734012975	1564
-0.05422848079298	0.440039859159679	88
-0.05422848079298	0.440039859159679	1551
-0.0506222353636701	0.442697734012975	36
-0.05076792480235	0.442524207311945	36
-0.0506222353636701	0.442697734012975	36
-0.0506222353636701	0.442697734012975	36
-0.05076792480235	0.442524207311945	1501
-0.0506222353636701	0.442697734012975	32
-0.05076792480235	0.442524207311945	269
-0.0506222353636701	0.442697734012975	217
-0.0506222353636701	0.442697734012975	6
-0.0506222353636701	0.442697734012975	6
-0.05076792480235	0.442524207311945	6
-0.0506222353636701	0.442697734012975	6
-0.0506222353636701	0.442697734012975	6
-0.0506222353636701	0.442697734012975	6
-0.0506222353636701	0.442697734012975	6
-0.05076792480235	0.442524207311945	6
-0.05076792480235	0.442524207311945	6
-0.05076792480235	0.442524207311945	650
-0.05076792480235	0.442524207311945	390
-0.0506222353636701	0.442697734012975	42
-0.05076792480235	0.442524207311945	674
-0.0506222353636701	0.442697734012975	117
-0.00633592678864003	1.04342194758688	41
-0.06153389978772	1.5315716793473	96
-0.0506222353636701	0.442697734012975	88
-0.05422848079298	0.440039859159679	1551
-0.0506222353636701	0.442697734012975	217
-0.0506222353636701	0.442697734012975	6
-0.0506222353636701	0.442697734012975	6
-0.0506222353636701	0.442697734012975	6
-0.0506222353636701	0.442697734012975	6
-0.05422848079298	0.440039859159679	6
-0.05076792480235	0.442524207311945	42
-0.05076792480235	0.442524207311945	42
-0.05076792480235	0.442524207311945	42
-0.0506222353636701	0.442697734012975	390
-0.0506222353636701	0.442697734012975	42
-0.0506222353636701	0.442697734012975	36
-0.0506222353636701	0.442697734012975	77
-0.05076792480235	0.442524207311945	6
-0.05076792480235	0.442524207311945	6
-0.0506222353636701	0.442697734012975	6
-0.0506222353636701	0.442697734012975	6
-0.0506222353636701	0.442697734012975	6
-0.0506222353636701	0.442697734012975	578
-0.05076792480235	0.442524207311945	578
-0.0506222353636701	0.442697734012975	42
-0.0506222353636701	0.442697734012975	42
-0.05076792480235	0.442524207311945	42
-0.05076792480235	0.442524207311945	674
-0.0506222353636701	0.442697734012975	674
-0.0583973905459601	1.51144967145313	32
-0.05076792480235	0.442524207311945	77
-0.0506222353636701	0.442697734012975	637
-0.05422848079298	0.440039859159679	6
-0.0506222353636701	0.442697734012975	6
-0.05076792480235	0.442524207311945	6
-0.05076792480235	0.442524207311945	6
-0.05076792480235	0.442524207311945	6
-0.05076792480235	0.442524207311945	808
-0.0506222353636701	0.442697734012975	6
-0.0506222353636701	0.442697734012975	578
-0.05076792480235	0.442524207311945	578
-0.0506222353636701	0.442697734012975	1234
-0.0506222353636701	0.442697734012975	1234
-0.05076792480235	0.442524207311945	1234
-0.05076792480235	0.442524207311945	1234
-0.0506222353636701	0.442697734012975	1746
-0.05422848079298	0.440039859159679	42
-0.0506222353636701	0.442697734012975	42
-0.05076792480235	0.442524207311945	42
-0.0506222353636701	0.442697734012975	42
-0.05076792480235	0.442524207311945	1651
-0.05422848079298	0.440039859159679	741
-0.01101746233712	1.04007929601231	32
-0.0506222353636701	0.442697734012975	6
-0.0506222353636701	0.442697734012975	808
-0.0506222353636701	0.442697734012975	385
-0.05422848079298	0.440039859159679	578
-0.0506222353636701	0.442697734012975	42
-0.0506222353636701	0.442697734012975	1234
-0.05076792480235	0.442524207311945	517
-0.05076792480235	0.442524207311945	36
-0.0506222353636701	0.442697734012975	6
-0.0506222353636701	0.442697734012975	808
-0.0506222353636701	0.442697734012975	6
-0.05076792480235	0.442524207311945	578
-0.0506222353636701	0.442697734012975	578
-0.0506222353636701	0.442697734012975	42
-0.05076792480235	0.442524207311945	42
-0.05076792480235	0.442524207311945	674
-0.05076792480235	0.442524207311945	42
-0.05422848079298	0.440039859159679	47
-0.05422848079298	0.440039859159679	47
-0.05076792480235	0.442524207311945	741
-0.0506222353636701	0.442697734012975	741
-0.0506222353636701	0.442697734012975	6
-0.05076792480235	0.442524207311945	578
-0.05076792480235	0.442524207311945	42
-0.05076792480235	0.442524207311945	674
-0.0506222353636701	0.442697734012975	674
-0.0506222353636701	0.442697734012975	42
-0.05422848079298	0.440039859159679	87
-0.0506222353636701	0.442697734012975	83
-0.00436899820318004	1.03224406645123	53
-0.01116510405144	1.01267599971614	77
-0.0506222353636701	0.442697734012975	808
-0.0506222353636701	0.442697734012975	578
-0.0506222353636701	0.442697734012975	42
-0.05076792480235	0.442524207311945	42
-0.05076792480235	0.442524207311945	42
-0.05076792480235	0.442524207311945	42
-0.05076792480235	0.442524207311945	42
-0.0506222353636701	0.442697734012975	47
-0.05422848079298	0.440039859159679	87
-0.0506222353636701	0.442697734012975	741
-0.05076792480235	0.442524207311945	6
-0.0506222353636701	0.442697734012975	6
-0.05422848079298	0.440039859159679	862
-0.0506222353636701	0.442697734012975	862
-0.05076792480235	0.442524207311945	578
-0.05422848079298	0.440039859159679	42
-0.0506222353636701	0.442697734012975	674
-0.0506222353636701	0.442697734012975	674
-0.0506222353636701	0.442697734012975	47
-0.05422848079298	0.440039859159679	83
-0.0506222353636701	0.442697734012975	77
-0.0506222353636701	0.442697734012975	6
-0.0506222353636701	0.442697734012975	6
-0.0506222353636701	0.442697734012975	6
-0.0506222353636701	0.442697734012975	385
-0.05076792480235	0.442524207311945	42
-0.0506222353636701	0.442697734012975	42
-0.0506222353636701	0.442697734012975	47
-0.0506222353636701	0.442697734012975	206
-0.05076792480235	0.442524207311945	6
-0.0506222353636701	0.442697734012975	6
-0.0506222353636701	0.442697734012975	6
-0.05076792480235	0.442524207311945	385
-0.0506222353636701	0.442697734012975	42
-0.0506222353636701	0.442697734012975	42
-0.05076792480235	0.442524207311945	248
-0.05076792480235	0.442524207311945	42
-0.0506222353636701	0.442697734012975	47
-0.0506222353636701	0.442697734012975	47
-0.05422848079298	0.440039859159679	47
-0.0506222353636701	0.442697734012975	47
-0.0506222353636701	0.442697734012975	83
-0.06732689997099	1.50669860116789	36
-0.01076414450994	1.03573323856486	206
-0.05422848079298	0.440039859159679	6
-0.05076792480235	0.442524207311945	6
-0.0506222353636701	0.442697734012975	6
-0.05076792480235	0.442524207311945	6
-0.05076792480235	0.442524207311945	6
-0.05076792480235	0.442524207311945	6
-0.0506222353636701	0.442697734012975	188
-0.0506222353636701	0.442697734012975	248
-0.0506222353636701	0.442697734012975	248
-0.0506222353636701	0.442697734012975	42
-0.05076792480235	0.442524207311945	42
-0.05076792480235	0.442524207311945	42
-0.0506222353636701	0.442697734012975	47
-0.05076792480235	0.442524207311945	47
-0.00584395314167008	1.04495455476846	41
-0.0506222353636701	0.442697734012975	83
-0.05076792480235	0.442524207311945	77
-0.05076792480235	0.442524207311945	6
-0.05076792480235	0.442524207311945	188
-0.05076792480235	0.442524207311945	995
-0.0506222353636701	0.442697734012975	42
-0.05076792480235	0.442524207311945	42
-0.0506222353636701	0.442697734012975	87
-0.05076792480235	0.442524207311945	87
-0.0506222353636701	0.442697734012975	791
-0.00424449695374007	1.01169045236897	32
0.0636817277486701	1.2868052653693	36
-0.05076792480235	0.442524207311945	6
-0.0506222353636701	0.442697734012975	188
-0.0506222353636701	0.442697734012975	188
-0.0506222353636701	0.442697734012975	42
-0.0506222353636701	0.442697734012975	47
-0.05076792480235	0.442524207311945	47
-0.0506222353636701	0.442697734012975	791
-0.0506222353636701	0.442697734012975	791
-0.05076792480235	0.442524207311945	6
-0.0506222353636701	0.442697734012975	6
-0.0506222353636701	0.442697734012975	6
-0.05076792480235	0.442524207311945	6
-0.05076792480235	0.442524207311945	188
-0.05076792480235	0.442524207311945	42
-0.05076792480235	0.442524207311945	42
-0.05422848079298	0.440039859159679	1122
-0.0506222353636701	0.442697734012975	87
-0.0506222353636701	0.442697734012975	791
-0.06732689997099	1.50669860116789	53
-0.0130066147329599	1.01524328988669	206
-0.05076792480235	0.442524207311945	6
-0.0506222353636701	0.442697734012975	6
-0.0506222353636701	0.442697734012975	6
-0.05076792480235	0.442524207311945	6
-0.0506222353636701	0.442697734012975	42
-0.0506222353636701	0.442697734012975	42
-0.05422848079298	0.440039859159679	47
-0.0506222353636701	0.442697734012975	791
-0.05076792480235	0.442524207311945	24
0.06104894309899	1.30212163577718	77
-0.05076792480235	0.442524207311945	6
-0.0506222353636701	0.442697734012975	6
-0.05076792480235	0.442524207311945	188
-0.0506222353636701	0.442697734012975	454
-0.05422848079298	0.440039859159679	454
-0.0506222353636701	0.442697734012975	97
-0.05076792480235	0.442524207311945	42
-0.05422848079298	0.440039859159679	42
-0.05076792480235	0.442524207311945	47
-0.0506222353636701	0.442697734012975	791
0.10339215290062	1.58233723632396	36
-0.05076792480235	0.442524207311945	6
-0.0506222353636701	0.442697734012975	6
-0.05076792480235	0.442524207311945	6
-0.05076792480235	0.442524207311945	454
-0.0506222353636701	0.442697734012975	42
-0.05076792480235	0.442524207311945	42
-0.0506222353636701	0.442697734012975	87
0.10626959580981	1.56573736872928	38
0.0615453540209401	1.29801514035387	53
-0.0506222353636701	0.442697734012975	6
-0.05076792480235	0.442524207311945	356
-0.05076792480235	0.442524207311945	42
-0.05076792480235	0.442524207311945	42
-0.05076792480235	0.442524207311945	42
-0.05422848079298	0.440039859159679	64
-0.05076792480235	0.442524207311945	6
-0.05076792480235	0.442524207311945	356
-0.0506222353636701	0.442697734012975	42
-0.05422848079298	0.440039859159679	42
-0.0506222353636701	0.442697734012975	42
-0.05076792480235	0.442524207311945	6
-0.0506222353636701	0.442697734012975	1505
-0.0506222353636701	0.442697734012975	1505
-0.0506222353636701	0.442697734012975	1505
-0.05076792480235	0.442524207311945	6
-0.0105248925436201	1.04721672840644	64
-0.05076792480235	0.442524207311945	1567
-0.0506222353636701	0.442697734012975	42
-0.0506222353636701	0.442697734012975	42
-0.05422848079298	0.440039859159679	42
-0.00203758866153003	1.02379709235785	32
-0.00276987314785004	1.0248378782837	6
-0.00302019373102991	1.0181906545487	6
-0.05422848079298	0.440039859159679	6
-0.0506222353636701	0.442697734012975	356
-0.05076792480235	0.442524207311945	356
-0.05076792480235	0.442524207311945	356
-0.0506222353636701	0.442697734012975	1567
-0.0506222353636701	0.442697734012975	1567
-0.05076792480235	0.442524207311945	1567
-0.0506222353636701	0.442697734012975	6
-0.05076792480235	0.442524207311945	6
-0.05076792480235	0.442524207311945	6
-0.05422848079298	0.440039859159679	64
-0.05076792480235	0.442524207311945	64
-0.05076792480235	0.442524207311945	356
-0.05076792480235	0.442524207311945	356
-0.0506222353636701	0.442697734012975	356
-0.0506222353636701	0.442697734012975	356
-0.0506222353636701	0.442697734012975	1567
-0.05422848079298	0.440039859159679	1567
-0.05076792480235	0.442524207311945	1567
-0.05076792480235	0.442524207311945	42
-0.05076792480235	0.442524207311945	42
-0.0506222353636701	0.442697734012975	87
-0.0506222353636701	0.442697734012975	87
-0.05076792480235	0.442524207311945	6
-0.0506222353636701	0.442697734012975	64
-0.05076792480235	0.442524207311945	147
-0.05076792480235	0.442524207311945	1567
-0.0506222353636701	0.442697734012975	1567
-0.00178759425815	1.01990349891881	32
-0.0506222353636701	0.442697734012975	1431
-0.0506222353636701	0.442697734012975	6
-0.0506222353636701	0.442697734012975	64
-0.0506222353636701	0.442697734012975	356
-0.05076792480235	0.442524207311945	356
-0.05076792480235	0.442524207311945	147
-0.05076792480235	0.442524207311945	42
-0.05076792480235	0.442524207311945	97
-0.05076792480235	0.442524207311945	203
-0.0506222353636701	0.442697734012975	844
-0.06299602518575	1.52638444851234	38
-0.0603096281492399	1.51716324759635	53
0.00515366130330008	1.74539738443337	77
-0.0506222353636701	0.442697734012975	77
-0.0506222353636701	0.442697734012975	64
-0.05076792480235	0.442524207311945	42
-0.0506222353636701	0.442697734012975	42
0.0591598420671899	1.31244992376706	53
0.10894637728315	1.55650755262078	604
-0.0506222353636701	0.442697734012975	1092
-0.05076792480235	0.442524207311945	6
-0.0506222353636701	0.442697734012975	6
-0.05076792480235	0.442524207311945	6
-0.0506222353636701	0.442697734012975	6
-0.05076792480235	0.442524207311945	64
-0.05076792480235	0.442524207311945	1567
-0.05422848079298	0.440039859159679	898
-0.05076792480235	0.442524207311945	42
-0.05076792480235	0.442524207311945	42
-0.05076792480235	0.442524207311945	42
-0.0506222353636701	0.442697734012975	97
-0.0506222353636701	0.442697734012975	203
-0.0506222353636701	0.442697734012975	51
-0.05076792480235	0.442524207311945	1092
-0.00657739703291993	1.03026936730603	217
-0.00954023717211006	1.05075857659414	6
-0.0506222353636701	0.442697734012975	615
-0.05422848079298	0.440039859159679	21
-0.0506222353636701	0.442697734012975	147
-0.0506222353636701	0.442697734012975	42
-0.05076792480235	0.442524207311945	42
-0.05076792480235	0.442524207311945	203
-0.0506222353636701	0.442697734012975	203
-0.05076792480235	0.442524207311945	53
0.0591598420671899	1.31244992376706	32
-0.0127511100353599	1.02671454698159	77
-0.05076792480235	0.442524207311945	29
-0.00559361839901995	1.0252948674712	64
-0.0506222353636701	0.442697734012975	356
-0.0100324841883901	1.05056928585634	97
-0.05076792480235	0.442524207311945	97
-0.05076792480235	0.442524207311945	23
-0.0506222353636701	0.442697734012975	203
-0.0506222353636701	0.442697734012975	203
-0.05422848079298	0.440039859159679	51
-0.0506222353636701	0.442697734012975	815
-0.0506222353636701	0.442697734012975	53
-0.0612701247595999	1.53428078985056	53
0.10216776032394	1.58941695462222	604
-0.05480787683557	1.50452486016835	1273
-0.05076792480235	0.442524207311945	1035
-0.0506222353636701	0.442697734012975	6
-0.0506222353636701	0.442697734012975	1298
-0.0506222353636701	0.442697734012975	1466
-0.0506222353636701	0.442697734012975	1466
-0.05422848079298	0.440039859159679	178
-0.05076792480235	0.442524207311945	343
-0.0506222353636701	0.442697734012975	689
-0.0506222353636701	0.442697734012975	42
-0.05076792480235	0.442524207311945	815
0.05231115535168	2.2948394085672	38
-0.01545151331043	1.01218702627957	64
-0.0506222353636701	0.442697734012975	356
-0.05422848079298	0.440039859159679	356
-0.0506222353636701	0.442697734012975	178
-0.0506222353636701	0.442697734012975	241
-0.05076792480235	0.442524207311945	23
-0.05076792480235	0.442524207311945	1025
-0.0506222353636701	0.442697734012975	1025
-0.05422848079298	0.440039859159679	815
0.00592311506244991	1.79102963043108	585
-0.05076792480235	0.442524207311945	77
-0.0506222353636701	0.442697734012975	1035
-0.0506222353636701	0.442697734012975	636
-0.0506222353636701	0.442697734012975	6
-0.05076792480235	0.442524207311945	6
-0.05076792480235	0.442524207311945	64
-0.0506222353636701	0.442697734012975	1466
-0.05076792480235	0.442524207311945	42
-0.05422848079298	0.440039859159679	42
-0.0506222353636701	0.442697734012975	42
-0.05422848079298	0.440039859159679	815
-0.0624484829494401	1.49451932282853	435
-0.05076792480235	0.442524207311945	45
-0.0506222353636701	0.442697734012975	259
-0.05076792480235	0.442524207311945	6
0.0653456279220499	1.2801222532083	6
-0.0506222353636701	0.442697734012975	64
-0.05076792480235	0.442524207311945	1466
-0.0506222353636701	0.442697734012975	135
-0.05076792480235	0.442524207311945	135
-0.05076792480235	0.442524207311945	97
-0.05076792480235	0.442524207311945	51
-0.05076792480235	0.442524207311945	51
-0.0506222353636701	0.442697734012975	97
-0.0506222353636701	0.442697734012975	51
-0.0506222353636701	0.442697734012975	51
-0.0506222353636701	0.442697734012975	51
-0.05076792480235	0.442524207311945	51
-0.0506222353636701	0.442697734012975	51
-0.05076792480235	0.442524207311945	21
-0.05076792480235	0.442524207311945	42
-0.05076792480235	0.442524207311945	42
-0.00633592678864003	1.04342194758688	254
-0.0506222353636701	0.442697734012975	64
-0.0506222353636701	0.442697734012975	147
-0.0506222353636701	0.442697734012975	42
-0.0506222353636701	0.442697734012975	42
-0.05076792480235	0.442524207311945	42
-0.05076792480235	0.442524207311945	58
-0.00203758866153003	1.02379709235785	1033
-0.05076792480235	0.442524207311945	6
-0.05076792480235	0.442524207311945	135
-0.05076792480235	0.442524207311945	147
-0.05076792480235	0.442524207311945	23
-0.05076792480235	0.442524207311945	23
-0.0506222353636701	0.442697734012975	638
-0.05076792480235	0.442524207311945	638
-0.0634461029842	1.82769005579866	50
-0.00584395314167008	1.04495455476846	53
0.0617797699648	1.3177223760449	44
-0.0506222353636701	0.442697734012975	6
-0.0506222353636701	0.442697734012975	6
-0.0506222353636701	0.442697734012975	135
-0.05076792480235	0.442524207311945	42
-0.05076792480235	0.442524207311945	42
-0.05422848079298	0.440039859159679	638
-0.05076792480235	0.442524207311945	638
-0.05422848079298	0.440039859159679	638
-0.05076792480235	0.442524207311945	51
-0.0506222353636701	0.442697734012975	51
-0.05076792480235	0.442524207311945	51
-0.0506222353636701	0.442697734012975	51
0.0584443155499701	1.32279251951219	435
-0.0506222353636701	0.442697734012975	58
-0.0506222353636701	0.442697734012975	6
-0.0506222353636701	0.442697734012975	960
-0.0506222353636701	0.442697734012975	277
-0.05076792480235	0.442524207311945	223
-0.0506222353636701	0.442697734012975	475
-0.0506222353636701	0.442697734012975	23
-0.05422848079298	0.440039859159679	638
-0.05076792480235	0.442524207311945	638
-0.0506222353636701	0.442697734012975	51
-0.05076792480235	0.442524207311945	58
-0.0506222353636701	0.442697734012975	29
-0.05422848079298	0.440039859159679	6
-0.0506222353636701	0.442697734012975	6
-0.05422848079298	0.440039859159679	612
-0.05076792480235	0.442524207311945	6
-0.05422848079298	0.440039859159679	135
-0.0506222353636701	0.442697734012975	135
-0.0506222353636701	0.442697734012975	147
-0.0506222353636701	0.442697734012975	223
-0.05076792480235	0.442524207311945	223
-0.05076792480235	0.442524207311945	42
-0.05076792480235	0.442524207311945	42
-0.0506222353636701	0.442697734012975	42
-0.05076792480235	0.442524207311945	42
-0.0506222353636701	0.442697734012975	23
-0.0506222353636701	0.442697734012975	51
-0.00732035767807004	1.03117511651147	435
-0.0506222353636701	0.442697734012975	277
-0.0506222353636701	0.442697734012975	475
-0.05076792480235	0.442524207311945	51
-0.0506222353636701	0.442697734012975	1137
-0.00930116136719006	1.03114532209878	228
-0.0506222353636701	0.442697734012975	135
-0.0506222353636701	0.442697734012975	42
-0.05076792480235	0.442524207311945	42
-0.05076792480235	0.442524207311945	42
-0.05076792480235	0.442524207311945	883
-0.0506222353636701	0.442697734012975	23
-0.05076792480235	0.442524207311945	51
-0.0506222353636701	0.442697734012975	494
-0.05422848079298	0.440039859159679	6
-0.05076792480235	0.442524207311945	135
-0.05076792480235	0.442524207311945	42
-0.05076792480235	0.442524207311945	1137
0.0577125185005101	1.32598767752237	53
-0.0506222353636701	0.442697734012975	6
-0.0506222353636701	0.442697734012975	506
-0.0506222353636701	0.442697734012975	21
-0.05076792480235	0.442524207311945	277
-0.0506222353636701	0.442697734012975	135
-0.0506222353636701	0.442697734012975	135
-0.05076792480235	0.442524207311945	1015
-0.0506222353636701	0.442697734012975	459
-0.05076792480235	0.442524207311945	42
-0.05076792480235	0.442524207311945	883
-0.05076792480235	0.442524207311945	51
0.0608144243998501	1.31711102137611	44
-0.05076792480235	0.442524207311945	1554
-0.0506222353636701	0.442697734012975	21
-0.0506222353636701	0.442697734012975	135
-0.0506222353636701	0.442697734012975	122
-0.0506222353636701	0.442697734012975	122
-0.0506222353636701	0.442697734012975	122
-0.0506222353636701	0.442697734012975	459
-0.05422848079298	0.440039859159679	459
-0.0506222353636701	0.442697734012975	23
-0.0506222353636701	0.442697734012975	51
-0.0506222353636701	0.442697734012975	1645
-0.05076792480235	0.442524207311945	506
-0.0506222353636701	0.442697734012975	353
-0.05076792480235	0.442524207311945	6
-0.0506222353636701	0.442697734012975	135
-0.05076792480235	0.442524207311945	1260
-0.05076792480235	0.442524207311945	42
-0.05076792480235	0.442524207311945	459
-0.0506222353636701	0.442697734012975	140
-0.0506222353636701	0.442697734012975	653
-0.0100324841883901	1.05056928585634	58
-0.05422848079298	0.440039859159679	1013
-0.05076792480235	0.442524207311945	21
-0.05076792480235	0.442524207311945	122
-0.05076792480235	0.442524207311945	459
-0.05076792480235	0.442524207311945	653
-0.05076792480235	0.442524207311945	653
-0.0506222353636701	0.442697734012975	51
-0.0506222353636701	0.442697734012975	23
-0.05076792480235	0.442524207311945	44
-0.05076792480235	0.442524207311945	28
-0.0506222353636701	0.442697734012975	3
-0.00227865340404998	1.02373501714427	506
-0.05076792480235	0.442524207311945	506
-0.0506222353636701	0.442697734012975	506
-0.0506222353636701	0.442697734012975	29
-0.05076792480235	0.442524207311945	165
-0.05422848079298	0.440039859159679	165
-0.0506222353636701	0.442697734012975	221
-0.05076792480235	0.442524207311945	42
-0.0506222353636701	0.442697734012975	51
-0.05076792480235	0.442524207311945	51
-0.0506222353636701	0.442697734012975	51
0.10118146348872	1.58360035878328	307
-0.05076792480235	0.442524207311945	28
-0.0600998932729799	1.4911402173681	647
-0.05422848079298	0.440039859159679	3
-0.0506222353636701	0.442697734012975	435
-0.0506222353636701	0.442697734012975	506
-0.0506222353636701	0.442697734012975	29
-0.05076792480235	0.442524207311945	29
-0.0506222353636701	0.442697734012975	1221
-0.05076792480235	0.442524207311945	221
-0.01817412642494	0.995195609448078	595
-0.0506222353636701	0.442697734012975	496
-0.0506222353636701	0.442697734012975	21
-0.05076792480235	0.442524207311945	122
-0.0506222353636701	0.442697734012975	122
-0.0506222353636701	0.442697734012975	122
-0.0506222353636701	0.442697734012975	1118
-0.05076792480235	0.442524207311945	220
-0.0506222353636701	0.442697734012975	653
-0.0506222353636701	0.442697734012975	653
-0.05422848079298	0.440039859159679	23
-0.0506222353636701	0.442697734012975	441
-0.01521448452163	1.01247850145755	647
-0.05076792480235	0.442524207311945	3
-0.0506222353636701	0.442697734012975	29
-0.05076792480235	0.442524207311945	165
-0.05076792480235	0.442524207311945	165
-0.05422848079298	0.440039859159679	595
-0.0506222353636701	0.442697734012975	496
-0.05076792480235	0.442524207311945	122
-0.05076792480235	0.442524207311945	122
-0.0506222353636701	0.442697734012975	220
-0.0506222353636701	0.442697734012975	653
-0.05076792480235	0.442524207311945	653
-0.05076792480235	0.442524207311945	653
-0.05076792480235	0.442524207311945	653
-0.05076792480235	0.442524207311945	23
-0.0506222353636701	0.442697734012975	23
-0.00954023717211006	1.05075857659414	506
-0.0100324841883901	1.05056928585634	29
-0.05076792480235	0.442524207311945	380
-0.0506222353636701	0.442697734012975	1269
-0.05076792480235	0.442524207311945	21
-0.05422848079298	0.440039859159679	165
-0.05076792480235	0.442524207311945	595
-0.0506222353636701	0.442697734012975	122
-0.05076792480235	0.442524207311945	122
-0.0506222353636701	0.442697734012975	220
-0.0506222353636701	0.442697734012975	220
-0.05076792480235	0.442524207311945	1118
-0.0506222353636701	0.442697734012975	220
0.0663179554382001	1.25755109189172	452
-0.0056026556164599	1.0242303120476	1414
0.0648706009209801	1.26991971988902	32
-0.0506222353636701	0.442697734012975	28
-0.05076792480235	0.442524207311945	1269
-0.0506222353636701	0.442697734012975	496
-0.0506222353636701	0.442697734012975	122
-0.0506222353636701	0.442697734012975	122
-0.05076792480235	0.442524207311945	220
-0.0506222353636701	0.442697734012975	220
-0.0506222353636701	0.442697734012975	220
-0.0506222353636701	0.442697734012975	220
-0.05422848079298	0.440039859159679	220
-0.0506222353636701	0.442697734012975	968
-0.05076792480235	0.442524207311945	1315
-0.05076792480235	0.442524207311945	508
-0.05076792480235	0.442524207311945	494
-0.05422848079298	0.440039859159679	221
-0.05076792480235	0.442524207311945	21
-0.0506222353636701	0.442697734012975	496
-0.05076792480235	0.442524207311945	798
-0.05076792480235	0.442524207311945	122
-0.05076792480235	0.442524207311945	220
-0.0506222353636701	0.442697734012975	220
-0.0506222353636701	0.442697734012975	28
-0.05076792480235	0.442524207311945	92
-0.05076792480235	0.442524207311945	380
-0.0506222353636701	0.442697734012975	82
-0.0506222353636701	0.442697734012975	29
-0.0506222353636701	0.442697734012975	1017
-0.0506222353636701	0.442697734012975	1017
-0.05076792480235	0.442524207311945	1472
-0.0506222353636701	0.442697734012975	122
-0.0506222353636701	0.442697734012975	122
-0.0506222353636701	0.442697734012975	122
-0.05076792480235	0.442524207311945	1693
-0.05422848079298	0.440039859159679	220
-0.0506222353636701	0.442697734012975	220
-0.0506222353636701	0.442697734012975	220
-0.0506222353636701	0.442697734012975	220
-0.05076792480235	0.442524207311945	23
0.10627045769072	1.5596256971754	86
-0.0506222353636701	0.442697734012975	86
-0.0506222353636701	0.442697734012975	44
-0.0506222353636701	0.442697734012975	968
-0.05076792480235	0.442524207311945	968
-0.0506222353636701	0.442697734012975	28
-0.05076792480235	0.442524207311945	28
-0.05076792480235	0.442524207311945	1294
-0.0506222353636701	0.442697734012975	508
-0.0506222353636701	0.442697734012975	28
-0.05076792480235	0.442524207311945	28
-0.0506222353636701	0.442697734012975	92
-0.0506222353636701	0.442697734012975	92
-0.0506222353636701	0.442697734012975	1269
-0.05422848079298	0.440039859159679	1269
-0.0506222353636701	0.442697734012975	221
-0.05076792480235	0.442524207311945	221
-0.05076792480235	0.442524207311945	122
-0.0506222353636701	0.442697734012975	122
-0.0506222353636701	0.442697734012975	122
-0.0506222353636701	0.442697734012975	1693
-0.0506222353636701	0.442697734012975	220
-0.05076792480235	0.442524207311945	140
-0.05076792480235	0.442524207311945	23
-0.0615524721870799	1.52207305383425	307
0.10227104234915	1.59839190548322	53
-0.05076792480235	0.442524207311945	1294
-0.0506222353636701	0.442697734012975	1315
-0.05076792480235	0.442524207311945	657
-0.0506222353636701	0.442697734012975	508
-0.0506222353636701	0.442697734012975	508
-0.0506222353636701	0.442697734012975	508
-0.0506222353636701	0.442697734012975	58
0.10487203545766	1.54340940815154	28
-0.0506222353636701	0.442697734012975	28
-0.05076792480235	0.442524207311945	29
-0.0506222353636701	0.442697734012975	29
-0.05422848079298	0.440039859159679	1017
-0.05076792480235	0.442524207311945	1472
-0.05076792480235	0.442524207311945	1472
-0.05422848079298	0.440039859159679	221
-0.0506222353636701	0.442697734012975	122
-0.05422848079298	0.440039859159679	122
-0.0506222353636701	0.442697734012975	1693
-0.0506222353636701	0.442697734012975	220
-0.0506222353636701	0.442697734012975	220
-0.05076792480235	0.442524207311945	220
-0.0506222353636701	0.442697734012975	220
-0.00657739703291993	1.03026936730603	86
-0.05076792480235	0.442524207311945	28
-0.05076792480235	0.442524207311945	28
-0.0506222353636701	0.442697734012975	533
-0.05076792480235	0.442524207311945	1017
-0.05422848079298	0.440039859159679	221
-0.05076792480235	0.442524207311945	1597
-0.0506222353636701	0.442697734012975	122
-0.05422848079298	0.440039859159679	1693
-0.0506222353636701	0.442697734012975	220
-0.0506222353636701	0.442697734012975	44
-0.05076792480235	0.442524207311945	28
-0.05422848079298	0.440039859159679	169
-0.05076792480235	0.442524207311945	29
-0.05422848079298	0.440039859159679	119
-0.05076792480235	0.442524207311945	1012
-0.0506222353636701	0.442697734012975	221
-0.05422848079298	0.440039859159679	122
-0.0506222353636701	0.442697734012975	220
-0.0506222353636701	0.442697734012975	220
-0.0506222353636701	0.442697734012975	220
-0.05076792480235	0.442524207311945	44
-0.05076792480235	0.442524207311945	677
-0.0506222353636701	0.442697734012975	92
-0.0506222353636701	0.442697734012975	92
-0.0506222353636701	0.442697734012975	169
-0.05076792480235	0.442524207311945	29
-0.0506222353636701	0.442697734012975	169
-0.0506222353636701	0.442697734012975	169
-0.0506222353636701	0.442697734012975	533
-0.05076792480235	0.442524207311945	122
-0.05076792480235	0.442524207311945	122
-0.05076792480235	0.442524207311945	122
-0.0506222353636701	0.442697734012975	122
-0.0506222353636701	0.442697734012975	122
-0.0506222353636701	0.442697734012975	122
-0.05076792480235	0.442524207311945	122
-0.0506222353636701	0.442697734012975	122
-0.0506222353636701	0.442697734012975	122
-0.0506222353636701	0.442697734012975	220
-0.0506222353636701	0.442697734012975	944
-0.05076792480235	0.442524207311945	590
-0.05076792480235	0.442524207311945	220
-0.05076792480235	0.442524207311945	709
-0.0506222353636701	0.442697734012975	86
-0.05076792480235	0.442524207311945	86
-0.0506222353636701	0.442697734012975	28
0.0594093546488801	1.31722742693816	28
-0.0506222353636701	0.442697734012975	3
-0.05076792480235	0.442524207311945	3
-0.05076792480235	0.442524207311945	1481
-0.05076792480235	0.442524207311945	1481
-0.0506222353636701	0.442697734012975	92
-0.05422848079298	0.440039859159679	169
-0.0506222353636701	0.442697734012975	169
-0.0506222353636701	0.442697734012975	169
-0.0506222353636701	0.442697734012975	169
-0.0506222353636701	0.442697734012975	533
-0.05422848079298	0.440039859159679	1017
-0.05076792480235	0.442524207311945	119
-0.0506222353636701	0.442697734012975	119
-0.0506222353636701	0.442697734012975	122
-0.0506222353636701	0.442697734012975	122
-0.0506222353636701	0.442697734012975	122
-0.0506222353636701	0.442697734012975	122
-0.0506222353636701	0.442697734012975	122
-0.05076792480235	0.442524207311945	122
-0.05076792480235	0.442524207311945	220
-0.0506222353636701	0.442697734012975	1670
-0.0506222353636701	0.442697734012975	1670
-0.01721177741921	0.990935749622489	38
0.058472429734	1.30714945021048	50
-0.0646629064700801	1.50010467402318	258
-0.0506222353636701	0.442697734012975	86
-0.0506222353636701	0.442697734012975	44
-0.05422848079298	0.440039859159679	28
-0.05076792480235	0.442524207311945	677
-0.0506222353636701	0.442697734012975	3
-0.0506222353636701	0.442697734012975	3
-0.05076792480235	0.442524207311945	1721
-0.0506222353636701	0.442697734012975	1084
-0.05076792480235	0.442524207311945	1057
-0.05076792480235	0.442524207311945	1057
-0.0506222353636701	0.442697734012975	1057
-0.05076792480235	0.442524207311945	92
-0.05076792480235	0.442524207311945	528
-0.05076792480235	0.442524207311945	169
-0.05076792480235	0.442524207311945	169
-0.0506222353636701	0.442697734012975	533
-0.05076792480235	0.442524207311945	533
-0.0506222353636701	0.442697734012975	533
-0.0506222353636701	0.442697734012975	119
-0.05422848079298	0.440039859159679	29
-0.0506222353636701	0.442697734012975	122
-0.0506222353636701	0.442697734012975	122
-0.0506222353636701	0.442697734012975	220
-0.0506222353636701	0.442697734012975	407
-0.05076792480235	0.442524207311945	407
-0.05076792480235	0.442524207311945	677
-0.05422848079298	0.440039859159679	1721
-0.05076792480235	0.442524207311945	1721
-0.0506222353636701	0.442697734012975	29
-0.05076792480235	0.442524207311945	122
-0.05422848079298	0.440039859159679	122
-0.0506222353636701	0.442697734012975	140
-0.0506222353636701	0.442697734012975	220
-0.05076792480235	0.442524207311945	220
-0.05076792480235	0.442524207311945	1248
-0.01076414450994	1.03573323856486	452
-0.05422848079298	0.440039859159679	258
-0.0506222353636701	0.442697734012975	258
-0.0506222353636701	0.442697734012975	492
-0.0506222353636701	0.442697734012975	1189
-0.0506222353636701	0.442697734012975	44
-0.05076792480235	0.442524207311945	1502
-0.05076792480235	0.442524207311945	1502
-0.0506222353636701	0.442697734012975	1721
-0.0506222353636701	0.442697734012975	92
-0.0506222353636701	0.442697734012975	92
-0.05422848079298	0.440039859159679	169
-0.05076792480235	0.442524207311945	169
-0.05076792480235	0.442524207311945	29
-0.0506222353636701	0.442697734012975	384
-0.0506222353636701	0.442697734012975	29
-0.0506222353636701	0.442697734012975	29
-0.0506222353636701	0.442697734012975	122
-0.0506222353636701	0.442697734012975	122
-0.05076792480235	0.442524207311945	122
-0.05076792480235	0.442524207311945	220
-0.0506222353636701	0.442697734012975	407
-0.05076792480235	0.442524207311945	1305
-0.05422848079298	0.440039859159679	1305
0.0594093546488801	1.31722742693816	1287
0.0572297770128301	1.32415352660313	258
-0.0506222353636701	0.442697734012975	32
-0.0506222353636701	0.442697734012975	86
-0.0506222353636701	0.442697734012975	677
-0.05422848079298	0.440039859159679	677
-0.0506222353636701	0.442697734012975	677
-0.0506222353636701	0.442697734012975	677
-0.05076792480235	0.442524207311945	1502
-0.0506222353636701	0.442697734012975	210
-0.0506222353636701	0.442697734012975	528
-0.0506222353636701	0.442697734012975	169
-0.0506222353636701	0.442697734012975	169
-0.05076792480235	0.442524207311945	169
-0.05076792480235	0.442524207311945	169
-0.0506222353636701	0.442697734012975	169
-0.0506222353636701	0.442697734012975	384
-0.05076792480235	0.442524207311945	119
-0.05076792480235	0.442524207311945	1535
-0.0506222353636701	0.442697734012975	1535
-0.05076792480235	0.442524207311945	122
-0.0506222353636701	0.442697734012975	122
-0.0506222353636701	0.442697734012975	122
-0.05076792480235	0.442524207311945	122
-0.05422848079298	0.440039859159679	122
-0.0506222353636701	0.442697734012975	407
-0.05076792480235	0.442524207311945	1305
-0.0506222353636701	0.442697734012975	220
-0.0670634098502501	1.52670197624199	50
-0.05076792480235	0.442524207311945	86
-0.05076792480235	0.442524207311945	28
-0.0506222353636701	0.442697734012975	28
-0.0506222353636701	0.442697734012975	28
-0.0506222353636701	0.442697734012975	1721
-0.05076792480235	0.442524207311945	1721
-0.0506222353636701	0.442697734012975	1721
-0.05076792480235	0.442524207311945	1552
-0.05076792480235	0.442524207311945	1057
-0.05076792480235	0.442524207311945	528
-0.0506222353636701	0.442697734012975	169
-0.0506222353636701	0.442697734012975	169
-0.0506222353636701	0.442697734012975	169
-0.05076792480235	0.442524207311945	169
-0.05076792480235	0.442524207311945	384
-0.05076792480235	0.442524207311945	1535
-0.0506222353636701	0.442697734012975	81
-0.05076792480235	0.442524207311945	122
-0.05076792480235	0.442524207311945	122
-0.05076792480235	0.442524207311945	122
-0.05076792480235	0.442524207311945	1305
-0.0506222353636701	0.442697734012975	220
-0.0506222353636701	0.442697734012975	220
-0.05076792480235	0.442524207311945	220
-0.00880907348101001	1.0313158175108	38
-0.0506222353636701	0.442697734012975	38
0.0650968845097899	1.29894970722122	74
-0.05422848079298	0.440039859159679	86
-0.05076792480235	0.442524207311945	1495
-0.05422848079298	0.440039859159679	28
-0.0506222353636701	0.442697734012975	1143
-0.0506222353636701	0.442697734012975	677
-0.0506222353636701	0.442697734012975	1721
-0.0506222353636701	0.442697734012975	39
-0.0506222353636701	0.442697734012975	494
-0.05076792480235	0.442524207311945	1552
-0.05076792480235	0.442524207311945	29
-0.05076792480235	0.442524207311945	169
-0.05076792480235	0.442524207311945	169
-0.0506222353636701	0.442697734012975	384
-0.05422848079298	0.440039859159679	119
-0.05076792480235	0.442524207311945	1535
-0.0506222353636701	0.442697734012975	122
-0.05076792480235	0.442524207311945	122
-0.05422848079298	0.440039859159679	122
-0.0506222353636701	0.442697734012975	1305
-0.05076792480235	0.442524207311945	1305
-0.05076792480235	0.442524207311945	1058
-0.0579179457322201	1.50406006187069	50
-0.0506222353636701	0.442697734012975	283
-0.05076792480235	0.442524207311945	39
-0.07481254494993	1.93365686398036	232
-0.05076792480235	0.442524207311945	92
-0.0506222353636701	0.442697734012975	528
-0.05076792480235	0.442524207311945	169
-0.0506222353636701	0.442697734012975	169
-0.0506222353636701	0.442697734012975	29
-0.0506222353636701	0.442697734012975	231
-0.05076792480235	0.442524207311945	384
-0.0506222353636701	0.442697734012975	384
-0.0506222353636701	0.442697734012975	384
-0.05533000148523	1.47525256177811	119
-0.0506222353636701	0.442697734012975	1082
-0.0506222353636701	0.442697734012975	122
-0.05076792480235	0.442524207311945	122
-0.0506222353636701	0.442697734012975	122
-0.05076792480235	0.442524207311945	122
-0.05076792480235	0.442524207311945	122
-0.05422848079298	0.440039859159679	122
-0.0506222353636701	0.442697734012975	122
-0.0506222353636701	0.442697734012975	122
0.0627195294733201	1.30055954994408	749
-0.0506222353636701	0.442697734012975	937
-0.05076792480235	0.442524207311945	937
-0.05076792480235	0.442524207311945	937
-0.05076792480235	0.442524207311945	283
-0.0506222353636701	0.442697734012975	28
-0.05076792480235	0.442524207311945	210
0.05514163414605	1.31368518568975	232
-0.05076792480235	0.442524207311945	1297
-0.0506222353636701	0.442697734012975	169
-0.05076792480235	0.442524207311945	384
-0.0506222353636701	0.442697734012975	384
-0.05076792480235	0.442524207311945	1082
-0.0506222353636701	0.442697734012975	1082
-0.0506222353636701	0.442697734012975	122
-0.0506222353636701	0.442697734012975	122
-0.05076792480235	0.442524207311945	122
-0.0506222353636701	0.442697734012975	122
-0.0506222353636701	0.442697734012975	122
-0.05076792480235	0.442524207311945	122
-0.0506222353636701	0.442697734012975	407
-0.05422848079298	0.440039859159679	122
-0.0506222353636701	0.442697734012975	1589
0.0577125185005101	1.32598767752237	602
0.0569956301027299	1.30753279184235	74
-0.0506222353636701	0.442697734012975	1143
-0.05076792480235	0.442524207311945	795
-0.05076792480235	0.442524207311945	210
-0.05076792480235	0.442524207311945	28
-0.05076792480235	0.442524207311945	694
-0.05076792480235	0.442524207311945	582
-0.0506222353636701	0.442697734012975	582
-0.05076792480235	0.442524207311945	384
-0.05422848079298	0.440039859159679	384
-0.05076792480235	0.442524207311945	384
-0.0506222353636701	0.442697734012975	384
-0.0506222353636701	0.442697734012975	122
-0.0506222353636701	0.442697734012975	81
-0.0506222353636701	0.442697734012975	122
-0.0506222353636701	0.442697734012975	1589
-0.05422848079298	0.440039859159679	1589
-0.0506222353636701	0.442697734012975	1589
-0.00203758866153003	1.02379709235785	373
-0.05076792480235	0.442524207311945	602
-0.0506222353636701	0.442697734012975	86
-0.05076792480235	0.442524207311945	614
-0.0506222353636701	0.442697734012975	86
-0.0506222353636701	0.442697734012975	28
-0.05076792480235	0.442524207311945	28
-0.05076792480235	0.442524207311945	28
-0.0506222353636701	0.442697734012975	795
-0.05422848079298	0.440039859159679	795
-0.0506222353636701	0.442697734012975	1095
-0.05076792480235	0.442524207311945	318
0.00625935561687996	1.79090921110282	232
-0.0506222353636701	0.442697734012975	28
-0.05076792480235	0.442524207311945	694
-0.05422848079298	0.440039859159679	694
-0.05076792480235	0.442524207311945	29
-0.05076792480235	0.442524207311945	384
-0.0506222353636701	0.442697734012975	1082
-0.05076792480235	0.442524207311945	122
-0.05076792480235	0.442524207311945	122
-0.0506222353636701	0.442697734012975	122
-0.05422848079298	0.440039859159679	407
-0.05076792480235	0.442524207311945	1589
-0.00633592678864003	1.04342194758688	220
-0.0506222353636701	0.442697734012975	1306
-0.05076792480235	0.442524207311945	582
-0.0506222353636701	0.442697734012975	169
-0.05076792480235	0.442524207311945	29
-0.05076792480235	0.442524207311945	122
-0.05076792480235	0.442524207311945	122
-0.0506222353636701	0.442697734012975	122
-0.05076792480235	0.442524207311945	122
-0.05076792480235	0.442524207311945	122
0.10710502592716	1.59243539075107	39
-0.0506222353636701	0.442697734012975	28
-0.0506222353636701	0.442697734012975	846
-0.0506222353636701	0.442697734012975	28
-0.05076792480235	0.442524207311945	29
-0.0506222353636701	0.442697734012975	122
-0.05076792480235	0.442524207311945	122
-0.0506222353636701	0.442697734012975	122
-0.05076792480235	0.442524207311945	1231
-0.0506222353636701	0.442697734012975	122
-0.05076792480235	0.442524207311945	1141
-0.05076792480235	0.442524207311945	122
-0.05076792480235	0.442524207311945	122
0.05399653015597	2.32619950037991	373
0.0537204410410701	1.2900403767302	50
-0.00831714673534001	1.02845163176215	86
-0.00276987314785004	1.0248378782837	39
-0.0506222353636701	0.442697734012975	169
-0.0506222353636701	0.442697734012975	229
-0.05076792480235	0.442524207311945	122
-0.0506222353636701	0.442697734012975	122
-0.05076792480235	0.442524207311945	122
-0.05076792480235	0.442524207311945	122
-0.05076792480235	0.442524207311945	122
-0.05076792480235	0.442524207311945	122
0.05821058214512	1.29020360305072	50
0.10321571133165	1.54042336866756	28
0.05270873973482	1.29166082919921	28
-0.05076792480235	0.442524207311945	29
-0.05076792480235	0.442524207311945	29
-0.05076792480235	0.442524207311945	122
-0.0506222353636701	0.442697734012975	122
-0.05076792480235	0.442524207311945	122
-0.05076792480235	0.442524207311945	122
-0.05076792480235	0.442524207311945	122
-0.05422848079298	0.440039859159679	1141
-0.05076792480235	0.442524207311945	122
-0.0631929003856899	1.52563086664055	50
-0.0506222353636701	0.442697734012975	29
-0.05076792480235	0.442524207311945	29
-0.05076792480235	0.442524207311945	29
-0.0506222353636701	0.442697734012975	229
-0.05076792480235	0.442524207311945	122
-0.0506222353636701	0.442697734012975	294
-0.05076792480235	0.442524207311945	1235
-0.0506222353636701	0.442697734012975	122
-0.05422848079298	0.440039859159679	122
-0.0506222353636701	0.442697734012975	140
-0.05076792480235	0.442524207311945	122
-0.05076792480235	0.442524207311945	122
-0.0506222353636701	0.442697734012975	122
-0.0506222353636701	0.442697734012975	122
-0.05076792480235	0.442524207311945	169
-0.05076792480235	0.442524207311945	29
-0.0506222353636701	0.442697734012975	29
-0.0506222353636701	0.442697734012975	918
-0.05422848079298	0.440039859159679	29
-0.0506222353636701	0.442697734012975	187
-0.05076792480235	0.442524207311945	187
-0.05076792480235	0.442524207311945	1030
-0.0506222353636701	0.442697734012975	1030
-0.05076792480235	0.442524207311945	122
-0.0506222353636701	0.442697734012975	294
-0.0506222353636701	0.442697734012975	122
-0.0506222353636701	0.442697734012975	1141
-0.05076792480235	0.442524207311945	1141
-0.0506222353636701	0.442697734012975	1141
-0.05076792480235	0.442524207311945	63
-0.05422848079298	0.440039859159679	122
-0.05076792480235	0.442524207311945	1306
-0.05076792480235	0.442524207311945	1306
0.10598075884494	1.55860563878097	50
-0.0506222353636701	0.442697734012975	86
-0.05076792480235	0.442524207311945	86
-0.05076792480235	0.442524207311945	28
-0.0144656806729999	1.01964377024035	133
-0.05076792480235	0.442524207311945	29
-0.05076792480235	0.442524207311945	29
-0.0506222353636701	0.442697734012975	918
-0.05076792480235	0.442524207311945	918
-0.0506222353636701	0.442697734012975	29
-0.0506222353636701	0.442697734012975	29
-0.0506222353636701	0.442697734012975	29
-0.05076792480235	0.442524207311945	187
-0.05076792480235	0.442524207311945	229
-0.0506222353636701	0.442697734012975	122
-0.05076792480235	0.442524207311945	1141
-0.0506222353636701	0.442697734012975	122
0.06867564583749	1.25135483902841	28
-0.05422848079298	0.440039859159679	169
-0.05076792480235	0.442524207311945	918
-0.05076792480235	0.442524207311945	187
-0.05422848079298	0.440039859159679	99
-0.05076792480235	0.442524207311945	99
-0.0506222353636701	0.442697734012975	122
-0.05076792480235	0.442524207311945	1141
-0.05076792480235	0.442524207311945	1141
-0.05076792480235	0.442524207311945	1141
-0.05076792480235	0.442524207311945	63
-0.05076792480235	0.442524207311945	391
-0.0506222353636701	0.442697734012975	391
-0.00548918068231008	1.02113398545193	50
-0.00696364044448994	1.03035827417137	373
-0.05076792480235	0.442524207311945	86
-0.0506222353636701	0.442697734012975	251
-0.05076792480235	0.442524207311945	28
-0.05076792480235	0.442524207311945	28
-0.05076792480235	0.442524207311945	210
-0.05076792480235	0.442524207311945	39
-0.0506222353636701	0.442697734012975	39
-0.0506222353636701	0.442697734012975	169
-0.0506222353636701	0.442697734012975	169
-0.0506222353636701	0.442697734012975	169
-0.05076792480235	0.442524207311945	29
-0.0506222353636701	0.442697734012975	29
-0.05076792480235	0.442524207311945	187
-0.05076792480235	0.442524207311945	187
-0.0506222353636701	0.442697734012975	187
-0.0506222353636701	0.442697734012975	187
-0.0506222353636701	0.442697734012975	187
-0.01076414450994	1.03573323856486	229
-0.0506222353636701	0.442697734012975	229
-0.05076792480235	0.442524207311945	294
-0.0506222353636701	0.442697734012975	1235
-0.05076792480235	0.442524207311945	1235
-0.05076792480235	0.442524207311945	122
-0.0506222353636701	0.442697734012975	1141
-0.0506222353636701	0.442697734012975	1141
-0.05076792480235	0.442524207311945	63
-0.0506222353636701	0.442697734012975	35
0.08999850287766	2.47453042723716	53
0.0534411895448299	1.31282120361943	74
0.10300003483453	1.50766705845291	74
-0.05076792480235	0.442524207311945	86
-0.05422848079298	0.440039859159679	86
-0.0506222353636701	0.442697734012975	28
-0.0648734377006399	1.52985911326741	28
-0.0506222353636701	0.442697734012975	169
-0.0506222353636701	0.442697734012975	169
-0.05076792480235	0.442524207311945	169
-0.05076792480235	0.442524207311945	29
-0.05076792480235	0.442524207311945	29
-0.0506222353636701	0.442697734012975	29
-0.05422848079298	0.440039859159679	187
-0.0506222353636701	0.442697734012975	99
-0.0506222353636701	0.442697734012975	99
-0.0506222353636701	0.442697734012975	63
-0.05076792480235	0.442524207311945	1141
-0.05076792480235	0.442524207311945	63
-0.0506222353636701	0.442697734012975	1215
-0.0506222353636701	0.442697734012975	28
-0.05076792480235	0.442524207311945	29
-0.0506222353636701	0.442697734012975	516
-0.0506222353636701	0.442697734012975	229
-0.0506222353636701	0.442697734012975	294
-0.0506222353636701	0.442697734012975	63
-0.05076792480235	0.442524207311945	63
-0.05076792480235	0.442524207311945	63
-0.0506222353636701	0.442697734012975	122
-0.0506222353636701	0.442697734012975	122
-0.00525036409878998	1.02663270104447	50
-0.05076792480235	0.442524207311945	516
-0.05422848079298	0.440039859159679	29
-0.0506222353636701	0.442697734012975	72
-0.0506222353636701	0.442697734012975	229
-0.0506222353636701	0.442697734012975	99
-0.05076792480235	0.442524207311945	99
-0.0506222353636701	0.442697734012975	63
-0.05076792480235	0.442524207311945	1121
-0.0506222353636701	0.442697734012975	1121
-0.05422848079298	0.440039859159679	122
-0.0506222353636701	0.442697734012975	1215
-0.05076792480235	0.442524207311945	35
0.0757686357162	1.94688397724127	50
-0.0736595644814	1.95450681213062	39
-0.06201427146256	1.53811125514325	28
-0.0687276567752799	1.51382989180245	846
-0.07353468947689	1.46975556140895	39
-0.0506222353636701	0.442697734012975	28
-0.05076792480235	0.442524207311945	28
-0.0506222353636701	0.442697734012975	187
-0.0506222353636701	0.442697734012975	229
-0.0506222353636701	0.442697734012975	99
-0.0506222353636701	0.442697734012975	99
-0.05076792480235	0.442524207311945	63
-0.05076792480235	0.442524207311945	1121
-0.0506222353636701	0.442697734012975	1141
-0.0506222353636701	0.442697734012975	1141
-0.00805427396559999	1.01699776170335	35
0.0618989824831899	1.91446908592675	716
-0.05076792480235	0.442524207311945	39
-0.05422848079298	0.440039859159679	28
-0.0506222353636701	0.442697734012975	28
-0.05076792480235	0.442524207311945	28
-0.0506222353636701	0.442697734012975	336
-0.0506222353636701	0.442697734012975	187
-0.00682806160103011	1.03905848899912	72
-0.0506222353636701	0.442697734012975	99
-0.0506222353636701	0.442697734012975	99
-0.05422848079298	0.440039859159679	99
-0.05422848079298	0.440039859159679	1121
-0.0506222353636701	0.442697734012975	1121
-0.05076792480235	0.442524207311945	63
-0.05076792480235	0.442524207311945	63
-0.0506222353636701	0.442697734012975	63
0.058472429734	1.30714945021048	50
0.10489467187235	1.58306269337616	28
-0.05076792480235	0.442524207311945	28
-0.0506222353636701	0.442697734012975	336
-0.0506222353636701	0.442697734012975	72
-0.05076792480235	0.442524207311945	99
-0.05076792480235	0.442524207311945	63
-0.05076792480235	0.442524207311945	63
-0.0506222353636701	0.442697734012975	555
-0.0506222353636701	0.442697734012975	555
-0.00664663588999992	2.1660335362092	707
0.0572297770128301	1.32415352660313	86
-0.0130066147329599	1.01524328988669	28
-0.05076792480235	0.442524207311945	28
-0.0591248588855899	1.50684615858423	846
-0.0676752295071601	1.89053254178436	28
-0.06535482756612	1.53125190677462	39
-0.0583973905459601	1.51144967145313	28
-0.05076792480235	0.442524207311945	336
-0.0506222353636701	0.442697734012975	72
-0.05076792480235	0.442524207311945	99
-0.0506222353636701	0.442697734012975	99
-0.0506222353636701	0.442697734012975	243
-0.0506222353636701	0.442697734012975	1141
-0.05076792480235	0.442524207311945	639
-0.00548918068231008	1.02113398545193	1195
-0.05076792480235	0.442524207311945	336
-0.0506222353636701	0.442697734012975	336
-0.0506222353636701	0.442697734012975	187
-0.0506222353636701	0.442697734012975	72
-0.05076792480235	0.442524207311945	99
-0.05076792480235	0.442524207311945	99
-0.0506222353636701	0.442697734012975	99
-0.0506222353636701	0.442697734012975	99
-0.05422848079298	0.440039859159679	243
-0.05076792480235	0.442524207311945	1141
-0.00954023717211006	1.05075857659414	63
-0.05422848079298	0.440039859159679	639
-0.0506222353636701	0.442697734012975	639
-0.05076792480235	0.442524207311945	86
0.0584443155499701	1.32279251951219	39
-0.0506222353636701	0.442697734012975	28
-0.05422848079298	0.440039859159679	336
-0.0506222353636701	0.442697734012975	336
-0.0506222353636701	0.442697734012975	336
-0.05076792480235	0.442524207311945	1031
-0.05076792480235	0.442524207311945	294
-0.05422848079298	0.440039859159679	99
-0.05076792480235	0.442524207311945	658
-0.0506222353636701	0.442697734012975	658
-0.05076792480235	0.442524207311945	63
-0.05422848079298	0.440039859159679	63
-0.0506222353636701	0.442697734012975	63
-0.00756182032486996	1.0245976221927	60
-0.06249479164281	1.54105555837051	60
-0.00657739703291993	1.03026936730603	28
-0.0506222353636701	0.442697734012975	29
-0.05076792480235	0.442524207311945	1801
-0.0506222353636701	0.442697734012975	99
-0.05076792480235	0.442524207311945	63
-0.05076792480235	0.442524207311945	63
-0.05076792480235	0.442524207311945	63
-0.05422848079298	0.440039859159679	639
-0.0506222353636701	0.442697734012975	60
-0.0137359752061801	1.03384804671334	28
-0.00954023717211006	1.05075857659414	28
-0.0506222353636701	0.442697734012975	1031
-0.0506222353636701	0.442697734012975	240
-0.0506222353636701	0.442697734012975	63
-0.00584395314167008	1.04495455476846	60
-0.00633592678864003	1.04342194758688	28
-0.05076792480235	0.442524207311945	28
-0.05076792480235	0.442524207311945	235
-0.05422848079298	0.440039859159679	60
-0.05076792480235	0.442524207311945	60
-0.00880907348101001	1.0313158175108	60
-0.05076792480235	0.442524207311945	60
-0.0506222353636701	0.442697734012975	28
-0.05076792480235	0.442524207311945	72
-0.0506222353636701	0.442697734012975	72
-0.05422848079298	0.440039859159679	60
-0.0506222353636701	0.442697734012975	60
0.10765022057142	1.56454339326578	54
-0.05422848079298	0.440039859159679	28
-0.0506222353636701	0.442697734012975	1801
-0.05422848079298	0.440039859159679	63
-0.0506222353636701	0.442697734012975	235
-0.00732035767807004	1.03117511651147	28
0.05989164909732	1.30931811645905	28
-0.05422848079298	0.440039859159679	72
-0.00880907348101001	1.0313158175108	72
-0.0506222353636701	0.442697734012975	63
-0.05076792480235	0.442524207311945	652
-0.05076792480235	0.442524207311945	235
-0.0506222353636701	0.442697734012975	235
-0.0506222353636701	0.442697734012975	235
-0.05076792480235	0.442524207311945	60
-0.00954023717211006	1.05075857659414	54
-0.05076792480235	0.442524207311945	28
-0.05076792480235	0.442524207311945	541
-0.05076792480235	0.442524207311945	541
-0.05076792480235	0.442524207311945	63
-0.0506222353636701	0.442697734012975	235
-0.05076792480235	0.442524207311945	60
-0.0506222353636701	0.442697734012975	28
-0.0591248588855899	1.50684615858423	28
-0.00979341049302995	1.02795255787048	350
-0.05422848079298	0.440039859159679	617
-0.0506222353636701	0.442697734012975	235
-0.05076792480235	0.442524207311945	60
-0.05076792480235	0.442524207311945	39
-0.05076792480235	0.442524207311945	28
-0.05076792480235	0.442524207311945	72
0.06077618991404	1.28506066146345	28
-0.00276987314785004	1.0248378782837	28
-0.05076792480235	0.442524207311945	72
-0.05076792480235	0.442524207311945	652
-0.0506222353636701	0.442697734012975	235
-0.05422848079298	0.440039859159679	60
-0.00930116136719006	1.03114532209878	28
-0.05076792480235	0.442524207311945	28
-0.0132434619164199	1.03226164851934	28
-0.0506222353636701	0.442697734012975	350
-0.05076792480235	0.442524207311945	63
-0.0506222353636701	0.442697734012975	881
-0.05422848079298	0.440039859159679	881
-0.0506222353636701	0.442697734012975	881
-0.0506222353636701	0.442697734012975	881
-0.05422848079298	0.440039859159679	652
-0.05422848079298	0.440039859159679	235
-0.00559361839901995	1.0252948674712	28
0.01209570803047	1.77044819703386	28
-0.05422848079298	0.440039859159679	28
-0.01076414450994	1.03573323856486	72
-0.05076792480235	0.442524207311945	63
-0.0506222353636701	0.442697734012975	881
-0.05076792480235	0.442524207311945	63
-0.05076792480235	0.442524207311945	63
-0.05422848079298	0.440039859159679	235
-0.05076792480235	0.442524207311945	1413
-0.05076792480235	0.442524207311945	652
-0.05076792480235	0.442524207311945	652
-0.0506222353636701	0.442697734012975	63
-0.05076792480235	0.442524207311945	60
0.06900420816723	2.0077498342377	50
-0.0506222353636701	0.442697734012975	473
0.0579458637578501	1.29885581578904	72
-0.0506222353636701	0.442697734012975	72
-0.0506222353636701	0.442697734012975	652
-0.05076792480235	0.442524207311945	652
-0.0506222353636701	0.442697734012975	63
-0.0506222353636701	0.442697734012975	235
-0.05076792480235	0.442524207311945	28
-0.05076792480235	0.442524207311945	28
-0.00880907348101001	1.0313158175108	28
-0.0506222353636701	0.442697734012975	1487
-0.0506222353636701	0.442697734012975	244
-0.05076792480235	0.442524207311945	244
-0.0506222353636701	0.442697734012975	244
-0.05076792480235	0.442524207311945	84
-0.0506222353636701	0.442697734012975	235
-0.05076792480235	0.442524207311945	152
-0.05076792480235	0.442524207311945	60
0.05270873973482	1.29166082919921	50
-0.00105562598442011	1.01887038151903	50
-0.0506222353636701	0.442697734012975	371
-0.0506222353636701	0.442697734012975	28
-0.0506222353636701	0.442697734012975	28
-0.05076792480235	0.442524207311945	1487
-0.0506222353636701	0.442697734012975	72
-0.05422848079298	0.440039859159679	63
-0.05076792480235	0.442524207311945	63
-0.0506222353636701	0.442697734012975	244
-0.0506222353636701	0.442697734012975	63
-0.0506222353636701	0.442697734012975	84
-0.0506222353636701	0.442697734012975	235
-0.0506222353636701	0.442697734012975	60
-0.05076792480235	0.442524207311945	28
-0.0506222353636701	0.442697734012975	28
-0.05076792480235	0.442524207311945	779
-0.05076792480235	0.442524207311945	779
-0.0506222353636701	0.442697734012975	779
-0.0506222353636701	0.442697734012975	28
-0.0506222353636701	0.442697734012975	72
-0.05076792480235	0.442524207311945	72
-0.05422848079298	0.440039859159679	63
-0.05076792480235	0.442524207311945	1073
-0.05076792480235	0.442524207311945	60
-0.00831714673534001	1.02845163176215	60
-0.0132434619164199	1.03226164851934	50
-0.05422848079298	0.440039859159679	28
-0.0506222353636701	0.442697734012975	28
-0.0506222353636701	0.442697734012975	28
-0.0506222353636701	0.442697734012975	28
-0.05076792480235	0.442524207311945	28
-0.05076792480235	0.442524207311945	1487
-0.05076792480235	0.442524207311945	1487
-0.05076792480235	0.442524207311945	1487
-0.0506222353636701	0.442697734012975	1487
-0.0668632923344401	1.43339718546271	72
-0.05076792480235	0.442524207311945	72
-0.0506222353636701	0.442697734012975	60
-0.0735394920247501	1.91170764647787	50
-0.0506222353636701	0.442697734012975	28
-0.05076792480235	0.442524207311945	833
-0.05076792480235	0.442524207311945	28
-0.05076792480235	0.442524207311945	28
-0.05076792480235	0.442524207311945	28
-0.05076792480235	0.442524207311945	28
-0.05076792480235	0.442524207311945	72
-0.05076792480235	0.442524207311945	72
-0.0506222353636701	0.442697734012975	60
-0.05076792480235	0.442524207311945	60
-0.05076792480235	0.442524207311945	60
0.0608262748388999	1.2627562762236	381
-0.0506222353636701	0.442697734012975	833
-0.0506222353636701	0.442697734012975	1530
-0.0506222353636701	0.442697734012975	28
-0.0506222353636701	0.442697734012975	46
-0.0506222353636701	0.442697734012975	779
-0.05076792480235	0.442524207311945	28
-0.05422848079298	0.440039859159679	1487
-0.0506222353636701	0.442697734012975	46
-0.0506222353636701	0.442697734012975	46
-0.05076792480235	0.442524207311945	72
-0.0506222353636701	0.442697734012975	72
-0.05076792480235	0.442524207311945	72
-0.0506222353636701	0.442697734012975	656
-0.0506222353636701	0.442697734012975	1073
-0.05076792480235	0.442524207311945	5
-0.00623317846203997	1.02932428757494	5
0.10071450333962	1.58480736755469	54
-0.05076792480235	0.442524207311945	28
-0.05076792480235	0.442524207311945	473
-0.05076792480235	0.442524207311945	473
-0.05422848079298	0.440039859159679	46
-0.0506222353636701	0.442697734012975	347
-0.0506222353636701	0.442697734012975	72
-0.0506222353636701	0.442697734012975	72
-0.0506222353636701	0.442697734012975	1566
-0.05076792480235	0.442524207311945	60
-0.05076792480235	0.442524207311945	60
-0.05422848079298	0.440039859159679	60
-0.0620335075829099	1.52724003109054	50
0.0508161996616301	2.36498475937381	491
0.05819510978132	1.32477446901334	28
-0.05076792480235	0.442524207311945	272
-0.0506222353636701	0.442697734012975	72
-0.00076991437870011	2.18274605595007	381
-0.05076792480235	0.442524207311945	1530
-0.00387766822812008	1.01697329569621	1350
-0.0506222353636701	0.442697734012975	72
-0.05076792480235	0.442524207311945	5
-0.05076792480235	0.442524207311945	1664
-0.0506222353636701	0.442697734012975	60
0.0100961665389101	1.80255616118441	473
-0.0686626181925201	2.28640395046447	491
-0.05076792480235	0.442524207311945	1530
-0.05076792480235	0.442524207311945	272
-0.05076792480235	0.442524207311945	72
-0.05076792480235	0.442524207311945	72
-0.0506222353636701	0.442697734012975	72
-0.0506222353636701	0.442697734012975	235
-0.05076792480235	0.442524207311945	5
0.0141433131771	1.78953718726463	491
-0.0506222353636701	0.442697734012975	656
-0.05076792480235	0.442524207311945	971
-0.0506222353636701	0.442697734012975	235
-0.05422848079298	0.440039859159679	465
-0.06513734910582	1.52841140582684	28
-0.05076792480235	0.442524207311945	1530
0.0515316916284101	2.34164447517237	28
0.10011151639329	1.54711121483466	28
0.09683189610651	1.58708609633493	28
-0.05076792480235	0.442524207311945	28
0.0480813803995701	1.27063143304903	692
-0.0506222353636701	0.442697734012975	656
-0.05076792480235	0.442524207311945	656
-0.0506222353636701	0.442697734012975	465
-0.06227792355108	1.50549344772857	28
0.11055868522876	1.53989763098962	28
-0.05076792480235	0.442524207311945	347
-0.05076792480235	0.442524207311945	72
-0.05076792480235	0.442524207311945	72
-0.05076792480235	0.442524207311945	5
-0.05076792480235	0.442524207311945	5
-0.0506222353636701	0.442697734012975	465
-0.05076792480235	0.442524207311945	1649
0.000565948460589993	2.14208823809996	54
-0.0506222353636701	0.442697734012975	784
-0.0506222353636701	0.442697734012975	1599
-0.05076792480235	0.442524207311945	5
-0.05076792480235	0.442524207311945	1649
-0.0526661254869101	1.45092102496314	1086
-0.0506222353636701	0.442697734012975	1530
-0.00486048894790003	1.0398144260574	28
-0.05076792480235	0.442524207311945	46
-0.05076792480235	0.442524207311945	46
-0.0506222353636701	0.442697734012975	72
-0.05076792480235	0.442524207311945	72
-0.05076792480235	0.442524207311945	1782
-0.0506222353636701	0.442697734012975	362
-0.05076792480235	0.442524207311945	465
-0.05076792480235	0.442524207311945	1649
-0.00584395314167008	1.04495455476846	54
-0.05076792480235	0.442524207311945	1530
-0.05422848079298	0.440039859159679	163
-0.0506222353636701	0.442697734012975	1761
-0.0506222353636701	0.442697734012975	1180
0.0610256713349699	1.30578387329379	1217
-0.0713426076453301	2.36743127072489	54
-0.0506222353636701	0.442697734012975	46
-0.00633592678864003	1.04342194758688	30
-0.0100324841883901	1.05056928585634	72
-0.0506222353636701	0.442697734012975	72
-0.0506222353636701	0.442697734012975	163
-0.05076792480235	0.442524207311945	60
0.10749152574694	1.55172108480262	54
0.00905865220890001	1.78997373213448	54
0.0653020850380199	1.97041239125438	54
-0.05076792480235	0.442524207311945	1530
-0.0506222353636701	0.442697734012975	695
-0.0506222353636701	0.442697734012975	326
-0.05076792480235	0.442524207311945	72
-0.05076792480235	0.442524207311945	72
-0.05076792480235	0.442524207311945	72
-0.05076792480235	0.442524207311945	672
0.0532052733955799	1.29041205493264	54
-0.05076792480235	0.442524207311945	72
-0.05076792480235	0.442524207311945	72
-0.05076792480235	0.442524207311945	163
-0.0506222353636701	0.442697734012975	163
-0.05076792480235	0.442524207311945	60
-0.05076792480235	0.442524207311945	5
-0.0506222353636701	0.442697734012975	60
-0.0663180546946101	1.52299219134459	28
-0.0506222353636701	0.442697734012975	326
-0.05076792480235	0.442524207311945	72
-0.00584395314167008	1.04495455476846	676
-0.05076792480235	0.442524207311945	72
0.10842388681173	1.53518702004596	46
-0.0506222353636701	0.442697734012975	46
-0.0506222353636701	0.442697734012975	1328
0.10367069555388	1.5946198290258	479
-0.05422848079298	0.440039859159679	163
-0.0506222353636701	0.442697734012975	60
-0.05076792480235	0.442524207311945	70
-0.0144656806729999	1.01964377024035	72
0.1137622792135	2.18527713552809	827
-0.01076414450994	1.03573323856486	28
-0.00732035767807004	1.03117511651147	28
0.0560523611853501	1.28700293272256	28
-0.00608542718326	1.02915872464785	46
-0.0506222353636701	0.442697734012975	72
-0.05076792480235	0.442524207311945	72
0.10570617764766	1.59103591721014	246
-0.0506222353636701	0.442697734012975	67
-0.0506222353636701	0.442697734012975	60
-0.0506222353636701	0.442697734012975	60
-0.05076792480235	0.442524207311945	67
-0.0506222353636701	0.442697734012975	72
0.0598131126705701	1.28195470152521	28
-0.00657739703291993	1.03026936730603	200
0.0536895902213099	1.30242318931727	28
-0.0506222353636701	0.442697734012975	28
-0.0506222353636701	0.442697734012975	67
-0.000564885296649997	1.01163261513279	200
-0.0506222353636701	0.442697734012975	72
-0.05076792480235	0.442524207311945	60
-0.0506222353636701	0.442697734012975	28
-0.05076792480235	0.442524207311945	72
-0.05422848079298	0.440039859159679	60
0.10782801105299	1.54830914988363	28
-0.00657739703291993	1.03026936730603	72
-0.00608542718326	1.02915872464785	631
-0.0506222353636701	0.442697734012975	60
-0.0506222353636701	0.442697734012975	60
0.0615071396003499	1.30607049406549	246
-0.0506222353636701	0.442697734012975	60
-0.0137359752061801	1.03384804671334	680
0.10541604148448	1.59777725143592	246
0.0622382063372999	1.3029546403814	156
0.0756753011568501	1.90384533187634	246
0.05796157072705	1.32096906154897	67
-0.05422848079298	0.440039859159679	67
-0.05076792480235	0.442524207311945	70
-0.0506222353636701	0.442697734012975	60
-0.05076792480235	0.442524207311945	60
-0.05076792480235	0.442524207311945	1407
-0.07592234177873	1.94315712834922	50
-0.05076792480235	0.442524207311945	67
-0.05422848079298	0.440039859159679	28
-0.0506222353636701	0.442697734012975	1407
-0.00930116136719006	1.03114532209878	479
0.06686063244091	1.98942319906747	54
-0.0132434619164199	1.03226164851934	67
-0.0506222353636701	0.442697734012975	526
-0.0506222353636701	0.442697734012975	28
0.0629693894044801	1.2776220526046	72
-0.0506222353636701	0.442697734012975	72
-0.05076792480235	0.442524207311945	911
-0.05076792480235	0.442524207311945	911
-0.05935672413403	1.51663736130542	28
-0.05422848079298	0.440039859159679	28
-0.00954023717211006	1.05075857659414	72
-0.05422848079298	0.440039859159679	28
-0.0100324841883901	1.05056928585634	72
-0.0506222353636701	0.442697734012975	287
-0.0506222353636701	0.442697734012975	810
0.0627195294733201	1.30055954994408	28
-0.00511083950875002	1.025684409307	43
-0.0506222353636701	0.442697734012975	72
-0.0506222353636701	0.442697734012975	67
-0.0622966854759901	1.50336609782535	479
0.10655860782115	1.55640682848742	28
-0.00682806160103011	1.03905848899912	705
-0.0506222353636701	0.442697734012975	60
-0.0614868966606801	1.50509604537357	67
0.06605939534626	1.29134291693991	288
0.01233969046209	1.76232765576973	288
-0.05076792480235	0.442524207311945	942
-0.0506222353636701	0.442697734012975	60
-0.00375279482391999	1.01922093563351	54
-0.0639372440558901	1.52940975057765	246
-0.0149585161377801	1.0178122190586	246
0.00859844357195994	1.7843567303208	181
-0.0147214864092999	1.0261085771439	67
-0.0710734252009899	1.92835754572928	72
-0.0149585161377801	1.0178122190586	72
-0.0506222353636701	0.442697734012975	942
-0.0506222353636701	0.442697734012975	942
-0.0506222353636701	0.442697734012975	60
-0.05076792480235	0.442524207311945	60
-0.0506222353636701	0.442697734012975	60
-0.0663180546946101	1.52299219134459	50
-0.00805427396559999	1.01699776170335	54
-0.0506222353636701	0.442697734012975	72
-0.05076792480235	0.442524207311945	72
-0.05422848079298	0.440039859159679	72
-0.0506222353636701	0.442697734012975	75
-0.05076792480235	0.442524207311945	288
-0.05076792480235	0.442524207311945	1489
-0.0506222353636701	0.442697734012975	72
-0.05076792480235	0.442524207311945	72
-0.05422848079298	0.440039859159679	72
-0.05076792480235	0.442524207311945	705
-0.0506222353636701	0.442697734012975	1178
-0.0506222353636701	0.442697734012975	1742
-0.00276987314785004	1.0248378782837	60
-0.0506222353636701	0.442697734012975	5
-0.0506222353636701	0.442697734012975	5
-0.05076792480235	0.442524207311945	5
-0.05076792480235	0.442524207311945	75
-0.05076792480235	0.442524207311945	1123
-0.0506222353636701	0.442697734012975	54
-0.05076792480235	0.442524207311945	1642
-0.05076792480235	0.442524207311945	1642
-0.0506222353636701	0.442697734012975	54
-0.0506222353636701	0.442697734012975	246
-0.0506222353636701	0.442697734012975	181
-0.0506222353636701	0.442697734012975	394
0.0615453540209401	1.29801514035387	557
-0.0506222353636701	0.442697734012975	288
-0.0506222353636701	0.442697734012975	344
-0.0506222353636701	0.442697734012975	344
-0.0506222353636701	0.442697734012975	72
-0.05076792480235	0.442524207311945	72
-0.0506222353636701	0.442697734012975	705
-0.0506222353636701	0.442697734012975	705
-0.05076792480235	0.442524207311945	705
-0.0506222353636701	0.442697734012975	5
-0.0506222353636701	0.442697734012975	60
-0.05076792480235	0.442524207311945	5
-0.05076792480235	0.442524207311945	666
-0.05076792480235	0.442524207311945	60
-0.05076792480235	0.442524207311945	60
0.10757103045356	1.58648542143488	1123
-0.01027173853796	1.03590758782257	67
-0.05422848079298	0.440039859159679	557
0.0584443155499701	1.32279251951219	484
-0.0506222353636701	0.442697734012975	705
-0.05076792480235	0.442524207311945	5
-0.0506222353636701	0.442697734012975	5
-0.0506222353636701	0.442697734012975	181
-0.00706952804708005	1.0287991566873	72
-0.0506222353636701	0.442697734012975	1715
0.06461540493812	1.29866789802713	60
-0.0506222353636701	0.442697734012975	557
-0.01545151331043	1.01218702627957	72
-0.05076792480235	0.442524207311945	181
-0.05076792480235	0.442524207311945	5
-0.00584395314167008	1.04495455476846	1723
-0.05076792480235	0.442524207311945	1742
-0.05076792480235	0.442524207311945	106
0.05819510978132	1.32477446901334	54
-0.0506222353636701	0.442697734012975	72
-0.0506222353636701	0.442697734012975	72
-0.05076792480235	0.442524207311945	72
-0.0506222353636701	0.442697734012975	72
-0.0506222353636701	0.442697734012975	72
-0.05076792480235	0.442524207311945	1742
-0.05076792480235	0.442524207311945	1742
-0.0506222353636701	0.442697734012975	5
-0.05076792480235	0.442524207311945	72
-0.05076792480235	0.442524207311945	72
-0.0506222353636701	0.442697734012975	5
-0.0506222353636701	0.442697734012975	1762
-0.05076792480235	0.442524207311945	5
-0.07831181773852	1.98330364990156	67
-0.0051019705812001	1.01798222251229	72
-0.00672482689192	1.02613509777946	72
-0.0506222353636701	0.442697734012975	106
-0.05076792480235	0.442524207311945	5
-0.0116573336160799	1.0071000853238	5
0.0919203821114201	2.43947843149839	67
-0.0765570490118901	1.94624341164297	168
0.0110140907917899	1.79259757901861	54
-0.0130066147329599	1.01524328988669	7
0.0625107053098299	1.29858479112271	54
-0.0506222353636701	0.442697734012975	95
-0.05076792480235	0.442524207311945	5
-0.05076792480235	0.442524207311945	5
-0.0506222353636701	0.442697734012975	5
-0.0506222353636701	0.442697734012975	5
-0.0506222353636701	0.442697734012975	5
-0.0506222353636701	0.442697734012975	557
-0.05076792480235	0.442524207311945	106
-0.0506222353636701	0.442697734012975	5
0.07319283737081	1.96851219882167	67
-0.05076792480235	0.442524207311945	67
-0.05076792480235	0.442524207311945	106
0.00951872570004997	1.79222036291651	557
-0.0506222353636701	0.442697734012975	703
0.0622382063372999	1.3029546403814	72
-0.05076792480235	0.442524207311945	1077
-0.05076792480235	0.442524207311945	557
-0.05076792480235	0.442524207311945	703
-0.01397300681655	1.01810459281283	739
-0.0506222353636701	0.442697734012975	7
-0.05076792480235	0.442524207311945	67
-0.05076792480235	0.442524207311945	17
-0.05076792480235	0.442524207311945	739
0.0993726966969	1.55886995287604	67
-0.0506222353636701	0.442697734012975	7
-0.0506222353636701	0.442697734012975	557
-0.0105248925436201	1.04721672840644	72
-0.00584395314167008	1.04495455476846	7
0.10273773275174	1.60057532403614	72
-0.00706952804708005	1.0287991566873	17
0.0663644481850301	1.96476993260221	328
0.01025729170734	1.75495346985598	1382
-0.0506222353636701	0.442697734012975	17
-0.0506222353636701	0.442697734012975	7
-0.0506222353636701	0.442697734012975	5
-0.05480787683557	1.50452486016835	7
-0.05076792480235	0.442524207311945	412
-0.06732689997099	1.50669860116789	54
-0.00732035767807004	1.03117511651147	7
0.08753416845655	2.4735072443242	247
0.0617797699648	1.3177223760449	54
0.11178711714262	2.17734064229264	72
-0.00657739703291993	1.03026936730603	7
-0.0506222353636701	0.442697734012975	7
-0.0506222353636701	0.442697734012975	7
-0.01397300681655	1.01810459281283	50
-0.0176811919241	0.991290391244057	17
0.10700575729535	1.52843045983293	17
-0.0648734377006399	1.52985911326741	72
-0.05422848079298	0.440039859159679	1162
-0.00880907348101001	1.0313158175108	7
-0.05076792480235	0.442524207311945	1162
0.05747867560677	1.31601227290781	185
-0.05422848079298	0.440039859159679	17
-0.0506222353636701	0.442697734012975	7
-0.0506222353636701	0.442697734012975	7
-0.05422848079298	0.440039859159679	185
0.05747867560677	1.31601227290781	72
-0.0506222353636701	0.442697734012975	17
-0.01399180414813	1.00785872780354	7
-0.0506222353636701	0.442697734012975	7
-0.0506222353636701	0.442697734012975	7
-0.0581337887713	1.51182941916906	17
-0.0591248588855899	1.50684615858423	7
-0.0506222353636701	0.442697734012975	94
-0.0506222353636701	0.442697734012975	7
-0.0506222353636701	0.442697734012975	7
-0.05422848079298	0.440039859159679	7
-0.0663637685146701	1.50749831100542	94
-0.00276987314785004	1.0248378782837	17
-0.00756182032486996	1.0245976221927	7
-0.0506222353636701	0.442697734012975	26
-0.00745544882949001	1.0271632480592	17
-0.05076792480235	0.442524207311945	26
-0.0827550767747301	1.96110939879649	54
-0.06249479164281	1.54105555837051	26
0.00054354420373004	0.992732470217539	17
-0.0053521405610899	1.04381150476146	17
-0.00756182032486996	1.0245976221927	7
-0.0569110247062199	1.47730930583098	54
-0.00904815139559001	1.0477712658393	17
0.10024740360343	1.58269059586766	17
-0.0506222353636701	0.442697734012975	7
-0.0506222353636701	0.442697734012975	7
-0.0719452500245901	2.35040077733959	26
0.00620459174423993	2.060686671787	50
0.0021280708026501	2.11633584815433	26
-0.0137359752061801	1.03384804671334	94
-0.0506222353636701	0.442697734012975	5
-0.05076792480235	0.442524207311945	924
-0.05076792480235	0.442524207311945	7
-0.0166114055794699	2.4570858423249	50
-0.00486048894790003	1.0398144260574	26
0.0563580357100899	1.28514110158496	7
-0.00276987314785004	1.0248378782837	94
-0.05076792480235	0.442524207311945	7
-0.0506222353636701	0.442697734012975	26
-0.0506222353636701	0.442697734012975	7
-0.05076792480235	0.442524207311945	26
-0.0506222353636701	0.442697734012975	5
-0.0506222353636701	0.442697734012975	550
-0.0506222353636701	0.442697734012975	7
0.00360422873076005	1.78531506723974	50
0.0625107053098299	1.29858479112271	26
-0.0506222353636701	0.442697734012975	17
-0.05076792480235	0.442524207311945	267
-0.05422848079298	0.440039859159679	267
-0.0506222353636701	0.442697734012975	7
0.0979705852824899	1.56248964620582	7
-0.0053521405610899	1.04381150476146	67
-0.01076414450994	1.03573323856486	26
-0.00375279482391999	1.01922093563351	120
-0.0506222353636701	0.442697734012975	19
-0.0506222353636701	0.442697734012975	7
-0.05076792480235	0.442524207311945	26
0.10211496532515	1.57069669138013	120
0.00838123516024991	1.7705172208735	26
-0.00657739703291993	1.03026936730603	26
-0.00732035767807004	1.03117511651147	26
-0.0149585161377801	1.0178122190586	1697
-0.0737319041785101	1.94773117033464	120
0.05823653488144	1.2911548685202	26
0.05892691016182	1.32158393439209	26
-0.06034901629749	1.52262494841932	26
-0.05422848079298	0.440039859159679	1697
-0.0053521405610899	1.04381150476146	40
-0.05076792480235	0.442524207311945	54
-0.05076792480235	0.442524207311945	7
-0.05076792480235	0.442524207311945	7
-0.01448464121572	0.994820057705847	40
-0.0506222353636701	0.442697734012975	7
-0.0506222353636701	0.442697734012975	67
0.0606235718317101	1.28375013936038	335
-0.05076792480235	0.442524207311945	7
-0.00436899820318004	1.03224406645123	26
-0.0506222353636701	0.442697734012975	415
-0.07216170130498	2.3531410572528	54
-0.0506222353636701	0.442697734012975	7
-0.0097794939048701	1.0330184004682	7
0.07222386851868	1.98169674815155	26
-0.0595733123311999	1.50615027426523	26
-0.00954023717211006	1.05075857659414	26
0.0600622861365201	1.29699707038598	2
-0.05076792480235	0.442524207311945	67
-0.05076792480235	0.442524207311945	26
-0.05076792480235	0.442524207311945	67
-0.05076792480235	0.442524207311945	26
-0.00375279482391999	1.01922093563351	7
-0.05422848079298	0.440039859159679	225
-0.0506222353636701	0.442697734012975	26
-0.01027173853796	1.03590758782257	19
-0.00930116136719006	1.03114532209878	19
-0.00904815139559001	1.0477712658393	54
-0.000908892461219946	2.18323071407315	67
0.10349584965157	1.59746604626617	54
-0.0506222353636701	0.442697734012975	67
-0.05076792480235	0.442524207311945	26
-0.05533000148523	1.47525256177811	26
-0.0506222353636701	0.442697734012975	159
-0.06842666730504	2.30641119636256	26
0.10681487930707	1.58959435237682	111
-0.0506222353636701	0.442697734012975	26
-0.05794691579151	1.52476398734162	50
-0.06771715033171	1.48350317951945	225
-0.00252881084793	1.0223450812744	67
-0.00486048894790003	1.0398144260574	451
-0.06535482756612	1.53125190677462	26
-0.0506222353636701	0.442697734012975	26
-0.00559361839901995	1.0252948674712	26
-0.01397300681655	1.01810459281283	40
-0.0506222353636701	0.442697734012975	26
0.0961900141102801	1.55250725416126	67
-0.01076414450994	1.03573323856486	19
-0.0506222353636701	0.442697734012975	26
-0.0506222353636701	0.442697734012975	67
0.06198845842407	1.30366486478482	26
-0.00965747028653996	2.13013220102849	67
-0.00574169089726007	1.02949428835185	403
-0.0506222353636701	0.442697734012975	26
-0.05076792480235	0.442524207311945	26
-0.00633592678864003	1.04342194758688	26
0.0610256713349699	1.30578387329379	19
-0.05422848079298	0.440039859159679	416
-0.00954023717211006	1.05075857659414	26
-0.0719452500245901	2.35040077733959	54
-0.0506222353636701	0.442697734012975	180
-0.05076792480235	0.442524207311945	224
-0.05076792480235	0.442524207311945	137
-0.0506222353636701	0.442697734012975	1795
-0.05076792480235	0.442524207311945	26
0.0653292696213399	1.27645527992336	26
-0.0506222353636701	0.442697734012975	26
-0.00633592678864003	1.04342194758688	26
-0.05076792480235	0.442524207311945	137
-0.00525036409878998	1.02663270104447	26
0.11478908574314	2.13543962304586	26
-0.0144656806729999	1.01964377024035	26
0.06605939534626	1.29134291693991	54
-0.0506222353636701	0.442697734012975	26
-0.05076792480235	0.442524207311945	67
-0.05076792480235	0.442524207311945	180
-0.0617505957395099	1.53721149980228	180
-0.0605259048440801	1.50269017143755	180
-0.0144656806729999	1.01964377024035	50
-0.05076792480235	0.442524207311945	26
-0.01744638989261	1.00849356057012	54
0.1008937247757	1.58980935423836	26
0.00836265846904993	1.73914282134655	50
-0.01027173853796	1.03590758782257	54
-0.00412769009900993	1.02075251820827	255
-0.0506222353636701	0.442697734012975	26
-0.05076792480235	0.442524207311945	145
0.0627195294733201	1.30055954994408	26
0.10765022057142	1.56454339326578	19
-0.0149585161377801	1.0178122190586	176
-0.07258622772779	1.95990945996774	18
-0.05076792480235	0.442524207311945	26
0.000323308752639973	2.0880061589527	13
0.00259261716332992	2.06016046039586	26
-0.00486048894790003	1.0398144260574	297
-0.05076792480235	0.442524207311945	19
0.1194332277304	2.13380592851823	838
0.10229349612575	1.56776893629529	26
-0.05422848079298	0.440039859159679	19
-0.0506222353636701	0.442697734012975	19
-0.0506222353636701	0.442697734012975	618
-0.0768542143698501	1.95849316220245	13
-0.0127511100353599	1.02671454698159	50
-0.00154652707322001	1.02269571455944	143
-0.05076792480235	0.442524207311945	26
-0.00486048894790003	1.0398144260574	143
-0.05422848079298	0.440039859159679	13
0.0625107053098299	1.29858479112271	13
-0.0100324841883901	1.05056928585634	26
-0.05422848079298	0.440039859159679	26
-0.0049980155632301	1.00695609386247	719
-0.05076792480235	0.442524207311945	303
0.10523961640556	1.58418172403064	13
-0.00525036409878998	1.02663270104447	146
-0.0506222353636701	0.442697734012975	26
-0.0586443403086001	1.51049038695153	13
0.06746680011898	2.01271024633323	19
-0.01076414450994	1.03573323856486	73
-0.05076792480235	0.442524207311945	26
0.06395359667393	1.97744591429109	19
-0.01721177741921	0.990935749622489	13
0.05798871800337	1.31020081773306	245
-0.0097794939048701	1.0330184004682	719
-0.00806446316527998	1.02614598506172	719
-0.05076792480235	0.442524207311945	13
-0.00203758866153003	1.02379709235785	332
-0.05076792480235	0.442524207311945	26
-0.0506222353636701	0.442697734012975	67
-0.0112567119201299	1.03250794828592	303
-0.05076792480235	0.442524207311945	26
-0.00461918436924003	1.0245820754333	146
-0.0100324841883901	1.05056928585634	719
0.0632007032486099	1.29531748778651	67
0.0637701566689399	1.97543639854406	719
0.10634873920149	1.59556550797414	13
-0.0100324841883901	1.05056928585634	719
0.0564981000967499	1.30249787197287	317
-0.0506222353636701	0.442697734012975	13
0.0605440535422801	1.30281135761086	37
0.0075157428588899	1.78279866130138	37
-0.0784274041233299	1.88689661513642	718
-0.00461918436924003	1.0245820754333	19
0.01693074079437	1.72927995776616	19
-0.0762121047267701	2.00627431732854	37
0.0549064380583899	1.28434338148311	37
-0.0617505957395099	1.53721149980228	13
0.05819510978132	1.32477446901334	13
0.04480982231081	1.24182312558303	37
0.01104428062104	1.75071291786731	19
-0.06297546041238	1.54061465298615	13
-0.0100324841883901	1.05056928585634	13
-0.0506222353636701	0.442697734012975	1251
0.05892691016182	1.32158393439209	469
-0.05076792480235	0.442524207311945	1251
-0.00154652707322001	1.02269571455944	37
0.05891028923689	1.27910568029559	13
-0.00904815139559001	1.0477712658393	455
-0.05076792480235	0.442524207311945	320
-0.00461918436924003	1.0245820754333	13
-0.01397300681655	1.01810459281283	37
0.05585974216388	1.29537338558923	469
-0.00633592678864003	1.04342194758688	19
-0.0506222353636701	0.442697734012975	1251
-0.0125142621865899	1.01371608828045	13
-0.05422848079298	0.440039859159679	13
-0.00954023717211006	1.05075857659414	118
0.07473550178747	1.93044026773148	18
-0.05076792480235	0.442524207311945	125
0.10292519233959	1.57881841504614	125
0.05892691016182	1.32158393439209	411
-0.0595733123311999	1.50615027426523	411
-0.0053521405610899	1.04381150476146	834
-0.00203758866153003	1.02379709235785	37
-0.00221144728063005	2.47562141008247	19
-0.0506222353636701	0.442697734012975	1251
0.01043846752748	1.78666577930298	289
0.0617797699648	1.3177223760449	315
-0.01076414450994	1.03573323856486	19
-0.0506222353636701	0.442697734012975	37
-0.0176811919241	0.991290391244057	18
-0.0506222353636701	0.442697734012975	586
0.11257593625692	1.52999551056883	118
-0.0506222353636701	0.442697734012975	18
-0.00880907348101001	1.0313158175108	22
-0.00488861475439006	2.17140982755137	22
-0.0104364757101201	1.01168374746843	13
0.00331136814333011	2.10414425824628	18
0.09226364432173	2.47381476397105	22
-0.05076792480235	0.442524207311945	1251
0.11841902501468	2.16724802969595	118
0.0518540908018801	2.30912080934673	1179
0.00222378237079002	1.76573555880403	118
0.00595299198908994	1.77161971030215	90
0.01368440889159	1.7940430617181	118
-0.0784075074517601	1.87783618183523	90
-0.05422848079298	0.440039859159679	13
-0.05422848079298	0.440039859159679	125
0.0612971722957001	1.31892693344286	13
-0.05076792480235	0.442524207311945	125
-0.05076792480235	0.442524207311945	13
0.00377688679178001	1.75629326760857	209
-0.0506222353636701	0.442697734012975	13
0.000264509721140005	2.17198325170424	118
0.0617567337549001	1.30267087525507	354
0.0128900140268	1.7976982735842	118
0.00918436876127005	1.78708487167575	354
-0.05422848079298	0.440039859159679	13
-0.0506222353636701	0.442697734012975	13
-0.0596505842164301	1.51511769748967	118
-0.05422848079298	0.440039859159679	263
-0.05422848079298	0.440039859159679	405
-0.00855622675965995	1.04095398897218	13
-0.0064719930241901	1.03052898281486	13
-0.0506222353636701	0.442697734012975	405
-0.05076792480235	0.442524207311945	405
-0.05076792480235	0.442524207311945	405
-0.05422848079298	0.440039859159679	405
0.00611908558751995	1.77062529652419	59
-0.0506222353636701	0.442697734012975	1213
-0.05076792480235	0.442524207311945	13
-0.05422848079298	0.440039859159679	13
0.10757103045356	1.58648542143488	13
0.0615313876781001	1.29789991573328	118
-0.05076792480235	0.442524207311945	59
0.0150968646919101	1.70156034201664	118
-0.05076792480235	0.442524207311945	1403
-0.05076792480235	0.442524207311945	1403
-0.05422848079298	0.440039859159679	1403
0.09644732073314	1.55652166633214	118
-0.05076792480235	0.442524207311945	333
-0.05076792480235	0.442524207311945	333
-0.0506222353636701	0.442697734012975	333
-0.0506222353636701	0.442697734012975	333
-0.0506222353636701	0.442697734012975	59
-0.05076792480235	0.442524207311945	15
-0.05076792480235	0.442524207311945	15
-0.05076792480235	0.442524207311945	775
-0.0506222353636701	0.442697734012975	775
-0.05076792480235	0.442524207311945	261
-0.0506222353636701	0.442697734012975	118
-0.0506222353636701	0.442697734012975	118
-0.05422848079298	0.440039859159679	118
0.0483974460558401	1.19377232519388	15
-0.00105562598442011	1.01887038151903	189
-0.00461918436924003	1.0245820754333	62
-0.0656186406347601	1.53360867025403	189
-0.05422848079298	0.440039859159679	304
-0.05076792480235	0.442524207311945	1210
-0.0132434619164199	1.03226164851934	1210
-0.05076792480235	0.442524207311945	1210
-0.05076792480235	0.442524207311945	59
-0.05422848079298	0.440039859159679	59
-0.05076792480235	0.442524207311945	189
-0.0506222353636701	0.442697734012975	189
-0.0506222353636701	0.442697734012975	189
-0.05422848079298	0.440039859159679	189
-0.0506222353636701	0.442697734012975	189
-0.05076792480235	0.442524207311945	189
-0.05076792480235	0.442524207311945	875
-0.05076792480235	0.442524207311945	875
-0.05422848079298	0.440039859159679	363
-0.05422848079298	0.440039859159679	539
0.0528186845110299	1.27810601659544	189
