x	y
-0.562819702304361	0.613160471796847
-0.31328147092281	0.29176557300097
-1.58405633456432	0.587367911426003
-0.105177749720062	0.0813085950494709
-0.55745914408468	0.380013992854992
-1.75954023717211	1.05075857659414
-0.445021150667676	0.429820134642193
0.702932492837655	0.513883293335478
0.869773250779829	1.08925643094305
-0.558959288640694	0.378121672349109
-0.172787756972587	0.106917358423392
-0.379519560649844	0.377224610884019
-0.700340388927799	1.06820246847979
-1.40569247627997	1.93314070803394
-0.77461415441227	0.853825970850706
-1.23695479697794	1.51675671934046
-0.520474154948794	0.491704068367938
-0.618771275173542	0.530686978223064
-0.500503434757096	0.439444553667038
-0.405806630341319	0.399746971237271
-0.36804395981994	0.235021838757095
-0.283295584326386	0.264503190482507
-1.41488955613503	0.913620599501571
-1.1219186945933	1.38248976334082
-0.0202317347661108	0.0170819795762285
-0.586636474776344	0.446699109035996
-0.871987681485046	0.489451987173271
-1.24663992102812	0.721257880435206
-0.834258043886415	1.00745913416126
-1.57598844276563	0.848250378273086
-0.40340092269016	0.395658094592951
-1.41440964883668	0.902729233280193
-1.31348550499132	0.993777351055844
-0.991816950646675	0.820125325264943
-0.196738115934862	0.120712034081323
-1.63742406374308	1.52999551056883
-1.02939073509109	1.79735529567165
-0.604173167001863	0.239293740828755
0.0686926958325342	0.0281899616696744
-0.841891881693533	1.04460594765469
1.24966426557006	1.15491030984121
0.456272496241148	0.352763347936408
-0.107521670265674	0.101992902888563
-0.744366081103086	0.933516977383385
-0.280499402259499	0.31840298745967
-0.268094180605512	0.256437084761251
-0.555017421669122	0.376545423565096
2.83098328360007	1.86306104824377
-0.309085697007309	0.283031031096199
-1.048415847309	1.01071438690822
0.598883192427845	0.475200718131081
0.152497385787119	0.136405169896801
-0.779143261620143	0.692156644558663
-1.19291748838198	0.368017737325914
0.0708030374743887	0.0311374103483456
-0.202647424102526	0.183042084410249
-0.128596787916782	0.139619637444876
0.122340388704732	0.0884711633890997
0.412152344612351	0.245285079080765
-0.181628813423922	0.0741098676600435
0.346763999722051	0.357732486101969
-0.564018566680036	0.378936425426518
-0.884321360712635	0.770926558988831
-0.0686580759765542	0.0553292742951735
-0.698384806387512	0.342953272027788
-0.425631668495546	0.26213901409658
-0.370656921764217	0.279053325962939
-1.41018179655425	0.909005601019962
-0.892102776589615	0.677982055000393
-0.183073516502796	0.0758825024355233
-1.35700836293971	0.639030448374542
-0.248527024973673	0.21716799635905
0.259885161435316	0.332538682707982
-0.43401821116432	0.568879164171642
-0.358335191020242	0.516490122443438
-0.14955380117597	0.12419955470939
0.0450104829096384	0.0327140771454037
-1.10489770764906	1.24383313789982
-0.526985532859176	0.499127560795665
-0.926241227141241	0.958505056673975
-0.327905964808494	0.410937187218355
0.339029297783727	0.250260404752993
-0.115429870562743	0.088276595703999
-0.103015654060758	0.0966366050967215
-0.343121177374725	0.385550748367794
-0.00549725257966538	0.00407157958834337
-0.426302816696525	0.604000347818723
-0.171935238005779	0.204225889481756
-0.0330865770436236	0.0346871281483685
-0.419254650647127	0.570727041713259
-0.195210980112063	0.118537326085476
-0.605961668863756	0.50569049643762
-0.670280953491907	0.504597448057973
-0.884328489374744	0.761867576281528
-1.98277703175373	2.38041302490913
-0.147233578186215	0.0669792037471239
-0.575888639823582	0.312896616447505
-0.643233136879266	0.412130461706756
-1.08814183659317	0.974934411642298
-0.894578016320173	1.15404361202995
0.206317083111465	0.174574745342976
1.14253751881779	0.876577974787007
0.108531733431421	0.0715773159011798
0.312402211755567	0.247607875326412
-0.333935332494267	0.283803641668931
-0.482154345776493	0.340824435258219
-0.972315644608899	1.48572500029023
-0.704365865817611	1.02677130899597
-0.15656603784773	0.130460141966321
0.437862802068366	0.537316362437446
-0.724955983984268	0.939086658780472
0.444984805983006	0.520054581326671
-0.0702600377373018	0.073290882278341
-1.0281217471483	2.00948454655101
-0.303661099689105	0.328233033448475
0.0685300325967476	0.0541751781510321
-0.139716256472958	0.0904073478433979
0.0840201816554424	0.0505721370134735
-0.325429238135168	0.250342290641787
-0.557178175023804	0.380080835158328
0.212902148230657	0.125166893136047
-0.916530866473348	1.03993623511366
-0.70543763986115	0.639397575027271
-0.284893015802738	0.155651190747245
-1.06339563862865	0.552505886405313
-1.57109997764943	0.842775520854691
-0.235196626613489	0.166730838996174
-0.242499269630855	0.170660469191909
0.0683018555885648	0.0557056502820169
-0.315233869390638	0.295990650612012
0.33064677880709	0.373347782896676
-0.377728940625877	0.366939304353502
0.181789704872307	0.207675008460762
-0.601389304457811	0.722899719521386
-0.235157154601381	0.209963018890481
-0.368147077300714	0.384874826258233
-0.418496316930568	0.582790072194184
-0.484381818477465	0.625760888339656
-0.231669514138657	0.257105740222838
0.22322239691277	0.230409610580889
-0.892556582764604	1.19106788864075
-0.145545940775899	0.143607700488446
-0.757571031870415	1.19702547719354
0.534699041567795	0.638726685889273
-0.605246632357406	0.989810255905138
0.155523607290419	0.147076109728787
0.379121272297587	0.450178948634447
-0.00647666270581362	0.00549606762157488
-0.620202800527376	0.5274922341308
-0.270852202081754	0.187431116370401
-0.493895124318329	0.287816102670837
-0.563908864610267	0.373906494870141
-0.57610355419982	0.310452160838576
0.0581235313222966	0.0241325410777915
0.219533084988089	0.132781732410408
1.1640037806735	0.773679826453404
-0.0894340846051866	0.0464388411979482
0.325357798116959	0.236790493817867
-0.226797266733211	0.201707779867884
0.218217798259738	0.193226787967939
-0.795709299578379	1.08821223166676
-0.417998370222049	0.463820254180391
-0.123894645927674	0.121713518217125
-0.561840797304291	0.668136207769803
-0.886358270677642	0.599606612852423
-0.883526030401652	0.601997826217274
-1.06413388616963	1.73925169546617
-0.830322175001149	1.23741748185175
-0.252277991372329	0.268918425562696
-0.370224603579865	0.473587211142708
-0.317999856620302	0.339697489431739
-0.560663351712547	0.602558128145111
0.0724717242214176	0.0704213334739572
-0.0684243810020474	0.0546793201660983
0.0078690823920904	0.00615054350024038
0.123856999234873	0.121810239837048
-0.0836108132019216	0.0865761972233483
0.0145676860123698	0.0111143526201049
0.0257865870743937	0.0237657145920347
-0.0156052903755455	0.0145800650225954
-0.19782400152912	0.205878627502993
0.407882210696118	0.448519236325772
-0.879432373758204	0.772601976426818
-0.526434288785136	0.575784151690817
-0.478259811230823	0.461047829010314
-1.09844533019474	1.65290420296618
0.804118245575738	0.859300052774816
-0.107065938887698	0.0827538844566359
-0.661230034716315	0.696657582449935
-0.117117719052829	0.0567389829269411
-0.128159836075908	0.0827493411529758
-1.26439508777925	1.84069625632725
-0.199971702709369	0.143083354716761
-0.465856555905218	0.484672033821139
0.82887878165789	1.1471589952931
-0.776772833051993	0.942328767422947
-0.548316633380064	0.471166266598803
0.43667670556357	0.450832543411818
-0.266732091303697	0.229201409674721
-0.00803232121813401	0.00589514963410334
-0.959424913512639	0.950534451466674
-1.0969804913896	1.61217013879612
-0.0962525411312729	0.0921675786591246
0.607453703092972	0.494877206329146
-0.216384124150116	0.145770980314903
0.150268713576593	0.13496569580298
0.411997354916958	0.449120111888161
-0.96368740695988	1.81237034677482
-0.786861126160251	1.05149112063244
0.746756867204549	1.52276140544078
-0.0321136304793277	0.0264801006755399
-0.738667919198828	1.01977490167195
0.180839213950508	0.229115505852144
-0.390950531571088	0.559193535990716
0.0155273069688433	0.0153232630224833
0.00452567446957267	0.00339046882919876
-0.16497316898521	0.102952582014038
0.229856074188199	0.1298001381758
0.362946964502682	0.242861004654992
-0.853680231599134	0.867207345948498
0.36789806350793	0.35392098264604
-0.431506060199366	0.413271742142658
-0.258693243439537	0.203767516684959
-0.87819763476525	0.77323208090549
-0.720416108128926	0.749175626247917
-0.164658970216302	0.119014812988289
-0.387633705342969	0.368271171217351
-0.200015996600851	0.143784704417524
-0.373494015270783	0.311590790747425
-0.793910643173912	0.978692529832595
-0.785039041941671	0.87566783234761
0.457709027982668	0.24938121078798
-1.63158097498532	2.16724802969595
-0.0926596036947644	0.0720955338213485
-0.625175811504838	0.526816557019405
0.389272992579475	0.359539804249392
0.21188038672213	0.18870034338263
-0.392077127854469	0.186043617928778
0.605313886053248	0.490580930035167
-0.58113906444717	0.669246608516102
0.559172212028642	0.742265917162503
0.203102714888375	0.205677806981923
-0.273211542114077	0.275807086508944
-0.438632164739113	0.649138382722571
-0.265133319028084	0.287305949762304
0.162645048801461	0.153350378120172
0.25206831730776	0.333105866716109
-0.516946567395542	0.784897866966278
0.55259651597153	0.79777851990825
-0.408970976683917	0.330117347347086
-1.25530571625266	0.720394555090214
-0.483454029787693	0.212436914634196
-1.74777621762921	1.76573555880403
-1.09571177459096	1.23981187274595
-0.504934772035935	0.515702111119461
-0.858231026049368	0.945985616602469
-0.0671261096836379	0.0467634309494031
0.694472879873981	0.718161339440863
-0.898805392933592	1.16895778574953
0.2236323111297	0.186607812463474
-0.128307543911834	0.0830833394831842
0.654567285974971	0.695113169509842
0.224394804975192	0.158088744495555
-1.17024292024101	1.39802332674614
-0.375426724199911	0.311765300308546
0.26805734194064	0.301702974446061
-0.576468580401105	0.534398249938162
1.59824854461916	1.68593611708664
-0.952762774849993	0.975456206538151
-0.36661939067555	0.358208735705254
-0.367786746436499	0.33738205328034
-0.368677149923089	0.333123373337119
0.291541230458926	0.271623126284285
-0.0159314548436462	0.0132509946555966
0.480071486789884	0.346534364111497
0.0981503252289794	0.0627035232609035
0.416080171067339	0.449079302690161
0.121711539672012	0.118390314528778
-0.689441469779908	1.15768438147583
0.210543916432072	0.217412266418038
-0.390676483400184	0.617689091853745
-0.432182007622252	0.595834416794631
0.218853923272618	0.256101631118671
-0.051819269533747	0.0605162135695752
-0.173967066135776	0.24097910921415
0.499718178092886	0.788195006289751
-0.840775450767399	0.954697809394414
-1.06788528563702	1.28072328294891
-1.13022292865811	1.13472823166927
-0.142607508343757	0.0923461153833251
-0.643731374391219	0.412629139066105
-0.612579371319655	0.651452593737403
-0.409573855131602	0.372944042353782
-0.640853575534473	0.587638624441899
0.157396634804505	0.148947845004952
-0.506520958557333	0.516447311089511
0.0760899007095126	0.0401007782315783
0.225411771861345	0.142448071527197
-1.31086633661753	0.980246101479293
-0.234189822120199	0.0885441460505425
-0.555081880244929	0.478183431359972
-0.842395065349672	0.981664307078646
-0.255823982803955	0.202631941764548
0.058614601178985	0.053764641347075
-0.621647633799249	0.986887532099183
0.0295876037546143	0.0265460275723157
0.163040051560977	0.15087594712343
-0.187994579859371	0.184901599779543
-0.30440146142622	0.352119810108226
-0.278294349287218	0.151768816188604
-0.781866423141592	0.70506547507042
0.0020445870274529	0.00137070700740582
-0.3719073472522	0.366675320616255
0.352983169539941	0.357039374553713
0.674088972133091	0.888886049833357
0.399075989141301	0.499475444815447
0.02502608927551	0.0233463845205174
-0.0683733970775964	0.070792648184476
-0.286372592512499	0.351852733002103
-0.402298704689386	0.690311496040991
-0.131381598817716	0.150063998074831
-0.441280290067296	0.538463102676593
0.023204093218333	0.0240449173801253
-0.444778718558152	0.71295624962427
-0.0797467337816617	0.0965160610263873
0.105091210434663	0.120891024450775
-0.0149589267383852	0.0137772036597264
-0.0191443554375156	0.0161951916299691
-1.0054205530891	1.41633045291982
-0.378406900316638	0.347779858737047
-0.312489579521736	0.292087587456121
-0.316565005811598	0.290216015851411
-0.0115777532757101	0.00697187102753447
-0.369378320228087	0.277970363467741
-0.422497523533678	0.307637289636897
-0.429763752583919	0.263259950469713
-0.0895619905128919	0.0463922793714774
0.301855120101758	0.254803655600463
0.610394112817297	0.596469827120419
-0.559575121654239	0.737782901248852
0.287808624354908	0.273908090762259
-0.081159570525343	0.0890051755632215
-0.161138298360099	0.172422931362996
-0.322737338068528	0.492665068078878
-0.149813365174509	0.147482596377226
-0.292939593460137	0.274094169459624
-0.453395347877931	0.403627464814049
-0.315731175825645	0.212798687695637
-0.59127703491133	0.447784336795179
-0.343343399363821	0.288315218701044
-0.400301107419517	0.188598814026964
0.221182126189246	0.161997895631447
-0.344906980299792	0.368799912831585
-0.182244740725178	0.224902620917475
0.0475558830491886	0.0491614976369834
0.111148521763841	0.130636580433596
-0.129027153154672	0.154209610947762
0.378337561382871	0.54300463791698
0.01670718491276	0.0165099077856651
-0.173925359459923	0.218760944177296
0.356067386379845	0.46557071164172
-0.0889682349355211	0.0905599753344317
-0.00812599298552879	0.00868269389922517
-0.75659080131031	1.54355708580093
-0.41176818659662	0.537531511300627
-0.0266631339044924	0.0288238858074581
-0.452383812328795	0.621758158951928
-0.741119546579618	1.10264559268043
-0.268318885730891	0.296756701399258
0.413523077601567	0.359007126833443
-0.0788404199785307	0.0628636243617241
-0.929329137991552	0.999511152833828
1.15873250456972	1.17406161672151
-0.285866955071909	0.156558511250762
0.620006126753919	0.382965977641708
0.863909973876789	0.784937090904595
-1.17764217972642	0.816193795766761
0.111485020933036	0.0746967162732201
-0.784338616068098	0.825155006549901
-0.219115717659351	0.229853734475395
-0.256282399727732	0.201846243908601
-0.150851964975751	0.158109501206548
-0.312613601198682	0.416659204665072
-0.00328068947774339	0.00356592098303719
-0.199725148111992	0.193301291401012
-0.346807979396365	0.392355822664769
0.0659748570920765	0.0327283533328845
-0.187781017689465	0.0767705194076125
0.906485554860534	0.692432533915372
-0.734923176842471	0.442073948274389
-0.0946993036444727	0.0489713867825438
-0.785464174338995	0.620417253839131
0.997102918711225	1.0871449817914
-0.560907513448329	0.701464495098905
-0.367715784505098	0.55176240038036
-0.594797946303926	1.11752520857788
0.148417949729797	0.188409994923575
-0.21784934302205	0.280934595794585
-1.18750598752602	2.09661045401588
0.0164279144659579	0.0146966581550883
0.516711675073502	0.821820118885742
-0.423615743672536	0.523845834592858
-0.0249578471071931	0.0182225428638773
-0.194740118771482	0.233239475269347
-0.379792138282924	0.520304139174105
-0.315171678726051	0.364272930005631
0.164208034944234	0.216411705231878
-0.194436090545618	0.229949721694208
0.093474921301262	0.108464532367557
0.0577653965871611	0.0605352455175231
-0.705530207382998	0.691938483771465
-0.285388952148331	0.270613883141508
-0.613124272389084	0.517848034987922
-0.330476568230676	0.247463234021621
-0.0876840462385088	0.0599479832769083
1.14454196392815	1.0306333959265
0.481892633034936	0.347257792911992
0.0106270326177376	0.00663219587840253
-0.593244082411768	0.457426967866175
-1.0232238863387	1.6188847535144
-0.355765645875108	0.428133243659804
-0.258570422957242	0.266513513449129
-0.586643527033233	0.789617106983319
-0.11824694318201	0.102718483885731
-0.0105129276357263	0.00884210731348525
-0.21154362932159	0.203464979957606
-0.978292722126168	1.24310293028166
-1.18954043609363	1.14513232332381
-0.401886106372785	0.39435124442907
-0.135575730295803	0.0880662646021845
-0.608966300882637	0.513024244011072
0.125141424738808	0.0905630166596812
0.511399543725299	0.344045953856901
-0.203685850746183	0.123931516734298
-0.326431860253856	0.24749519719879
0.0748756746848351	0.0397708477817119
-0.00239566001771126	0.00207659950814169
0.0138101473976986	0.0120611282533173
0.272966272498104	0.283966092337308
-0.252798472666227	0.260617897168611
-0.382309117274966	0.526583942077943
0.694791618455487	1.31150717290995
-0.619250024018723	1.10236798941715
-0.812007359046513	1.43166901325989
-0.24378194125918	0.303583167980405
-0.136403340101283	0.127519366472356
0.296635768962164	0.400333069403072
-0.0993729012839674	0.114980942452813
0.0326925150635612	0.0380995690004513
-0.423193433027996	0.676184865760571
-0.489788461522393	0.638830213121543
0.43467420837315	0.444538055264012
0.304808837699623	0.258725020685011
-0.262063368749151	0.20664665852744
-0.271727687838816	0.185451420552308
1.49030825529677	1.49342880152541
-0.528063942071538	0.41146817546064
-1.43270401166155	1.66357101137712
-1.73631559110841	1.7940430617181
-0.779861476265817	0.689606064127552
-0.720923839088507	0.762206937806457
-0.232753734941632	0.240648945665181
0.0587579839855013	0.0534752817846081
0.137808596667521	0.149541815256963
-0.479676865178074	0.761581423688195
-0.0627308694802124	0.0745633019538751
-0.453158443649276	0.494215858250236
-0.16293964196795	0.1371470909619
0.642465080437548	0.498748777549737
-0.0202601700065663	0.0118048944727
0.762159293534053	0.642481875941284
-0.568368223372342	0.299541955185064
0.349796133090336	0.35342871530605
0.0228711513067102	0.0236897999912813
0.16980941032196	0.181638756570016
-0.637849703945245	1.07260607930616
-0.200904877782956	0.251857690193588
0.0405620050599244	0.0388859486994034
-0.962616354832648	1.38613014165747
-0.175485149523892	0.232002578991115
-0.227254968599376	0.262384370650024
-0.131583694487895	0.12876983594628
0.395963611122538	0.610252380209464
0.278208001529897	0.411249999721638
0.331673546664111	0.369192732995111
0.485573060917431	0.913231306193647
-0.4730983640276	0.834963828157327
-0.628926450375037	1.0509402724671
0.233622033917966	0.272200916578703
0.955137694521953	1.26132247397937
-0.107756417094071	0.0708180169396599
0.36086242730752	0.240765115205782
-1.13575792693961	1.633736167445
-0.0953520857183898	0.0742989841742903
-0.595737565005695	0.457779623774935
-0.781949823558445	0.866305820988924
0.218999107824283	0.167562445547647
0.146240583790067	0.131236768274067
-0.0241525301850958	0.0214132584922507
0.520365079700106	0.473840673325874
-0.273372092057197	0.236443683330944
-0.431484049744236	0.450909826785416
-0.0274861732533244	0.025506291964526
-1.0055343734004	1.15645118849166
-0.476777271997149	0.329783487321271
-0.672741791047563	0.504816096945125
-0.791911173045188	0.928206951249741
1.0023680470025	1.09165206634837
0.285108780815758	0.313120784508887
-0.0672999823450592	0.0541412655036793
-0.564665952151413	0.611844293567293
-0.0888699675983879	0.0773407174225062
0.223690633332566	0.283436065839419
0.454628945815064	0.704618061979975
-0.230370675961595	0.29842956470968
-0.0788516768957937	0.0815450896349465
-0.131946838540665	0.134295829578135
0.395031691886216	0.598903357225294
0.0225353302523019	0.0272885169643078
0.0599448637435286	0.0710315227746131
0.570918183966638	0.965917744028678
-0.70561175072432	1.00767452532717
-0.417216876526604	0.34586752594105
-0.427509337581805	0.312879397549727
0.23598453083812	0.132563102517816
-0.50054085807175	0.437062088557544
-0.164641327028597	0.10219941143745
-1.27517607005922	1.32624475137777
0.359178995451539	0.240098315077734
0.231692272723337	0.129894262086779
-0.0054221186054362	0.0033410736019222
0.0651878014102916	0.0479560690737463
-0.677306722887101	1.22510098968871
-0.137818982860214	0.117722108064145
-0.359755707321646	0.54489572714717
0.22647836888802	0.280777497937661
-0.316000691299904	0.535896795314331
-0.0017017060408303	0.00163990521470943
-0.228388952282332	0.269357406180258
-0.600343929381597	0.878543197487269
-0.603413933353897	0.644404842380363
-0.211154304366039	0.151538123717745
0.207338600235963	0.136550498758218
0.327363052435404	0.259492095727754
0.0702350351619629	0.0710111013296559
-0.146043357797081	0.177931169058004
-0.293006114650262	0.517653725130691
0.484925341998273	0.841206801624461
0.0339148582809714	0.0365989511442439
0.0490528709826076	0.0587137606491071
0.783079731444919	1.27992444705383
-0.416235803670978	0.66054543720757
-0.178691701823298	0.20849464132777
0.507676951624993	0.684373889659279
0.247812552561498	0.387358767744426
-0.185621881052583	0.233865889247264
0.15051638380904	0.18568299832783
0.115572650505019	0.147104986526611
-0.498542158905825	0.96338422447116
0.516687908111682	0.893000332717603
0.149983255448351	0.18122266067831
0.350762736359154	0.352608962120221
-0.332071369692143	0.278263615829304
0.701849898196201	0.790663805028044
1.14410853117265	1.0082534451869
1.06191736102748	1.09050235949592
-0.90871378507388	1.10010724186493
-0.0684394374726466	0.0535682210226159
0.154278927056171	0.148808379903651
-0.340191328760374	0.389869147757714
-0.401482756866306	0.445660639421471
-0.373778963508564	0.421349776370774
0.0128240498979999	0.0115997681801369
-0.520379473422032	0.653272937387353
-0.407553480249608	0.363106220610946
-0.11337977261854	0.0963370470134296
0.146478038138256	0.131426184811777
-0.729411856259533	0.865078165954915
-1.13859672060946	1.20793036611643
0.124089397120366	0.0884369141128853
0.38895630211683	0.443515324708849
-0.0481334565332261	0.0421252438864617
0.206925293194873	0.19736241202454
-0.651556843981018	0.867170810076692
-0.0309838887104768	0.0310007784574011
-0.229897572486847	0.265629308224854
-0.11477666665214	0.116653889379403
0.330917469506402	0.480102759863922
-0.0907086379020114	0.110002136172984
0.541989183174538	0.90654539132362
-0.313215303806847	0.434434655383315
0.224354440687215	0.308538087832375
0.189361312117799	0.266648922489519
0.000276199592012998	0.000223070612383021
-0.109485112979618	0.108405630079895
0.138450098866256	0.111007288263588
0.40243424647573	0.356567705028229
0.354609962579527	0.22996079953819
-0.232112780850239	0.162724086957286
-0.0790573408367533	0.0541487945880682
-0.494914128985722	0.438914075792533
-0.100064399807394	0.066575804605724
-0.97053820008435	0.90331484404199
-0.331642590624126	0.251889366005836
-0.151516770514483	0.113972095699813
-0.763556333619266	1.27603006251221
-0.298885941307778	0.365572157617948
0.3403934189781	0.450663387439107
-0.945562763644846	1.55240705686679
0.552381014379746	0.655068542388695
0.207491862014921	0.192471899888978
0.207009528173183	0.186676786463708
-0.103418825666432	0.0882282395028012
0.729120068361179	0.914513609296101
0.143144295577807	0.121792700162193
-0.0063570359806438	0.00390393666091828
-0.712291393256952	0.703044577419022
-0.445743502280127	0.393983179636791
0.213397484903415	0.152804209936909
-0.650771477003088	0.648965628335496
0.377990522283258	0.448933293720141
-0.792470286658856	1.11485391769315
-0.231681035691068	0.233900628652658
0.410192376373706	0.541266905523678
-0.231354574273034	0.273250115707594
-0.416709847659362	0.640071347596871
-0.118441497584369	0.123155965849519
-0.315764812720871	0.511020737385129
0.431415254901379	0.603497288269589
0.590821740040035	0.879248229403065
0.24044632694562	0.347808353658055
0.279523006627439	0.40069934890958
0.183614451801101	0.23022898234592
0.17300050876841	0.227820280943556
-0.0184332710602183	0.0172530373311313
0.0376472681896058	0.0306166784793529
-0.170764443669861	0.157237757351627
-0.553029128305526	0.583700382439625
-0.55347110710291	0.381609535817123
-0.289234571138152	0.226030165551842
-0.521995667196193	0.409442456471824
-0.465040782066587	0.661288268057036
-0.631697348703724	1.1610358787242
-0.0374797124022952	0.047985495638875
-0.0215790974965598	0.025206419350495
-0.110053147309895	0.166811688738122
-0.0735665918843545	0.0941750074694926
-0.136288177750445	0.127583731464866
-0.299645885785862	0.399590393117567
0.213156422540085	0.234542046792911
-0.112386589833707	0.0745267143895347
-0.201060385320769	0.122155965058931
-0.117842350198527	0.0570151742333351
-0.240593647098759	0.1406449921364
-0.63800630674806	0.412713825882147
-0.146018311177693	0.0652966553273496
-1.10606583697194	0.459191886208015
-0.324357237315004	0.248074001268373
0.630302225991312	0.590251762329991
-0.200944331521018	0.264562497496781
0.0245429475989011	0.0291238938934561
-0.0596236608105377	0.0722796421748048
-0.361000102232598	0.638716578152896
0.212699789936396	0.269334702645658
-0.0702798274648597	0.0921862442475651
-0.276372133634183	0.347597510778267
0.321364555242857	0.597409382260038
1.10310355802888	1.9619504366599
-0.258512581680397	0.256768929129223
0.763129215155858	2.2391395332861
-0.252512881010158	0.311711415941154
-0.748073058204132	1.38113078185433
-0.0218346184088813	0.0247450219166815
-0.157774049356305	0.223915642326102
-0.205064453127735	0.21613608979446
-0.588939478221753	0.661140497725519
-0.257581729487589	0.271057132570262
-0.462033736076059	0.37545503073525
-1.1298082667389	1.41961618957446
-0.993364338112899	1.46282752251024
-0.0175922077484931	0.0149068070616134
-0.0959029439802145	0.0838580491606798
-0.821933190469431	1.31220656793847
-0.537862322748178	0.685967032663288
-0.124679577936335	0.12509580839228
-0.117466356644197	0.127555945854476
0.376921875964729	0.466517531510367
-0.0891550969657843	0.0854392578753227
-0.24890935039541	0.29935337326124
0.416550049055638	0.635271226079977
-0.0387817593053221	0.0390156571618096
-0.462943681278531	0.658702260207619
0.0887573082599604	0.0758705521748596
0.365793122960668	0.436184077663481
0.0641279254485725	0.0314435790134019
-0.141375844744994	0.0916798275186911
-0.176094306305897	0.128187907011362
0.368593573203514	0.445164096482335
0.126929182368739	0.135561850450179
-0.224207671188948	0.215605745886814
0.0875795753459352	0.107301297945778
-0.128501714226086	0.143184156583643
-0.302276285309322	0.35837758220953
-0.643381713247393	0.641692211679821
-0.672403575208259	0.485492503328862
-1.43585649203105	1.19970965667017
0.0302362883249368	0.0238708250141749
-0.0151095437441455	0.0126567113459998
-0.326164757271956	0.324897593641749
-0.494105987953895	0.667186657271037
-0.142496963009722	0.159470161013637
-0.664502937568606	1.20494424376813
0.0493649794231712	0.0554560696443262
-0.45212214940708	0.746481210685937
0.179288732189488	0.228556182529698
-0.533383218905977	0.898898038309643
0.261227854551244	0.340038944897746
0.330255531507848	0.354688167159676
0.134227651060668	0.108054587352024
-1.9181400668021	1.22844150027545
0.0831631929702033	0.04695026960272
0.207254170616295	0.154704923970988
-0.291050717496969	0.292909269265646
-0.204069562291078	0.239388774534816
0.93500281977158	1.20089561372596
-0.488957075724501	0.707847827857024
-0.906652285590987	1.47384869732538
-1.56214490897832	1.09895434958692
-1.92043997243283	1.70095965603214
-1.15610945667403	1.8173961329008
-0.252511302936626	0.200396429196604
-0.888004452253077	0.58293135979281
-0.375118156017909	0.27861161413367
-0.167349896428438	0.137430771760538
-0.103023148906979	0.0882670200051501
-0.299695056905391	0.258289292991041
0.00684226210198418	0.00629618949722412
-0.157243662662231	0.167165059515695
-0.401840527342923	0.620693042775791
-0.0232394011704875	0.0217434507421415
-0.260277272824449	0.316059956851309
0.378258994830894	0.518264527982486
0.137068949059687	0.147807436359908
0.106704138213956	0.101465825684059
-0.649808220093881	0.64244715501829
-0.326945163374103	0.168902199094621
-0.245912130018928	0.141387921568632
0.955182731603681	1.12626472763966
0.476644927200833	0.45198160548466
-0.165725480950337	0.15092378389218
-1.2300032370253	1.51247570834244
0.404092483755871	0.527738915031205
-0.0164262123734133	0.0139071090465049
-0.294002936110333	0.275262533479614
0.0276405512619199	0.0227147754077557
-0.148364662742116	0.146259433782513
-0.840635842669845	1.09677948546876
-0.34723988669581	0.346614070900804
-0.571971545422512	0.725771340697247
-0.068231360715693	0.0471197055523422
-0.322351473658465	0.160278712683751
0.820247296452128	0.41930428372213
0.659177789616349	0.678149211743166
0.104243126165986	0.0957393977819455
-0.906270129799264	1.16625066692074
0.219738906840752	0.245316469944255
-0.125936000726505	0.146254559983395
-0.164665404525073	0.225760113210189
0.0140025045354184	0.0153913810849587
-0.0806420837147055	0.0938059398487126
-0.164459348547079	0.150764594361469
0.138127617674456	0.159526540492624
-0.195077651322619	0.24198004827688
-0.00997311280774157	0.00841642938971015
-0.11231189190158	0.096058089677755
-0.527257138119595	0.702343880406071
1.30430732278666	0.941270428683852
-0.327196772387735	0.167118746102293
-1.21413474534259	1.33640241077867
0.090616828303383	0.0736057279539117
0.49083985959212	0.636494921391045
-0.310686859751077	0.291436529542212
0.2628350565445	0.315216640795653
0.00749579436681327	0.00706629775911171
-0.148319426261721	0.136903848115419
0.0705058479682723	0.0679775026902757
-0.344085838543211	0.34344869964418
-0.552567449434622	0.746160065686212
-0.784063592897891	0.878272850178691
-0.322657121662685	0.163976878771327
-0.674910637184509	0.500872192424369
-0.481039663521156	0.562854962240929
0.0116075419013762	0.0104131523447992
-0.299542925920173	0.344561343166194
0.0167569056740195	0.0169700679500935
-0.110788650636074	0.131607486595883
-0.295163145114784	0.375114000172996
-0.635438827853061	0.958916100158978
0.0466504590777522	0.0478179378357826
-0.188047145002326	0.236528557884605
-0.149767445841192	0.181352117588981
-0.0874697070546727	0.0822605598032782
0.272092880571501	0.275604185922917
0.764134508942994	0.838915351376684
1.14451198648803	0.837982947460936
-0.593584878793823	0.460327968006845
0.909919283368627	0.920982715486742
-0.0474022352095924	0.0383022981997757
-0.677601125336866	1.01553239286611
-0.307015760277408	0.282817458932949
-0.543623318726026	0.794938953659272
-0.505450501251745	0.575418671309505
-0.0591534935418797	0.0621122925650857
-0.0775621721983501	0.0807679399878644
-0.551713041450935	0.372902044384458
-0.909504686812086	1.38831700550633
-0.454900590959228	0.39792707147912
-0.149753917212819	0.150254086384012
-0.0987018770999577	0.0861600103339875
-0.600375599129878	0.731630476761158
-0.648443980454427	1.01447609670608
-0.0133893259322238	0.0124267197374567
0.0215286364367077	0.0195691622989188
0.0237744158046277	0.0219514444011922
-0.376254544406944	0.342227758283846
1.38944383102267	1.29508446481794
0.968672470228831	0.935202544955936
-0.281495774062648	0.212246930272551
0.00193887015141816	0.00143074715863283
-0.291931054305039	0.371184475372455
-0.0427601765205456	0.0418591976601241
-0.336563486042556	0.351369156530479
-0.432233917757878	0.418766287977268
-1.18913267986818	1.56881781104635
-0.641160765471107	0.412490299683408
-0.613358906807769	0.813792185591704
-0.0327868096917433	0.0268603529256688
-0.231068075735665	0.248866141628755
-0.233412428830929	0.241966526321233
0.164831120659311	0.17837556433617
-0.0103653320598463	0.00872233724309404
-0.11358535274439	0.114823542281383
-0.37371770153922	0.423601611359507
0.373110483557471	0.449872383145895
-0.146794101853486	0.133629934444693
-1.24326527414316	1.09794552239929
-0.591602639711636	0.596414476094953
0.505523104344198	0.555309843333325
-0.0849289572833487	0.0750026805393891
-0.189690693372422	0.200519700306674
-0.277127810838505	0.211226097685101
-0.873316847768335	1.29038655092375
-0.519623883219209	0.628478192231534
-0.38411885117973	0.458274559876014
-0.0389312429419273	0.0319286551226707
-0.340742183794908	0.362263404848187
-0.564286500939623	0.688771847202039
-0.0305446822752675	0.0277016235277283
0.309412293415752	0.395050793033677
-0.329792578381345	0.378318209437862
-0.299531545545182	0.255552245485712
0.913400498987068	1.20504122439619
-0.371074225479663	0.41611611451406
-0.0211215882819143	0.017747805458389
-0.158271450732263	0.169389577224702
-0.218684259646195	0.212367916781628
-0.663149579520109	0.976875596182255
-0.165425251921487	0.136626109936811
-0.55539120400196	0.671977131786697
-0.269697429020232	0.296097985262215
-0.832584372428119	1.19359250395495
0.00351437654688034	0.00309222410029388
-0.282669900481206	0.325106787976635
0.368438474555705	0.456476770420671
0.297852740394815	0.261137895598913
-0.203124243782976	0.165925257582229
-0.34418768035688	0.367730804015402
-0.228475949615018	0.22147422148981
-0.383010806321522	0.458768851342164
-0.822088105172664	1.12745332600369
-0.107065938887698	0.0827538844566359
-0.279468336476031	0.24217001451065
-1.02005195387588	1.58247125444271
-0.422484745250571	0.502799136487022
-0.463203675994846	0.68831762426145
-0.621587130108423	1.08833303996208
-0.348608344457343	0.437631473597583
0.023010570553264	0.0189179209664631
-0.776662837640809	1.1962356376366
-0.0406959695295309	0.0333580769625906
0.560383255810083	0.546014623437894
-0.501638457248462	0.503738873147692
-0.841464011382847	1.08106766444649
0.216986335447074	0.1892704648563
-0.445954042592944	0.394791865729659
-0.0657541908566976	0.0510470990283971
-0.272679915005898	0.277243718513882
-0.614537520258921	0.819210057532832
-0.18674029058533	0.170267884950548
-0.323038245299367	0.321720573851552
-0.55005299447809	0.835744500517782
-0.233493754335408	0.241496063311209
-0.1516597347134	0.14017967128967
-0.169531851613199	0.178128848538576
-0.46439177980438	0.557538005410074
-1.3625876182584	2.19830727623273
-0.200763097386995	0.15824903987604
-0.781679409943675	0.793017924113691
-0.992872171099055	1.69124380436485
-0.70631361938824	0.676973621711198
-0.861041418784214	1.48953554202823
-0.342806391732581	0.51861286845496
0.0052855331546516	0.00559029864477155
0.374301257942405	0.710022376907424
0.978067253525377	2.24185058678487
0.0148458735920843	0.014947630871659
-0.287742755363375	0.31505722962201
-0.247258779446424	0.238589115744678
-0.55214079551088	0.479541270249378
-0.873357830986139	0.832306663608884
-0.272167609118426	0.299686493637109
-0.235624936895965	0.16728565869238
-0.850291926811431	1.00164981139046
0.0149000899311121	0.0170328395278086
-0.186663440030078	0.260260607962473
-0.404918580876183	0.754417010296864
0.151853220644933	0.190803864100869
-0.43471512455164	0.648601956261996
-0.0663151721656527	0.0743391146509217
-0.311056387310936	0.407853642160687
-0.621589247608726	1.15797500993893
-0.267658843067033	0.448565989823331
-0.331223553842637	0.555519595375133
-0.418504493379108	0.645675503570738
-0.340445065437127	0.316790267550955
1.31174430531542	1.62504688232521
-1.21077904025267	1.35053835983035
-0.780638674355607	0.915026773333758
0.909760936868971	0.690644733878482
-0.0479098675926566	0.0472864584095651
-0.204541109776004	0.166252171825843
0.0669382000207367	0.0736324566105395
-0.047011055651699	0.0506909990492389
-0.236953055528833	0.360684442152495
-0.321003124006835	0.448088015499167
0.312865630926737	0.368760772562358
-0.0958672262999538	0.113349405596097
-0.246789588104359	0.270094669117722
-0.205078097587172	0.200427124232736
-0.61292690275582	0.769617573950662
-0.630253468740759	0.75561333452266
-0.368597597094732	0.330969663537474
-0.596255332708614	0.597272141055055
0.805763793660304	0.86353935212515
-0.2550809743192	0.201412154340249
-0.212446767090969	0.173301221759524
-0.40822755226689	0.428149629072442
-0.369730984707987	0.439427478640202
-0.419231688974201	0.477864662035314
-0.462957240326124	0.467777250930271
-0.900952011327943	1.19807981601301
-0.183355012067779	0.180229329067273
-0.350045250228005	0.398258498083175
-0.268679293010403	0.271908648620352
-0.74684341466662	1.01142803532549
-0.264434114019152	0.253098753527332
0.00513104230420688	0.00401001019079601
-0.657589543697414	0.915646852900578
-0.142227608109298	0.132960609879165
-0.708273807922995	1.06158359827117
-0.676269995820012	0.799846282048192
-0.366996316112106	0.237339672983038
0.212357865597423	0.149123612653927
-0.448313449853198	0.429806566274605
-0.154951473472028	0.141455112935097
-0.180671331799828	0.188464288091796
0.0622570164598783	0.0661634241435114
-0.135037982978612	0.147579160013952
-0.245081736845389	0.247620375980063
-0.677560302496583	0.503384368016184
-0.23513167789171	0.137226740833814
-0.523630518880075	0.491496883893429
-0.487260002736557	0.534355388546069
-0.373124154375447	0.683054822623773
0.29738992502221	0.376572360592278
-0.383281307301921	0.625523029792047
-0.222032241000237	0.281584048345589
0.136961912348196	0.199542419110943
-0.346689202811169	0.559398653669743
-0.43694760486922	0.612424933413608
-0.415398092471257	0.33609501768348
0.525680310154929	0.650282966785985
-0.314635491489677	0.2906372838762
-0.22744509956663	0.368349532984451
-0.179843480137797	0.224087403731568
-0.303108488916323	0.406978625338029
-0.455470459072575	0.585726692464674
-0.104877694296553	0.0976522301226771
-0.271408698845372	0.234977527747648
-0.865031033148435	1.38333741684853
-0.216315209039152	0.28985971663099
-0.329341974940477	0.394431194999352
0.631563492515689	1.00315922842557
-0.328581595799253	0.394165404654677
-0.285729917218662	0.388250503259264
-0.388627836196288	0.565561885603545
-0.399127461014801	0.474876249796845
-0.206306210950509	0.202271236814407
0.0202899314253618	0.016482739912185
0.26598689794357	0.282757372486855
-0.169681321977175	0.150577974421156
-0.208212076488989	0.258673073884391
-0.445569612274104	0.730120984249603
-0.280823695267008	0.324887059063746
-0.343881917438404	0.453742456992234
-0.0537147567592174	0.0527749776422334
-0.266873095267526	0.405140066570905
-0.185041907528872	0.204596174301573
-0.389601413243686	0.429476831378359
-0.152026642031549	0.161310598693379
-0.407007731495945	0.533346208728647
-0.163237057772731	0.173590488713498
0.958655199674378	1.15460001740133
0.657986727964034	0.679944562785311
-0.502119081008164	0.571214886457101
-1.01604630491646	0.749709202396407
-0.374597632345614	0.310450966816873
-0.459711297504815	0.655305110667825
-0.319739674748066	0.39820842673345
-0.484704039610565	0.735537372571262
0.0316343281080895	0.0296566229622164
-0.571480879538052	0.991537000301858
0.104375370226834	0.0947046400506664
-0.376110022076086	0.346362902300859
-0.63249407004268	0.756040351648224
-0.252831870333542	0.370238878335092
-0.20400362720065	0.277866320910762
0.113000124562329	0.128995129787831
-0.51345741549796	0.878423943373564
-0.232450362783686	0.219287009926411
-0.178007091043181	0.163712539780065
-0.484775670332029	0.466458224992527
0.089812487363311	0.0544279698627707
-0.120157314771705	0.14722018108547
-0.308120261904926	0.403595068197621
0.296404627519161	0.358397478248204
-0.407340526244545	0.524231542859148
0.286032972319389	0.364001400423068
-0.279344507033498	0.36826863638774
0.369648624700002	0.454648931143746
-0.508532985405772	0.52347485941931
-1.01419622169292	0.743805514560362
-0.669628799665547	0.499275285227629
-0.321604677563614	0.490063379635608
-0.26087989516266	0.347408418803024
-0.196834488553909	0.264078770825235
-0.52838210475361	0.732311033510826
-0.345170235799419	0.39154323984852
-0.0801472975834396	0.062256955342325
0.0682602026837075	0.0536826776318076
-0.235457816335897	0.134836456960564
-1.54422655292106	1.38028366916515
-0.324377484028026	0.215804562806911
-0.347359230998732	0.517454241562913
0.624837318959888	0.924597683797659
0.226736965963854	0.248956867775985
0.0488311337953322	0.0598414201186095
0.155075097919528	0.191598933912507
-0.333646613585883	0.404495803441094
-0.417960509871397	0.496420132482848
-0.50486424522877	0.507997804890289
-0.480473864883469	0.210935389865495
-0.421436187467439	0.259806846606849
-0.693935948767255	0.580502080888935
-0.548456320925092	0.972835540801409
0.3434492841751	0.478217543499931
-0.463592744368328	0.653428631924595
0.0445115259675018	0.0395354135923051
0.140005430471684	0.111112964528579
-0.423825945897757	0.439268418962326
0.0720580564857845	0.0565118195334229
-0.0108411208981952	0.00653014492280503
1.24738207548373	0.539815676238058
-0.633161197489192	0.407744027229049
-0.271586756227777	0.360314460366655
0.0110607797698703	0.00996659046407828
0.0461369300234601	0.0474215958197557
-0.0473314455848274	0.0503771504996937
-0.479678574264355	0.733157540905704
0.292118752719223	0.379601034697586
0.458418700458987	0.545794688420055
-0.00941993609546139	0.00690947219877859
-2.36487110352809	1.25361191632314
2.27564195275107	1.13669361995478
-0.976747861735234	1.17913570500268
-0.206908999226789	0.169161196334276
-0.930425323896355	1.37334793947038
-0.465753813850386	0.37946346345358
-0.41443318750215	0.702685734086701
-0.511411682002211	0.949664276788806
0.048708316821466	0.0488220885292175
-0.536551265232335	0.813690818180882
-0.257700166329638	0.281171120826593
-0.593875195329657	0.592980448057285
0.639510819388711	0.606209539940925
0.0748972171038561	0.0416879393753867
-0.555575850709477	0.376025147120693
-0.247428888641939	0.141886262035694
-0.0232503885046924	0.0235628356590545
-0.262054793323945	0.298733146186443
-0.0365579339716627	0.0358293016815822
0.0500098472993426	0.0518506760152885
-0.787135937365416	1.39952033369343
0.568749601706345	0.716962100205669
0.848912295063383	0.989023553677792
0.818021307986142	0.432423938787649
-0.183305610714259	0.0761743840878674
0.229368412188946	0.13667239655858
-0.28309616033918	0.267201496317738
-0.0182253148041531	0.015269233787431
-0.199550398670792	0.143006340243223
-0.105681783116367	0.113479211527587
-0.554798338766449	0.847959238749418
0.304433958880063	0.374528904815748
-0.937016160507326	1.31786541808864
-0.399835692244962	0.42159541589272
0.0969363453248569	0.08793387506221
-0.990770920331284	1.20594465608294
-0.234695265032415	0.0886472999979659
-1.74973549027886	2.17198325170424
-0.180903351095464	0.176922205234076
0.203243273810306	0.221523974275002
-0.110530829913069	0.116906721155957
0.519143112978725	0.725719240099243
0.501198958229366	0.794217618605193
-0.271692826753034	0.327331786745346
0.478059121736481	0.699404454982971
-0.841953585886066	1.03686957480583
0.866504233869624	0.537860817718223
-1.31404500624216	0.998362100771369
-0.526634317582761	0.418889648464531
0.612713665847118	0.767915409842808
0.528887441419689	0.727729812632336
-0.00784846695591085	0.0048008723480823
-0.284087920621697	0.308751819805323
-0.674055377680719	0.749349307228951
0.618818591129827	0.684633664194665
-0.223329521164212	0.198135371492148
-0.348660882320758	0.412188884189105
0.131891769187111	0.142608391189413
0.0185517732409144	0.0255584394380567
-0.317856074935001	0.384332099899107
-0.0525423391200678	0.0672762846145808
-0.249442661221097	0.325185718653505
0.0202357921770286	0.0263296545219667
-0.350834357589911	0.547579639696536
0.122365264094621	0.126163327342247
-0.247112081333464	0.334591176429399
-0.0371658903672509	0.0267312372884462
0.129432526186122	0.149584242445219
0.0520530914044295	0.0384147120949532
0.307268193559567	0.254158477472377
-0.788092392502795	1.07752874061394
0.320055359794917	0.359008049998528
-0.080021866367782	0.108301130966886
-0.11136346277863	0.14942522103991
0.212594752228493	0.356872758682798
0.0789394202460219	0.0893215397529678
0.189236795895052	0.226686877819743
-0.153516892793427	0.204971000292233
0.613707005120481	1.02046402295719
0.177505978958312	0.279062863824934
-0.13947149660538	0.177070681044252
-0.207583626907286	0.265953954711894
-0.558728642065349	0.943603505419034
-0.23010427216277	0.297630162166534
-0.189446351918687	0.224981610448884
0.151520205363375	0.146222605000988
-0.342131795563215	0.382807432837569
-0.610330893267093	0.909026056197616
-0.18069714326653	0.149981123358549
1.97995967778388	2.28880593277195
-1.06177794971497	1.26391276377806
-0.0218677619756877	0.0182302264570708
-0.409533570982414	0.565466315913932
-0.1654243891652	0.150712968138294
0.716366149640087	1.24099928511998
-0.456344082250389	0.694655157022645
0.0371285454353815	0.0376483441431088
-0.318847122820148	0.448820366059596
0.0497679296309647	0.0534584204740939
0.158965059858259	0.194649861700055
-0.129896030860762	0.145433833496837
-0.580134509463862	0.972370146585706
-0.019659486120871	0.0178965833188614
0.555690953302263	0.713563615078824
1.16155188441563	0.758880789869792
0.916517102471763	1.12523109945751
-0.575872831338632	0.659562411151494
-0.34915652368805	0.392788274492941
-0.0856607617505629	0.0820073028981927
0.208711735749622	0.193839069991043
-0.275945366401584	0.351744116761864
-0.353399622696809	0.655678556472104
-0.38270059757638	0.639254768649861
-0.208277916936502	0.308615771394949
0.123886009459015	0.157341265718786
-0.328983381900768	0.470922162630542
-1.12299301631616	2.02435030879647
-0.23739555063299	0.226983949974195
-0.286324706163566	0.342338652444428
-3.36512540500908	5.21332324957728
-1.7371099859732	1.7976982735842
0.6050710154392	0.581132113386214
-0.22558003600701	0.231362126018369
-0.0409192027762445	0.0372325945759317
-0.162018884642089	0.135212595952409
0.118479449145043	0.119664558615415
-0.270053659933448	0.360635020078064
-0.0675904943298914	0.0847479667495362
-0.000864679109112798	0.000916782123538627
-0.283928666493744	0.453368139502975
0.114563540170221	0.128604615835847
0.0543439614929077	0.0623804886428475
0.161133389962874	0.228749021390163
-0.387266291108661	0.629302763414894
-0.594855321778488	0.96141093789366
-0.38658434359664	0.441699855980958
0.547941270177281	0.663611242597169
0.0625803293554556	0.0286508667639359
0.06969237792348	0.0369332583974947
0.808327007907763	0.750118360262718
-0.258905201398582	0.202555405103935
0.122965363214367	0.135430606191944
-0.360493063313278	0.294126662315596
-1.09759701183771	2.65200722149548
-0.479810828047828	0.925208636326967
-0.0129574205233667	0.0129395045813519
-0.21860945196768	0.283008158578529
-0.130804820104145	0.139696776919111
0.121027029809324	0.0847983720612435
-0.877360287195629	1.29836849797854
0.43621503707624	0.536955109909689
-0.0290058151020105	0.02122465439417
-1.54546140887359	1.39332326592758
-0.427230928349333	0.259003152300445
-0.60818280970904	0.603253191305364
-0.157947510241729	0.132202923490877
-0.374286670343225	0.39897257951105
0.398686352967342	0.429348484626345
0.340826111788582	0.428745337178394
0.00615190157162852	0.00617882056446306
0.0581025226871201	0.0645428880737916
-0.101518649813544	0.110808718655208
0.240373665855596	0.299758175782948
0.106337399928225	0.115157732867595
-0.106630880647045	0.114739155181636
-0.404362865026505	0.604300225959055
-0.0513268116162784	0.0501873837101463
0.802769970185531	1.13795854427063
-0.280209996807104	0.26350965841481
-0.785453182643402	0.708042081692687
-0.240612644420074	0.168794417294253
1.02183403688313	1.20961880674608
0.704698395303036	0.781669938864915
-0.383915825282669	0.433393461759077
-0.347315521075515	0.315896618830769
-0.196366234231047	0.205687668374878
-0.442913569433198	0.780625682828934
-0.545752580243818	1.13905834826423
-0.227732562354666	0.347098413876863
-0.226622130801954	0.318733896025281
0.15548325857078	0.196193985443815
-0.521348438030346	0.833506658916646
0.420510770934239	0.641466810380285
-0.154525863922778	0.151364193606452
-0.0952247591275311	0.0748638949458627
0.228776189620342	0.227541836619729
-2.01568656811348	2.86112678901124
-0.0268917749414696	0.0158580210188345
-0.224158224948426	0.177322384899773
-0.162204685782139	0.148682396751556
0.386219663375618	0.438774086405966
-0.224261525750587	0.230784369718884
-0.579241585845016	0.663546971042253
0.398941705189899	0.630284682070987
-0.13132703543984	0.168812985260598
-0.0751945596642963	0.0871161158527246
-0.805126339461036	1.64576225851506
-0.351186407364794	0.520107012391666
-0.117515921006141	0.111883152761632
-0.310290374186904	0.410753461759357
0.547262466587879	1.22836163688371
-0.357000512667419	0.532703949714059
-0.275273753801799	0.332455002092173
-0.629922907619901	0.717251633577904
0.528552878447166	0.563928100859199
0.0719258000389825	0.0406323724425474
0.821290017526884	0.6561312726268
-0.633117934736768	0.56743131297584
0.487605869715095	0.544437783286567
-0.227187163924701	0.220562330605964
-0.733271591736179	0.920383048126319
-0.79597821759011	1.04318837734521
-0.0557356266711427	0.0665790790676837
0.322913401116944	0.586062351272053
0.193273695831446	0.286830732037078
-0.457907758653713	0.769674499288381
0.327136071544751	0.476496787188766
-0.130109814337765	0.141829992670411
-0.560358265846588	0.750457724919642
0.639832482028551	0.702673533384347
-0.179124416927545	0.162363071204032
-0.462614586715042	0.374085580672039
0.452457215308686	0.246784818522898
-1.27002506076311	1.29881664292681
-0.0935730993718046	0.0731337460373331
-0.322946351831893	0.365135405884102
-0.465345199319423	0.481135130699888
-0.376924299560581	0.424861136259266
-0.178415189841797	0.22523871421524
0.281072587104446	0.394842835243466
-0.0226372925329362	0.0275180948074106
-0.223148021781742	0.341966037554098
-0.0492557117170933	0.0560854522707025
0.346405498150981	0.453497180315338
-0.0221240055075957	0.0234359110867287
-0.423264208578717	0.679023629339477
-0.262342219157424	0.425749894485604
-0.275820997076774	0.373204904469382
-0.414576245826722	0.398785363760035
0.15104592526244	0.12379157760794
-0.391276154426306	0.185004050194055
-0.996816684909598	0.841227501901292
-0.101647643071306	0.0668670333069465
-0.283149621150933	0.267824269873714
-0.440637286479554	0.5688771862837
0.117446831749805	0.086972176943396
-0.499232869544678	0.739786337362243
-0.251639307557394	0.334444993690256
-0.0906099685890027	0.115898721944494
-0.0708799573959228	0.0882992679452504
-0.0353023643395073	0.0404395964769154
-0.418608227555675	0.715946334464745
-0.186862880669218	0.277002011022084
-0.282582269542568	0.462018846276846
-0.136218322887499	0.172582708893987
0.464639450080916	0.854616568840614
-0.048749018364158	0.0510106644270287
-0.473849840278264	0.692470230209933
-0.431536038113797	0.448197233414415
-0.312153246961529	0.29328802485478
-0.948120689922741	1.83947616932623
0.0118353874756518	0.00790259597235023
0.229376384417947	0.129786942118711
-0.0546947553572208	0.0307981047483679
-0.783926382925278	0.825096047196444
-0.322866242627457	0.298965178112946
0.510407160741409	0.561343792797948
0.201857701644882	0.189325369176925
0.528491155548207	0.887383360024431
0.559272967003113	1.09532226351176
0.369627290203435	0.587769724795849
-0.0157313449841052	0.0166439928070848
0.0590848853864543	0.068232634718591
0.969818544708954	1.97177601809345
-0.228164318072036	0.252289996230617
-0.0267359728623689	0.030407693051617
-0.0564396645521037	0.0635876408578086
0.841686057228539	1.60822456656816
-0.44938701241474	0.555437284226683
0.344369104021688	0.346275767238849
1.43784107217246	1.14001053049381
-0.330270779402296	0.168935830787989
0.350392122515136	0.463358459646909
0.290788302581108	0.413298157431985
-0.141570763665923	0.152853675024112
-0.462841212270261	0.881416221366041
-0.13896371472274	0.173353016257234
-0.481837165671537	0.734640857200367
-0.057843028775571	0.0610550056159354
-0.232697209107007	0.375500210320973
-0.235996103460374	0.312724998718802
0.182255611334637	0.216299069014573
-0.0602203512405028	0.0725011824142255
0.0801627955532035	0.10344728597847
0.126808340097101	0.154729152927976
-0.572825693341554	0.90743596356586
-0.105522228289331	0.113151968757246
-0.084128527011441	0.0911732169286816
0.0672665239143997	0.0521471659248304
0.00953759457838934	0.00728121397289033
-0.684968481359377	1.19191153018923
-0.871536306852383	0.820951602208793
-0.0516921448963337	0.0292296626755356
-1.09900722026394	0.984599134519704
-0.285644314642839	0.266139217840282
-0.190684513951355	0.172439341096625
0.0695481919685372	0.0561774792193544
-0.22905409191116	0.222289739439031
0.125378394331237	0.13528743371477
-0.217446839052563	0.306036697892506
0.273673700039962	0.446652398359768
-0.457588406136885	0.797286439521559
0.068696567557478	0.0746567168640863
0.163284146290336	0.155521380181659
-0.12821041852114	0.145761029093954
0.178331201107725	0.229406947184141
0.413651437457132	0.627386667633653
0.392523926812402	0.550366718813875
-0.0347969377504969	0.028688469211063
-0.213155742456813	0.183405856730848
-0.175078790745283	0.070700151847082
0.0268341466043903	0.0246136224198992
-0.337493331127183	0.409666116477838
-0.220597299656914	0.243597599906254
-0.154661794503369	0.203104254124178
-0.306820086834206	0.352431498667256
-0.138901719857081	0.146663216911273
-0.0610607337805216	0.0536704007154694
-0.255441253851661	0.297451795422106
-0.214553146203411	0.295492602513801
-0.122225982520303	0.144903572201408
-0.0972324106435432	0.104157210612494
0.444854779658255	0.62287963402987
0.138741388007801	0.162876003285421
-0.175300453161888	0.211079230030086
-0.133217708572572	0.143282546352184
-0.178314059190537	0.2107932023404
-0.417603271178549	0.488420673440916
-0.781617228462986	1.12218254887098
0.217071760840928	0.182504801246825
-0.16046674201201	0.133809924390897
0.351461408929878	0.356899785272845
-0.407434830773724	0.363376527802834
-0.27861354985067	0.154941872046351
-0.970564584475968	0.904067403672423
-0.0150280243120305	0.0109104781835828
0.206098913547963	0.195103170785532
-0.536658979721407	0.688580026869303
0.0590866089823657	0.0540216789565722
-0.340384804616001	0.422633438057621
0.156887449085049	0.163870793053901
-0.000860449413376384	0.000744032555239779
-0.248814824135489	0.314863795957358
0.250016901727163	0.278037930951462
-0.105526236773542	0.0893716184391079
1.26897557267564	2.39246729821132
0.17488043692424	0.216215523033558
-0.219243473647285	0.255941860847199
0.35261124183866	0.442495604673839
0.568118533600859	0.646293357404797
-0.139576245023908	0.104157465547734
-0.305574235218016	0.103823835220031
-1.80965058421643	1.51511769748967
0.0570683006241666	0.0596532984943401
0.295836956568885	0.26688915461579
-0.2702398431694	0.235143127022282
-1.06872569603695	1.52700949747569
-0.375908446566378	0.395205726332784
-0.561196084667278	0.688385346952245
-0.564316870764976	0.611198713042801
-0.370691790918823	0.30953222747968
-0.367453646177307	0.386814028507865
0.261561074962261	0.301516225256855
-0.480609412153118	0.456801159507564
-0.150611908475589	0.179353210706469
0.207448337320978	0.228942831833015
-0.315920806862535	0.31471773840576
0.560958873644085	0.569943893970136
-0.99942093385168	1.38995523349406
-0.390322152245208	0.406806810328048
0.290105836854359	0.2738326685249
-0.269998014610937	0.270298819460205
-0.165753429783455	0.175298367304056
-0.174431723227105	0.21928095629255
-0.425453492644257	0.61454304494771
-0.451610262064443	0.532314066935379
-0.996271165148224	2.12838837210166
-0.0473130639411619	0.0525068044550759
-0.114914609958363	0.138731909623171
-0.000586990357135064	0.000546193983810641
0.275072347422033	0.307172729649831
0.303783228771049	0.38508356633217
-0.00796860000056341	0.00488131239876386
0.0752378955376979	0.0424314065923544
0.895865107186393	1.03693306872607
-0.242329990817149	0.212197383166405
-0.699918520681857	0.622308464818828
0.37799635588982	0.459569193859665
-0.0336398835955774	0.0309693595264841
-0.254503493439012	0.202150122827308
0.0704368019874049	0.0558991264953631
0.699579103807612	0.805586995996601
0.0173363608721586	0.017937915957739
-0.334445930891418	0.50882353492949
0.117373209959128	0.138849347780608
-1.00325057676516	1.14087719326031
0.232100363034286	0.131351329084151
0.765900488909158	0.62379819393737
-0.00614663415171375	0.00376255456951395
-0.311628590057152	0.204853236335826
0.24895688171935	0.296248695760883
0.919958289873337	1.41964759330918
-0.159724373136809	0.0988325904622263
-0.0980370713475193	0.0508429741780088
1.2742400046027	1.084995528492
1.00958067213806	0.711634351072644
0.342122069583603	0.241475241393633
-0.250765282051013	0.219871918738367
-0.233845818556081	0.272412618134809
-0.149943735689296	0.192166343975374
-0.525344834211514	0.639881207896947
-0.0634080531128337	0.0866842867175027
-0.445122667388828	0.981216494248018
0.00559326810014893	0.00785595007077053
0.0637352310252336	0.0731695939248066
-0.384370741960767	0.4974229454826
-0.0350110238979799	0.031709162215785
-0.194094080862742	0.214699511229831
-0.0898324687302803	0.0608596395460375
0.522895478615471	0.368471848939247
-0.552790222897684	0.370412088111642
0.52188716015228	0.366113996932125
0.648045271432444	0.499460641150853
-0.0795718868070619	0.0679964454655008
0.221952748316183	0.167408635977505
-0.366059008080453	0.232952458010311
-0.207283068910752	0.124782748502215
0.331295689791154	0.213141793166703
-0.216263170003397	0.294503089225103
-0.621327669632215	1.28766095442892
-0.163034332685827	0.300401456967386
-0.960283935439604	2.35708039724964
0.157088495460368	0.198711780474076
0.650976614318825	0.774444648893633
-0.155747575178154	0.0970102567785453
0.441767721004971	0.353520435670166
0.104111469347817	0.0659913232836662
-1.15969738048055	1.58944267202785
-0.786364899718694	0.700164415987184
-0.00572124610694656	0.00354028787172175
0.0687130395328019	0.0253929334396525
-0.0344346417312327	0.0199742951133432
0.212159231638985	0.159644521958599
0.0179764157169612	0.0138459645958278
-0.0178937699796745	0.0179291956622087
-0.272150212045742	0.250535161558493
0.557087940698688	0.361268376713991
0.213025426309627	0.156063266658996
0.625977450980212	0.386298231965833
-1.16678442129838	1.3974199881338
0.312681830082159	0.248993371754903
1.00447269892125	1.39820047280192
0.171588012758709	0.185926809134713
-0.258177248400917	0.366027342689197
0.105483411726252	0.095245396704625
-0.00297471542229762	0.0034701690441405
-0.608425941657018	1.49825139355904
-0.462027799214931	1.09282392579937
0.155787926860688	0.188032621176553
0.137110266348584	0.155539032288562
-0.0207936490135898	0.0189002622109554
0.368997238223536	0.45163793070882
0.579578916390904	0.487022652920011
-0.107559920631014	0.0716814639051051
0.606518226376499	0.487971758104344
0.381275314793418	0.242752718937494
0.411520220973114	0.237751867917886
-0.329122682375128	0.346066142926396
0.0418453877602899	0.0297501775004005
0.608092094420549	0.483473398764338
0.464471063761282	0.456763763059296
0.933166616631299	1.02773889000593
0.525443505336478	1.03165800499636
-0.0521522872153686	0.0639884019848956
-0.161042673037306	0.262074063415507
-0.290413701003748	0.456811432887106
-0.304298426822982	0.504288585764303
0.0573946911593469	0.0535491209074708
-0.0276807468034959	0.022917242924647
-0.124829593919728	0.135711472988736
-0.0598877375047923	0.0576992038803961
0.1052213902659	0.101722753079238
-0.346755067465606	0.34754082248894
0.094188639443444	0.0934473509923946
0.2060921817271	0.203898782674839
-0.311264372946827	0.347557996071209
-0.299544242681326	0.381268505727304
-0.0192406640131604	0.017160347056906
-0.0545495807964894	0.0585945984662169
-0.35205120880787	0.486617502525679
-1.21558018792121	2.42302160796664
0.687769359127652	0.881102227539426
0.135006541027019	0.110792697299765
0.151864137010622	0.137880825724993
-0.375908116363484	0.427186125050553
-0.488930056706036	0.656216466565256
-0.126259491207434	0.136362299939583
-0.0968255694819924	0.105191344072913
-0.108006179786246	0.124285802367778
-0.180586981601273	0.188622558258676
-0.574573465379287	0.945116867515452
0.393649373027142	0.596383121691419
-0.283068394498772	0.423691394615748
0.145984050422856	0.169820479749339
0.314382298110814	0.361885816944002
-0.240568880332853	0.260250036189879
-0.343703236869843	0.365698413485313
0.774663975022004	1.26609357653988
0.139815045336209	0.124080457065729
-0.468285276154442	0.581921323600086
0.324434880935251	0.364197759423297
-0.616416375286019	0.847768061378459
-0.337105620586188	0.356676594560286
-0.297060362084166	0.320639868643181
0.00705181112827754	0.00620434427696929
0.389806820655909	0.442837142652454
0.725874234752182	1.38780469387791
-0.534748762114461	0.981023585505564
0.583407565114364	0.931596915385311
-0.173262156337447	0.17238655729943
0.0614089086050024	0.0586560247498342
-0.16211038238789	0.182454613564918
-0.365562052051408	0.500845634665671
-0.153462868047213	0.184987233641149
0.0570793622358118	0.0725138370645343
-0.591632180755802	1.13452929126358
-0.0567973151482866	0.0642365247195157
0.0946144329079854	0.115163458337943
-0.213198054339818	0.306340090035024
-0.501253202867882	0.851440065940944
-0.216926464752003	0.314151306294541
0.206544062295165	0.33308051208195
0.13741551983203	0.192374772496337
-0.0642823672459825	0.0757079570542097
-0.0768478440568974	0.103345671564181
-0.00947018853694964	0.0104033077779034
-0.199126607208289	0.255106674742515
-0.102029678597957	0.118173557483747
0.00622076012397063	0.00612148853497742
-0.225281822266242	0.200930392531127
0.687265626621341	0.712816907217106
-0.0254961932941799	0.0233845452652478
0.114509696017888	0.0798814119948844
-1.06904706667285	0.550371890159723
-1.43338494670371	1.15563749679032
-0.320699787439086	0.32377332011074
0.630109118299811	0.856665188378709
0.406256804979926	0.455489778285875
-0.207312087475746	0.203187236400324
-0.315212387692538	0.477992315499918
0.32324538867588	0.476215135316997
0.245591407313642	0.354507193981908
-0.0741571759414904	0.0922242882200993
0.571032586342851	1.05627161116009
0.219035523131509	0.244399453703599
-0.153275832257476	0.162395870469707
0.00920317306834307	0.0108831605796988
0.152156100830928	0.188887956368537
0.599333825284027	1.0037363047811
-0.37924720442435	0.45360276933578
0.0812754510002486	0.0694584889650469
0.268701833026147	0.127367355372765
0.979182181404	0.466195535374399
-0.485372616273294	0.338501916500873
-0.417176479015734	0.523267052758176
0.247269194024823	0.363132166497439
-0.328833055202572	0.397409288263773
-0.00500668629434256	0.00589786198904306
-0.420046097041634	0.67421988581099
0.195624755138623	0.267919082461227
-0.286991173393399	0.400506285769775
-0.253695257196492	0.351971787668797
-0.0655086705324814	0.0721801340547342
-0.302227146818074	0.524140272231572
-0.0130301537158092	0.0152068803017386
-0.190316196632641	0.252451798782035
-0.122357921430825	0.161884313174077
0.125433742896483	0.174313424887849
-0.0289678862491096	0.0313867388507251
-0.215824114351982	0.282248491391041
-0.141474510951007	0.162337772314791
0.186721300588883	0.245473469284107
0.330120386606876	0.341122833611586
0.288068481068106	0.275596533686145
-0.435410540030175	0.539635822156418
-0.781696204391733	0.87288131230621
0.0687845164902213	0.0312650437151473
-0.768881235888054	0.549512693486756
0.148961817408463	0.136524276093162
-0.141868063645567	0.132745522687537
-0.444780456822592	0.433247138344369
0.00685135288747035	0.00580266699277769
0.131571068274143	0.167738615025536
0.111018370736039	0.150316618278847
-0.0131327258253048	0.0149533848059959
-0.319309703325928	0.494424006713949
0.0510362204134252	0.0571832758858265
-0.131822282130407	0.153361621833865
0.148886769091516	0.19332676805644
-0.0682505367840269	0.0888623493837989
0.230484479867793	0.293969732146432
-0.17145626994586	0.180312977715631
-0.372579418993414	0.444274346183699
-0.137553223759294	0.116080899182541
-1.06196281767318	0.536465757277519
-0.233684747817672	0.0881977990616734
-0.87184861924943	0.749488460042146
0.519607375459915	0.804533145683677
-0.468922824766752	0.88567358684887
0.350415647098854	0.46965545667386
0.0930185790363486	0.113505710854429
-0.2765491434207	0.376235504680857
-0.162378101595292	0.192677921341358
-0.659336765997197	1.33325298441254
-0.334257123774858	0.443198684702201
-0.0411180046475774	0.0411641289737438
0.156394705935356	0.199730751184
0.218304874310555	0.258545695508297
-0.0604726283296464	0.0530958559159548
-0.174738005829588	0.218770214128395
-0.510373907719703	0.723741064186464
-0.451750979670702	0.648176952616202
-0.199540009686831	0.223484063825556
-0.300185828248354	0.362902104942239
-0.452383649290834	0.406646309926818
-0.0976001824774023	0.091051251044983
-0.245051853876283	0.280677654864209
-0.551488520065195	0.870933530997738
0.143334129682056	0.129114168753589
0.162741590345686	0.163839765208541
0.266676226079257	0.352869168973697
0.119877621997303	0.122004026299522
0.445347746940294	0.634883956158269
0.14865721173419	0.189405912769633
0.0892157235463377	0.100282684314983
-0.200410730400112	0.223916427177683
-0.753720894653185	1.47513393194773
0.451008526101758	0.630708678418948
0.416262022165741	0.628294832506746
-0.487618133665599	0.795242811958032
-0.0971726508538241	0.110695251399549
-0.0560635726783772	0.0593503553769908
0.271234486025189	0.268486180562198
-0.371673604687287	0.394094900756778
-0.364673965768046	0.408217776928265
0.415373110179966	0.536940719919138
-0.206075587786802	0.245383789579357
-0.0502181551332348	0.0496496539590452
-0.0533833302933472	0.0524363052276236
-0.0160598313841248	0.0149646608213228
-0.399790920155646	0.503869797027487
-0.277045061363274	0.400237590448088
0.0104150974422717	0.0103663716601037
-0.316400683556148	0.495330980292593
-0.065846737043095	0.0693599923177198
-0.2694075205304	0.332387101819387
-0.854402123133784	1.78561362003985
-0.246728394294046	0.282218120760575
-0.381563562519087	0.499686845486506
-0.411521113715272	0.514464494683053
0.232170602050213	0.279967510068183
-0.0277689285508137	0.0295149918701377
-0.246062629688122	0.313785893191082
0.0129526963279866	0.0138323160334358
0.134194447161127	0.143317233047797
0.198792069357942	0.264964400314932
-0.327791181346818	0.476825541030352
0.0803220434173205	0.0896131364846082
0.162373286722566	0.179024567049806
0.145917089900651	0.169578364679028
-0.0236320574147333	0.0239132662784255
0.187385254779246	0.210846856135544
0.531250432997462	0.949286394741209
-0.356681512776885	0.513869607217865
-0.107878391459677	0.108628347538703
-0.0698417831186312	0.0768475538109644
-0.0719648314981187	0.0764633281766045
-0.417468453505706	0.567438588248949
0.378409401264067	0.561403473842059
-0.0603430053368377	0.0643858964385485
0.26618115394983	0.347414585895515
-0.50253145119643	0.804615026909372
0.127409337036011	0.130768924162516
-0.354670837252053	0.423689672155472
-0.434139321758345	0.503431627881551
-0.407670347163669	0.533083261573155
-0.0627261489155857	0.0726872099751487
-0.180466732972617	0.188433121172681
-0.299753812377849	0.380909135588326
-0.823301222291827	1.4631294391522
-0.247623552704519	0.274390088145275
-0.0252254976797218	0.0273571569965047
-0.106563714546233	0.106995465295008
-0.143932011794446	0.162276105215932
-0.382333661394048	0.466666192077922
0.140475664014524	0.154118723755415
-0.540361245412935	0.737669772826316
-0.00476427993727773	0.00445266379989177
-1.58681010168237	3.76613550160899
-0.649229183588015	1.34345734321729
-0.585271753565279	0.906856482741173
0.085636869522829	0.100842707863585
0.29326445079698	0.372419827147182
0.0268930993721662	0.0302260088988021
-0.570206321504382	0.892122222898835
-0.0666122211740469	0.064295696430439
-0.219560368943189	0.228204268845674
-0.148066345254493	0.170860448198065
-0.134279067501994	0.146113419721272
0.855155868232394	1.36512928958495
-0.120417441864295	0.138783575044235
-0.326052568111938	0.41245098526295
0.0572961165226474	0.0590146475960554
-0.220799155609172	0.278262958245859
-0.00236406895648627	0.00222031520740412
0.646433264003151	1.06656976128311
0.276651395911176	0.362084165877385
0.171244812778186	0.177776486661344
-0.102640696952112	0.12318270115726
0.142478756294081	0.180948530688368
0.123116450155032	0.126749862366116
0.094763394929715	0.0970960755501917
-0.439519188242528	0.626982301052398
-0.347958418766766	0.503812159356309
-0.267054975017076	0.328073229878784
0.320251235123282	0.374172718313787
-0.130598462647936	0.130929795004327
0.803380573676492	1.31250336434497
-0.0568134602342762	0.0533732223143046
-0.41291207308006	0.665153271784387
-0.0160015874458838	0.0134193873985496
0.0947637268846019	0.0855628961847414
0.15862844190819	0.154058788304434
-0.205104986075285	0.229712406878983
-1.07792765155912	1.70144753617874
-0.187407975504049	0.238073519485788
-0.214134405779973	0.278906215609316
0.0548224979943959	0.0694834818559891
-0.152949089491008	0.199325306718744
0.319692351611883	0.488408663847289
0.146189925786395	0.158214306023271
-0.141561456748013	0.19615603102684
-0.306605822445307	0.485512712422359
0.0707376458976856	0.0791534112670388
0.187342074364394	0.226125094180234
-0.112277031953194	0.127645962218862
-0.853323185136761	1.36088283891428
0.414699122973606	0.443937142768997
-0.198399006037484	0.193235813040167
-0.429648440624549	0.558981226897029
-0.372942400720575	0.445870641592471
-0.0781574277626497	0.085453800298953
-0.417047870964266	0.528953712448797
0.212688619431234	0.220431968760633
0.0656528112439888	0.0605696560324274
-0.482766851909854	0.686457209141857
0.0982197896683486	0.128886259828425
-0.265902427712127	0.409109361620886
-0.202668416708597	0.271016043720853
-0.134444163648638	0.154636105068459
-0.312244872485181	0.453369092832608
-0.0809535000378795	0.0987884693082526
0.163957264835258	0.180017124874778
-0.127326105782766	0.177936100845283
-0.0171609345776728	0.0207770023871181
0.388911782994742	0.700881146570613
-0.436030698525856	0.60064801430901
-0.585872045585095	1.1445984651949
0.0872225969322905	0.100669237180745
-0.296108976251556	0.432627757931337
-0.220549588340304	0.298270117841567
-0.0917521360214558	0.107569366241571
-0.547813376639984	1.02162458463577
-0.831409040694555	1.37970672993943
-0.431367803968954	0.798704737598681
0.470761146965673	0.866317337666466
-0.0449863705837003	0.0501871926476203
-0.426536005115272	0.73833824780526
-0.02046219439713	0.0235369205523655
0.247799693340122	0.382207512569579
-0.162717878462422	0.173718188433851
-0.388670232046263	0.573162898065228
0.870006589392178	1.79870203167309
0.0160025832053339	0.015810516494934
-0.111252274497694	0.105744889337088
-0.62883581847969	0.912072601265804
0.542986139257461	0.573784532688098
-0.650796425985811	0.648967414687801
-0.471995480151975	0.643324204943002
-0.149737985445084	0.150574166839527
-0.181238501959099	0.17916673181634
0.320295768875325	0.356386093938084
-0.190287716735339	0.220416606859701
0.0417324807449726	0.041981471608081
0.184581835645506	0.239339163137974
-0.736134797062308	1.401259751301
-0.457549167664868	0.669557141464711
-0.00580324192468144	0.00535648642948931
-0.344921484399141	0.517598922304826
-0.634817482486672	1.24623530595593
-0.240714617652437	0.314315735782469
0.350199966021785	0.46534477369376
0.0355735510450787	0.0339615394372796
0.272688780466749	0.302428631336314
0.0237571886520535	0.015466765171834
-0.645567197541382	0.645790048217897
0.133127718416704	0.1063164505257
-0.606593760762396	0.790406980662461
-0.193120846706942	0.240412453038596
-0.697891851546705	0.95879197128714
-0.690143792294132	1.29684050828943
0.12844203094026	0.133652974072147
-0.0653807450826366	0.0580217366097474
-0.0636374133825041	0.0619679676267673
-0.0924095243066199	0.11948467716303
0.139352938909039	0.184810424549588
-0.179145693087273	0.30460149519975
-0.136890840556081	0.194509486899511
0.118505959610482	0.159082597137804
-0.30913171495471	0.582047849597901
-0.0352546146792992	0.0425068910701293
-0.403347072536966	0.62900797805122
0.0639245609121423	0.085173174507682
-0.161471613782454	0.189093843419836
-0.127594802521181	0.181306310573871
-0.331389641548658	0.570383691656112
0.125598700593766	0.165166309945528
-0.166156441251532	0.275352302653045
-0.497484137184056	1.18185241856074
0.210148775851473	0.367838794656529
-0.189483887442373	0.28265476219042
-0.251189916978689	0.333837670739942
0.00462345926947688	0.00488922354820193
0.164102296571983	0.171498670132352
-0.790895971914896	0.873209799173098
-0.122628133879442	0.104976298385876
0.129128088473472	0.0970554364557363
0.409182946642926	0.240666339495306
-0.633710774541473	0.57381532756671
-0.0194344748286832	0.0159373957640548
-0.276434485806754	0.297291747310822
-0.677034621384484	0.798799164604542
0.516178387497688	0.649401126808448
0.506087548814405	0.965023765789518
-0.499823717316187	1.00685461297224
0.363220782038231	0.67423104388616
0.0190753716709838	0.0238780384695687
0.248282266571232	0.413247133032804
-0.531550305423836	0.786406238714969
0.415841144257254	0.745401156841642
-0.378712169522722	0.648504879951644
-0.0861314606706752	0.115179832844603
-0.341744329711845	0.571618794792066
0.265526735170854	0.285796437366539
-1.26295822286088	1.87725175140045
0.314769152040265	0.133818195062034
0.697508130562462	0.516136785481354
-1.22291532213373	1.35075641506846
-0.174251028857889	0.143368423393773
0.174410466139018	0.211291113004557
-0.208181860874289	0.167413889126107
-0.603865889815309	0.994567444709813
0.0204154687118835	0.0195140927936976
0.124581133390665	0.123245678567376
-0.122202425569168	0.16463847812125
-0.082073331668436	0.1034014976828
-0.359341620761331	0.743190535592757
-0.206615085860043	0.326281967259951
-0.548609311672398	1.11025717428565
0.271522301786256	0.472631218413252
0.130657476085578	0.200237460782867
-0.155054449767084	0.216911935272039
-0.0709477431061057	0.10027290848258
-0.973939435649527	2.19235253521683
0.0335299227026882	0.0458102529625507
-0.418160869184633	0.861591421005389
0.00951917129118644	0.013185798918299
-0.21631311252354	0.30667600608712
-0.0490623912726687	0.0660580665603892
-0.655584953582054	1.66464035941231
-0.266248530821683	0.479206038276069
-0.195509578011533	0.325312189885686
0.0345001003167372	0.0418173120704492
-0.166960393703858	0.234315453801536
-0.444784715591051	0.664053851221562
0.412630016992357	0.431841908356775
-0.1596282855402	0.133090870229005
-0.164346545712294	0.171371497286333
0.13097585542404	0.0966826063697597
-0.874704908724989	0.49380959534223
0.0654756547495254	0.0269776679867034
-0.859889179820872	0.881662747986113
-0.232274145546224	0.24052662034216
0.215809967002817	0.231603598414075
-0.0832436738034405	0.080491183423922
0.319898691923059	0.516272374882609
-0.0479336686073211	0.0593792771835207
-0.0799287831316826	0.111320256914253
-0.120669001607166	0.182868738471697
-0.506827840695453	1.0616627857173
-0.294533553397172	0.374573185058859
-0.17945852042519	0.256196694314141
-0.309983525285724	0.537623926895103
-0.0175934814827896	0.0208699966883446
0.373973950793619	0.612888799185019
-0.773989975156991	1.27621915546746
0.149819685539024	0.130005512373743
2.663248078439	1.61411217643507
0.224545334478014	0.124605937881556
1.16618992831951	1.41266475319638
-0.823806967930646	1.14873726868624
-0.708170940081079	1.13570026810862
0.0502477189002486	0.0356797218698896
0.161963727528202	0.181129002291503
-0.00252337856053436	0.00233438292442988
-0.298495651761274	0.302539171723289
0.0402745347560071	0.0416289683082009
-0.399094923634877	0.6134666977039
0.106690503081037	0.123181754346166
0.160726957053214	0.241676393614925
0.262856613226217	0.414250367224884
0.0606698375131023	0.0736528751943733
0.0112984235225149	0.0145256240841648
-0.310751670021995	0.576765660618792
-0.641711403476919	1.35518236481203
-0.20444298931726	0.312230436602535
-0.52570360048657	0.795205012846378
-0.265038641076357	0.456304228574336
0.0903355563222268	0.133302582202605
0.0159747021862612	0.0183649340264435
-0.241258443325137	0.355530764045219
-0.161106507866048	0.239380193332113
-0.298355779574225	0.547468480742154
-0.15623649159877	0.218526625423966
-0.211779526674837	0.317763212227599
0.220563665135019	0.309833791281593
-0.548185589624618	0.89380982291809
-0.188254149890854	0.185871898017923
-0.902072857436332	1.21208178340731
0.260561410392961	0.32050448577517
0.212760045954238	0.140242166803507
0.694873533670334	0.501531102838228
0.0759370860604764	0.0403798268413101
-0.6546759185357	0.822411566140532
-0.202725951681459	0.210455893062547
0.166897357675501	0.169215268691324
0.072685279641435	0.0584344792759876
-0.242746613278688	0.358404585741966
0.197615813188923	0.301255263852147
-0.0287259422439298	0.0346802197357785
0.117328873848235	0.16024669094458
-0.21933052052637	0.364512039918107
-0.0527176555622189	0.0549756816454158
0.266484478116116	0.376368334476407
-0.512165496925439	1.04522382032929
-0.514750555976207	0.989236999372495
0.559562857314614	1.05889302589991
0.584759150830394	0.753718488831384
-0.897652361652457	1.20974393620017
0.814295421899139	0.426449645832079
0.652002007242787	0.504031886195283
-1.35825188809651	1.82500170397654
-0.788058614340666	0.916756914013262
-0.412060208593486	0.51346033999296
-0.642873270263053	0.803933918646918
0.0694692647195751	0.0755875808789592
0.392346214085117	0.548585566758398
-0.974790198429252	1.44901403706043
-0.193397880622692	0.20105303119287
-0.102150981222206	0.0955406201853117
-0.0411836027608221	0.0331912224696112
-1.91509982604354	1.22684471150241
0.019440713766774	0.0246789980264667
-0.0185487535048908	0.0224128706272733
-0.227266736324158	0.333030072735335
0.0415363536310844	0.0611525984122508
0.114260954160917	0.15678316171553
0.241129605090243	0.406880274463377
-0.055660830201888	0.0757950554941605
-0.217651130752803	0.342749255243065
-0.00506848590330916	0.0059708923981516
-0.54971969906926	1.17542109448446
-0.282223829007572	0.522041532081307
-0.104754579229745	0.121587927066636
-0.460165408665953	0.881263603676587
-0.473688886455476	0.904555987935464
-0.126345060489383	0.17760691593364
-0.407065881147216	0.884953841839573
0.0262484046897152	0.032563648200635
-0.145878520992697	0.198290963350394
0.00470998572068618	0.00494137595392773
-0.295720928166558	0.318720530291755
-0.519497660669726	0.562081152299028
-0.164376257652137	0.175402524200286
-0.8513444845394	0.96684905153909
2.83548560947734	1.82841997567108
-1.4861135585712	1.97286936847321
-0.981787485953771	1.70031495794275
-0.079885316754601	0.0777109623309188
-0.128309235788815	0.129893965983793
0.270995882537929	0.326079027584728
-0.265671666404621	0.423293377211233
0.131782845144192	0.17279627102652
0.0398311403412063	0.047736177114439
-0.0160182508836824	0.0193596898193194
-0.261557476371312	0.422285174167948
0.0893189278687988	0.105399722579325
0.0548500798495217	0.0709787277370568
-0.0144200646296396	0.0166564363842074
-0.197626885970998	0.296069244413101
0.106829366079913	0.120880843421435
-0.328277935450257	0.394389070381023
-0.540562912344885	0.717469013691033
0.229165019553335	0.12954461492761
-0.482959191216561	0.211506849276716
-0.543715409245083	0.552160735908664
-0.400878085477537	0.445500576435061
-0.410304461408636	0.539187443419238
0.490470124430662	0.443884027734558
-0.721535482769859	1.17346348973809
-0.33981863939186	0.430216315256031
-0.199184238424952	0.192442582347783
-0.382979736342579	0.525917055521184
0.406979384925579	0.546276837947685
0.0261772617426012	0.0209220375292967
-0.369845942892079	0.309871277338599
-1.18024961147122	0.813985293426061
-0.786867104864574	0.632615042339692
-0.339298797504531	0.586008378843018
-0.0985762205891592	0.126340197013286
-0.22699125800651	0.293647584938149
-0.293345880014708	0.425819398651366
-0.131297380013327	0.158626179584512
-0.118751790599479	0.167889754045234
-0.224381336159638	0.382813564881695
0.169460529016966	0.256208607872282
0.44534639490463	0.857078306604024
-0.0736991787494238	0.0988908669028178
-0.202302322389838	0.285340316949016
-0.131770968449171	0.173360099503033
-0.28844663689749	0.419664719420631
-0.117119508257388	0.159526315267683
-0.270388039964564	0.412840507222095
-0.00428498369900728	0.00519060837501251
0.379232816923311	0.615493063294677
-0.459967560590449	0.928150266995879
-0.174936035276912	0.250703834366277
-0.215583008877958	0.301945713417665
-0.210513785270186	0.195270138690098
-0.254544618678838	0.313177792572313
0.109563286469677	0.0733017213664335
0.220979700438839	0.141037783643389
-1.14741197952037	1.17440951709637
-0.595028602878652	0.832483134133418
0.661057528456849	0.877308106819278
-0.372922962641327	0.365483152869857
-0.216415452598606	0.257282644412111
-0.0641567219260215	0.0764526476021416
0.205612132217221	0.299428874652967
0.609624160767133	1.41800886119251
-0.278073063746988	0.476481510181864
-0.173780272115305	0.254695710124156
-0.259494780661721	0.280986824620275
-0.216055415681954	0.290140597305275
-0.455219079098537	0.830107588672027
0.0926437123436133	0.106182096032502
0.472078350037904	0.761637979652583
0.0413306194193202	0.0349924598968969
-0.180714391444991	0.164133469783447
0.066488956077155	0.0327465324205275
-0.694917182688172	0.577469042308683
-0.0218725799316866	0.0159373136766007
0.150572086504455	0.118682171296428
-0.432530751258837	0.641382225862738
-0.126735680703346	0.0961031582590293
0.86487090787974	1.819020241144
-0.12665605231421	0.115952770248679
-0.19530022978638	0.206686733100638
0.21326261232348	0.250626161968176
-0.507273942337196	0.763695969632221
-0.392212978567323	0.402070247364222
-0.997021782219226	1.12953870864111
-0.872517473304122	0.492628537695723
-0.0234952477668733	0.0253546138703029
-0.698635841044136	1.5809871286724
0.397117632425214	0.547337866444933
-0.147011746963034	0.178113644956029
-0.376313396532567	0.511758283438357
0.32556237446518	0.557352615408408
-0.0350351299633385	0.0413421871092754
-0.140479543374904	0.193121272257467
0.241047904517462	0.336613622436809
0.21722511850349	0.316160317814952
-0.0254871851988702	0.0291404870867387
-0.318403166387263	0.554103322546734
-0.112233578669555	0.137378682593018
-0.100210587345744	0.131962954030993
0.0148784420022136	0.0174069325100732
-0.525740576183548	1.00947403073761
-0.205288034116214	0.240688348874019
-0.590183964410233	0.67102138228089
1.25621939702553	1.21122024784773
-0.48727564915963	0.346857602301172
-0.752759160282485	1.22481350407291
-0.0787536511322156	0.0693464981663426
-0.0893633163140249	0.0792619101619098
-0.312415959183444	0.356285821446364
-0.00523625708804918	0.00603044406228528
-0.212275806179481	0.291823906154735
-0.0567525123640627	0.069892863731371
0.0502182450078666	0.0622935007913148
-0.319595443329054	0.525532749104374
-0.381782497571654	0.581899538988033
-0.214923181806255	0.264095909406207
0.150138266403917	0.184831538214815
0.287211901485793	0.409736729632627
-0.270809865078257	0.361811833289111
-0.0288322046192857	0.0288305058921012
-0.968979307755054	1.45805878024867
-0.397285494047999	0.188855967513598
1.14749603589081	1.01904197434955
-0.542978430879897	0.555573916648786
1.13274946893359	2.0180165023613
0.420522596521707	0.621241102264001
0.00825414395591004	0.00523072149097973
-0.0967591594584321	0.104974347715606
0.819321769716648	1.31561016286105
0.541099060967236	0.749326843208012
0.529855432753759	0.881428129948902
0.0799298509336576	0.081218158355011
0.426556588923637	0.433883197880343
-0.884589098243909	0.697178606661788
-0.607478506574057	0.514430791951385
-0.891731370617674	0.694604608352479
-0.229427410561092	0.370604161301633
0.0458359628988324	0.0581381837640139
-0.610112426776649	1.08224475036056
0.0707560163198147	0.0926075216404748
-0.0889364768782783	0.104266266354839
-0.506072130483767	1.02643613061822
-0.358094912821854	0.576617284920407
0.475269379788388	0.922647816989742
-0.0638434888195819	0.0836468218215274
-0.020222378838756	0.0229380142445913
-0.293435968868848	0.41177099050085
-0.0711285730110217	0.101475515787212
-0.307450313300693	0.579511594832693
-0.167044718084095	0.229540562903105
-0.00939074682110712	0.010803971450848
-0.0925842398466626	0.112825175850513
0.0563776238030774	0.0718118492558361
-0.506590450918196	1.16966682700709
-0.410524377254121	0.369551348415813
-0.389152369237534	0.458409818496014
0.385715529953935	0.349340175915168
-0.428400999188509	0.261804808312197
-0.26219552879947	0.206130598895817
0.623838622082054	0.768538877340733
-0.529359547982213	0.667292226970302
0.00904886595351614	0.00795821282788962
0.340246624622145	0.478405142310061
0.545195073296086	1.10391801112041
0.222746182313386	0.329402555316284
-0.216412467965614	0.34314111402359
0.299119184290412	0.526931781185069
0.198722663497698	0.310584999331371
0.0513678177082975	0.0578987057668875
0.232105296243922	0.350145042508022
0.324702491634761	0.532276103944603
0.252128686948516	0.340522431106233
-0.128737539717835	0.154763879676043
-0.0987466382881215	0.0999793735289368
-0.532366772920551	0.606840312525942
0.0941265147482878	0.0566304135030675
-0.381898885372961	0.314831703640772
0.295176921134864	0.262650523171707
0.05865090099449	0.0524489056262611
-0.253044840803046	0.325322482024699
-0.400138075800312	0.379183838698711
-0.143291110251756	0.18485231894094
-0.302089193394287	0.403942330064876
-0.02336153175385	0.0214060386545276
0.160286894706501	0.166427234702113
-0.167982022018314	0.175982755841961
0.104120061178465	0.0999193942345267
-0.174124894499493	0.107989181093493
0.0561775438546523	0.0253754788196797
-0.667513011299455	0.498470993927667
-0.853440821857992	0.393789324166191
-0.0534347076484336	0.0602849893558518
0.0794751906491187	0.0797960686947834
0.289428951992584	0.441575146666333
-0.147792451515364	0.1678397125608
0.369954410277183	0.653379008955751
-0.251950017444318	0.344508210861365
0.482648367912657	0.876916771265132
-0.044377928768317	0.0528749950551661
0.150379438321683	0.19103061460659
-0.0689474600563492	0.0820051178632546
-0.804889053612583	1.74631621469941
-0.274273492073482	0.300536674651487
-0.179829931545652	0.191277624005109
0.573646977066104	0.73340923855451
-0.235121318442337	0.167356798550625
0.24639585140598	0.126765186790559
0.6785449211113	0.615214406973173
-0.753679706921712	1.06296994116054
-0.0939171606234168	0.0963122142648798
0.039231765537128	0.0340463097985865
-0.0441272556953148	0.0401240058559708
0.186164006554959	0.227822274448063
-0.0774461850255777	0.0840332144391729
-0.391903906981947	0.649745101935837
0.00145369207271332	0.00167865332353275
-0.27447499103779	0.355481528290642
-0.30562404165761	0.392133048327268
-0.674907281638239	1.29314835650218
-0.0132011374339025	0.0145538465455837
0.473327630631134	0.842575359753322
-0.362698580459784	0.515840476102001
0.398617371114365	0.531066266707627
-0.244288202595736	0.257317292370391
-0.044442305562952	0.0252527241254772
0.868797984272555	0.789754580628796
-0.0617876843969612	0.0420505273006086
0.0798968739657158	0.0662624263213933
0.0923100843043215	0.0918020020977433
-0.356506088860164	0.369169031222739
0.174165151018854	0.1882315565636
0.290116305815167	0.342824234624543
0.317578650724416	0.37300684645592
1.16227906610612	2.48268973323383
0.684012883384421	1.17731747655738
-0.603915120758738	0.768420770827217
-0.714239568936503	0.746936894285192
-0.691318552088422	0.577007828110598
-0.0718038373167013	0.0398077267902982
-0.881032200429449	0.583675080140504
-0.117825131128651	0.137077918774277
-0.198508679793284	0.236829388116571
-0.657779716449274	1.17640396352371
-0.123665991752022	0.143576708510942
-0.323787181366078	0.464458525725054
-0.388086399384222	0.53655531692823
-0.128459846221705	0.180910147422114
-0.782720404407801	1.43878610134994
-0.223100351592118	0.234165845098408
-0.485741163266437	0.561484056531327
-0.182881751445866	0.179659300105944
-0.78630105950521	0.919088631364033
0.941185941814201	0.826272372155145
-0.158678294990023	0.0993293600301527
0.509188770080158	0.605204770613825
-0.378551138565112	0.420759498123593
-0.171175382684992	0.157082857859139
0.0415217004077239	0.04041819366056
-0.640080810190918	1.14554172771937
0.625359836507541	1.32352521467387
0.401711722839858	0.720059431195889
-0.0890633696695666	0.106027794951519
0.403230487001797	0.614411427388713
0.204868644940288	0.240704087821538
-0.0397951256705492	0.0447816623658307
0.46226872510487	0.855606740728399
-0.200519040039186	0.251269568628976
-0.115101291069625	0.123428810758003
-0.0724718395564041	0.0642426860922507
0.00853257060602988	0.00665074637883381
0.0710566045585601	0.0350456638281787
-0.871401407029817	0.746230560549133
-0.210614835781951	0.171707334422643
0.977390869082757	1.46083099873766
0.623318238340124	0.929964985881408
0.298590927562595	0.278245083762631
0.629942933884428	0.931868707297015
-0.0919029321467117	0.0937479932984566
0.921344584271876	1.30190454714071
-0.0286966883803221	0.026342397749051
0.415809093132249	0.63404958123017
-0.480771422575444	0.562523960839631
-0.626417446917312	0.576699444995099
0.41499261191153	0.246065400356764
-0.151851146205174	0.0685400182033199
-0.495361880965562	0.436247772466808
-0.0290170104004677	0.0314256943451678
0.0232845977500377	0.0291279612161011
-0.235695602820846	0.243283411024415
-0.338488221271255	0.288864362005942
-0.0674559862468029	0.04693368751438
0.117242141682486	0.0865553000358092
-0.246155983483892	0.27187815030027
0.0346981326070098	0.0298171654294551
-0.266612964948196	0.290391522804309
0.276904838681231	0.296313383764387
-0.00393944878937755	0.00452093392672996
-0.617606845664888	1.20582677064221
-0.248145401104837	0.396514645804162
-0.039038858232241	0.0481254061674007
0.409260257918061	0.774186232199007
-0.313399597047172	0.397400050881405
0.459379382673197	0.852930991684581
0.292942132454488	0.528858814621655
0.310287241094082	0.476280434841938
0.0490283958911598	0.0550270812245207
-0.209095320363952	0.221060426973477
0.323764045042598	0.34709265290436
-0.327603959947544	0.167379821692748
1.14906535117105	0.90289349824015
-0.616468834684461	0.530062408602104
0.20175624288503	0.179908187339597
0.77600502971165	1.46997863460835
-0.73390006481475	0.821297962076738
0.0379796879353201	0.0399161488761062
0.0193779325884707	0.0174239658390086
0.552317040214583	0.642154751479065
0.250400491583631	0.328162290090682
0.813458636100833	1.59575733444536
0.139651607994276	0.11491810646992
-0.200214082907891	0.120594888630931
1.44326687337621	1.572410733291
1.01976676492209	0.717659608113627
-0.420007257505328	0.259213659215555
0.740632215172043	1.50217448443787
0.0627484984053035	0.0656048188329078
-0.306203576729863	0.285718967355604
-0.73919429638913	0.951549770875883
-0.260399544146903	0.206977381728656
0.2174749615709	0.138597473558626
0.314595665477328	0.25470977517267
0.39853621567377	0.447596764825975
0.150461130319619	0.135473238336393
0.159306797915918	0.154042771980759
0.390871780434468	0.537402154006298
-0.324030567398783	0.4451679274168
0.381786295822402	0.635378727439737
-0.499526174663823	0.939732871152467
0.732336667013828	1.82352847535489
-0.459029872340017	0.838880621438042
-0.146897318075108	0.159510840819575
-0.0209234395843891	0.0226887106449592
-0.0167798785691379	0.0198125814081053
-0.39903870403184	0.683918651019723
-0.216380104540141	0.300987353578895
-0.108384776738012	0.111400162597257
-0.149287894528754	0.149240255653043
0.227588068327316	0.127636346108614
-0.136764260286188	0.0878841712505894
-0.155295786930749	0.114832310254596
0.506732834221307	0.646271514040286
-0.849619130418154	1.54208728756532
-0.601277603148448	0.75709665748279
0.206807474546796	0.231671803370178
-0.325165418591742	0.472607991532666
0.282103151508415	0.267190629197353
0.294077707342281	0.409390163463183
0.0895625603355743	0.0947117212360648
-0.169059196324335	0.167475564204931
-0.542488941016424	0.553445889864254
0.47934937977237	0.352420817650759
-0.239846265066563	0.139897985850799
-0.0467345046990589	0.0268632533983548
-0.163847201748822	0.206822468231169
-0.0481544575325665	0.0543336589963587
0.00944874058528736	0.0093227215391721
0.0732462757832773	0.0927146228489751
-0.595643129882141	0.932895618009042
-0.383057733319677	0.474357890118188
-0.43986534240216	0.541446486565213
-1.06426186283622	1.92333049982871
-0.210914458087259	0.198749882039682
-0.0527985619365058	0.037198238389068
-0.0160196491650153	0.0146604874885791
-0.0659912538942153	0.0650561370279842
0.36003813287635	0.480602830616118
-0.300392873216058	0.398498068723413
0.294199555033565	0.405587931351208
0.107150386644649	0.123243507474355
0.310420665567611	0.521867407973087
-0.155088134394234	0.197728778300719
-0.0353247123398829	0.0349455193563328
0.268003472105784	0.337271965986459
0.778233652472178	1.68421936030616
-0.118055998618544	0.158133231178625
-0.0534948560961747	0.0584205685704999
0.18563689495274	0.209357436401543
0.524182662849439	0.715282338596975
0.434221900485736	0.527883007299138
0.224262613144742	0.171569294598766
0.219961973073347	0.172652803466593
0.475076123573523	0.507791567867213
1.36889101630885	2.08354132253788
-0.0443815029974739	0.046954367436303
-1.21557156141955	1.74509792333047
0.0063661193784749	0.0059725446525194
0.504022723327567	0.730255696509405
-0.300529176704494	0.340251253879338
0.726757778835967	1.57272187763554
-0.0757672612573807	0.0825072276134527
-0.405927463946079	0.542758288851263
-0.368972396693437	0.366189959472108
-0.303365037163865	0.257792573906545
-0.882009982290434	0.687568375339736
-0.415105700051762	0.296769357056487
-0.0869708853067013	0.100126351009452
0.160606530526619	0.206286895534604
-0.210238895966828	0.256756697205091
-0.107705860982445	0.136166774551012
-0.780699138208504	1.74227569472682
-0.395447064370019	0.612325182695133
-0.224258494787714	0.231776279175233
-0.351107728126413	0.479374442269762
-0.347883675860294	0.371161560598124
0.653106384803898	0.787893864826242
-0.241777942987448	0.209849136575504
-0.477665288232252	0.651369438037353
0.208422566471826	0.21160253600798
0.308234659297663	0.388824383014132
0.62641701380735	1.32156479864915
0.103092512123996	0.125893479755249
0.0977641590083599	0.107379113165675
0.322068253543154	0.509457102193766
-0.0870147099252035	0.102910482825557
-0.5212359559118	0.917469007666946
-0.2981072719752	0.381097982706889
0.632153896793165	1.19678860638928
0.163591283675001	0.212678106382232
-0.0495815315537	0.0586050438278333
0.346410923156607	0.47171922484001
-0.00332339839110198	0.00332997094578562
0.541624922892802	0.729419301286006
-0.854645829755445	0.924493639094738
0.210000638312942	0.158447157273501
0.211568109350182	0.225382999637639
0.272038925632163	0.298849198633828
0.390432838195968	0.555369833851629
-0.23446487370634	0.243393329434883
-0.250969022819409	0.341512534680717
0.337707061515814	0.36578587902063
0.274888141091251	0.344338413617927
0.0788835392238465	0.0889013740344897
0.131199646542033	0.14298093489444
-0.0839270859079559	0.0741499260627891
-0.129183980116121	0.110437154884281
0.213850069612249	0.205751342837306
0.0120327028614455	0.00933557704886424
-0.292051187751007	0.228392677909208
-0.140013929808938	0.1904363230966
-0.775310816177852	1.34918073810818
0.0827259263684654	0.10529204176367
-0.00171377861064663	0.00158053348536132
0.414321043801509	0.832780780671948
-0.100260720044539	0.127165712574695
-0.0861241193459888	0.104884767316102
-0.907105383948783	1.55644194042179
-0.542575319277584	0.628066163204541
0.644090492899454	0.502323752525706
0.352499129455519	0.346777739619947
0.0324006579545634	0.0267735638207606
0.270492005519185	0.325205006418382
0.73114955329003	1.0115723952798
0.391018696506066	0.55928882040583
0.136896051928813	0.18888469725428
0.655246262950207	1.44303938335985
0.358569504589343	0.557322171146263
0.75738551592512	2.02546570568382
-0.108280283296068	0.139292407620247
0.293166801844543	0.413495731062095
-0.140116902633348	0.166403608857269
-0.444730050270085	0.752916065990147
-0.00825024201879224	0.00962029239256609
0.0429812213299364	0.0508359532540079
-0.388880441720114	0.569119685516593
0.0131387680499692	0.0102419993894576
0.819117693094877	0.648430865972513
-0.322543968269216	0.246875411348283
-0.272567959155782	0.237601536729113
0.075150427561795	0.063713674532975
0.0888874361479238	0.103902344661987
-0.0719307951863755	0.0638066418774336
0.246197041749488	0.309165488016623
0.359375771476822	0.435327169693661
0.0501104841198732	0.0428651088204289
0.129374393236305	0.155986162153974
0.362184592339077	0.486742668173255
-0.268135101781957	0.271523158866777
-0.371283984488122	0.340195658460057
-1.51623299131679	1.54927915059574
1.37354352611067	0.820378088658208
-0.232980694012189	0.164883035553147
-0.135306544759926	0.18607324841504
-0.166310191198744	0.238877438195115
-0.222080687350234	0.258553241282622
-0.259817730258672	0.410648242015897
-0.0370892095281387	0.0394636381149291
-0.271472679517638	0.5048199559566
-0.135940822811051	0.17964584536078
-0.283119174884209	0.418560276476974
-0.509836621543582	0.674016648541727
-0.510066826730683	0.389782971060721
-0.345314962532291	0.318216812253673
0.00292478209588621	0.00242963631275873
-0.0159920359746045	0.0147192215349283
0.217643923942107	0.250760775137165
-0.254307158378462	0.328462238179047
0.081547286510218	0.0935335151213214
0.270009927451778	0.439705836234629
-0.36783745663644	0.676066386112968
-0.120152565749565	0.162630520980127
-0.303214184659746	0.49465647878695
-0.466577699123704	0.790875367388873
-0.440862158132987	0.735550350096163
-0.160798993966664	0.228917000583683
0.417433204426872	0.677834394264681
0.0116335004292137	0.0123995439664684
0.635611161897882	1.18425871578424
-0.433336424017027	0.45373826227012
-0.118574527416674	0.0575534104754118
-0.317228778294981	0.213507928668919
-0.779764909664411	0.755553842323532
-0.736361720160292	0.961632118736908
0.170323671278928	0.186363153586635
-0.356155878350499	0.429053242676712
-0.0635430260397655	0.0657155344144071
-0.917335528261056	1.95718651905489
-0.297064119377754	0.321246510410343
0.028819716254932	0.0262326531421926
-0.0953075029752234	0.103806120662336
0.0994112599050469	0.0896996208602712
-0.369005315253611	0.347983360134954
-0.46758781599097	0.376657052214944
-0.00542599111492992	0.00311042051622992
1.26133906823606	1.31450739570656
0.0842775870798075	0.0915618969782016
0.0649868300399756	0.0711022349033261
-0.133727017820544	0.154672280937664
-0.50678543220578	0.905383632764416
0.166035424461856	0.176127263980766
0.0121780890012781	0.0148804935912991
0.125481497344756	0.162447594836165
-0.0319039280430636	0.035077778885523
-0.377271210799036	0.375809096286008
-0.407134073135471	0.499657484658307
-0.232699441438964	0.134758661339923
-0.551145509177741	0.560944154703964
-0.141603334020991	0.120342170550918
-0.154757185171516	0.143680055429299
0.166179895705686	0.175403750833488
0.585908310546289	1.07152519244144
-0.10308073992855	0.129239443890974
0.583832347602834	1.06970415350079
0.109694552916779	0.148895940977854
0.400136298961425	0.633099398424618
0.027327614367334	0.0252416533537744
0.101059188121179	0.108821532811644
-0.0413955645402172	0.0455965828772188
-0.164137231756287	0.17563842645849
0.0794297236117059	0.0806424127374276
0.0915991930389612	0.0800851326675756
-0.074802026400596	0.05905158035136
1.37654565547217	0.831618007327342
0.0623359196395135	0.0326690058886016
0.416058004737386	0.341386765236517
-0.516768881558846	0.526600591843238
0.556129262615312	0.746781494451133
-0.0137315904812931	0.00995607486202702
0.0209284883184059	0.0192689005351022
0.219654160012496	0.246399472324444
-0.0587117009943618	0.0526066399145276
0.721198128011105	1.26644994428311
0.218850544975751	0.233829145682798
0.7308871150658	1.01617081611894
-0.225898567627926	0.156851778774981
-1.18085727724691	1.13949166889229
0.063966631536499	0.026598679730122
1.6911755084535	1.90742901223058
-0.279720611708689	0.303772789049244
-0.627102494102841	0.969715789664952
0.178995320671548	0.210108627090375
-0.23037388191562	0.338163040219878
0.875457843261044	2.11977773405922
-0.0247026747420599	0.0262796273321255
-0.728692227424574	0.900537976293931
-0.225833024677412	0.200336028098074
0.0949145410565096	0.085065725090868
0.648760241924948	0.955651934951358
-0.17914100019324	0.223428052387595
-0.161172792904218	0.181838985811867
-0.0749921380329596	0.0928818502351873
0.387361892663953	0.648609576946627
0.694121442049765	1.20535112817407
-0.42387151442781	0.607974415644524
0.222817723474679	0.290621501296194
0.568086665711509	0.959629171122861
-0.00730114863774312	0.00735434560648149
-0.0138943180986281	0.0129515971635532
0.151793165655013	0.14783683091498
-0.319169602412966	0.319660109687585
1.48890618509472	0.732535322921108
-0.274491594112695	0.1500004727675
0.000321358474831724	0.000267008668726417
-0.0681869260798834	0.0473594936423294
0.164383659167088	0.174327881585115
0.417474274979487	0.450573343825613
0.131327470593053	0.140812200874163
0.146823845258564	0.127708025892858
-0.0513019958722281	0.0416519415490405
0.541737322703955	0.742193667699801
-0.176239137802279	0.184526046055208
0.283340451108649	0.267150531960402
0.633684858408297	0.583500353908606
-1.61370788674734	1.75257115766578
0.250006459334071	0.130746623766176
0.0672560248021579	0.0333270105514851
-0.11036196467226	0.12095380040053
-0.269621905300999	0.364695508311174
-0.1298619589568	0.165330687005025
-0.0773526034415507	0.0806085390673292
0.254155310236791	0.363125945586223
0.147453150742842	0.172246982688283
-0.199051096244624	0.262647655814439
-0.527366306730706	0.802108375744606
-0.186975428640738	0.197485396446033
-0.285002391279231	0.268010426163142
-0.869328249346458	0.834516788031707
-1.09965183923312	1.25311811859616
-0.356478658587916	0.43057221074997
-0.0955195419122108	0.0992985291039188
-0.125357767020378	0.123157450483154
-0.544193180265955	0.861823896476184
-0.178664385808219	0.214630212866526
0.00538046487729582	0.00562055828371724
-0.227485752809157	0.294870959466682
0.222036699205702	0.285910394718894
0.576863342072725	0.832549894772304
0.0139067518264234	0.0125110174311876
0.0885210818411714	0.107981391781856
0.198875515672067	0.284580921738494
-0.337909980867032	0.490810893449203
-0.720647339380312	1.34789354506125
0.0993287536527742	0.0901540304742525
1.56305444938276	1.35417215197587
0.996521300576858	1.08444812696876
0.086665389063984	0.0741981059231019
-0.780603221902501	1.20549267774707
-0.197747382478298	0.221450414586371
-0.507164548381691	0.581418947069395
-0.463875679439808	0.7738855344291
-0.0560787789746306	0.0547721516864799
-0.614503470144705	1.24583425032593
-0.225118463963566	0.248245314084441
-0.203352971231911	0.199154359068724
-0.967016044637078	1.23560825738668
-0.0279689771737101	0.0162863822013467
-0.145441607457667	0.108996303175872
-0.527546640402279	0.41655667502944
-0.0153011952533555	0.0176546942878123
-0.296013444627507	0.357823620098038
0.12448572015869	0.129185301399428
-0.451879322870927	0.77180994974691
-0.655113382889715	0.87295532265929
-0.577106131372592	0.862827724528337
-0.486026886281142	0.787456145964417
-0.645139188555613	1.16000614875139
-0.49143821918084	0.933625478817556
-0.494959663300146	0.732275318782791
0.0244314775323659	0.0245096272986218
-0.506782401597936	0.8628743574944
-0.284027270263596	0.340499012464352
0.0474519859330407	0.0484392437822907
-0.527387816779405	0.729562720018261
0.16433544205052	0.169497292473107
0.0306155170204152	0.0346893974687606
-0.922160830202098	1.31907964727803
-0.489608019593266	0.716208694734868
-0.130589637599782	0.121269518925586
-0.172192464105196	0.191895184633357
0.314610033961448	0.504507646924061
-0.265758533557571	0.3905360164996
0.101361762861746	0.095396652654399
-0.355982574112339	0.404323270590229
0.00826304021269645	0.00725853864305769
0.141210193162442	0.164733383038882
0.461126022721518	0.71562595660454
0.390567705428786	0.558743122437009
-0.432658626415854	0.67910228136338
0.040264869955809	0.0379134238636255
-0.178739549667376	0.193643104478646
-0.122528053019053	0.114060254613433
-0.442805633548378	0.391358610602923
0.229440554557842	0.318130739948657
-0.55190596692843	0.997389880361722
0.618533226373941	0.991134148205249
-0.560991146505882	1.06999585109197
0.0466902345653407	0.0489784869530071
-0.192211437308864	0.225498043046909
0.442570024391069	0.708901192914127
-0.0836392481281081	0.090731297747723
-1.06926773113171	2.39184485208919
-0.249574233533197	0.294775701051616
-0.311501292969926	0.419872092265943
-0.622345397576231	1.05628776919218
-0.346099061108492	0.344594324195869
-0.599105975645902	0.861752009129625
-0.578177088443904	0.996823525122044
-0.447837060284967	0.723214300559335
-0.311200108123312	0.43747990018874
-0.243318568230652	0.300675168888938
-0.355704397166848	0.493590551296838
-0.577410952834815	1.01435615087881
0.190163868003851	0.253232134879715
0.336476142446314	0.47051821454065
-0.507165499427714	0.516501239461997
-1.02645141032584	1.361458759833
0.55531968010671	0.80574005810203
0.622793039760649	1.11253237693647
0.456658313053834	0.805079274986374
-0.0490368532276551	0.0507310368268906
0.392204203900515	0.569668527142562
0.00688526610843682	0.00679779410980802
-0.442046660951705	0.830254640485127
-0.57261522277816	1.06879791889136
-0.14890770472173	0.164370717055497
-0.727116503593573	0.850159171917884
-0.202907237816031	0.16520228819079
-0.195533240232857	0.172376213646125
0.216675271085674	0.158836528748965
0.0919697946289073	0.0995889197848105
-0.0143297084483629	0.0146756585806953
0.101626495376252	0.139084267550047
-0.0322963726785392	0.0390845634909805
0.146523925407716	0.189457417751523
0.0831681797715273	0.0991379888765737
-0.200173434022332	0.270918219883686
-0.135644957947729	0.157866013911128
-0.106091481746412	0.116400684228134
0.364807641086861	0.352726998322486
0.468742047704914	0.456695957641608
-0.108655517901041	0.0905466886049222
-0.373714864492636	0.392612981095022
-0.280514786966871	0.284991610271666
-0.221325078909066	0.279181084162608
-0.522422115697076	0.852958901919504
-0.264980979289539	0.35899378443595
-0.414109069606881	0.637130691642804
0.632353535350986	0.892218159069478
0.026982462516521	0.0178646100383776
0.605428945993822	0.492655272926591
-0.14649589283902	0.0664736288496287
0.738454712368002	0.835395827137615
-0.311530579273458	0.207137191445938
0.0828614592340173	0.0709027352974991
0.0284031267255778	0.0227135430736149
0.273070721836971	0.293674639683661
0.109726609039937	0.103110651207419
-0.332995266515784	0.254377486155691
-0.517896733874294	0.408588189589963
-0.0987222895587819	0.0514299981850213
-1.54659342952238	1.37130097565348
0.306474165503897	0.349658337680008
-0.0902513773219521	0.0991296269400452
-0.277849736541861	0.352929247369344
0.126480204958828	0.156025599106849
-0.414047123842433	0.680792044580527
-0.187220369930122	0.283292166920904
-0.831293777744246	1.73221706695934
0.155864926094339	0.206378517519145
-0.112608664755833	0.112960554319618
-0.114410099201861	0.155585070265072
-0.177061111677109	0.245860316770206
-0.567786106985168	0.742053825409873
0.695447641139284	0.714584449376249
-0.491836084344608	0.661582143905355
-0.669969666523706	0.495619160110893
-0.400002232809982	0.449245119482272
-0.175784832561162	0.221617273814176
-0.554259242785728	0.925180139447889
-0.200277346133407	0.208798133862504
0.59280438011626	0.818338890717941
-0.196154576230047	0.175194347931724
-0.282087597114486	0.155803035135005
0.565432668379403	0.371355180784059
0.774439201415488	0.85132424536719
0.149680485083384	0.130614863439734
0.221346250699408	0.266732831239701
-0.196239078306256	0.175632781373806
-0.262973244152629	0.286276797569658
-0.135324989608993	0.134423138970144
-0.0562427647984465	0.0458482877348382
-0.115423193097827	0.108629634800111
-0.246710655114444	0.269702673002712
-0.309482919355746	0.20494036740689
-0.288656517207273	0.155910496617784
-1.03974344455378	0.657603059775208
-0.991856803328439	0.840670060441977
0.115077252940803	0.134439152303432
-0.199408343533908	0.277640386141671
-0.0552398297373972	0.0586371085197345
0.118173431331496	0.152601136823045
-0.23590659747394	0.31794392113648
-0.107749818649234	0.136829787455213
-0.240627696741931	0.343774611521169
-0.265660814733935	0.380381275802442
-0.435651051705025	0.67625236647865
-0.605613438023393	1.2926021785979
-0.209175180575125	0.204421860841764
-0.0990555190622271	0.0858401510920094
-0.702054494481749	1.04797427610067
-1.31450984784102	2.42095758373691
-0.378395594002177	0.377015773635248
-0.179150353683543	0.224399789113208
-0.289032674133022	0.314633936596334
-0.522580476917143	0.568308120034197
-1.36339818726857	0.65294216962778
0.024872060757189	0.0164387013330398
-0.233434929908573	0.188004107145841
-0.100274865579866	0.0768256659806584
0.166879317491445	0.167588969022804
0.0211316832774025	0.0140058082082299
-0.136047187175616	0.138322009996669
-0.179708701627839	0.160169412718431
-0.438314474158544	0.591463418893365
-0.0683047431059989	0.0606479622819244
-1.26750304885507	1.26458225708009
-0.771067057423888	0.548205904739789
-2.12702546186392	2.74280992289356
-0.375470188787341	0.534155125160564
-0.660178587116491	0.703161213356105
-0.206746070952764	0.2641014952816
-0.0658439267445976	0.0686369070346998
0.0303652408275826	0.0352935276049285
-0.204531597738797	0.279738861078296
-0.0548639210157471	0.0703510026909057
0.0810440480002822	0.0978749112412333
0.0714735501823933	0.0772792528720837
-0.448686917514848	0.85814453099431
-0.356797508908109	0.597231417902174
-0.144741439443449	0.166581141663385
-0.0949401575435462	0.0827537200453237
-0.545357460307063	0.800986391107035
-0.908364044196594	1.10157616371238
-0.3218760479086	0.21449237030365
-0.783552178942233	1.30781492511137
-0.018852625957758	0.0135864782628148
-1.0891137096436	1.88402422003514
-0.231290081885677	0.250022349395495
-0.232842656133119	0.288209657921592
-0.152977441895024	0.128816169591422
-0.086099959884354	0.0579993002869067
-0.200846391539318	0.163923998223968
-0.527674686791115	0.80258307103584
-0.346513591857861	0.369672844742348
-0.186298919444753	0.170236351185404
0.0217702145598769	0.0196101002031362
-0.572739850414031	0.310451508384207
-0.0136473225275102	0.00827831085359266
-0.27902659638261	0.486646626334937
-0.327038554835641	0.475817206881814
-0.0335313888338118	0.0401378798191854
-0.288146406813742	0.415412884433141
-0.992352693679014	1.74691957103766
0.531953514591725	1.09168607458464
-0.0942965769234551	0.104894465487075
0.392675251641739	0.768228772089477
-0.234023818476016	0.365331952165979
0.0675966484450182	0.0843327803753537
0.0172129941798945	0.0189041759546553
-0.103291161053294	0.144532354283154
-0.228682555681931	0.294633366854159
-0.145663429674863	0.201739876473316
-0.039763495341371	0.0481746070758725
-0.424057754203802	0.781440357105281
-0.15324554500561	0.192925257111484
-0.789437950744125	1.13260173019415
-0.324835100723253	0.441002362736247
-0.1573438868177	0.131719373193855
0.492618312290158	0.621372139618057
-0.158537535456442	0.158321057351913
-0.169052994017752	0.167521607921074
-0.295403746997034	0.378451888450534
-0.256920793863207	0.28034385291279
-0.341417209610828	0.290862748959875
0.0728943755061715	0.0357038525741509
-0.551322366151609	0.48078640112648
0.108772042874893	0.0673884218257819
-0.327122519484559	0.461798851857518
-0.475152898282112	0.452103806185402
-0.0455435699668604	0.0487324624471436
-0.350676897768757	0.3743153197688
-0.353966175532206	0.630137790945179
-0.128178561935137	0.161402450510317
-0.40308963655838	0.625997140258253
-0.250461713920024	0.339480041726057
-0.241789846386807	0.329724265268954
0.132381775112578	0.18636265022946
-0.219432657114197	0.32194120946746
-0.403432946529203	0.758808135562151
-0.0369724966099429	0.0442427822534059
0.083834789979708	0.111790953122108
-0.822186784597721	1.55609206095158
-0.0956253420668146	0.125718296760797
0.866448700058582	2.38733431018093
0.414780167289053	0.774372270690212
-0.413398779270323	0.788706787436387
-0.511804769566242	0.909769479960662
-0.454227779652986	0.792538583370775
-0.107249964851573	0.146491373228199
-0.465326910073334	0.874931103889073
-0.231263428696545	0.321173188296558
-0.236123232158179	0.190353824904448
-0.109845787530556	0.0940893623670032
0.359773822263341	0.435649530010488
-0.48063521426198	0.561314178830458
0.0584469013609546	0.0551072148386271
-0.0400768552313743	0.045603674481511
-0.0986175921294322	0.121322727852664
-0.202197550267361	0.146328683845422
-0.422973655579931	0.259938058841299
-0.55623809706583	0.379254273283231
-0.360243258693407	0.670798391836244
-0.458534535634856	0.645288457526467
-0.410206780016708	0.363957384106217
-0.273202729903019	0.294420391910937
-0.126550532558188	0.106389555157619
-0.0449655083807501	0.048129438315914
-0.198029946252083	0.255175965437932
-0.715681175591074	1.39783352849601
-0.821626520761874	1.69603344623374
-0.963706340118853	1.95552695636544
-0.543898291824176	0.864471278731315
0.069498638934402	0.0848623970051912
0.101282179488331	0.12818774084386
-0.370338727243975	0.521403278175104
-0.378249818958897	0.670886043149734
-0.0839430811348833	0.0929355634512316
-0.0633265308166786	0.0698835501451547
-0.00393926788066832	0.00372028450410862
-0.0434986071827579	0.0514695205575562
-0.391523874543418	0.674813697547899
0.217829088690037	0.316731315815452
-0.142701284075452	0.161847931755555
0.0148932786665382	0.0152837963041966
-0.154048195004931	0.203566550351738
-0.174021959583205	0.236161636446956
-0.0266633544264329	0.0278777026107694
0.213962346106253	0.267983579922484
-0.223707864668992	0.200104195600533
-0.650096030956938	0.853676916865491
-0.190376851652211	0.114536270841878
0.295295796269079	0.274944288097298
-0.639963961834051	0.758858010019611
-0.182053677987156	0.164228127917705
-0.747093031323268	1.1255754600306
-0.31409856346865	0.490750841951487
-0.19545893132699	0.258190946812162
-0.228190941373898	0.159945949785447
-0.366245790445249	0.239034019474736
0.0715011865555584	0.0384501238357909
-1.09589491735068	0.989282813818861
-0.83432873292174	2.03978140623859
-0.442314719785671	0.654220861981261
-0.457561227907643	0.405294395715273
-0.0514160846463748	0.0408175080373767
-0.702046860304494	1.31027064993755
-0.579645308576081	0.984141973867138
-0.280488862994449	0.463736633309106
-0.244620077647524	0.365790756393892
0.0146848422068505	0.0157195511056504
0.0240753735397201	0.0309405964074569
-0.600182263883045	1.0139797444498
-0.156499926761896	0.226344479321019
-0.0195617648281899	0.0224468491432129
-0.0941734510394039	0.1097506313834
-0.276840823781104	0.378137292046609
0.0748688408297744	0.0934846612939971
-0.116082663325472	0.143533918046499
0.722724610333469	1.35397027422483
-0.143288813034009	0.165018457242877
-0.00892021720414353	0.0066384458824314
-0.240284015626816	0.229838742962567
-0.677237850844056	1.05130060622195
-0.241441407296735	0.208183763992754
-0.126378850742523	0.119467115285787
-0.365721690795175	0.431520647847362
0.281206092776377	0.316578235793263
-0.0227992449666177	0.0245443040465599
-0.270103047417064	0.288013513840218
0.3244686279331	0.247893686114838
0.526093317335727	0.3623707220631
-0.282877459914561	0.156588264084015
-1.02078743478731	0.754239512154696
-0.291784068294153	0.47033482185017
-0.317716106689452	0.609289479367569
-0.445626450086512	0.900741453692375
-0.264357281297099	0.44904373655811
-0.0568460732383782	0.060631255104229
0.558418433035752	1.01033602186942
0.0529559512332484	0.0567058389395124
-0.412976471205264	0.554437577791601
-0.300120768417328	0.399747104869616
-0.432495225722963	0.750415157026793
-0.622683892605899	0.982472865325097
-0.227110808928984	0.396626218779387
0.012318257621473	0.0149553984170928
-1.21257685819799	2.92091904005684
0.21673041471171	0.326836961108095
-0.0806830364423135	0.095552508072347
-0.257439733096163	0.345396929460703
-0.253276006743083	0.326086324174632
-0.232824975557258	0.314931164304791
0.0929766863519397	0.109342410661458
0.122063917227674	0.185914793711311
0.163050550840489	0.232388728962271
-0.547477878047759	1.05151739953289
-0.193844857387823	0.278724011934676
-0.185886576593224	0.238127331881595
0.134468421941916	0.180063068914596
-0.126405445220884	0.129561142862945
-0.265735916163024	0.404542195076041
-0.127537496382256	0.143953796288404
-0.884184620985912	1.60694084258919
-0.507612700425397	0.691003464372676
0.225796554290281	0.220943830325312
-0.726564169851526	0.895999168892551
-0.898354716376966	2.40540893492387
-0.536344595147819	1.08719498836862
-0.314552843844603	0.459047372280612
0.0725786343071707	0.104585781335145
-0.813304504495133	1.9598351983832
-0.257986413547295	0.394265958724025
-0.254034682444553	0.443568681822604
-0.430286139693813	0.752444681624201
-0.475560890704347	0.881121939884946
0.0761146447819973	0.091815948273744
-0.379046382330703	0.665589608176663
0.148721521207766	0.22623066364724
0.0780347072193558	0.109772621788254
-0.441257960720421	0.87044033431695
0.330235396022536	0.479602620135568
-0.0807527764672394	0.0946222331256764
-0.490270168341865	0.638632559250373
0.0643687120451032	0.0600532225803134
-0.0830892187877343	0.0775831283118563
-1.13539407768798	1.42207278254014
-0.350251512326146	0.351645675441844
-0.118052188348736	0.119540652343941
0.652231642119147	1.28630902164168
0.0410354446831681	0.0497577641127966
-0.116247552884638	0.118063301207804
-0.25309636517838	0.344094635222658
-0.328121727759799	0.331329432814176
-0.779090888449265	0.75271782479689
-1.18071797377155	0.827287573808564
-0.879899526793354	0.592687482908914
-0.00992599443488297	0.00596650724924076
-0.719038408976902	1.47034395199671
-0.370678733606166	0.67148051029623
-0.282620120248884	0.436206687077971
-0.351462110313799	0.566837733636115
-0.527112465086628	1.05761089974341
0.115275536329417	0.129295223715264
0.071515711407514	0.0804535872438086
0.157428082366474	0.219448088388539
0.0917561750295213	0.118159320321748
-0.166886111064789	0.223865139767722
0.272746275962539	0.426398222730572
-0.300076814398962	0.452309490752269
0.0954334471784908	0.103679075219996
-0.329258035379286	0.370147027095615
-0.599654502427024	0.727802653769836
-0.297435073199516	0.337952485853456
-0.632941508659472	0.589103763978928
-0.595287851011144	0.455735767600739
-0.425332912435383	0.437708863333549
0.372281840222959	0.42301212680412
0.134693422178654	0.107661490203913
0.446064550450353	0.860255895712465
0.0275622934857457	0.0290667127625201
-0.198378807777285	0.232038847204554
-0.367236035348709	0.410105786767435
-0.766535581366335	0.553398254030788
-0.311080579639714	0.207074089306543
-0.437903972850756	0.673190403313143
-0.820151769232858	2.03269427253826
-0.263007445914263	0.457968603631132
-0.451917543251332	0.857800422466822
-0.310385775014828	0.502981315703836
0.167487378480903	0.249084206847599
0.115374645308723	0.16388042572667
-0.336960033252401	0.662619728885414
-0.123585755835293	0.178190844650545
-0.523607714958012	1.0397316367043
-0.510110847159573	0.89997700629375
-0.28520308620366	0.445681077009826
-0.394784713302395	0.413365512483207
-0.414622314475154	0.477872715735492
-0.0698539029942667	0.067032605591491
-0.518901835459396	0.491158223760405
-1.03972810485314	0.645258069978051
-0.223648168646596	0.199323219181012
-0.17363131733467	0.172922122788537
0.339037802077198	0.428066048646292
0.446969239700549	0.677126128389629
0.0186759119141359	0.0206157107650004
-0.0815940411001331	0.106507021194201
-0.274355700385389	0.149427313446422
-0.318924484404803	0.212521453305528
-2.11695693267724	2.16005091230201
-0.33188588478882	0.698095339272908
-0.603728495378519	1.47738920800688
-0.474635988045911	1.11352449255734
-0.211137306930265	0.314426599993844
-0.531213690433438	0.650616631597338
-1.30822000376245	4.25111189814965
-0.134648833233367	0.194919586685384
-0.405670346166964	0.829136591030885
-0.51788333841261	0.998954030747176
-0.269692062416738	0.426397282432014
-0.255661015696969	0.419727422724831
-0.297762782260888	0.539854019252517
-0.0346201584304146	0.0450655792897571
-0.245726407750717	0.367631375184117
-0.0802239452480052	0.0962514905562641
0.210441313408411	0.228197128116077
-0.148817432054018	0.154541112772299
0.0612551364833725	0.0559843840277514
0.00349782585772161	0.00228677457223734
-0.281595609755997	0.152577766975328
-0.154913054408449	0.128035547944442
-0.108036295800668	0.110950358227589
-0.250265511598862	0.290218426078264
0.0415045741711853	0.0408082479253298
-0.374656564850321	0.655523784087757
-0.0346584056287013	0.0440435557912804
-0.320278163275735	0.214380036006683
-0.887265386125762	0.696294456877068
-0.363576926453124	0.234191225957377
-0.407114478981399	0.757367905235786
-0.214044580231143	0.385610763460837
-0.00553051699066496	0.00735833670166574
-0.452671349790163	0.99280874806612
-0.932170776973142	2.1591919269669
-0.781250641757459	0.959581497795079
-0.756057032920144	1.99720885604742
-0.381092886003406	0.665247502875821
-0.685136722989339	1.42707687872539
-0.182828495209429	0.199765472877799
-0.289706961413098	0.455129565983405
-0.165015789360081	0.244423532630757
-0.125864755769728	0.167402078361973
-0.322722821419484	0.485463356358635
0.0171664433271748	0.0140111412545913
-0.620760686551696	0.702074865651204
0.0804040694210381	0.0772320643421484
-0.0342559063627489	0.0246108333848053
-0.996944464287264	0.83888029609074
0.486033345195574	0.359895201491537
-0.462505883061806	0.506157878333664
-0.152385452151389	0.140696337347092
-0.206354062223083	0.186693857616176
-0.17638163283808	0.185964430703622
-0.333633707377734	0.478847494599646
0.0263342902682618	0.0294528910748065
-0.380894566568904	0.611781532265298
-0.342672304374403	0.605526097102587
-0.971256186477118	0.913989755181709
-0.197195005266556	0.120838306551846
-0.273770852201368	0.149315408351996
-0.668350751409405	1.66281397198443
-0.386976044755468	0.776033224560203
-0.716130305657448	1.35194945061613
-1.15967664144081	2.42391864210977
-0.0621303128201436	0.061300147402075
-0.726534499383307	1.42717900543663
-0.527130226801075	0.77657965896884
-0.572623363029813	0.936839184481582
-0.353896673848931	0.445663276586654
-0.655517009976006	1.48544344530756
-0.503769055514655	0.873917021338607
-0.442407185278272	0.657291155503471
-0.38778697076625	0.505015939214347
-0.2160295911645	0.266866960341146
-0.578895096404866	0.668010811445199
-0.0564188144457506	0.0504114194201088
-0.610955848306361	0.768523941560225
0.015314384870997	0.0118936484612491
0.0786334739510704	0.0416857605030588
-0.264821390511386	0.180394745173181
-0.705673456268611	0.966464932921
0.127484888672858	0.129929613591932
-0.329901314770235	0.394533135578243
-0.438536689386957	0.577018868160598
0.0113606447187597	0.0122773368495581
0.141425851953796	0.166865709345723
-0.142229525885182	0.163859731875563
-0.379491276473098	0.313454141234468
-0.035259706240048	0.0207381608620053
-1.13729143286568	0.91726971737164
-0.879204632004465	0.758401043279754
-0.2087033254631	0.322202794079064
-0.459343779247825	1.29922302776302
-0.116817071873276	0.118525357094899
-0.369245149634753	0.386972930659115
0.0941828651704017	0.141996297752878
-0.781732697100688	1.16065163095315
-0.716129975903528	0.75593588931771
-0.122405060473522	0.122552513413968
-0.61530665629191	0.932402787884529
-0.177488759651898	0.239059459841919
-0.361171424020315	0.739018386582856
-0.49803438664219	1.13445742832606
-0.117161512773086	0.169324582333582
-0.186666768098345	0.385543856298842
-0.0985970957558845	0.151485960077829
-0.198906702131345	0.287991536093457
-0.119297345473967	0.151819385202583
-0.144611799594075	0.196734837209371
-0.0543430231192735	0.0440483529391952
-0.590695935809233	1.43762867037088
-0.497925478609374	1.19661841624644
-0.375837602979061	0.588315602746762
0.0753800947944131	0.0596500032426693
-0.41816533636372	0.551478438601866
-0.325448850657708	0.350112688750786
-0.285664787175664	0.492215083200035
-0.144672581918441	0.252270100534334
-0.435746079700986	0.929751936061537
-0.260081738223323	0.444183198879899
-0.494152292909195	0.543981836717248
-0.94111831670063	1.34977137860315
-0.163791130104257	0.137014582441198
-0.407282879296665	0.82949809199477
-0.54160870719654	0.61781393989548
-1.14284864098529	1.78292560121306
0.0193016856642292	0.017382168612892
-0.340473713103171	0.628772865598416
-0.550233332805997	1.07720042560043
0.040535850144695	0.0545274771417023
-0.392359454881505	0.816274096550324
-0.366298002292255	0.698981355684505
-0.683692410860264	1.11424728257493
0.0234195557928556	0.0273596790533597
-0.0755804880354029	0.0968026861149267
-0.574680516911084	1.29140150971314
-0.535398505624026	0.9577665586444
-0.220922794115916	0.303314996144381
-0.412363333329711	0.538129158627955
-0.296225498138822	0.394599888533379
-0.547698782783454	1.1426473667775
-0.293211993827819	0.658193542370242
-0.189266914156891	0.310015350238576
-0.411897471874834	0.927613877826395
-0.202132808158357	0.181019538332276
-0.128700859658571	0.117769772095265
-0.340691686817287	0.405620995315591
-0.421166380691298	0.554615516007929
-0.0530845755290879	0.0430695050485843
-0.166609249607449	0.27129320986659
-0.115323387822838	0.167766960330739
-0.392606450061436	0.936307890666641
-0.0523939399956918	0.0723503935295981
-0.533801318139173	1.04150247964456
0.0957389050153123	0.126130928250598
0.145450442897796	0.12352498283164
-0.560711294954568	0.936346180815976
-0.126166329596765	0.192848156058029
-0.108788715306506	0.206844520780447
-0.309646277662176	0.67597606745504
-0.291364148059697	0.567220758856788
-0.143913026257625	0.132798017135205
-0.751179425408942	1.20974288074249
-0.931042660135816	1.60720487842
-0.126881210432584	0.127825714968841
-0.229134579621133	0.232726813246741
-0.223117321447856	0.355594858090458
-0.241718566530182	0.372132452903674
-0.159918751980067	0.275591158241814
-0.25247421244072	0.329141804629765
-0.272530648653277	0.529337928089621
-0.222908463215212	0.317864722491932
-0.216006771404686	0.34654230593433
0.27792422775307	0.425105090880798
0.316960114041748	0.385797404407297
-0.531189567603016	1.07740144008439
-0.426604396885595	0.733541401502436
-0.459521702160811	0.895222186998123
-0.487381102800176	0.77476760237924
0.251909238946124	0.337734095577872
-0.465797246495374	0.712324080725833
-0.20216161253317	0.249472970429173
-0.887728274454218	1.66511571972531
-0.628642066813805	0.921961032465878
-0.632899843630114	0.975558792023609
-0.178499358161702	0.208161021913432
-0.225061907176627	0.247298973242108
-0.181674755433692	0.196351383332808
-0.226138406179757	0.262099829114136
-0.275876218781365	0.364073176801575
-0.0829178706986533	0.0789802724957143
-0.267613692854322	0.319544673837633
-0.518832706886011	0.841913221234976
-0.706979755192379	1.48551110091782
-0.784173921895504	0.81492590801337
-0.203353361063284	0.14717041678409
-0.237415904230495	0.389430718276411
-0.308183690249715	0.470295039618749
0.299600929418985	0.253446058012621
-0.701236684493772	1.07798855136
-1.35683953075481	1.85988766336196
-0.370730854521356	0.630210166273484
-0.0285886987652493	0.0340730977643321
-0.530425759379198	0.996525686689401
-0.705826909329689	1.08323772510398
-0.110654732927338	0.0714560173752794
-0.132379259101892	0.108952671429936
-0.13187401312766	0.110764696490349
-0.0116941222218335	0.00974411104562476
-0.292434527069951	0.409730681887179
-0.163018015535181	0.209380049241224
-0.239797944322348	0.342059212595077
-0.743900210035793	0.447303323099059
-0.437592392355623	0.426584552054484
-0.0476382805402367	0.0432777579665898
-0.176814144747597	0.206674255111899
0.36397907711386	0.534791546061297
-0.270483414960702	0.296197535938841
-0.636471981428025	0.621354396382812
-0.556617646111768	0.382376217764758
-1.24204376812479	1.09665504570734
0.220314590126561	0.133474786764641
-0.419641062938689	0.888780754496946
-0.778148429714771	1.61110132608763
-0.495623329977662	0.786257720797328
0.210305236927117	0.18671483266145
-0.336277107544139	0.495259527963995
-0.330871135754128	0.606037002419597
-0.54013231717195	0.786769574761602
-1.35291047501045	1.44978703666356
-0.171439311168137	0.126599118635589
-0.322610609688794	0.346701461965978
-0.145115950819223	0.153670223166741
0.524157636804834	0.721189797276999
-0.417036265284995	0.612803547539487
-0.0621484717697942	0.0779357931174669
-0.108450096342273	0.146170320173819
-0.0773891506122292	0.0855467146028868
-0.382937748184612	0.617278785639016
-0.537046675008154	1.0846360148224
0.0696598222808479	0.0887831634492127
0.0432805083750208	0.0472219656632937
-0.781570895266076	1.39549544366528
-0.0890776421223512	0.0461217300589863
-0.186864393275271	0.154199506498794
-0.106606804539519	0.0934174562877805
-0.195979466035455	0.257894041873749
-0.516307252739375	0.873754266736639
-0.0175677891977256	0.0163652188359149
0.0676180079526964	0.0801618493384543
0.0130826128203332	0.0144707421325887
-0.079816151639081	0.0701432414749266
-0.746656466387037	0.920951563249253
-0.0388554344871472	0.0218922260246494
0.69469800712508	0.513494784553996
-0.48903859620293	0.347489258716431
-0.302558390040108	0.386476774407503
-0.378861004994269	0.418897718676632
-0.928884674922714	2.41068267301014
-0.340011316661744	0.609772111951587
-0.675716456862541	1.08301883665698
-0.569124011391339	0.724308420553903
-0.451515058552672	0.586558643098483
-0.536518701590283	0.614013694250799
-0.00521973207049439	0.00324634574900663
0.592806014474899	0.468492882476853
0.060721912424794	0.0554278465008155
0.458476926477763	0.539784069291373
-0.145425690633857	0.157386442840239
-0.304622265101382	0.391100181265917
-0.235293383023416	0.372328695072301
-0.417384994936739	0.789581158591202
-0.13734537051146	0.171762431542395
-0.00923791895049435	0.00930032011144759
-0.0638575260478619	0.0835684328544643
0.407586706956852	0.764835854106725
0.387678082904394	0.706632967544244
-0.562966544838018	0.962787340433978
-0.0778025923461815	0.0811599614747928
-0.667647661183617	0.99384770430548
0.213054757576335	0.134673153511529
-0.305636796376217	0.198473541663928
0.466689177923118	0.452977235354401
-0.344860568657214	0.360389778724182
-0.0567891422400123	0.0629599660422989
-0.777294770408179	1.00611577268179
-0.0775378941227553	0.087573243798193
-0.271973134392245	0.3068563902969
-0.111203204404335	0.125769460117979
-0.946019758413488	0.953254151202727
-0.671156003776608	0.492862784364496
-1.03755688887717	0.651241725941024
-0.427340790205898	0.263871894954368
-0.748180712396865	1.635304474133
-0.407179830120342	0.806241948275108
-0.414897762676346	0.761670230798831
-1.09264244761985	2.46382482512285
-0.135346667060101	0.124890087862486
-0.610583353116486	1.0653360550257
0.526164983869259	0.567076296760071
-0.197499376379657	0.140645297878068
-0.187629828295406	0.131466187413834
0.358780958432276	0.458443012211386
-0.364504426489184	0.477866529071458
0.206041442385116	0.193922489581497
-0.143514750158703	0.155082733854514
-0.194280934705416	0.286802113559449
-0.318287882033831	0.512361836360129
-0.131676960825521	0.1719406844322
0.236208281970159	0.383121424501572
0.415607999721729	0.740150317359786
0.187017180397548	0.232920518380797
-0.047673283264873	0.0538778282140484
-0.185563757659051	0.282138039431142
0.232249327319741	0.35135641725708
0.137987084818792	0.161825487959715
-0.390890104057403	0.467482989658449
0.0507657341027028	0.0451145951402697
1.14869253141166	1.13825663483452
0.330027845913351	0.241338080739393
0.531769903001919	0.653424550193528
-0.48090449061709	0.621765492272318
-0.309002435727225	0.405532389793769
-1.19132361038053	1.15320702343032
-0.4336330678298	0.672788697771314
-0.623428793787917	1.36104418980963
-0.0685365225461903	0.0763194933061757
-0.480340710318307	0.680709495139459
-0.326458874281261	0.513563479640456
-0.465104768559962	0.744527367510463
-0.293658728258965	0.331746656584454
-0.505911592736852	0.583375212815293
0.112229043099603	0.111271678369757
-0.407739640113246	0.386811472660443
-1.17812512396396	0.817020142058628
0.218904572585801	0.166185190217506
-0.819426400432317	1.40117809932196
0.0274447673624758	0.0223098348245076
-0.35786795319784	0.401168376606332
0.716052288166411	1.19417326143704
-0.10729340088026	0.117035753575416
1.12280822983705	2.82142699246994
0.599541226030762	1.16680247206998
-0.0981136144570515	0.133618542823473
-0.155203330597067	0.204411062859086
-0.23701541340805	0.301302433159691
-0.342502405266059	0.555883061443855
-0.781898065905475	1.6532298428712
0.116665779099607	0.155476001184275
-0.0147199727872811	0.0135870671429532
0.304839950008029	0.366965171020676
0.221497925960986	0.243339471214462
0.229856074188199	0.1298001381758
-1.6884686123219	1.29789991573328
-0.251184501351448	0.218037287927184
-0.0794211185693201	0.0741080070589178
-0.245496065455716	0.251281376244964
-0.108252977668207	0.127324358316901
-0.638909511917845	0.627231747763739
-1.14423935530821	0.911749941850929
-1.43883535399149	1.45709613960773
0.358990396165275	0.241660726870168
-0.662107687098981	0.925091528456569
-0.606078045310124	1.28839074972367
-0.128900758665797	0.169695362578933
-1.00562143902746	2.38801543026742
-0.626207931971366	1.08078877787166
-0.483668009203199	0.807473025419945
-0.177720284382049	0.22008371527014
-0.121176889041534	0.12175050569813
-0.249800205523306	0.274546524431813
0.0753606886307089	0.0737427168838186
-0.0421286077935261	0.0299310486744715
-0.427541537763034	0.261737204511431
0.101434658976893	0.0650178709396467
-0.614676837566247	0.844348452383806
0.379455969443228	0.438930295530406
-0.320004574409825	0.339903638072317
0.123611807666128	0.130231284467649
-0.434491248495126	0.73440104053033
-0.393883150156489	0.665402009391137
-0.0362795769985142	0.0435050212425639
0.546261123311894	1.18386237696516
-0.107931652281071	0.146839811377283
0.318413355430189	0.386146571961177
0.19113844229522	0.252381921571178
-0.150937782699097	0.203381127694445
-0.159862422483207	0.218975876459695
-0.0207551544840758	0.022224053077461
-0.0292332091200355	0.0268803971608501
0.0157356803736265	0.0121909366724792
-0.144313283775169	0.0653993612407619
-0.0520500061575625	0.0368869951890904
-0.89294453978995	1.26382722975428
-0.182229312887238	0.132058680386896
0.440850670558003	0.35214410749704
-1.23898848285956	1.07564996636746
-0.426531717306831	0.519152454970443
-0.432379679571145	0.64050321133474
-0.842386254526067	2.30293550270531
-0.100948585548231	0.126316032943316
-0.404000529454595	0.52389280621823
-0.472256145905045	0.50495549018758
-1.73490313530809	1.70156034201664
-0.0687935585742244	0.0374582380865778
0.0723018659045121	0.0686192271430895
0.00741682435637939	0.00624960383142017
0.446879147293357	0.533615427256287
0.56260445058395	0.889671617406812
0.365157985318123	0.545670276517034
-0.615349894813424	1.26616819864215
0.363411890905696	0.675640120314622
0.252585781779405	0.422499996473118
-0.167337888749899	0.21551494422438
0.209492076699272	0.227556335786203
0.189401853260049	0.252999116661887
-0.203172877378795	0.272071529496079
0.262638441116806	0.407281370365977
0.711032814302231	1.16859061280382
0.332817973407337	0.428164435468816
-0.380656636967716	0.405052751769612
-0.124568287158557	0.079830453264787
-0.0774471373773172	0.0416205097603467
-0.490269199354526	0.282651704265363
-0.474874888451472	0.330191331906732
-0.66488752675743	1.81367809456241
-0.737143925283395	0.969768737679856
0.067191465687876	0.081311411246452
-0.285917683065268	0.498366329141202
-0.0475673944889742	0.0539123686964823
-0.0652827014583412	0.0739395692127028
-0.469785315636755	0.84323534950206
-0.298454715867864	0.252446411912098
-0.715915898848682	0.743247169948729
-0.416198335593492	0.375819210438073
-0.465186195456346	0.662065983983162
0.299492535863929	0.40966202699445
0.0715884130784421	0.080217876900962
-0.0789730615020161	0.0891020831650888
0.0668188833607101	0.0819629181237584
0.203059232637759	0.288494494684831
0.360221182325483	0.719333694987992
0.163498060204691	0.263876104999816
-0.318452041452833	0.589267122568139
0.183841440134797	0.227505422848826
-0.183128752371268	0.268998774988632
-0.0060624296577663	0.00767770415931755
0.537698101598381	1.2924214391709
0.111453688179587	0.132829356543166
-0.125906181706777	0.128554394434104
-0.678145459359586	1.06372529026784
-0.293299822013966	0.329360835392815
0.306319280819633	0.237922540773656
1.15503624083718	1.17472513749307
-1.34577486846162	1.26484597791021
-0.272676323519952	0.529069588462724
-0.85291991947525	1.924102497558
-0.515727098093171	0.668173414121415
-0.198727301238561	0.307295837829179
-0.29473121901274	0.52822857093889
-0.315213765519257	0.569997866505212
-0.340077574856056	0.531696842749798
-0.208514933986449	0.300528963832471
-0.169451191282564	0.259440865165749
-0.77589869117018	1.43344934202852
-0.239640437288784	0.211525580205499
-0.321975343570615	0.214906604031124
-0.0676295223641623	0.0468452915165512
0.0417448819431199	0.0403275837014706
-0.333955722212648	0.436051224481786
-0.177783037840964	0.185826149861423
0.214011616651658	0.271186852592949
0.388484733993291	0.730860718501581
-0.161669195321189	0.24079197314702
0.481727190130883	1.06367779547829
0.0781322812278889	0.114611858514213
0.270559963970695	0.427821435292772
-0.314807334888571	0.459687132531391
-0.191680400699236	0.296560879247783
0.3591759202314	0.648805144070107
-0.192911756548935	0.291197163600419
0.179283841156152	0.232470766784891
0.154621035078392	0.169199771351339
0.0695333101768926	0.0694492014290829
-0.111099772094302	0.0533477824344322
0.224489595745788	0.168929710556038
0.0307039645765038	0.0333457805310644
-1.2499565430208	2.17501817880115
-0.232041880885303	0.258099357574372
-0.289254452003391	0.36686986977722
-0.0167432552222892	0.0121747528324041
-0.782487133177995	0.624781425631323
-0.267231636392397	0.183939356092276
-0.670046007500677	0.49031899166569
-0.203854830524436	0.339275691560157
-0.301775320002765	0.579439601310345
-0.465704746955669	0.767411456445143
-0.978437345755445	1.49240018308085
-0.505255597653999	0.806063879797186
-0.366946205704162	0.436272041386242
-0.314766566555336	0.493782502438064
-0.12496628515702	0.181797582661986
-0.0218399652552781	0.0280766707818625
-0.246751892505169	0.314933058664643
-0.0659606480058794	0.0781968926235812
-0.323396674269498	0.600948456042513
-0.651762286546765	0.825316119884465
0.00940745060353817	0.00590748748168536
-0.0995494402415256	0.0761760612180985
0.207109945202011	0.226824776631959
0.148944268303042	0.142014582207008
-0.890154545597137	1.47649459980868
0.0747980303393345	0.0801880224874662
0.498711488198496	0.960911518740415
0.239053102088827	0.38771612815111
0.11574648787884	0.156649443969075
0.116906125109037	0.162747136697124
0.39127763010619	0.73117300117546
-0.0890487934653105	0.105856133240217
0.466718206450793	0.873274733776333
-0.278247752398994	0.479517515199728
0.0245098368130631	0.0299845542621652
-0.0379503682456057	0.0461936727190147
0.0650285778204491	0.0692799241298112
-0.532247804963353	0.674253463723581
0.944410630280206	0.825897980821885
-1.00258089460561	1.12211535142369
-0.146620096511065	0.135436801988471
0.126774410921833	0.126497210248571
0.102545244311053	0.115222032605642
-0.0551394290285641	0.0663443611619312
-0.315703183919136	0.384935305770811
-0.0753136325223951	0.0887471660122829
-0.127440608055834	0.118094675919451
-0.899500927346048	1.15284273408159
-0.230691899064654	0.133537065214079
-0.166774487081347	0.122552661637192
0.0800709928384517	0.045643574653403
-0.406825110285703	0.973098554884931
-0.995818764975613	2.81701731657904
0.665283814284858	0.709438790572313
0.375196344837101	0.444822989601266
-0.606466213648772	0.751050556799324
0.00091933130538966	0.00113809558908494
-0.306743111995265	0.586729977048584
-0.558381475786364	1.19263956647508
0.337381282779425	0.517269989329777
-0.266932283036612	0.42398806605759
-0.106037022295774	0.141686348273011
-0.477859289373964	0.979696320766906
-0.232506302754081	0.39316513238775
-0.337306303476115	0.572502237280024
-0.0628641508924627	0.0847386920616213
-0.0301295554131385	0.0362479755195425
-0.181201120048207	0.256674403836071
-0.618280860212465	0.819447097682149
0.117181211157689	0.0836243703968162
0.210051089681097	0.144056079485497
0.0476380240763018	0.0411003018244405
-0.164944623544184	0.181255357536231
-0.117749634704181	0.120377776209099
-0.515972037814385	0.815475150410221
0.00545934405669569	0.00658679434790046
0.160434642212523	0.227659803265876
0.211813743426961	0.330107353815745
-0.0681811691659788	0.100401381274598
0.269215129918454	0.478662218099278
-0.0945857342969486	0.112189832805511
0.437955211482342	0.907227375092427
0.176083268144228	0.279455056477078
-0.0582527473439192	0.0784435653465102
0.148882760872992	0.195273774625229
0.303955584298266	0.403595525415323
0.696125282972734	1.05629651854744
-0.313920445858102	0.209070348550009
0.605598967471231	0.589088577633547
-0.0487817460804516	0.0344982797940132
-0.680302325857511	1.02574000182146
-0.0321620335763192	0.034502884878011
-0.554427399418403	0.845976621916079
-0.153850534144427	0.176300824347685
-0.372016261271661	0.34237740635855
-0.430201817667877	0.309887389820196
0.346228531855371	0.2457682097769
-0.426951668764722	0.259582711476176
-0.280561227755689	0.529298242416103
-0.829238699014579	1.80562115786129
-0.25330095788927	0.200658480769469
-0.0311505284485712	0.0310949442192298
-0.940465136729676	1.32984516812964
-0.57214598051277	1.0538021297361
-0.615786641776846	1.20982201879996
-0.0247822835658864	0.0299978876291674
-0.678214499343301	1.16045211542987
-0.362668746123418	0.616572364701725
-0.412053125325147	0.806521630672477
0.377023595690296	0.606480501131769
-0.311069761977866	0.415134951216501
-0.216338208965316	0.309308477446181
-0.314532787255513	0.514457305741307
-0.161041993317467	0.228950651777878
-0.13231684493359	0.156074825244668
-0.589468569191725	0.456308649122641
-0.431202472299948	0.309603521617228
-0.916760199242369	1.52764029323981
0.404020761625772	0.505382723145097
-0.235608419795404	0.275559762134608
-0.210732767300183	0.233779262573729
-0.187527090031702	0.260797699575469
0.300752066167517	0.485096120141225
-0.0734994733423708	0.0963236255587108
0.0215543721992093	0.024940889193253
0.447217665774417	0.888772163227485
-0.349013195930504	0.442193367642033
-0.0499543687411295	0.0603088128539388
0.0374146863443187	0.0432479424302418
-0.222355302526658	0.352140644041146
0.413086638576889	0.601185139995556
-0.011486113953703	0.0107592118876796
0.28974349969428	0.282565793639331
0.402748615747814	0.230708974720336
-0.316868039019714	0.212789904520328
-0.111144354114355	0.0741885578356044
-0.170831649140823	0.188598616975376
-0.0564529080271458	0.0600366044935978
-0.0139980055464263	0.0128831934006727
-0.895733667945829	1.16165899036048
0.245642825195318	0.12692509721157
-0.591978722150138	0.459398175432413
-1.65355267926686	1.55652166633214
-0.430979110453981	0.696979530722195
0.428328221211693	0.459332548458987
-0.0557630215885183	0.0505044373099218
0.147571837004631	0.128773766964736
-0.829367391465073	1.85295997576702
-0.353837386595605	0.610486002705016
-0.178911836427561	0.278858880250516
-0.748593370573693	1.46297814975292
-0.866958057390608	2.15719053044539
-0.227933228879463	0.361714587759417
-0.242119165163288	0.393256242482196
-0.343342672059503	0.608215571060656
0.125951065738175	0.191366008833693
-0.0473486391179761	0.0569295920890449
-0.296566262052338	0.420170272101135
-0.352968216642681	0.595577182399659
-0.228492209676157	0.371781502304187
-0.0898323567527642	0.117277300152857
-0.558690107293966	1.07409053956808
-0.526230738494063	0.501013362180627
-0.21821768008054	0.211377173524389
-0.466708533573999	0.632888011179053
0.109926882480297	0.10007574170097
-0.152621514679244	0.163062087404349
-0.0435995677718139	0.051179870720144
-0.0563117532689539	0.0672510056002915
0.497541979641038	1.05592878213552
-0.085908423848913	0.12637935654367
0.0868695898299907	0.110794931341526
-0.0397474072907937	0.0457198796143081
-0.184210488872633	0.282916064560165
-0.708156258625726	1.41096464891997
-0.604021461722772	0.881498165461058
-0.00018352384563444	0.000129309022228319
-0.242995471360076	0.141145402160451
0.0129280622515706	0.0080477771238621
0.0397541748258563	0.0281716990263099
-0.507275184237801	0.61617304655885
-0.484771001142321	0.707684154410844
-0.260119896834728	0.35362841220897
-0.331342199100483	0.354969426956841
-0.0354242753474163	0.0378230026774621
-0.222418648397541	0.275374506080384
-0.272257646727302	0.27580366829482
-0.0737894235659794	0.0512293157429477
-1.288610144252	1.50074475628449
-0.132933668850442	0.0572718423817209
-0.279101671923954	0.154061775920772
-0.202085893437872	0.340732919551516
-0.295274307396831	0.607315857720867
-0.489299087678324	1.03371867058819
-0.291330668435286	0.225567632247774
-0.112774189085997	0.129229819293856
-0.148815499586688	0.137588320485211
-0.607766205181717	1.40328077949129
-0.0960502176790105	0.136552027717038
-0.388344534648356	0.745742858336015
-0.0861738824174009	0.108985289528595
0.162689406523041	0.247684378390994
-0.135565198789872	0.172715066659761
-0.210246798039987	0.340862142896843
0.0701233563888055	0.0911631324511767
-0.156609121847912	0.222173220478125
0.0171056009614672	0.0212179734796836
-0.553591309799399	1.18206798971132
-0.347205717397088	0.593467580099575
-0.486502432992348	1.04933389951878
-0.208995338502145	0.309120385394746
-0.271755838339972	0.469350180621069
0.439615007271582	0.971951885770044
-0.0653050737064618	0.094159396632655
-0.397658744266493	0.791301088755405
-0.183128752371268	0.268998774988632
-0.14091286678304	0.188895922067612
-0.849714361725816	1.86246035019497
-0.472488554884784	0.553834772655892
-0.754347060668226	1.28316883329856
-0.171959738968199	0.178657716727706
0.291499216067644	0.403674682727523
0.171526454092143	0.253991839824232
0.194703941538973	0.283522384260746
0.0979649263716701	0.135725610508657
0.36450378060311	0.66001466358838
0.0385668236408058	0.0489251094209158
-0.240009412069315	0.421533637199111
-0.234748191965394	0.310683046693471
-0.512232555347685	0.738312728263063
-0.230949023998678	0.128455302613808
0.276456958100393	0.133703046955995
-0.258795662471959	0.227052678121987
-0.648043896956527	1.00845960930457
-0.0989902448002486	0.109891559595559
-0.338949138320522	0.337523914993059
-0.214609689078143	0.307745334338341
-0.148346202470552	0.170447823558742
-0.37031093920757	0.483752338170619
-0.148631805484954	0.157075967543535
0.498409488365953	0.865053621098364
0.063165383507115	0.0597036452529499
-0.78608640845009	1.05644270054971
-0.894101703844308	0.690812128687119
-0.33122871531745	0.169259613756067
0.223448494777423	0.163669662402226
-0.257471057301853	0.542095888249463
-0.329472863863563	0.716092336830711
-0.360883849370648	0.579392671865763
-0.246680152866279	0.213468493910065
-0.433637689196978	0.640685888158378
0.164253627301002	0.175988614455308
-0.30064027107354	0.516990288637874
-0.0308185185215944	0.0392327123834668
-0.0942357308090594	0.134471078609231
0.0408535312565276	0.0447967173817193
-0.228865156698654	0.413836978906922
-0.366247011124541	0.637824489227421
-0.446092382495672	1.00005811521356
-0.0431533755156316	0.0552627583306662
0.168287402609105	0.258794912555439
-0.309408030745543	0.578851591069867
-0.258371571697532	0.388480233391453
-0.307179108548139	0.56894521815813
-0.189676963606593	0.314052954354886
0.046891903634184	0.0641527723225193
-0.238883896922451	0.431647707064131
-0.179712963555708	0.284244731910456
-0.593250620093252	0.933016943126547
-0.0309896138010377	0.0308385152705579
-0.135775372457594	0.161803338062517
0.642250428688015	1.46775795836861
0.71910749243145	1.78679983663344
0.0632049388148121	0.0880274491749499
0.0567838278489748	0.0744142507355949
-0.0402100691511902	0.055432786272289
-0.151085123242923	0.0658622258061925
0.538148766989299	0.564703023835118
-0.0605501504240857	0.0533388511098958
0.138356387478444	0.166258296188897
-0.344240113675251	0.367850235334117
-0.0507383107038799	0.0575395535865592
-0.199731989644421	0.282844650263727
0.521441960899691	0.958541909223037
0.461434680951875	0.629370182406281
-0.723298402837804	0.815028276392933
-0.378290682893352	0.282081013833351
0.600133435307709	0.486409722524855
-0.977356708209972	0.908005975761762
-0.409414462765255	1.00919420025977
-0.0293294450833555	0.0416025624967453
-0.542094742827602	1.4392129494069
-0.412205299524032	0.729483306359008
0.218087550784106	0.203023359921687
0.0806020677332038	0.0931000475736441
0.211731897124153	0.195913486007379
-0.221068548614277	0.325882524812505
-0.227560593926509	0.40093816063405
-0.736557047040859	1.97278723238053
-0.592783899450961	1.310256814116
0.16298641594379	0.247859415020611
-0.390160788103907	0.713975536661911
-0.350901491767271	0.723791542532151
0.203316526822273	0.306992096064956
0.409495987639873	0.701238287446619
0.354597305880254	0.710973619112452
-0.2105059376334	0.375771694029476
-0.291455136300984	0.461482511110929
-0.266190351435518	0.481853511609195
-0.545033218743921	1.02055542325338
-0.380820309983277	0.749866872238844
-0.413894730599159	0.870224489419322
-0.215692092824495	0.330885216189127
-0.158966122222728	0.210416024137878
-0.186304329864376	0.296337957285908
-0.156391020085432	0.224142540055652
-0.53042452502613	1.02491354595595
-0.128499285871997	0.161384127856157
-0.82462539930291	1.46212259713562
-0.630927807976668	0.578392864329571
-0.270292610407824	0.186724401216399
-0.286784825611425	0.223847492338646
-0.842592457581637	1.36057476034104
-0.747055616795207	1.20980019700647
-0.185743510920947	0.193866566565234
0.407738822651981	0.532537211320904
0.0994237807305799	0.11974047341201
0.326783021292986	0.57207039569386
-0.0535640135856099	0.0677640999400894
-0.188508115241384	0.304090548491172
-0.689321606635606	1.58461592665872
-0.700119752632685	1.18090844265287
-0.0919903928693804	0.0955045452134662
-0.117461294081719	0.134681792552489
-0.0448832107061398	0.0440705296453305
0.120115013367116	0.154197898819717
-0.0648615076719609	0.0774091909060841
0.137084309752474	0.149487949853351
-0.785545307908016	0.931642890808855
0.863522450086207	0.76746817139738
-1.35700836293971	0.639030448374542
-0.133544682302234	0.086842635756269
-0.363480238835795	0.881641754201742
-0.313677412722306	0.665790876426977
-0.922450425019436	3.28068965181265
-0.272198580228775	0.405457059885807
-0.115820946489495	0.135113267411429
0.245621830360275	0.387716855205885
-0.468912350731107	0.713314190704226
-0.678992305195542	1.46045090475279
-0.234204783589146	0.401944860474653
0.18980269361703	0.329107336874864
-0.629411259052737	1.51088615414655
-0.305018956938169	0.542731650377468
0.0458493655933464	0.0592673506147779
0.0904097217752622	0.132443613859698
0.392018213381368	0.697861442703887
-0.102344132571093	0.134080154212842
-0.308093228550837	0.480131605456734
-0.561023525024572	1.31046556315165
-0.510501751773164	0.91355944395065
-0.236223790095224	0.305238482073133
-0.264647371532363	0.517382589188728
-0.715795085023153	1.99326328677421
-0.268879325178046	0.381156996382191
-0.297162716219035	0.528406764942808
-0.664366718344334	1.18835262914157
-0.541926851021435	0.847540724205768
0.0537881852346602	0.0540636925076551
0.474458661848685	0.536409847103656
-0.18757481007552	0.200134375270983
-0.408996977357584	0.623979922934878
-0.665068795088248	1.162383003925
-0.0168470371550881	0.0155137427928729
-0.105052793511669	0.113322759945213
0.0652634293424163	0.0818661932706072
-0.160001939499934	0.225417522706566
-0.111331455653232	0.172898777853546
0.114883376582349	0.168878852283657
-0.263463838661213	0.412440134323588
-0.217754319717586	0.315979530318873
-0.373349473060149	0.726977269187764
-0.652517867438832	1.84173391956361
-0.620825970225449	1.15468161335587
-0.384793139060789	0.766571527815821
-0.180973912645687	0.280935625843599
-0.140632260596392	0.182828363541097
-0.0319488803158747	0.028858205361017
-0.296433109223157	0.299228235446546
-0.0918403303336913	0.0621918358417503
-0.610421949739987	0.521236576616643
-0.412168966406702	0.806109209193284
-0.307925520586741	0.529281978050793
-0.364901262553812	0.710994357257126
-0.264064764112716	0.514971917145254
-0.386119352844033	0.83107014959946
-0.221814684215886	0.38971972688253
0.106527100648355	0.138948682931737
-0.287816762269894	0.413399866004635
-0.637851148541785	1.11999124083212
-0.143541875577891	0.203162508006668
0.134188150609016	0.178351949149375
-0.233162849940647	0.259113051750189
-0.0839662709687892	0.107758235619654
0.0681639321646594	0.0816334126953369
-0.250564933561871	0.351398879481132
-0.0268939388240514	0.0290365564615965
-0.394914237056869	0.584397959113453
-0.38759618145332	0.664854430039064
-0.380252080181858	0.607128331619097
-0.106656820548483	0.138002451698856
-0.120589565927338	0.151458857659408
-0.0825903192335176	0.104476806290443
-0.375096830581216	0.602868420339545
-0.0133514820318488	0.0133081289695814
-0.166924465841188	0.186909020996612
0.0158756270926186	0.0161348602889955
-0.101203804816464	0.11219532143325
-0.252896093915673	0.432972058181936
-0.718547102627834	1.68614932699921
-0.697210402814346	1.94096301168977
-0.349481099985266	0.584093637198142
-0.12771577334615	0.199740187653003
-0.506567549307379	1.09332418310246
0.412901524805101	0.706950393077002
0.000342089300261183	0.000478165569040417
0.125071174605741	0.160856276027209
-0.141655388008569	0.173149000092776
-0.305656496385903	0.400525097492159
0.0565320181555882	0.0604428631940236
-0.176475574000853	0.263186478735798
0.0398455786172162	0.0424819476516849
-0.0234443339813584	0.027321968246621
-0.381782728268961	0.565540722556135
-0.476135225985954	0.988681667208729
-0.142416434948583	0.196863785204896
0.214099830482725	0.345411964282185
-0.137657238095585	0.184301545743408
-0.50581587396279	0.820508502138077
-0.24087781088244	0.305071638548978
0.135316759219909	0.10444393588481
-0.407929981160621	0.759224673527978
-0.653473772801687	1.55649921686697
-0.119145390373948	0.178343335395967
-0.361454636618882	0.717679879521342
-0.682203780054842	1.1052062996749
-0.26853293136457	0.349324255382885
-0.242010100759923	0.32570957084985
0.0380524042267791	0.049076233778407
0.716402261973641	1.33050757538146
-0.366233140753994	0.507620004168045
-0.0943528190579235	0.111527612207612
0.460722011369467	0.854956893530521
-0.280396384883604	0.403744759207116
-0.174671301635961	0.185683386806223
-0.296831610853064	0.392950130374638
0.00601546358260008	0.00596937205243757
-0.386468844400838	0.603044954455371
-0.137128467905132	0.198153437822254
-0.103786259582999	0.128895311058381
0.0209279469536115	0.0192879265775823
-0.257567363346678	0.313706448316537
0.515715729381456	0.823796595202614
-0.301894186199609	0.344736548213789
-0.383845082820151	0.523805112515496
0.392694181051796	0.616781050002047
-0.191457421373211	0.25187313114005
0.110178079054824	0.154223780911941
-0.147750064224642	0.189087628081241
-0.255081200664847	0.399893302890298
0.418651504457532	0.641774380029943
-0.390246824727278	0.688657759572145
-0.273375394459386	0.401288822824447
-0.250110225160923	0.38680177739769
0.0076150693575392	0.00715862881663069
0.0958447230135502	0.106357808448302
-0.393690169463231	0.586247737017058
0.57283498350947	1.15166524809285
-0.0271781083827311	0.0271368021177327
-0.290010488448455	0.336571782192855
-0.15648333233941	0.231178215878717
0.0224001090484605	0.0284171009202292
-1.04859538109986	2.63265376768814
0.573366664698686	0.966926877297969
-0.560243726712599	0.703353749363911
-0.496003494585062	1.10168833321865
-0.2990712687092	0.587297491558374
-0.233970749354277	0.37340545394662
-0.470951104526064	0.882411895183163
-0.161956326881649	0.275758651941968
-0.316670985365075	0.555962770481125
-0.396675549451151	0.731197737128536
-0.280615432091531	0.427880002890411
-0.898340992236592	1.98811876262053
0.411797623248969	0.601954533723573
-0.374550364089366	0.643719513536527
-0.177538381853301	0.238631317201261
-0.366325771210936	0.631477835811296
0.0316829954058009	0.0339200804346597
0.0808855881562076	0.101256308917478
-0.220714038347437	0.281795699527696
-0.481063272867693	0.715106646668379
-0.228984546974159	0.356822782960966
-0.0726052009431606	0.0858436845995947
-0.378107798440818	0.771811010208902
0.0572306542568081	0.0753629366713755
-0.00470254117959128	0.00602849536478366
-0.0697126485186153	0.0738439898694542
-0.145192711901028	0.196783978405241
-0.221015672912163	0.342142690561416
-0.518465647668985	1.04651130492176
0.0422580545851351	0.0497453677739638
-0.0640827692084448	0.0749730557147921
-0.31311313113149	0.475130292849602
-0.134867573143357	0.187667282357172
-0.0195130037217059	0.0225699308301289
0.0202410421101506	0.0270393861529725
-0.071124208484973	0.0894258379745776
-0.0735761733016543	0.082017874201709
-0.426555302371516	0.442483846548998
-0.844784359686789	0.915123707032363
0.294826169614291	0.266077357627241
-0.00305291256289758	0.00190558371243083
-0.976187644582434	0.910748997110499
-0.328749267856945	0.248837015939801
-0.595286877103963	0.459431688864044
-0.111566521776807	0.07394948992352
-0.626963440469925	0.57473521313032
0.0336686816351683	0.0276598030056878
-0.352596514759312	0.507734470737066
-0.329223337388176	0.659968724797633
-0.373302805670733	0.503074807279665
0.332883286661042	0.787887756299216
-0.102538740131797	0.174842409540363
-0.138183206892393	0.221767385077601
-0.051826346440352	0.0296170644809081
0.324972324777598	0.251823792454086
-0.787330382325204	0.756042365056322
-0.863263730247133	0.876160473171116
-0.14734098115924	0.110294033720569
-0.617128239542109	0.513755625557561
-0.784993658895753	1.00683568262463
-0.438182396634581	0.5762463449537
-0.170314442716113	0.332750582666001
-0.126967860431081	0.26406779809604
-1.11511861748885	2.56207552596482
0.0650068011998236	0.0324747124441604
0.0819288640675918	0.0464680878583403
-0.464173456430125	0.376259458361543
-0.617111723490394	0.52619273623222
-0.706447535476174	1.12783870525633
-0.0909328594075569	0.047406753503436
-0.0769899348240308	0.0658356060448537
-0.0528754467990099	0.0823040150222249
-0.390097803250304	1.07289720240325
-0.0552709908368234	0.107849404438514
-0.0887711755832242	0.119749612126751
-1.0951348101045	1.00646707031033
-0.11623427264327	0.142131305944937
-0.296604243030298	0.562383445333071
-0.0998155458224352	0.140772169327157
-0.0795460996390317	0.133101336096509
-0.119289216475473	0.194533126873437
-0.354373408398706	0.996055383494603
-0.174600208463993	0.306330131994494
-0.226135308398692	0.247475663962939
-0.161613077954799	0.160083540351684
-0.471951517006422	0.803905618161311
-1.13302416909732	1.64096034520959
-0.483882070284495	0.343058021741534
-0.0723530962221554	0.050146931467962
0.209709817104507	0.2405127612406
-0.225508316969948	0.248064683594314
-0.527464808982439	1.23044258682234
-0.334636034772858	0.658726976562085
-0.00624997604348602	0.00799086420481468
-0.163055497430171	0.192892629082294
-0.138623714273982	0.19696757415765
-0.397854477853054	0.419528758959206
-1.24036120464282	1.538888040037
-0.595140887384034	0.720423896810528
-0.149266401631964	0.189733635028945
-0.178247966284679	0.329115850470466
-0.545287905731662	0.857349045450973
-0.224980726749064	0.356592478730643
-0.450271934745365	0.531775922539061
-0.380636587753606	0.377396768710697
-0.258545115352672	0.219237137366279
-0.897387895203071	2.1133590081305
-0.0954449266797501	0.160726769872769
-0.0385165015055808	0.0522193041972203
-0.372336355842233	0.492156322346592
-0.621880466247482	1.1961627211221
-1.80062223536367	0.442697734012975
-1.80062223536367	0.442697734012975
-2.15158252780027	1.0284895466908
-0.417035104579625	0.125423427024626
-0.671952417156443	0.168796242500662
-0.302323729192629	0.102416486748613
0.124214736452408	0.0247563064591847
-1.80422848079298	0.440039859159679
-0.421758626072738	0.126395145580207
-1.19597902644718	0.369405668635769
-1.20322709825283	0.366077591446022
-0.307082338071269	0.575686474640482
-0.766060079267243	0.552699443234258
0.00944462729681392	0.0073570671671163
-0.207058250296158	0.148690677505029
-0.666145394420654	0.482397993626351
-0.199377419673511	0.142208457524022
-0.0108411208981952	0.00653014492280503
-0.0681072338922409	0.0736544575483219
-0.384560811233182	0.702806304066295
-0.0436269269841642	0.0636794346416727
0.106225769219058	0.138863740396648
-0.340665504903559	0.551013171120055
-0.138876442310951	0.173643526587632
0.0259216165272213	0.020662158989332
-0.262832890882343	0.429467706067692
0.0356355212602068	0.0332717560391909
-0.20307564271662	0.165584274272357
-0.560936643770782	0.838612709081438
-0.611737778628979	1.78847147266307
-0.344607359506173	0.947996031265499
-0.166911322511332	0.250605537679369
-1.29047340522563	1.48085530765033
-0.161510192521563	0.100875213130363
0.658635353821251	1.21627823557538
-0.0591721497429199	0.0471366379559877
-0.238508725583566	0.169504616785332
-0.788346137296375	0.694788137504511
0.550197006572226	0.575006300187907
-0.0737867508466391	0.103867719514941
0.0301514052286922	0.0402572032276015
-0.244769427338778	0.553775189178411
-0.0466640838623916	0.0659236716320544
-0.0818011590897167	0.104488611038704
-0.323898273256185	0.564933973902655
-0.201618799027875	0.220050717906685
0.0508688422879153	0.0461651873757716
-0.156811772772246	0.161822963468427
-0.0408213694683673	0.0553679203428834
-0.477756908413504	0.791458909507571
-0.151519345293145	0.190486521113617
-0.701829387403572	1.90756679857629
-0.145836749297471	0.218771010780596
-0.298672533826758	0.30308827526993
0.210582049285726	0.185853689630273
-0.626065076644392	0.717845462437913
0.12897310953475	0.097368586044024
-0.433633246387235	0.414761501556858
-0.36973249684612	0.415325764560466
0.40467198876263	0.345980694085303
0.0780061826951444	0.091486348875988
-0.108408842071951	0.161692165352216
-0.000285935275510799	0.000300569768991878
-0.0344579557449342	0.0393558010536935
-0.769274482213469	1.88297508034633
0.129549673625359	0.162673724191769
-0.331984465168973	0.475589012919066
-0.371675172891101	0.886982924131833
-0.377068931004884	0.965793252364932
-0.199307837290236	0.2481533061348
-0.45193196028469	0.398194338674901
-0.421993747637245	0.342374236500397
0.208218678706806	0.144625620543496
-0.0204284331592461	0.0121227026424959
1.02805321362925	1.2118326897388
0.369078634327918	0.517097133030307
0.258413354005369	0.444147933293658
-0.0881282099269846	0.149595406388769
-0.235100070780327	0.411551806463733
0.0163301361041849	0.0193791703094292
-0.499421903868437	0.88110485150474
-1.01711636647919	1.5756078692887
-0.377769314890928	0.902861617666796
-0.107855048125385	0.205209837648084
-0.105971045522835	0.211773802273905
-0.0342630209083007	0.0439572638399316
-0.631943384377462	1.06201643299897
-0.594325955392416	1.14018973421876
-0.331229771258205	0.170154767256967
-0.60956825417533	0.243963256148129
0.998974616893041	0.589649794417629
1.43991253333534	1.15824434557434
0.607397444516194	1.06743817649205
0.0450225143700439	0.0618837321599223
-0.375821545818956	1.14237513566154
-0.0969018086599078	0.168632199134836
-0.11547456402378	0.153832933488919
0.490878171377277	0.836349712313183
-0.775167670070344	0.782504077814711
0.0635651717891359	0.0264085231688653
-0.288457302817383	0.344783494821338
-0.0193746087181918	0.0213164121506843
-0.200360684489391	0.16251093488461
0.117856983150827	0.206316549981872
-0.529204615931788	1.76102202130529
-0.347637853726247	1.11338136134638
-0.293723391459599	0.384221789044364
-0.00169923426526923	0.00151147967319991
-0.151105040587571	0.0664800572365342
0.520283061119691	0.259777877625815
-0.201269435857441	0.223709406008045
0.482967793843809	0.907133171707801
-0.143077005146823	0.324915648602007
-0.122037404202884	0.222875282239593
-0.0594919983181912	0.0749977217519363
-0.275471050684817	0.45640291812874
-0.101975143985183	0.0768890367858098
-0.106480310957717	0.070461804426082
-0.308912385313036	0.407995407940819
-0.140497091303857	0.104028351652562
-0.197593759224182	0.140554478669241
-0.628825926535351	0.750533966264108
-0.0455719074266352	0.0543354886079281
-0.0031592677240773	0.00228762106799301
-0.111725598167236	0.166683175446275
-0.248249140864334	0.538730138928432
-0.880690073568917	0.492050481344434
-1.13425404382181	0.89488795047263
-2.70977528033915	1.71671425904338
0.00788873635440185	0.00883150798195378
0.240866441626819	0.44591123961363
-0.0692156100436618	0.122635407937937
-0.124159507313047	0.0601529032521064
-0.206181974108098	0.14803037941075
-0.87373103861734	0.495041112716575
-0.144753387989874	0.142268453445902
-0.41480177248131	0.376910991498928
-0.978711130884063	0.90725888564959
-0.592747334622298	0.595831552049424
0.499009504578287	0.794965590020013
-0.171230488356339	0.230307827159829
-0.291900574145763	0.27696406394106
0.151996473472819	0.245298591730595
-0.56593753267743	1.66905669633172
-0.304601185618569	0.747726058573654
0.216631738917463	0.12655906054621
0.0463523855695547	0.0559787758170743
-0.374671283023387	0.733687516882381
-0.197321308990354	0.414342242582826
-0.246992680982762	0.500814333075635
-0.17677815389612	0.0718284261484074
-0.479409081166917	0.207219943768913
0.0853940134074841	0.0509176629128504
-0.303971443030476	0.389803719239941
-1.02981440709502	1.07848264187607
-0.665012112858103	0.485742895632173
-0.594803475349167	0.458930243757504
0.726141787091898	0.730024546653929
-0.205267050127263	0.278478673636049
0.0839083167738431	0.108406330396889
-0.838095002149849	1.08750443445733
-0.0853803639262049	0.142012396076525
0.0373239636570168	0.0632957219270233
-0.292472825890821	0.87355231532248
-0.12816185112312	0.186480908003894
-0.0507697961367443	0.0538600548663707
-0.15868252814227	0.212237305844325
-0.318066903467402	0.61982014702338
-0.196684104191737	0.140954244609971
-0.0958241911649499	0.0913754495729344
0.300560375274233	0.467470019735322
-0.238029119403002	0.227182676185786
-0.6368410734664	0.914934213200683
-0.379915500525132	0.429970781850567
0.489102383743313	0.627045473678921
0.119123602662986	0.118680427308295
-0.0700714598317592	0.0692219688352979
-0.281796432145679	0.374963313534724
0.150546442248149	0.197059437208444
-0.182426418020641	0.252032003997302
0.294476113316248	0.518254454021921
-0.684986753572681	1.59835814144581
-0.0669868335281491	0.0953193350192168
-0.125267661554175	0.189284425936503
-0.253910810091653	0.37525157904281
-0.093326222147509	0.116559243222972
-0.0503243716491544	0.0576674229728574
-0.171100340520577	0.181829750380415
-0.089103954752421	0.0742085103113875
-0.0725046637802034	0.0633014578479614
0.443973812363115	0.824449442114657
-0.431683572036246	0.93939596578957
-0.352838903810424	0.727698458047939
-0.177616643593687	0.268166333864679
-0.0167804314790891	0.0195201796146887
-0.49521966120979	0.985312706549821
-0.479043552471049	0.778518960805795
-0.175609697552628	0.293445719557513
-0.278484891802609	0.378581537880595
0.457120937200964	0.634455419014169
-0.139450474427703	0.155819217564038
-0.302272380194682	0.486432388444551
-0.335565203615193	0.520714764008799
-0.573860785507657	1.22573180082235
-0.388916103766136	0.73191932150834
-0.832721919473307	1.75627653195717
-0.0556998034114518	0.0665803835819226
-0.144644670124637	0.166589201850777
-0.388303785699247	0.639414588661887
0.256635309303037	0.361354471482898
0.0496596900587877	0.0555119305196624
-0.477576321878702	0.704260222265686
-0.644914980642921	1.2326815604386
0.302128849552342	0.477431037969101
-0.399059444685282	0.54891374650431
0.35252894135781	0.359724238162377
0.237190387305588	0.27157537650984
-0.245852519950124	0.349460750740492
-0.1961925112986	0.267395292300968
-0.06437272668549	0.0626032424874906
0.0259646730874183	0.0267001190061525
-0.342852579015444	0.507167020339266
0.094968776100373	0.118676936476766
-0.38276804028345	0.634937548388194
-0.0321779667067844	0.0347607201257518
-0.315695524056807	0.415719828144992
-0.426337534551134	0.838669370382918
-0.197620185607223	0.26911852822377
-0.0298343381373762	0.0322572382913059
0.139333499986462	0.108824586369009
-0.176412743111482	0.175434600184541
-0.265415029119729	0.397902065671795
0.188670242537161	0.270704570318893
-0.107890585836957	0.152929433748675
-0.645666913799447	1.52635120487123
-0.22297957198657	0.315917869937151
-0.175642721299121	0.273528063983533
-0.65063396594614	1.75963972079512
0.152489011131889	0.225889802159178
-0.150453404423688	0.231197384178181
-0.0323087364013759	0.0407819715706909
-0.270373158560198	0.457521435716049
0.0834752251029667	0.118993320548151
-0.303927919424387	0.560383256861913
-0.0136393780448932	0.0149026704086439
-0.0277406736724912	0.0292409740097429
0.0426636401999306	0.0432306027842248
-0.222872428366589	0.217077098787785
-0.5581807417394	0.779225833278638
-0.287391073933771	0.369249175244455
-0.153485926729001	0.126838863263142
-0.225934620276978	0.182339772426829
-0.0511338584078349	0.0360748048553959
-0.789126694927793	1.32111813908153
-0.178727559870551	0.212412778263341
0.0947614595455647	0.105244161287528
-0.132877407408571	0.194818619579115
0.251012616353631	0.422559509007073
-0.12520065728761	0.181607199149645
-0.115924172645852	0.156491286113918
-0.176577500083216	0.281561143111083
-0.0483228904717356	0.0580417587278079
-0.218652333832862	0.373646000683559
-0.0718299559246714	0.0999176581614583
-0.278766153022751	0.490196948548098
-0.210506040253941	0.341104568583883
-0.200647773162951	0.232993974200916
0.184024450269355	0.190465315856079
0.937039664492023	0.816969242699253
0.455787032587316	0.248009335967184
-0.743256154820272	1.06879777419507
0.16690996445553	0.180463570286207
-0.338992830149474	0.504875164059386
-0.168574942540084	0.300027538502274
-0.196059059923313	0.356549866739752
-0.0113662090888871	0.0146355808388572
-0.237489040143695	0.429544935760496
-0.243028354685457	0.439863998971905
-0.308827012228379	0.568892287184183
-0.477506606106477	1.08877781763084
-0.081886808085375	0.109427553470664
0.00216594962386203	0.00275219771351441
-0.176666918291902	0.188508508210281
-0.121789536020993	0.114648216001289
0.0792429566125634	0.0860411667381568
-0.0570089582814968	0.0451895452786052
-0.014633337111055	0.00880812321579669
-0.31069473125737	0.205169372254089
0.123558385435595	0.128504584269602
-0.529369314080941	0.99090988269483
-0.151440760248015	0.239235266912991
-0.363569250893229	0.720033044687296
-0.526010108572206	1.3369679262141
-0.205071465144016	0.354500550117893
0.0131496456659783	0.0175138685945879
-0.519877886797842	1.13587503888825
-0.07273236761884	0.0785546414649898
-0.820357835414639	1.42050859706072
-0.643476367572558	0.411162215401849
0.224445867553407	0.148679470520297
-0.372854855161757	0.313829833665323
0.0203942528657699	0.02021109775842
-0.124227185440069	0.161291840911125
-1.16946464389807	2.4845917159073
-0.196297546296819	0.316974703407174
-0.018376243781467	0.0241225750334864
-0.228501199111187	0.384358545719807
0.0179695580904821	0.023534007197409
0.487830566727894	1.04539097120745
-0.196889705980431	0.340625976669236
-0.0371345908238217	0.0471866008237013
-0.178128611115391	0.239927326931256
-0.98955546373564	1.18427280770926
-0.128429903802967	0.0982419255711096
-0.845235395553904	1.36750763568153
-0.0420996731137613	0.0604286660690898
0.174248283941149	0.29984783948118
0.33930865630718	0.597235576971082
-0.143576613588326	0.158277786837067
0.361822866622177	0.449031823829246
1.37811892672377	0.819812342616811
-0.106398812853229	0.0703446014857933
0.0191175925465738	0.0151013205363272
0.0874348310520201	0.0966460695156265
0.261336703275796	0.430846760549173
-0.367162913242483	0.525486736227487
-0.234589852903549	0.401171654350367
-0.236115418843876	0.446643256983795
0.324228431968185	0.570362992010763
-0.154305262792679	0.225311231611886
0.251999642027676	0.46550109539366
0.224612132527004	0.385278556688882
-0.187885047530467	0.314599184081108
-0.333687677898887	0.575471844596492
-0.00378763397680251	0.00438685685101194
-0.00768613237191456	0.00876526342485413
0.0297744674089891	0.0301991136039053
-0.579928632354097	1.0518279223198
-0.243414039726485	0.395764334976785
0.207420471411555	0.359041952459478
-0.417948692412032	0.944787433251611
-0.161691470430429	0.223583965345222
0.127273735911686	0.139070835932886
0.251869075318679	0.283481286165908
0.378056893873498	0.239960724129258
0.22053731324266	0.139903076124877
0.12150066766142	0.123346552306839
-0.0490488202205603	0.0515300713234115
-0.320944062569127	0.520320538751611
-0.484647607369522	0.702224571469449
-0.285578992551691	0.381098170342162
-0.265136857414497	0.340782223737823
0.610751467762393	1.37433132238484
-0.284138176858331	0.43139289998388
-0.113963790790458	0.123864960382932
0.189891441632859	0.265316459864425
0.0357646244677219	0.0337701761935163
-0.290994946929178	0.353517993097418
-1.04102686730404	2.17991947816745
-0.424862720553666	0.572593130155353
0.0387142739658015	0.038270072635574
-0.0940913157824871	0.125162956356685
-0.643488763169265	1.31055611525687
-0.326352326596626	0.431658127618141
0.000241745861390153	0.000205644168417828
-0.0711448314226216	0.0905651471260801
0.358238301448438	0.565859900230214
0.213517346478542	0.240025321473601
-0.673183585955819	1.20921276704175
0.123986532727187	0.151687456001293
-0.299036728503162	0.421538235855425
0.0210041896710313	0.024475882144168
-0.140932483949549	0.189274276269189
0.0170792523025441	0.0208606967676104
-0.0518954803715453	0.060886690067103
-0.256798440282685	0.415250011334206
-0.235393140199989	0.381142480537361
-0.392588534291392	0.494288064357226
0.0323771336427236	0.0273182646793546
-0.0339532416251664	0.0456067576613582
-0.55651835373733	1.0096870668601
-0.0798290491065626	0.0630784703372435
0.633301498789213	0.775453630018393
-0.218585967949484	0.198699567814417
-0.00642568162230219	0.00471938751340608
-0.297258042717264	0.279779024935894
0.103643300022052	0.113823044715674
-0.310404989765147	0.519415789594052
-0.47153999159461	1.18319639543869
0.0524456057864215	0.07618912903028
-0.346819560372955	0.752963738505299
-0.162203405544763	0.340659054478086
-0.339876405635005	0.869003962660088
-0.422338893897968	0.93783427089832
0.248694813861453	0.506393309812256
0.0728810292842766	0.0948110236492739
-0.17233223759147	0.182230389172253
-0.0958585320332266	0.0989230651623993
-0.250773015780495	0.380597207804151
-0.140862748931697	0.168352728228588
-0.666193906941262	0.966788636826589
0.163193147912431	0.165074365533753
0.641408873701789	0.873457062133654
0.0887448694606002	0.0793865738432395
-0.395467998620002	0.440374985179953
-0.318699484340869	0.340082840258654
-0.19712810437275	0.291155439424404
0.216244907319785	0.355648612844034
-0.614110047637628	1.41093108505211
0.185930265254292	0.272823708546898
-0.0388792222270609	0.0492802598510982
-0.00195828283729618	0.0023904694280771
0.65415955622466	1.65415421973647
-0.203294735111425	0.359408037502448
-0.449275972748747	0.80627122810472
-0.529853937255259	0.777837148287137
0.673415362324317	1.48433539680358
0.353900754679262	0.588207658310651
0.168006023678347	0.185236245582577
0.335948442309165	0.401193069911373
-0.172981728153978	0.186101121963701
-0.153549694275015	0.164745739556222
-0.100845265486531	0.0879285164999486
0.0410438121968809	0.0351810923650488
-0.118638235136472	0.137195199011965
-0.628226782464617	1.1722792299607
-0.151820757966889	0.237335020875745
0.270401126116071	0.479920028559681
0.449611180180858	0.842450013701279
-0.4791479597006	1.06462395996704
0.047811448344295	0.0665975403290348
-0.10944076030928	0.160796689018037
0.0573561441733831	0.0857248381501722
-0.0174057731037459	0.0234299132600442
-0.171823929498152	0.25844365611812
-0.499274453003976	0.749486768845544
0.639899656341224	1.45061432432176
0.469413298247371	0.973095941033292
-0.253643967352124	0.293768365932408
-0.588562588967669	0.820572911372192
0.598698258500872	0.992614839490809
0.550980696748477	0.744136398988487
-0.0352190876049452	0.0327745811386733
-0.0261578468424584	0.0241356532507856
-0.0735349940827716	0.0661084463533673
0.227365052269498	0.290899168662264
-0.473664633011958	0.849079875545973
-0.329922696533165	0.58273977080998
-0.477414387814057	1.10537888934111
-0.574297264741975	1.13965947245794
-0.134450036940006	0.205701439748779
0.0846096361627252	0.108167824682791
0.138370665755949	0.184610680880675
0.0557478385457457	0.0794704818633553
0.109506904362625	0.138057921097191
-0.42963188344899	0.758474630343978
0.505568672631033	1.06291297370007
0.417984232450263	0.896908393423199
-0.0215800588653376	0.0245631199361626
0.152003916462048	0.175743079302696
0.02079214251859	0.0232527959527054
0.345827511324239	0.559480782241117
0.732729618470656	1.51155946307065
-0.539879543097695	0.879542678321635
-0.0149303816141963	0.0163571540702681
0.278178277335099	0.421389830936615
0.265894641146415	0.367514265509307
-0.0303434816071498	0.0292460375399188
-0.193753963925829	0.252519312096544
0.135325453785529	0.177469852395024
-0.205728794249302	0.276081360590715
0.0560595367580125	0.0640579131556174
0.090344892844395	0.110420218641562
-0.161007909358337	0.201309255581201
-0.207703795596057	0.317033918640554
-0.524235091936934	0.960938139930849
0.0116940622020194	0.0113107616231322
0.0628010931990555	0.0723506813874481
-0.0664823802547984	0.0786930134994473
-0.544706008281179	0.965851671056195
0.164386972839221	0.216025887731413
-0.021157661386469	0.0216775824324005
-0.388278508707135	0.628774351373678
-0.0752792860923779	0.0910287817769753
-0.0108090824511837	0.01164198229929
-0.0753318401238832	0.0885756145942898
-0.31741421661431	0.404202205282428
0.0147945744815898	0.0149063941527725
0.383782558848878	0.581721557019193
-0.279684154895283	0.371499105646061
0.396041864651281	0.533163960025379
-0.412847397430109	0.606198809947981
0.660599871328608	0.800287517758255
-0.911838743397913	1.38294594628
0.167079560864793	0.188095402667633
0.0990396127952738	0.108195504398188
-0.0929245148765618	0.113906948524985
-0.17354072129505	0.201958038840808
-0.49566647382198	0.687562644062575
-0.128661853595452	0.149209964844379
-0.171558791111185	0.156887245470891
-0.0150318287341828	0.0140922918384664
0.169531407486922	0.18234985407882
0.20456905735252	0.201219231896117
0.0197301780012744	0.0220443048443452
-0.12061241369479	0.155114718479917
0.302592695805937	0.356376336257612
-0.229159415631141	0.269420431085939
-0.331390424331536	0.538517593037439
-0.10626072582087	0.137683410456537
0.0434041742990317	0.0519226406525623
-0.852102099465021	0.940945893042567
-0.532081611553532	0.57539179234484
-0.372919170573727	0.239036214485792
-0.0415347158086321	0.0335656054480293
-1.53790077193986	2.13924762518652
-0.574158856667025	0.530099853278433
-0.117291873923929	0.101811322579681
0.0373011833691958	0.0257873044306967
-0.0548626974042043	0.0702782343018189
-0.0620577240764117	0.0949925874339168
0.0420337699847245	0.0568790632673574
0.0217718516888745	0.0292809175552337
-0.0536079230238778	0.0704239595789572
0.0865209645503949	0.0931150095608018
-0.368522416201404	0.335478640002043
-0.605266727391389	0.642824759354059
-0.0353193147306674	0.0248405593636063
-0.0340218630403147	0.0238744148772349
0.0163686184305403	0.0206104833535525
0.0255791973012901	0.038707744955573
-0.131903850132455	0.165913866548873
0.0692484120825153	0.114238657977981
-0.018918098940676	0.0241040783311949
-0.0558412367957236	0.0642187375130142
-0.116232018287236	0.126189377341108
-0.485116578712627	0.534043785218936
-0.0555114790094627	0.044911141599577
-0.0604374465958174	0.0682650053278011
0.532300749612488	1.24186186504804
0.196300936123143	0.308331683658995
-0.0933899000700759	0.122202853617801
0.322839680278098	0.487834195036148
-0.150131311749357	0.134203603612574
0.219930506855608	0.163983066300905
-0.23407885063415	0.313219427316129
0.815405700484257	1.32334747061034
-0.60315167186745	0.847420876672976
-0.336712203293867	0.353552106181252
-0.224951669387029	0.32017295102461
-0.457461464305417	1.32892296073376
0.241268453170512	0.422257665494368
0.22021951453679	0.318926752723189
-0.0892883248667067	0.110549437668422
-0.217387372880855	0.191135560539157
-0.414541390388974	0.644963316793444
0.021848935074705	0.017814019600177
-0.182218544040867	0.16317566899997
0.0118589776046235	0.0128852257746807
-0.0300393932448303	0.0271347392333845
0.0154404585293782	0.0119969636902185
-0.131220299118512	0.158928348576747
-0.368424563653261	0.90910067313613
-0.214784592163861	0.372797838908039
0.210458031745195	0.287699432524427
0.342821719517614	0.448917759087795
0.372623730897794	0.231542003243482
0.111723462163935	0.111309023202868
-0.583586473501454	0.445193532446752
-0.544207188367825	0.858248757703526
-1.24697326694924	0.715149949264579
-0.743699183567835	0.973617220758874
-0.335109585385238	0.425972404333094
-0.776168221279301	2.76214790763427
-0.0836711087378659	0.126907329910364
0.470679974939276	0.734876068988854
0.267974960972513	0.314580569999394
-0.772747718970806	0.606620309564177
-0.187565528829603	0.209059385699096
0.0717427809556093	0.0235013901917997
-0.853171820517834	0.386007415520056
-0.283800228811644	0.301142909628303
0.0282093498676111	0.0315718356203836
-0.299790580035139	0.711788728446229
-0.303509590391121	0.570283899779341
-0.254758124116599	0.340164909681814
-0.578293380433928	0.808548207577073
-0.489483551026762	0.342685178420974
-0.496879249363206	0.285384962404865
-0.0907027248243425	0.0845203231976553
-0.0606635457525663	0.0664892682102583
-0.279035768648531	0.623372978901598
-0.346864009173737	0.73605173566981
-0.36930390139925	0.632174083287912
-0.0989608762183345	0.107247648973873
-0.885065515418887	2.47121711761323
-0.180266188561482	0.240609140238038
-0.205280430665882	0.276232886199822
-0.278337189732174	0.299539310384813
-0.622975962848686	1.29314844217252
-0.291802369115619	0.351246012847325
-0.325662913082703	0.472110108840759
-0.27216267678413	0.440599849882237
-0.231849356955603	0.392706486854496
