x	y	clickSelects
-0.0162141504817701	1.89433973913692	11
0.000248545118950005	0.713504367104789	11
0.11537405250298	1.43627678223422	660
-0.00120761024533	0.705599471853418	462
0.0551073028359801	0.369136963113605	93
0.0517404807961199	0.37262608944565	105
0.0514158522496	0.370593483939686	238
0.05626033366896	0.372376909213889	16
-0.11803882438774	0.633770846117113	16
0.0521566473905599	0.369350353315111	16
0.0514158522496	0.370593483939686	16
0.0559283056597499	0.373753725478209	155
0.0514158522496	0.370593483939686	126
-0.10848967736398	0.647560878496966	126
-0.11130187177788	0.63936217482854	126
-0.10876301435295	0.640974220531588	126
0.0514158522496	0.370593483939686	153
0.0559283056597499	0.373753725478209	33
0.05360212512003	0.366270455398207	1
0.0421949731312199	0.358543481376803	399
0.05708251161802	0.368017737325914	61
0.0559283056597499	0.373753725478209	1402
-0.10469408332805	0.635092968824101	1402
0.0514158522496	0.370593483939686	1515
0.0517404807961199	0.37262608944565	1543
0.11336276397957	2.17394449729471	660
0.06369933446846	2.09398902514637	11
0.0566714758582401	0.372477145095083	148
-0.10900766366641	0.651041157255618	105
0.0563386479650401	0.36925803488199	105
0.05708251161802	0.368017737325914	105
0.0654675890737799	0.823440301643633	151
0.05626033366896	0.372376909213889	126
0.0559283056597499	0.373753725478209	126
0.0514158522496	0.370593483939686	33
0.0510003870137901	0.373895521965936	134
0.0749614768398501	0.795233439279536	148
-0.0577208375070499	0.976141192721158	105
0.0559283056597499	0.373753725478209	16
-0.10545591423797	0.635802917925558	126
0.0559283056597499	0.373753725478209	126
0.05708251161802	0.368017737325914	153
0.0559283056597499	0.373753725478209	33
-0.10922839175361	0.63955262015851	1366
0.12185129716607	1.59901472360352	660
0.11526863221589	1.19726686930888	11
-0.11568231699391	1.45305794276745	11
-0.000110345270079915	1.05129462964656	462
0.11654185618128	0.905529272748881	93
-0.0661429156506601	1.01199500966545	121
0.0517404807961199	0.37262608944565	16
0.05551785730188	0.373652093036025	16
0.05551785730188	0.373652093036025	126
0.05551785730188	0.373652093036025	242
0.0514158522496	0.370593483939686	33
0.0566714758582401	0.372477145095083	399
0.0517404807961199	0.37262608944565	399
0.05626033366896	0.372376909213889	399
0.0559283056597499	0.373753725478209	421
0.0557460669625101	1.56805451869034	148
0.05058481294332	0.370665869141311	105
-0.00219115457886998	0.728109360126178	105
0.0668576509862899	0.816697170211819	105
-0.11004417746519	0.65090747212765	151
-0.10922839175361	0.63955262015851	121
0.0666752217647599	0.824219400433776	121
-0.10469408332805	0.635092968824101	121
0.0510003870137901	0.373895521965936	155
0.05708251161802	0.368017737325914	126
0.0563386479650401	0.36925803488199	126
-0.11130187177788	0.63936217482854	4
0.0521566473905599	0.369350353315111	33
0.05626033366896	0.372376909213889	33
0.05626033366896	0.372376909213889	25
0.05626033366896	0.372376909213889	25
-0.06252284109752	0.996014651509526	93
-0.0642685401919101	1.00654371470242	174
0.0617196090772301	1.13736153477053	105
-0.000726863285549939	0.728175394838403	16
-0.10824491858254	0.639995049038974	16
0.05708251161802	0.368017737325914	1529
0.0559283056597499	0.373753725478209	1529
0.0510003870137901	0.373895521965936	242
0.0566714758582401	0.372477145095083	33
0.05584908499443	0.367899531876594	33
0.0566714758582401	0.372477145095083	1
0.0563386479650401	0.36925803488199	1366
0.0551073028359801	0.369136963113605	399
0.0566714758582401	0.372477145095083	25
0.05708251161802	0.368017737325914	25
0.0559283056597499	0.373753725478209	25
0.0510003870137901	0.373895521965936	61
0.05708251161802	0.368017737325914	1402
0.05551785730188	0.373652093036025	1402
0.05551785730188	0.373652093036025	123
-0.10700836293971	0.639030448374542	93
-0.11287991638854	0.650232906130389	105
-0.00554452941521011	0.7207803717812	105
-0.11339818726857	0.65294216962778	16
0.0513242049809799	0.369423653780211	4
0.0510003870137901	0.373895521965936	242
0.0566714758582401	0.372477145095083	153
0.05551785730188	0.373652093036025	33
0.0566714758582401	0.372477145095083	33
0.05058481294332	0.370665869141311	33
0.0544397113513599	0.36619467838097	25
0.0559283056597499	0.373753725478209	531
0.0319927586001201	1.35553301003543	93
-0.11363967046608	0.642196089442822	16
0.05584908499443	0.367899531876594	16
-0.10649069871037	0.64012161350823	126
0.0521566473905599	0.369350353315111	1
0.05626033366896	0.372376909213889	25
0.05584908499443	0.367899531876594	134
0.0566714758582401	0.372477145095083	1402
0.05626033366896	0.372376909213889	166
-0.11728281556358	0.641482599547101	93
0.11578377998853	0.907478276041575	93
0.0517404807961199	0.37262608944565	16
0.0514158522496	0.370593483939686	16
0.0563386479650401	0.36925803488199	16
0.05551785730188	0.373652093036025	16
0.0510003870137901	0.373895521965936	126
0.05584908499443	0.367899531876594	242
0.0510003870137901	0.373895521965936	33
0.0559283056597499	0.373753725478209	757
0.0517404807961199	0.37262608944565	1
0.05812713430538	0.36476771851041	25
0.0563386479650401	0.36925803488199	25
0.05708251161802	0.368017737325914	1402
0.05708251161802	0.368017737325914	1402
0.05551785730188	0.373652093036025	123
0.00533114004105006	1.09406498916774	174
-0.06111882624498	0.999123649024742	174
0.01255422886671	1.03767264140827	174
0.0106543867145099	1.07992463461397	105
-0.0021832291547399	0.719830006449507	121
0.05626033366896	0.372376909213889	1340
-0.11026477066253	0.643911114828403	233
0.05626033366896	0.372376909213889	204
0.05551785730188	0.373652093036025	104
0.0559283056597499	0.373753725478209	4
0.0510003870137901	0.373895521965936	104
0.0559283056597499	0.373753725478209	126
0.0517404807961199	0.37262608944565	4
0.0559283056597499	0.373753725478209	153
0.0585409270733299	0.369152271339228	33
0.0551073028359801	0.369136963113605	740
0.05058481294332	0.370665869141311	134
0.0513242049809799	0.369423653780211	123
0.0517404807961199	0.37262608944565	123
0.05626033366896	0.372376909213889	123
-0.00145504319884004	0.729786239349772	148
0.0585409270733299	0.369152271339228	93
0.0566714758582401	0.372477145095083	104
0.05551785730188	0.373652093036025	153
0.05626033366896	0.372376909213889	153
0.0559283056597499	0.373753725478209	33
0.05626033366896	0.372376909213889	1
0.05551785730188	0.373652093036025	421
0.05708251161802	0.368017737325914	1402
-0.10204930715535	1.80862456927379	265
-0.0198196725031301	1.31159372592308	418
0.0390162947236401	1.75301173573119	11
-0.10521115512179	0.63842680471341	462
0.0510003870137901	0.373895521965936	148
-0.10900766366641	0.651041157255618	148
0.0514158522496	0.370593483939686	93
0.05584908499443	0.367899531876594	93
0.0559283056597499	0.373753725478209	233
0.0521566473905599	0.369350353315111	104
-0.10900766366641	0.651041157255618	33
0.05551785730188	0.373652093036025	33
0.05895461197529	0.36924919678315	33
0.00517370704719999	0.708261737749564	683
-0.11756412384356	0.630969466654929	1402
0.10888637988304	2.2833686685475	11
0.0692820262284499	0.827287573808564	93
0.0559283056597499	0.373753725478209	121
0.05626033366896	0.372376909213889	16
0.05551785730188	0.373652093036025	233
0.0563386479650401	0.36925803488199	33
0.0551073028359801	0.369136963113605	33
0.0467729017471701	0.366077591446022	201
0.0517404807961199	0.37262608944565	33
0.05551785730188	0.373652093036025	421
0.05584908499443	0.367899531876594	531
-0.0482292596915801	1.81436119174551	660
0.0137076882985501	1.05814314033051	148
0.11940977454131	1.1468432895159	93
-0.11004417746519	0.65090747212765	121
0.0551073028359801	0.369136963113605	16
0.0566714758582401	0.372477145095083	204
-0.10952583032696	0.652055684574671	1098
-0.10469408332805	0.635092968824101	683
0.0559283056597499	0.373753725478209	25
0.10946207324992	0.917648937531525	11
0.1070847763782	0.899610583338857	93
-0.10700836293971	0.639030448374542	93
-0.10928129190726	0.639882552467423	93
0.00639349519312993	0.717155357058528	233
0.0585409270733299	0.369152271339228	104
0.0566714758582401	0.372477145095083	104
-0.10521115512179	0.63842680471341	214
0.05708251161802	0.368017737325914	214
-0.11026477066253	0.643911114828403	683
-0.11339818726857	0.65294216962778	683
0.05708251161802	0.368017737325914	25
0.05584908499443	0.367899531876594	25
-0.0942099853943299	1.24682272899981	148
-0.10908999328219	0.637723683115847	100
-0.11004417746519	0.65090747212765	93
0.0566714758582401	0.372477145095083	105
0.0467729017471701	0.366077591446022	204
-0.11339818726857	0.65294216962778	204
0.0566714758582401	0.372477145095083	104
0.10662596832901	0.908588869895655	33
0.0039583809508501	0.711962611739075	201
0.05812713430538	0.36476771851041	1
0.07235782027358	0.816193795766761	553
0.05626033366896	0.372376909213889	683
0.0514158522496	0.370593483939686	25
0.0563386479650401	0.36925803488199	25
0.05551785730188	0.373652093036025	421
0.05708251161802	0.368017737325914	123
0.0574673649605499	1.57366559609447	93
-0.02598153678313	1.3290168430475	688
-0.0235956634018399	1.28890735478111	688
0.0559283056597499	0.373753725478209	233
0.0559283056597499	0.373753725478209	214
0.05551785730188	0.373652093036025	214
0.0551073028359801	0.369136963113605	214
0.05360212512003	0.366270455398207	214
0.0566714758582401	0.372477145095083	25
0.0510003870137901	0.373895521965936	734
0.05708251161802	0.368017737325914	1301
0.00325312191748006	1.71078015293354	300
0.00769720991393008	1.06454295055587	148
0.0652230223111501	0.830313383595391	93
0.000928711285409944	0.716635342544003	174
0.11708724537819	1.19500028898481	151
-0.11467685585709	0.64478437579173	104
0.05551785730188	0.373652093036025	126
0.05551785730188	0.373652093036025	214
-0.11026477066253	0.643911114828403	33
0.00117012791716009	0.725578683674891	683
-0.09064255448591	1.24284950424673	93
0.00760777740704	0.703372908369606	93
-0.00145504319884004	0.729786239349772	16
-0.10952583032696	0.652055684574671	204
0.05895461197529	0.36924919678315	214
-0.10900766366641	0.651041157255618	1
0.0566714758582401	0.372477145095083	553
0.05895461197529	0.36924919678315	683
0.0559283056597499	0.373753725478209	395
0.05708251161802	0.368017737325914	1
0.05584908499443	0.367899531876594	25
0.05895461197529	0.36924919678315	25
0.0585409270733299	0.369152271339228	536
0.0593681890680999	0.364878931230691	531
0.06855408129844	0.828822505242769	300
-0.11391664005511	0.652897010004391	16
0.0510003870137901	0.373895521965936	115
0.05551785730188	0.373652093036025	104
0.0563386479650401	0.36925803488199	4
0.0514158522496	0.370593483939686	214
0.0517404807961199	0.37262608944565	215
0.0566714758582401	0.372477145095083	1
-0.11391664005511	0.652897010004391	683
0.0510003870137901	0.373895521965936	683
-0.11004417746519	0.65090747212765	683
0.00615230876982009	0.705268630065936	395
0.0510003870137901	0.373895521965936	91
-0.11425290341695	0.630116841782637	174
0.0566714758582401	0.372477145095083	174
-0.10700836293971	0.639030448374542	174
0.0585409270733299	0.369152271339228	174
0.0566714758582401	0.372477145095083	357
0.0513242049809799	0.369423653780211	852
0.0566714758582401	0.372477145095083	33
-0.10900766366641	0.651041157255618	33
0.0510003870137901	0.373895521965936	186
0.0517404807961199	0.37262608944565	1
0.05626033366896	0.372376909213889	683
-0.11339818726857	0.65294216962778	424
0.0510003870137901	0.373895521965936	395
0.0559283056597499	0.373753725478209	1157
0.0566714758582401	0.372477145095083	421
-0.06762590940415	0.994826866641882	408
0.12063031740474	1.16465092323414	41
-0.02339559213305	2.05073851920642	93
0.0517404807961199	0.37262608944565	1757
0.11299314623984	0.922572040347718	16
-0.10952583032696	0.652055684574671	1258
0.0510003870137901	0.373895521965936	357
0.0559283056597499	0.373753725478209	104
0.05708251161802	0.368017737325914	987
0.05708251161802	0.368017737325914	33
0.0517404807961199	0.37262608944565	33
0.0559283056597499	0.373753725478209	33
0.0540209735528201	0.369405668635769	33
-0.11004417746519	0.65090747212765	186
0.0521566473905599	0.369350353315111	323
0.0513242049809799	0.369423653780211	1300
0.02166068366112	1.907006145638	11
0.05103974831362	1.55181627667832	148
-0.0695271230712899	1.00282201222537	408
0.00302673305076007	0.715149949264579	41
-0.0617822478860901	0.990032707873534	93
-0.11004417746519	0.65090747212765	93
0.0595716508366699	1.15578794302563	93
0.00878435651595999	1.07531016853696	306
0.0566714758582401	0.372477145095083	16
0.0551073028359801	0.369136963113605	852
0.0585409270733299	0.369152271339228	967
-0.10900766366641	0.651041157255618	967
0.05058481294332	0.370665869141311	104
0.0551073028359801	0.369136963113605	104
0.05812713430538	0.36476771851041	536
0.0563386479650401	0.36925803488199	536
0.05708251161802	0.368017737325914	587
0.06716523917467	0.811103197267034	905
0.0010842618709499	0.719098005701496	265
0.11659440605726	1.17178337889123	11
-0.0728608012874801	0.995370932799671	11
0.0510003870137901	0.373895521965936	11
-0.06452704712661	0.997135518415033	622
0.0652230223111501	0.830313383595391	1613
0.00132377483939994	0.726191210870679	306
0.05895461197529	0.36924919678315	1169
0.00263149021410003	0.722859024807088	33
0.05584908499443	0.367899531876594	1
0.0566714758582401	0.372477145095083	683
0.00229939803932	0.724131342885286	683
0.02011173174905	1.92300604492129	100
0.00265325748254996	1.09703967137899	93
0.06310033770544	1.12833817969535	306
-0.09286422537032	1.27626866447695	306
-0.11443527487002	0.650126517646143	781
0.11676781910112	0.919638370243819	214
-0.00603354869749007	0.721950235247382	33
-0.11004417746519	0.65090747212765	186
0.0642541285852201	0.824016798402551	186
0.05626033366896	0.372376909213889	587
0.05626033366896	0.372376909213889	89
-0.10597321584995	0.639142601476655	89
0.0000422507408599504	1.09296876118309	11
-0.11026477066253	0.643911114828403	11
0.11363716353195	0.906917414690305	622
0.0718748760360399	0.817020142058628	300
-0.11339818726857	0.65294216962778	408
0.0939424946193299	1.57413915624559	1613
0.0603684682861601	1.1509322785657	1613
0.05708251161802	0.368017737325914	16
0.05895461197529	0.36924919678315	357
0.0551073028359801	0.369136963113605	601
0.05551785730188	0.373652093036025	186
0.05708251161802	0.368017737325914	186
0.0585409270733299	0.369152271339228	1295
0.05895461197529	0.36924919678315	123
0.0517404807961199	0.37262608944565	11
0.0540209735528201	0.369405668635769	622
-0.11367563814407	0.639204345447229	300
0.05708251161802	0.368017737325914	408
0.0571619414033799	1.55899563193494	306
0.05551785730188	0.373652093036025	306
0.0544397113513599	0.36619467838097	16
-0.1126390131044	0.64188590016176	16
-0.0012148031297099	0.730276116710018	16
0.05626033366896	0.372376909213889	32
0.00712127619689995	0.708322634839777	357
0.0540209735528201	0.369405668635769	1197
-0.00267127434601	0.721871421772723	1
0.05551785730188	0.373652093036025	683
0.0517404807961199	0.37262608944565	25
0.05584908499443	0.367899531876594	308
0.0566714758582401	0.372477145095083	531
-0.0021832291547399	0.719830006449507	11
0.10379579808146	0.905329548473354	660
0.0692672955139599	0.813104684438202	100
0.05895461197529	0.36924919678315	408
0.000559464090289952	1.72410330854759	306
0.05551785730188	0.373652093036025	829
0.05584908499443	0.367899531876594	91
-0.06516699839427	2.044181430886	698
0.11039117485645	1.20987169167242	11
-0.11315723468694	0.641850291161331	300
0.12237653264539	0.879758341220768	460
0.05551785730188	0.373652093036025	100
0.05551785730188	0.373652093036025	100
-0.0176888318959201	1.27355390877165	306
0.05626033366896	0.372376909213889	32
0.0551073028359801	0.369136963113605	214
0.11828486264653	0.915985739831253	33
-0.11391664005511	0.652897010004391	33
0.0566714758582401	0.372477145095083	25
-0.0726849880387299	2.21324488579407	300
-0.10202233166891	2.42511077032667	300
0.00482420082907997	1.50903464015511	100
-0.10552039445117	1.42777353560842	100
0.0707161204327	0.810581815628608	100
0.00510098675972004	1.09552839253702	100
-0.03542741234505	1.51704418077539	404
-0.05925302881932	0.98414196300804	41
0.11657841526442	0.927013653041126	920
0.0607015672740101	0.822134241443663	1341
0.05551785730188	0.373652093036025	1634
-0.10928129190726	0.639882552467423	104
-0.10900766366641	0.651041157255618	104
0.0517404807961199	0.37262608944565	104
0.0551073028359801	0.369136963113605	104
0.05551785730188	0.373652093036025	423
0.0551073028359801	0.369136963113605	33
-0.10900766366641	0.651041157255618	1447
0.0559283056597499	0.373753725478209	186
-0.11026477066253	0.643911114828403	186
0.05895461197529	0.36924919678315	829
0.05626033366896	0.372376909213889	25
0.0563386479650401	0.36925803488199	308
0.04665723890723	1.69006637921198	300
0.11522755751621	1.43993693929263	300
0.0355235012157	1.74440002942189	100
0.11705243953306	0.925108310137481	100
0.0596034896875901	1.13341694622218	100
0.11854657212458	1.17309826253468	55
0.0701814074746101	0.80379456867455	93
-0.11752038413085	0.627159116116626	1634
0.00117012791716009	0.725578683674891	1634
-0.10572840801144	0.639404357017298	1634
-0.10952583032696	0.652055684574671	104
0.0517404807961199	0.37262608944565	104
0.0559283056597499	0.373753725478209	423
0.0514158522496	0.370593483939686	33
0.0559283056597499	0.373753725478209	273
0.05584908499443	0.367899531876594	1
0.0559283056597499	0.373753725478209	25
0.0559283056597499	0.373753725478209	25
0.05626033366896	0.372376909213889	25
0.05708251161802	0.368017737325914	25
-0.11288491319868	2.38802047199543	300
0.0828521447449699	1.32649750817045	148
0.06262807992091	1.50155669306118	460
0.0666752217647599	0.824219400433776	100
-0.0616023908355201	1.9818241085927	100
0.06831342553189	0.825203142763496	93
0.0460359253859699	0.367281439441553	53
0.00156322226465	0.715111517897754	920
0.07114774244025	0.807238870344304	179
-0.11004417746519	0.65090747212765	32
0.00590678545849999	0.719895515737977	104
-0.11056270520135	0.647339816642436	423
0.05895461197529	0.36924919678315	33
0.0540209735528201	0.369405668635769	1
0.05487233036732	1.93771382743688	622
0.0312041553521201	1.87193288536503	460
0.12480088180814	1.40513307377503	100
0.10918441836561	1.1976625637939	100
0.0708341262688801	1.10116474953204	55
-0.11443527487002	0.650126517646143	402
-0.11026477066253	0.643911114828403	32
-0.06404500624216	0.998362100771369	104
0.0559283056597499	0.373753725478209	104
0.05708251161802	0.368017737325914	214
0.00566570333978	0.710240892849369	214
0.0521566473905599	0.369350353315111	25
-0.11367563814407	0.639204345447229	25
0.05708251161802	0.368017737325914	48
0.05584908499443	0.367899531876594	1524
0.0876019815889	1.6001300532641	300
0.0774834750473601	1.75021458660014	100
-0.0930171066185099	1.22994981048605	179
0.0521566473905599	0.369350353315111	110
0.05551785730188	0.373652093036025	214
0.0566714758582401	0.372477145095083	33
0.05551785730188	0.373652093036025	504
0.0559283056597499	0.373753725478209	25
0.0517404807961199	0.37262608944565	25
0.0513242049809799	0.369423653780211	25
-0.0692859164281401	0.993584450641453	1634
0.0053194380633701	0.700916122010438	1634
0.06424968752005	0.817102523978428	32
0.05551785730188	0.373652093036025	104
0.11691629706413	0.906082911309767	33
0.0566714758582401	0.372477145095083	273
0.0559283056597499	0.373753725478209	186
0.0517404807961199	0.37262608944565	144
0.0559283056597499	0.373753725478209	504
0.0559283056597499	0.373753725478209	684
0.07582529779444	2.27888101773486	824
0.06001908987653	1.15372298100975	55
-0.00107080643413005	0.706727757687813	819
0.0514158522496	0.370593483939686	55
0.0514158522496	0.370593483939686	53
-0.10871047282695	0.631395173527026	151
0.0563386479650401	0.36925803488199	32
-0.11363967046608	0.642196089442822	104
-0.00038003983484991	0.712517876294363	104
0.0559283056597499	0.373753725478209	186
0.0540209735528201	0.369405668635769	186
0.05584908499443	0.367899531876594	25
0.03597670055728	1.31757521763877	107
0.05626033366896	0.372376909213889	55
0.05626033366896	0.372376909213889	53
0.05584908499443	0.367899531876594	1634
0.000928711285409944	0.716635342544003	110
0.0559283056597499	0.373753725478209	202
-0.10824491858254	0.639995049038974	104
0.0563386479650401	0.36925803488199	25
0.05626033366896	0.372376909213889	25
0.0559283056597499	0.373753725478209	25
0.0563386479650401	0.36925803488199	25
0.05626033366896	0.372376909213889	57
0.0872712662100901	1.36460601474232	630
0.0652230223111501	0.830313383595391	53
-0.000726863285549939	0.728175394838403	179
0.00942089152207992	0.694300299625278	32
0.07235782027358	0.816193795766761	104
0.05895461197529	0.36924919678315	33
0.0593681890680999	0.364878931230691	100
-0.0247821111873701	1.27912438452852	55
0.05708251161802	0.368017737325914	55
0.00639349519312993	0.717155357058528	1634
0.05626033366896	0.372376909213889	104
-0.10928129190726	0.639882552467423	170
0.0563386479650401	0.36925803488199	33
0.05708251161802	0.368017737325914	750
0.0593681890680999	0.364878931230691	322
0.0585409270733299	0.369152271339228	25
0.05626033366896	0.372376909213889	1091
-0.03542741234505	1.51704418077539	107
0.0524037408393201	1.55346638194655	107
-0.00194303576429999	0.731895644349349	55
0.0559283056597499	0.373753725478209	806
-0.10848967736398	0.647560878496966	807
0.07023333013895	0.813166069445519	179
-0.06804206072421	0.998635083292287	104
-0.11467685585709	0.64478437579173	104
0.05551785730188	0.373652093036025	104
0.05626033366896	0.372376909213889	186
0.05058481294332	0.370665869141311	322
0.0514158522496	0.370593483939686	25
0.0563386479650401	0.36925803488199	25
0.05551785730188	0.373652093036025	25
-0.0627448154793	0.987834232916592	41
-0.11443527487002	0.650126517646143	55
-0.10521115512179	0.63842680471341	53
0.00663461865060011	0.710985798441932	151
0.0563386479650401	0.36925803488199	53
-0.0634855049913201	0.993777351055844	110
0.0521566473905599	0.369350353315111	170
0.0559283056597499	0.373753725478209	33
0.0585409270733299	0.369152271339228	750
-0.00170290019566011	0.730251441872315	186
0.0559283056597499	0.373753725478209	25
0.0460359253859699	0.367281439441553	25
0.0517404807961199	0.37262608944565	25
0.0566714758582401	0.372477145095083	1091
0.05626033366896	0.372376909213889	42
0.05895461197529	0.36924919678315	117
0.05626033366896	0.372376909213889	1036
0.0806298967742201	1.93592108272351	824
0.11022292530282	0.921081773212881	148
0.11375260299404	0.920569107272444	53
0.0490506279057199	0.363013487476553	53
-0.11004417746519	0.65090747212765	53
0.0510003870137901	0.373895521965936	110
-0.11855744667083	0.635313979322969	104
0.0566714758582401	0.372477145095083	33
0.05626033366896	0.372376909213889	89
0.08548186310168	1.38378417045388	38
0.10434223935952	1.16819879873767	38
0.04190423435533	1.69135545194317	116
0.11936724493486	0.911571524007782	53
-0.0646596407801401	0.987424855537079	53
-0.00228645709018993	0.716541529574583	53
0.05551785730188	0.373652093036025	110
0.0517404807961199	0.37262608944565	8
-0.11443527487002	0.650126517646143	8
-0.10952583032696	0.652055684574671	104
0.0513242049809799	0.369423653780211	1
0.0566714758582401	0.372477145095083	104
0.0517404807961199	0.37262608944565	25
0.0517404807961199	0.37262608944565	25
-0.000726863285549939	0.728175394838403	630
-0.00652272587631009	0.720764258097576	38
0.000441382177460037	0.715750855545009	116
0.0716357634793801	0.811952750290091	148
0.05551785730188	0.373652093036025	55
0.0728463522473299	0.802572991169315	671
0.05058481294332	0.370665869141311	32
0.0559283056597499	0.373753725478209	8
0.05895461197529	0.36924919678315	104
-0.0627822101072899	0.992362944213247	104
-0.11026477066253	0.643911114828403	104
0.05626033366896	0.372376909213889	144
-0.11004417746519	0.65090747212765	148
0.0517404807961199	0.37262608944565	41
0.0566714758582401	0.372477145095083	41
0.0703896779442099	1.12661817844894	55
0.05058481294332	0.370665869141311	53
0.00469202318963991	0.713756369735064	110
0.05626033366896	0.372376909213889	110
0.05895461197529	0.36924919678315	144
0.0559283056597499	0.373753725478209	144
0.0517404807961199	0.37262608944565	370
0.0521566473905599	0.369350353315111	117
-0.1167646082338	0.63466000929116	53
0.11223374058275	0.919129473254809	53
-0.11391664005511	0.652897010004391	53
-0.11056270520135	0.647339816642436	32
0.00165740535646997	0.726503659588826	110
-0.10857298568832	0.63019914276703	104
0.0559283056597499	0.373753725478209	33
0.05551785730188	0.373652093036025	25
0.0521566473905599	0.369350353315111	48
0.0563386479650401	0.36925803488199	358
0.05551785730188	0.373652093036025	42
0.0551073028359801	0.369136963113605	236
0.0510003870137901	0.373895521965936	236
0.11727017770575	1.63388994382323	239
-0.000918525313639895	2.36720400152881	434
-0.11312135073954	0.634583953086172	53
0.0559283056597499	0.373753725478209	53
-0.00243118558316002	0.731869884016985	53
-0.05894138236364	0.993404749839484	179
-0.11287991638854	0.650232906130389	8
-0.10974649099216	0.642924202456963	104
0.0566714758582401	0.372477145095083	33
-0.0242558428494299	1.94778712707015	239
0.09259092284134	1.60869904229659	107
0.11563334691342	1.44223599524924	41
-0.11391664005511	0.652897010004391	53
0.06118706225933	0.823256624872496	589
-0.00291949275093995	0.729717003933187	53
0.0510003870137901	0.373895521965936	110
-0.10824491858254	0.639995049038974	110
0.0559283056597499	0.373753725478209	104
-0.1167646082338	0.63466000929116	104
0.05584908499443	0.367899531876594	299
0.0559283056597499	0.373753725478209	33
-0.0012148031297099	0.730276116710018	104
0.0585409270733299	0.369152271339228	144
0.05058481294332	0.370665869141311	25
0.0559283056597499	0.373753725478209	25
0.0510003870137901	0.373895521965936	25
0.05551785730188	0.373652093036025	370
0.10974789497254	0.922071254442113	239
0.11465018575907	1.80250302930171	11
0.05754026226924	1.15272873328605	434
-0.11339818726857	0.65294216962778	53
-0.0627822101072899	0.992362944213247	53
-0.11056270520135	0.647339816642436	104
0.05551785730188	0.373652093036025	144
0.0566714758582401	0.372477145095083	139
0.05626033366896	0.372376909213889	340
0.0566714758582401	0.372477145095083	340
-0.1126390131044	0.64188590016176	25
0.0559283056597499	0.373753725478209	370
0.05584908499443	0.367899531876594	370
0.0566714758582401	0.372477145095083	1278
0.0559283056597499	0.373753725478209	1175
0.05058481294332	0.370665869141311	236
0.0567835482569099	1.88306327181925	116
0.0559283056597499	0.373753725478209	53
-0.09207140738082	1.26873959980679	53
-0.10649069871037	0.64012161350823	53
-0.1140159153426	0.630957241910769	339
-0.00219115457886998	0.728109360126178	32
0.05551785730188	0.373652093036025	8
-0.10900766366641	0.651041157255618	299
0.05360212512003	0.366270455398207	33
-0.11467685585709	0.64478437579173	104
0.0514158522496	0.370593483939686	1321
0.0566714758582401	0.372477145095083	25
0.05551785730188	0.373652093036025	25
0.0559283056597499	0.373753725478209	25
0.05626033366896	0.372376909213889	91
0.0566714758582401	0.372477145095083	236
0.07997387833596	1.94337145437583	300
-0.0383936763332799	2.18508223793506	148
-0.09839169351862	1.63596128781623	53
0.0576471140263699	0.809692197000464	53
0.00452496535205005	1.09266709540881	53
0.0591069729116101	0.809749177944766	339
-0.09345251356182	1.26053096222493	32
0.05360212512003	0.366270455398207	104
-0.11004417746519	0.65090747212765	104
-0.10572840801144	0.639404357017298	25
0.05551785730188	0.373652093036025	25
0.0566714758582401	0.372477145095083	25
0.0585409270733299	0.369152271339228	478
-0.11391664005511	0.652897010004391	91
0.0521566473905599	0.369350353315111	236
0.10927271846347	0.920939352781427	55
-0.12193213366794	0.615831805217387	53
-0.09589352386144	1.4460068610027	53
-0.00267956637492994	0.723432447014664	110
0.0692820262284499	0.827287573808564	142
0.05551785730188	0.373652093036025	8
-0.11004417746519	0.65090747212765	104
0.05551785730188	0.373652093036025	144
0.0563386479650401	0.36925803488199	25
0.0563386479650401	0.36925803488199	25
0.00474629389476	1.99906406802352	300
0.00971965319052992	1.08162680632001	55
-0.00603354869749007	0.721950235247382	53
-0.00320709887398007	1.06860767061178	53
0.05551785730188	0.373652093036025	339
0.05895461197529	0.36924919678315	32
0.0559283056597499	0.373753725478209	110
0.00181166499021002	0.726213690078563	8
0.05551785730188	0.373652093036025	104
0.0540209735528201	0.369405668635769	139
-0.10521115512179	0.63842680471341	144
0.05626033366896	0.372376909213889	736
0.0521566473905599	0.369350353315111	117
0.0566714758582401	0.372477145095083	117
0.0510003870137901	0.373895521965936	117
0.05551785730188	0.373652093036025	87
-0.000726863285549939	0.728175394838403	53
0.00214452609048998	0.72563668068459	53
-0.11467685585709	0.64478437579173	339
0.0559283056597499	0.373753725478209	32
-0.000726863285549939	0.728175394838403	32
0.0510003870137901	0.373895521965936	32
0.0559283056597499	0.373753725478209	8
0.0517404807961199	0.37262608944565	104
0.00493289650835993	0.719844288467355	104
0.0566714758582401	0.372477145095083	104
-0.10824491858254	0.639995049038974	144
-0.10952583032696	0.652055684574671	139
0.05626033366896	0.372376909213889	144
0.0563386479650401	0.36925803488199	6
0.05551785730188	0.373652093036025	998
0.05895461197529	0.36924919678315	42
0.00395788584317991	1.09320733591451	55
-0.10677743590478	1.95087619848476	55
0.0571797917343699	1.14912614218887	53
-0.10871047282695	0.631395173527026	339
0.00517894151130993	0.712915794137042	104
0.0585409270733299	0.369152271339228	144
0.05551785730188	0.373652093036025	48
0.05551785730188	0.373652093036025	91
0.0551073028359801	0.369136963113605	822
0.0155733509099001	1.03830409349503	107
0.0823897356944301	1.40112977677462	116
0.00371771668721999	0.71017587088809	434
0.0895965240902601	2.15396361390397	41
-0.07334468846834	0.993891378901816	53
-0.11026477066253	0.643911114828403	104
0.0566714758582401	0.372477145095083	104
0.05626033366896	0.372376909213889	559
-0.10928129190726	0.639882552467423	144
-0.11831977595782	0.641471229022736	144
0.00190289938757005	0.71310524779781	144
-0.10952583032696	0.652055684574671	56
0.05895461197529	0.36924919678315	25
0.05708251161802	0.368017737325914	42
0.0027869740819999	0.719511701543166	434
0.0513242049809799	0.369423653780211	55
-0.11339818726857	0.65294216962778	53
-0.10974649099216	0.642924202456963	53
0.05551785730188	0.373652093036025	104
0.0551073028359801	0.369136963113605	104
0.05551785730188	0.373652093036025	25
0.05551785730188	0.373652093036025	6
0.0464565798457699	0.367115825422741	646
0.0566714758582401	0.372477145095083	87
0.11749489031511	1.41021608019706	239
0.1150648394269	1.19444670219482	11
-0.06300409804473	0.995901164282001	434
-0.12169844937271	0.628438279960156	53
0.00614780467342002	0.711823338456691	36
0.05551785730188	0.373652093036025	104
0.0551073028359801	0.369136963113605	559
0.05551785730188	0.373652093036025	250
0.05551785730188	0.373652093036025	144
0.05626033366896	0.372376909213889	144
0.0585409270733299	0.369152271339228	42
0.05626033366896	0.372376909213889	646
0.05551785730188	0.373652093036025	117
0.0559283056597499	0.373753725478209	53
-0.10900766366641	0.651041157255618	53
-0.10385901044008	1.25022482354909	53
0.0075941733770899	1.06985535094077	53
0.11587644008821	0.890644424892121	36
0.05708251161802	0.368017737325914	104
-0.00603354869749007	0.721950235247382	104
-0.0728608012874801	0.995370932799671	104
-0.1151957217647	0.642110766774561	104
0.0510003870137901	0.373895521965936	144
0.0563386479650401	0.36925803488199	6
0.0563386479650401	0.36925803488199	42
0.0559283056597499	0.373753725478209	117
0.00214452609048998	0.72563668068459	53
-0.00267956637492994	0.723432447014664	53
0.00917736979577999	1.08476267726214	53
-0.0666912343246	0.991519327029016	53
-0.0628650351954001	0.981087768110484	32
0.00420494828002993	0.712876801487984	32
-0.11367563814407	0.639204345447229	36
0.0692597905653301	0.813973621444936	36
0.06475768818148	0.823319587654248	250
0.05584908499443	0.367899531876594	6
0.05708251161802	0.368017737325914	6
-0.11098118543893	0.6146108295633	6
0.05551785730188	0.373652093036025	646
0.0517404807961199	0.37262608944565	117
0.0517404807961199	0.37262608944565	117
0.10898690655723	0.918631096727356	116
0.05551785730188	0.373652093036025	53
0.06424968752005	0.817102523978428	53
-0.0969091664376201	1.27487608627844	53
0.11686319608167	0.92176057699372	53
-0.05894138236364	0.993404749839484	53
0.06902217624455	0.81871802721404	8
-0.0663657470860599	1.00099277060139	104
0.05551785730188	0.373652093036025	104
-0.10772700447514	0.6366543968885	559
0.0514158522496	0.370593483939686	250
-0.0012148031297099	0.730276116710018	250
0.05895461197529	0.36924919678315	6
0.04719426560944	0.365912360409344	56
0.05058481294332	0.370665869141311	42
0.05551785730188	0.373652093036025	117
0.0510003870137901	0.373895521965936	87
0.0563386479650401	0.36925803488199	87
0.0513242049809799	0.369423653780211	38
0.0159283416050999	1.54282197812987	41
0.05551785730188	0.373652093036025	53
0.0559283056597499	0.373753725478209	53
-0.10700836293971	0.639030448374542	53
-0.11056270520135	0.647339816642436	104
0.05551785730188	0.373652093036025	387
-0.11026477066253	0.643911114828403	6
0.0510003870137901	0.373895521965936	6
0.05551785730188	0.373652093036025	42
0.0559283056597499	0.373753725478209	117
0.11022292530282	0.921081773212881	38
0.0198051879293299	1.51306276885698	116
0.0559283056597499	0.373753725478209	55
0.05708251161802	0.368017737325914	53
-0.11339818726857	0.65294216962778	53
-0.11064210290307	0.637645998778739	104
-0.11012455176888	0.640285757404434	104
0.0521566473905599	0.369350353315111	250
0.0566714758582401	0.372477145095083	387
0.0490506279057199	0.363013487476553	387
0.05584908499443	0.367899531876594	56
0.05626033366896	0.372376909213889	735
0.05551785730188	0.373652093036025	55
0.05708251161802	0.368017737325914	55
-0.0570188245910099	0.971246683174625	53
-0.10876301435295	0.640974220531588	387
0.05626033366896	0.372376909213889	527
-0.11315723468694	0.641850291161331	56
0.05626033366896	0.372376909213889	56
-0.11012455176888	0.640285757404434	6
0.0559283056597499	0.373753725478209	643
0.05551785730188	0.373652093036025	646
0.05584908499443	0.367899531876594	117
0.05708251161802	0.368017737325914	103
0.00990195929142001	1.07807443103675	104
-0.11004417746519	0.65090747212765	104
0.0521566473905599	0.369350353315111	6
0.05584908499443	0.367899531876594	144
-0.11831977595782	0.641471229022736	6
0.05626033366896	0.372376909213889	6
0.0513242049809799	0.369423653780211	6
0.0510003870137901	0.373895521965936	103
-0.0952422302695699	1.5907118585005	116
0.0010842618709499	0.719098005701496	55
0.0563386479650401	0.36925803488199	53
0.000248545118950005	0.713504367104789	53
0.00896695735990005	1.07977092922012	104
0.11251830793383	0.922499766702497	104
0.0563386479650401	0.36925803488199	6
0.0513242049809799	0.369423653780211	6
0.0517404807961199	0.37262608944565	6
0.0559283056597499	0.373753725478209	6
0.0559283056597499	0.373753725478209	814
0.0551073028359801	0.369136963113605	42
0.0566714758582401	0.372477145095083	117
0.0559283056597499	0.373753725478209	117
0.0510003870137901	0.373895521965936	117
0.0791010811094299	1.38204755167581	38
0.05844281638632	1.14291708339594	38
0.0464565798457699	0.367115825422741	53
0.06758548624783	0.826728990433526	36
0.0619131331709599	0.801303812276546	104
0.05895461197529	0.36924919678315	144
0.0551073028359801	0.369136963113605	112
0.05708251161802	0.368017737325914	6
0.05551785730188	0.373652093036025	42
0.0563386479650401	0.36925803488199	1452
0.05626033366896	0.372376909213889	117
-0.11780120476465	0.643070941241325	53
0.11498653360106	0.91145462807555	53
-0.11026477066253	0.643911114828403	32
-0.06252284109752	0.996014651509526	36
0.0680558471261301	0.8151441446507	77
0.0551073028359801	0.369136963113605	6
0.05584908499443	0.367899531876594	6
0.0460359253859699	0.367281439441553	103
-0.00481675073721011	0.719228950806445	440
-0.11004417746519	0.65090747212765	53
0.11654185618128	0.905529272748881	53
-0.11391664005511	0.652897010004391	32
-0.10572840801144	0.639404357017298	104
0.00420494828002993	0.712876801487984	104
0.05895461197529	0.36924919678315	206
0.0566714758582401	0.372477145095083	6
0.0566714758582401	0.372477145095083	643
0.0559283056597499	0.373753725478209	6
0.06687461074998	1.79036017713517	907
-0.1126390131044	0.64188590016176	55
0.0513242049809799	0.369423653780211	440
0.05551785730188	0.373652093036025	440
-0.1167646082338	0.63466000929116	6
0.0566714758582401	0.372477145095083	6
0.0566714758582401	0.372477145095083	65
0.05551785730188	0.373652093036025	6
0.0563386479650401	0.36925803488199	42
0.05551785730188	0.373652093036025	42
0.05626033366896	0.372376909213889	42
-0.0203273330721001	1.27895860659588	96
-0.10896960516482	1.47344673938429	1564
-0.0929576618318599	1.24324333416164	32
-0.10572840801144	0.639404357017298	32
0.000436253838349998	0.705797700713131	32
-0.0635277780241601	1.00466141910407	32
0.05626033366896	0.372376909213889	104
-0.10824491858254	0.639995049038974	206
0.05551785730188	0.373652093036025	715
0.0510003870137901	0.373895521965936	6
-0.11367563814407	0.639204345447229	6
0.0566714758582401	0.372477145095083	6
0.04340498834955	1.95053898106663	38
0.10707211265171	1.19813277047064	96
0.11223374058275	0.919129473254809	55
-0.10952583032696	0.652055684574671	440
-0.00243118558316002	0.731869884016985	41
0.05708251161802	0.368017737325914	53
-0.10900766366641	0.651041157255618	1564
0.0517404807961199	0.37262608944565	32
-0.10974649099216	0.642924202456963	104
-0.10974649099216	0.642924202456963	104
0.0559283056597499	0.373753725478209	6
-0.06204173406355	0.994113631699655	6
0.0559283056597499	0.373753725478209	6
0.0563386479650401	0.36925803488199	6
0.05551785730188	0.373652093036025	6
0.0566714758582401	0.372477145095083	6
0.05551785730188	0.373652093036025	6
0.0559283056597499	0.373753725478209	6
-0.0379360516287299	1.51009566947147	38
0.11305005814565	0.924180304686014	96
0.05895461197529	0.36924919678315	88
-0.00301342656477011	0.709705608099164	36
0.0559283056597499	0.373753725478209	77
0.05551785730188	0.373652093036025	269
0.0510003870137901	0.373895521965936	269
-0.11088308767753	0.640998005430542	104
0.07139178038074	0.816124492245659	6
0.05895461197529	0.36924919678315	6
0.0566714758582401	0.372477145095083	42
0.05812713430538	0.36476771851041	117
0.0383451804984101	1.31407475002919	172
0.08753324920815	1.33332503365491	11
-0.0442266130028199	1.69111488348588	107
0.03606526778552	1.74605489654332	38
0.01868939063398	2.05028347627324	38
0.0711523608817899	0.807289406988272	38
0.00566083417070007	0.710948912058761	38
0.05491494201602	1.13248036365448	116
0.0565586415336199	1.13712969818248	907
0.0521566473905599	0.369350353315111	41
-0.11391664005511	0.652897010004391	96
0.0829405247159201	1.37464635249932	41
-0.11078323088432	0.642806780208268	53
0.0585409270733299	0.369152271339228	1564
-0.10700836293971	0.639030448374542	6
0.0510003870137901	0.373895521965936	6
0.0563386479650401	0.36925803488199	6
0.0559283056597499	0.373753725478209	6
0.0513242049809799	0.369423653780211	6
0.0339653154016999	1.34552384482517	38
-0.02887155112991	1.44910424670929	38
-0.0192242229956401	1.29612078576005	38
-0.06252284109752	0.996014651509526	41
0.00336007897187995	0.721257880435206	41
0.0593681890680999	0.364878931230691	96
-0.0520721278287699	1.67545413278818	53
0.05551785730188	0.373652093036025	36
0.05551785730188	0.373652093036025	269
-0.10900766366641	0.651041157255618	104
0.11581964566366	0.925527136638947	6
0.11457053920334	0.92055485379534	6
0.05708251161802	0.368017737325914	6
-0.11339818726857	0.65294216962778	6
0.0514158522496	0.370593483939686	42
0.05708251161802	0.368017737325914	741
0.03270057748163	1.34873060673567	38
0.11562992983473	0.924873741513036	41
0.11438255455226	0.905084207352343	96
0.11333592315979	0.926676359329798	41
0.05626033366896	0.372376909213889	53
0.0513242049809799	0.369423653780211	36
0.0585409270733299	0.369152271339228	36
0.0036018039099599	0.711845006863494	1014
0.0559283056597499	0.373753725478209	77
0.05895461197529	0.36924919678315	77
-0.00194303576429999	0.731895644349349	104
0.0566714758582401	0.372477145095083	217
0.0510003870137901	0.373895521965936	746
-0.10900766366641	0.651041157255618	746
-0.11391664005511	0.652897010004391	6
-0.11012455176888	0.640285757404434	6
0.0559283056597499	0.373753725478209	87
-0.11183720268178	2.18745326613783	172
-0.10081760947514	1.65228704672437	41
-0.10922839175361	0.63955262015851	53
0.10946207324992	0.917648937531525	53
0.00297198228149997	1.07781825051122	53
0.00190289938757005	0.71310524779781	36
0.0510003870137901	0.373895521965936	36
0.05626033366896	0.372376909213889	32
0.0559283056597499	0.373753725478209	77
-0.11467685585709	0.64478437579173	77
-0.11363967046608	0.642196089442822	104
0.05584908499443	0.367899531876594	6
-0.0705123602120099	0.993867866278101	11
0.10485668738539	1.96699736768395	38
0.10858346074594	1.19850276806523	41
-0.00291949275093995	0.729717003933187	53
-0.11363967046608	0.642196089442822	77
0.06829407561046	0.817401270989705	77
-0.11012455176888	0.640285757404434	561
-0.11415817213156	0.64482212626175	746
0.0559283056597499	0.373753725478209	583
0.05058481294332	0.370665869141311	112
-0.10597321584995	0.639142601476655	6
0.0585409270733299	0.369152271339228	6
0.05551785730188	0.373652093036025	87
0.0759926543771099	1.73825921652975	11
-0.0662301245107899	2.16823265393591	38
-0.10974649099216	0.642924202456963	53
-0.11363967046608	0.642196089442822	77
0.0559283056597499	0.373753725478209	77
-0.10960718193564	0.640320809751705	77
-0.11012455176888	0.640285757404434	561
0.05708251161802	0.368017737325914	217
-0.10979975136708	0.636473240303965	136
0.05058481294332	0.370665869141311	583
-0.10922839175361	0.63955262015851	6
0.0559283056597499	0.373753725478209	6
0.05551785730188	0.373652093036025	6
-0.09577486846162	1.26484597791021	83
-0.06640235763156	1.00914090415374	53
-0.0661429156506601	1.01199500966545	53
0.05058481294332	0.370665869141311	36
0.0647386515830599	0.82826518817161	36
-0.11130187177788	0.63936217482854	77
-0.11004417746519	0.65090747212765	77
0.0563386479650401	0.36925803488199	6
0.05626033366896	0.372376909213889	6
0.05708251161802	0.368017737325914	578
0.05584908499443	0.367899531876594	42
0.0559283056597499	0.373753725478209	47
0.0467729017471701	0.366077591446022	741
0.00142597435707992	1.06481226805869	172
-0.0990314152229299	1.26570331891723	41
0.0585409270733299	0.369152271339228	53
-0.10952583032696	0.652055684574671	53
0.05708251161802	0.368017737325914	53
-0.0694908107134	0.998282308386548	53
0.00336007897187995	0.721257880435206	77
-0.10848967736398	0.647560878496966	77
-0.00364783667898005	0.719786075813613	269
-0.1126390131044	0.64188590016176	217
-0.10772700447514	0.6366543968885	136
0.0510003870137901	0.373895521965936	206
-0.0280561553659899	1.31364475912473	11
-0.03422955824782	1.51663574150156	38
0.0559283056597499	0.373753725478209	83
0.11327789919093	0.920498337314559	36
0.06410195838115	0.809279130301434	36
-0.10952583032696	0.652055684574671	77
0.0559283056597499	0.373753725478209	6
0.0566714758582401	0.372477145095083	6
0.0521566473905599	0.369350353315111	6
0.0551073028359801	0.369136963113605	42
0.0728406131816199	0.813579461812741	11
0.0435610352787901	1.72734335700457	38
0.0510003870137901	0.373895521965936	83
-0.00179770257677991	0.715384755992802	36
-0.00194303576429999	0.731895644349349	77
0.05708251161802	0.368017737325914	77
-0.10952583032696	0.652055684574671	77
0.0585409270733299	0.369152271339228	6
0.0514158522496	0.370593483939686	6
0.05626033366896	0.372376909213889	6
0.05626033366896	0.372376909213889	6
0.0566714758582401	0.372477145095083	42
0.0593681890680999	0.364878931230691	42
0.05551785730188	0.373652093036025	47
-0.0288605531209101	1.31340237972717	172
-0.08995494297804	1.25044172858609	172
-0.06515594160482	1.83769988153765	907
0.0551073028359801	0.369136963113605	41
0.0521566473905599	0.369350353315111	83
0.00871020290157998	1.09040273371291	53
0.05626033366896	0.372376909213889	77
0.0566714758582401	0.372477145095083	6
0.0566714758582401	0.372477145095083	6
0.05551785730188	0.373652093036025	6
0.0559283056597499	0.373753725478209	6
0.0559283056597499	0.373753725478209	6
0.05626033366896	0.372376909213889	248
0.05551785730188	0.373652093036025	42
0.05551785730188	0.373652093036025	42
0.05708251161802	0.368017737325914	83
0.0510003870137901	0.373895521965936	53
-0.10199784286664	1.4917648936113	53
0.0647337472996401	0.815211900446292	53
0.00262761290930991	0.711809042984298	36
0.00263149021410003	0.722859024807088	77
-0.10545591423797	0.635802917925558	77
0.00302673305076007	0.715149949264579	217
0.05895461197529	0.36924919678315	6
0.05626033366896	0.372376909213889	274
0.0559283056597499	0.373753725478209	6
0.0559283056597499	0.373753725478209	6
0.0563386479650401	0.36925803488199	6
0.05626033366896	0.372376909213889	6
0.05895461197529	0.36924919678315	248
0.0585409270733299	0.369152271339228	47
0.0559283056597499	0.373753725478209	83
0.0514158522496	0.370593483939686	83
-0.11391664005511	0.652897010004391	53
0.00081108639068006	1.09489588031206	32
0.05708251161802	0.368017737325914	6
0.0566714758582401	0.372477145095083	6
0.05551785730188	0.373652093036025	6
0.0510003870137901	0.373895521965936	6
0.05626033366896	0.372376909213889	188
-0.11363967046608	0.642196089442822	42
-0.11363967046608	0.642196089442822	38
0.05708251161802	0.368017737325914	83
0.0517404807961199	0.37262608944565	83
0.0566714758582401	0.372477145095083	206
0.0514158522496	0.370593483939686	206
0.0540209735528201	0.369405668635769	6
-0.10928129190726	0.639882552467423	6
-0.11287991638854	0.650232906130389	6
0.0510003870137901	0.373895521965936	6
-0.10974649099216	0.642924202456963	6
0.04719426560944	0.365912360409344	6
0.05812713430538	0.36476771851041	188
0.0585409270733299	0.369152271339228	188
0.0559283056597499	0.373753725478209	42
0.0521566473905599	0.369350353315111	42
-0.00260267529483005	1.0840288590916	107
-0.10089996696626	1.44661615227427	38
0.0566714758582401	0.372477145095083	843
-0.11064210290307	0.637645998778739	83
0.00262761290930991	0.711809042984298	53
0.0563386479650401	0.36925803488199	77
-0.1126390131044	0.64188590016176	6
0.0563386479650401	0.36925803488199	6
0.05551785730188	0.373652093036025	6
0.0517404807961199	0.37262608944565	6
0.05551785730188	0.373652093036025	6
0.05626033366896	0.372376909213889	188
0.05551785730188	0.373652093036025	42
0.00189887186778992	0.723967923930353	83
0.05551785730188	0.373652093036025	83
0.05551785730188	0.373652093036025	24
-0.10876301435295	0.640974220531588	24
0.05551785730188	0.373652093036025	24
-0.10928129190726	0.639882552467423	36
-0.11780120476465	0.643070941241325	77
-0.10974649099216	0.642924202456963	77
0.05058481294332	0.370665869141311	45
0.0540209735528201	0.369405668635769	217
0.05584908499443	0.367899531876594	6
0.04947459339112	0.362848879322562	6
0.0521566473905599	0.369350353315111	6
0.05626033366896	0.372376909213889	6
-0.10900766366641	0.651041157255618	6
0.05551785730188	0.373652093036025	6
0.05626033366896	0.372376909213889	538
-0.11056270520135	0.647339816642436	6
0.0510003870137901	0.373895521965936	6
0.0517404807961199	0.37262608944565	42
0.0563386479650401	0.36925803488199	42
0.06264637698728	0.819890614558543	172
-0.01445650802676	1.27491858657145	107
0.05626033366896	0.372376909213889	24
0.05058481294332	0.370665869141311	77
0.0510003870137901	0.373895521965936	6
0.0460359253859699	0.367281439441553	6
0.0510003870137901	0.373895521965936	6
-0.00554452941521011	0.7207803717812	6
0.05708251161802	0.368017737325914	87
0.0521566473905599	0.369350353315111	24
-0.10597321584995	0.639142601476655	24
0.0566714758582401	0.372477145095083	24
0.0563386479650401	0.36925803488199	24
-0.0635226164056699	0.977646636638015	32
-0.0236488805484201	1.31024085946133	32
-0.11443527487002	0.650126517646143	217
0.0566714758582401	0.372477145095083	217
-0.11026477066253	0.643911114828403	217
0.00769720991393008	1.06454295055587	6
0.0510003870137901	0.373895521965936	188
0.0559283056597499	0.373753725478209	188
0.07235782027358	0.816193795766761	11
0.0654675890737799	0.823440301643633	53
0.11965083880847	0.905656658791687	53
-0.00243118558316002	0.731869884016985	77
0.05551785730188	0.373652093036025	217
0.0521566473905599	0.369350353315111	6
0.0559283056597499	0.373753725478209	6
0.0563386479650401	0.36925803488199	6
0.0559283056597499	0.373753725478209	6
0.04719426560944	0.365912360409344	6
0.05551785730188	0.373652093036025	6
0.0566714758582401	0.372477145095083	1567
-0.0967824871082701	1.25658701270448	49
0.10233083198337	1.19389532514991	38
-0.10900766366641	0.651041157255618	83
-0.10900766366641	0.651041157255618	24
-0.11855744667083	0.635313979322969	24
0.12068942427937	1.15167109929782	53
-0.00267127434601	0.721871421772723	53
0.0628872000990099	0.82017316263346	36
-0.11012455176888	0.640285757404434	6
0.0585409270733299	0.369152271339228	6
0.05626033366896	0.372376909213889	1505
0.05626033366896	0.372376909213889	1505
0.0566714758582401	0.372477145095083	6
0.0559283056597499	0.373753725478209	188
0.05551785730188	0.373652093036025	356
-0.10831079711341	1.67582856433931	107
0.10767291759249	2.15496999320715	38
0.12069263900217	1.6437116747548	38
-0.0124655720448099	1.89617289922415	38
0.0578700784221999	1.57809579381307	38
0.00117012791716009	0.725578683674891	77
0.0551073028359801	0.369136963113605	77
0.0607015672740101	0.822134241443663	77
-0.00243118558316002	0.731869884016985	217
-0.11339818726857	0.65294216962778	217
-0.11391664005511	0.652897010004391	6
0.05551785730188	0.373652093036025	6
0.05584908499443	0.367899531876594	6
0.0514158522496	0.370593483939686	1505
0.05626033366896	0.372376909213889	6
0.0585409270733299	0.369152271339228	42
0.0559283056597499	0.373753725478209	42
0.0176144946719401	1.54442300609025	53
0.0559283056597499	0.373753725478209	6
0.0510003870137901	0.373895521965936	6
0.05812713430538	0.36476771851041	6
0.0563386479650401	0.36925803488199	1505
0.05626033366896	0.372376909213889	1505
0.0585409270733299	0.369152271339228	615
0.0593681890680999	0.364878931230691	356
0.05895461197529	0.36924919678315	42
0.0566714758582401	0.372477145095083	203
0.02351273248835	2.36797022747669	38
0.0224030981124099	1.92134715969826	38
0.11299314623984	0.922572040347718	32
0.0566714758582401	0.372477145095083	32
-0.05942239604196	0.993291369638823	77
-0.10952583032696	0.652055684574671	77
0.00287316654827996	0.724023727665926	217
0.0559283056597499	0.373753725478209	6
0.0551073028359801	0.369136963113605	64
0.12456539057174	1.37713214468288	53
0.0566714758582401	0.372477145095083	53
-0.10572840801144	0.639404357017298	773
0.0563386479650401	0.36925803488199	77
0.05551785730188	0.373652093036025	217
0.0566714758582401	0.372477145095083	217
-0.11036548558819	0.641033473549461	217
-0.0363867897119901	1.5060461102285	217
0.05895461197529	0.36924919678315	6
0.05626033366896	0.372376909213889	6
-0.11363967046608	0.642196089442822	356
0.05812713430538	0.36476771851041	356
0.05895461197529	0.36924919678315	203
0.00238609754518992	0.724887676043155	87
0.10866960964462	1.17855198545839	38
-0.02258400595554	1.30804879616279	38
0.11375260299404	0.920569107272444	53
-0.0976485516113299	1.26246520737053	53
0.03162334588405	1.34999858350822	53
-0.11004417746519	0.65090747212765	773
0.0566714758582401	0.372477145095083	32
0.0652230223111501	0.830313383595391	604
-0.10848967736398	0.647560878496966	77
-0.11026477066253	0.643911114828403	77
0.0510003870137901	0.373895521965936	6
0.05058481294332	0.370665869141311	42
0.0563386479650401	0.36925803488199	107
0.10867324898562	1.19992034620585	38
-0.0109939274769899	1.87948094722629	38
0.0127345156147001	2.02500394998277	38
-0.06300409804473	0.995901164282001	53
0.0551073028359801	0.369136963113605	77
-0.10928129190726	0.639882552467423	45
0.11657841526442	0.927013653041126	77
0.0460359253859699	0.367281439441553	217
0.0585409270733299	0.369152271339228	64
0.0513242049809799	0.369423653780211	21
0.0585409270733299	0.369152271339228	42
0.0467729017471701	0.366077591446022	97
0.0517404807961199	0.37262608944565	87
-0.09473376137397	1.27393909648642	38
0.06574323592207	1.11769551747498	32
0.0591069729116101	0.809749177944766	77
-0.10572840801144	0.639404357017298	77
0.00263149021410003	0.722859024807088	77
0.0585409270733299	0.369152271339228	1092
-0.10952583032696	0.652055684574671	635
0.0551073028359801	0.369136963113605	206
0.11625826681914	0.90668047717628	6
0.0566714758582401	0.372477145095083	64
0.05551785730188	0.373652093036025	356
-0.0370019911121	2.34119944082383	38
0.0764177506446799	2.28593697962334	38
0.05708251161802	0.368017737325914	53
-0.0673666888883999	1.00888342194656	53
0.0716406225534101	1.1206534573769	585
0.06806985987146	0.828777363162573	45
0.0619166641153	0.824622405430166	635
-0.11287991638854	0.650232906130389	64
0.0559283056597499	0.373753725478209	64
0.05551785730188	0.373652093036025	64
0.0559283056597499	0.373753725478209	615
0.0566714758582401	0.372477145095083	343
0.0517404807961199	0.37262608944565	343
0.0540209735528201	0.369405668635769	182
0.11231253782202	1.1763355871173	585
0.000928711285409944	0.716635342544003	6
-0.11026477066253	0.643911114828403	6
0.00238609754518992	0.724887676043155	6
-0.1140159153426	0.630957241910769	6
0.0563386479650401	0.36925803488199	64
0.0595932854725401	0.804349192903779	107
-0.11261192298995	2.1937636193251	38
0.05895461197529	0.36924919678315	53
-0.10974649099216	0.642924202456963	53
-0.02026823647892	1.31893752950429	45
0.0559283056597499	0.373753725478209	1035
-0.00939938576725008	0.704649431094193	29
0.05708251161802	0.368017737325914	6
0.05551785730188	0.373652093036025	6
-0.11004417746519	0.65090747212765	356
0.05551785730188	0.373652093036025	343
0.0566714758582401	0.372477145095083	97
0.0559283056597499	0.373753725478209	38
0.07405050424965	0.80746132414366	41
0.11346783855556	0.920695499046444	53
-0.10824491858254	0.639995049038974	53
0.0060856112010701	1.09598671132684	77
0.00330789295403999	1.08706086300992	435
0.0540209735528201	0.369405668635769	435
0.0559283056597499	0.373753725478209	77
0.06240200849899	0.823562460542623	217
-0.11012455176888	0.640285757404434	29
-0.10900766366641	0.651041157255618	29
0.05551785730188	0.373652093036025	161
0.05551785730188	0.373652093036025	64
0.0559283056597499	0.373753725478209	147
0.0566714758582401	0.372477145095083	42
0.10317631598546	1.19690404871947	107
0.05551785730188	0.373652093036025	38
-0.06208195612681	1.00855709415779	41
0.0559283056597499	0.373753725478209	53
-0.08995494297804	1.25044172858609	32
-0.0666251070455699	1.01072139541896	77
-0.10182980736146	1.4709789529754	812
-0.10545591423797	0.635802917925558	6
0.0559283056597499	0.373753725478209	97
0.0563386479650401	0.36925803488199	53
0.06427219213533	0.822188532321225	77
0.0640291020363599	0.813409640931153	77
0.0039583809508501	0.711962611739075	812
0.0566714758582401	0.372477145095083	6
-0.11078323088432	0.642806780208268	64
0.05708251161802	0.368017737325914	64
0.0566714758582401	0.372477145095083	178
-0.10874765504858	1.63018099064631	107
0.06998789976283	0.815275023077628	53
0.00371771668721999	0.71017587088809	53
0.0659519630091301	0.825457133212341	53
-0.11339818726857	0.65294216962778	53
-0.02150999418236	1.31810403521295	53
-0.07097617935622	1.00245955163565	32
0.00348962517597995	1.09414317749254	435
0.00760777740704	0.703372908369606	1033
-0.0666251070455699	1.01072139541896	6
0.0517404807961199	0.37262608944565	6
0.05551785730188	0.373652093036025	64
0.0563386479650401	0.36925803488199	64
0.1197210431248	0.149770518778429	277
-0.0147325637544	1.84916887935317	38
0.060023141261	1.14231770313227	585
0.0585409270733299	0.369152271339228	77
0.0559283056597499	0.373753725478209	435
0.0517404807961199	0.37262608944565	29
0.0015720480452599	0.717064376795055	6
0.0559283056597499	0.373753725478209	64
0.0593681890680999	0.364878931230691	42
0.05058481294332	0.370665869141311	51
0.0711945279642401	1.12051968757604	53
0.00336007897187995	0.721257880435206	435
0.00214028234873997	0.709126332218114	29
0.0566714758582401	0.372477145095083	6
0.0566714758582401	0.372477145095083	960
-0.11467685585709	0.64478437579173	64
0.05708251161802	0.368017737325914	147
0.0517404807961199	0.37262608944565	42
0.0566714758582401	0.372477145095083	23
0.05551785730188	0.373652093036025	51
0.10778659533381	1.19647796313751	11
-0.10624584211732	0.638315582111054	782
-0.0896216412312401	1.24794226930111	319
0.0109396942467299	1.07569289452069	44
-0.06326336511543	0.994255119561828	435
0.00336007897187995	0.721257880435206	45
0.0559283056597499	0.373753725478209	6
-0.11026477066253	0.643911114828403	960
0.05708251161802	0.368017737325914	23
-0.0232081604672501	1.30593635857815	107
0.11685811488464	1.42663825008423	50
-0.10521115512179	0.63842680471341	53
-0.10928129190726	0.639882552467423	782
-0.00194303576429999	0.731895644349349	648
0.12294689259954	1.38886236047108	58
0.0563386479650401	0.36925803488199	228
0.0559283056597499	0.373753725478209	608
-0.11130187177788	0.63936217482854	64
0.0566714758582401	0.372477145095083	158
0.0566714758582401	0.372477145095083	64
0.0559283056597499	0.373753725478209	135
0.05626033366896	0.372376909213889	42
-0.00243118558316002	0.731869884016985	50
0.06475768818148	0.823319587654248	53
-0.00243118558316002	0.731869884016985	53
0.0357846662094099	1.32157946067539	53
-0.06640235763156	1.00914090415374	44
0.06831342553189	0.825203142763496	435
-0.11339818726857	0.65294216962778	29
-0.0012148031297099	0.730276116710018	6
0.0559283056597499	0.373753725478209	124
0.05812713430538	0.36476771851041	6
-0.10572840801144	0.639404357017298	64
0.05551785730188	0.373652093036025	64
0.0510003870137901	0.373895521965936	42
0.0559283056597499	0.373753725478209	51
0.06833571597418	1.76657243172131	38
0.00122727333881989	1.72056450916503	38
0.05267103104456	1.55939555194503	50
-0.0012148031297099	0.730276116710018	32
0.07090853321934	0.813448259421699	86
0.000140078139180044	1.07365685747844	319
-0.00277536934504008	0.715374430612933	319
0.0661913073131	0.828395459799237	44
-0.00243118558316002	0.731869884016985	435
0.0559283056597499	0.373753725478209	45
-0.11339818726857	0.65294216962778	960
0.0521566473905599	0.369350353315111	6
0.0517404807961199	0.37262608944565	42
0.0460359253859699	0.367281439441553	475
0.0559283056597499	0.373753725478209	51
0.06317823072214	1.12560580269746	53
0.1116611022535	1.41068037220556	53
0.0181171779073901	1.54326696752519	53
0.00639349519312993	0.717155357058528	53
-0.11056270520135	0.647339816642436	44
0.00238609754518992	0.724887676043155	44
0.000441382177460037	0.715750855545009	44
-0.06588345478359	1.00457304999538	648
0.1138102744255	0.925674190725044	314
0.0566714758582401	0.372477145095083	6
0.05551785730188	0.373652093036025	135
0.0510003870137901	0.373895521965936	42
0.05812713430538	0.36476771851041	51
0.0709072947730101	0.800574915553557	1689
-0.11287991638854	0.650232906130389	228
-0.11600965617133	0.624414553513311	506
-0.10952583032696	0.652055684574671	612
0.0559283056597499	0.373753725478209	6
0.0559283056597499	0.373753725478209	6
0.05626033366896	0.372376909213889	6
-0.11004417746519	0.65090747212765	64
0.0513242049809799	0.369423653780211	135
0.0559283056597499	0.373753725478209	147
0.0566714758582401	0.372477145095083	147
0.05551785730188	0.373652093036025	51
0.05626033366896	0.372376909213889	51
-0.11339818726857	0.65294216962778	86
-0.11391664005511	0.652897010004391	435
-0.00170290019566011	0.730251441872315	3
-0.10848967736398	0.647560878496966	3
0.0566714758582401	0.372477145095083	494
0.0510003870137901	0.373895521965936	58
0.0559283056597499	0.373753725478209	6
0.0517404807961199	0.37262608944565	6
0.0585409270733299	0.369152271339228	6
0.0514158522496	0.370593483939686	29
0.0521566473905599	0.369350353315111	29
0.0559283056597499	0.373753725478209	21
0.05708251161802	0.368017737325914	277
0.05626033366896	0.372376909213889	21
0.0464565798457699	0.367115825422741	135
0.0510003870137901	0.373895521965936	883
0.1173668101179	1.6331654723954	50
0.0565035244986301	1.57253197187306	38
0.0566714758582401	0.372477145095083	3
-0.11078323088432	0.642806780208268	58
0.0559283056597499	0.373753725478209	1554
0.05058481294332	0.370665869141311	29
-0.0296201984189599	2.18271996335899	307
-0.0430692926976199	1.69082714055241	50
0.09252439431921	1.61147379625466	38
0.11066522492871	1.21562283711888	38
0.11908381509888	0.90935638322287	44
0.00287316654827996	0.724023727665926	44
-0.11728281556358	0.641482599547101	28
0.0559283056597499	0.373753725478209	58
0.0563386479650401	0.36925803488199	58
0.05551785730188	0.373652093036025	506
0.05584908499443	0.367899531876594	29
0.05551785730188	0.373652093036025	6
0.0559283056597499	0.373753725478209	353
0.0585409270733299	0.369152271339228	29
0.10031477457123	1.80346341251604	50
0.0140687910348001	1.54307835702785	41
-0.00219115457886998	0.728109360126178	319
0.0566714758582401	0.372477145095083	58
-0.10900766366641	0.651041157255618	58
0.00238609754518992	0.724887676043155	506
0.06548637783709	0.821837248833144	506
0.0510003870137901	0.373895521965936	6
-0.12221694701119	0.628467878666621	29
0.0551073028359801	0.369136963113605	1260
0.0563386479650401	0.36925803488199	883
0.11238678319	0.922123701797949	50
0.000596318563129916	0.719081666373102	53
0.00444571710288999	0.717066446630262	53
0.0636169173102701	0.815493931519012	86
0.10803613431381	0.914228250042325	441
-0.10876301435295	0.640974220531588	28
-0.11415817213156	0.64482212626175	506
0.00189887186778992	0.723967923930353	506
0.0559283056597499	0.373753725478209	51
0.07260211396598	0.815510367964709	38
-0.0535083018395099	0.927294063726446	38
0.10922344698751	1.42239626728477	53
0.0510003870137901	0.373895521965936	32
0.0510003870137901	0.373895521965936	86
0.05708251161802	0.368017737325914	44
0.0559283056597499	0.373753725478209	44
0.05626033366896	0.372376909213889	44
0.0510003870137901	0.373895521965936	647
0.0517404807961199	0.37262608944565	58
-0.10597321584995	0.639142601476655	58
0.11676781910112	0.919638370243819	58
0.05584908499443	0.367899531876594	228
-0.11315723468694	0.641850291161331	28
0.00311829782216	0.717689635727441	29
-0.0673666888883999	1.00888342194656	165
0.05551785730188	0.373652093036025	51
0.11115122796908	0.914783663334375	50
-0.11831977595782	0.641471229022736	1414
-0.00628412097225994	0.715394973546581	211
0.0563386479650401	0.36925803488199	44
0.0514158522496	0.370593483939686	380
-0.10092827992195	1.45905767827178	50
0.0010991955058699	1.09239939547011	41
0.11676781910112	0.919638370243819	86
0.00541991926182006	0.720752808249121	86
-0.10876301435295	0.640974220531588	44
-0.1126390131044	0.64188590016176	3
0.05708251161802	0.368017737325914	58
0.0652430313414101	0.822259471090265	506
0.0566714758582401	0.372477145095083	506
0.05626033366896	0.372376909213889	380
0.05058481294332	0.370665869141311	165
-0.11467685585709	0.64478437579173	165
0.0460359253859699	0.367281439441553	221
0.12308959288991	2.04132130939161	38
0.03636008015104	1.361936481207	452
0.0680558471261301	0.8151441446507	41
-0.0374585106316501	1.49813764377074	53
-0.10700836293971	0.639030448374542	211
-0.11078323088432	0.642806780208268	32
0.0559283056597499	0.373753725478209	28
0.05551785730188	0.373652093036025	3
-0.10952583032696	0.652055684574671	58
-0.00554452941521011	0.7207803717812	28
0.05626033366896	0.372376909213889	29
0.0559283056597499	0.373753725478209	21
0.0551073028359801	0.369136963113605	122
0.0517404807961199	0.37262608944565	220
0.06591503793499	1.15394305565074	50
0.0652230223111501	0.830313383595391	452
0.03074371495981	1.737556009456	53
-0.10952583032696	0.652055684574671	86
0.0585409270733299	0.369152271339228	86
0.05058481294332	0.370665869141311	44
0.00189887186778992	0.723967923930353	28
0.0563386479650401	0.36925803488199	1294
0.05812713430538	0.36476771851041	508
0.000441382177460037	0.715750855545009	58
0.0566714758582401	0.372477145095083	58
0.0566714758582401	0.372477145095083	58
-0.0261607153339301	1.31019332371732	506
0.00434516578999	1.10179572296659	28
0.0521566473905599	0.369350353315111	29
0.0559283056597499	0.373753725478209	221
0.05708251161802	0.368017737325914	21
0.0551073028359801	0.369136963113605	220
-0.10240224470464	1.45120638647857	307
0.03944423965212	1.33982249795374	452
-0.06300409804473	0.995901164282001	452
0.00518067631829	1.08767972475676	452
0.05708251161802	0.368017737325914	831
0.0566714758582401	0.372477145095083	86
-0.11704578615611	0.632496136094393	44
0.0514158522496	0.370593483939686	28
0.0559283056597499	0.373753725478209	58
0.05626033366896	0.372376909213889	221
0.0551073028359801	0.369136963113605	220
0.0241766130364101	1.49843431902906	697
0.0384806213254401	1.34120758614113	307
-0.11108141365541	0.639001917674375	86
0.0566714758582401	0.372477145095083	28
0.0517404807961199	0.37262608944565	657
0.0514158522496	0.370593483939686	28
0.06337223900551	0.81387841904526	28
0.0585409270733299	0.369152271339228	122
-0.00120761024533	0.705599471853418	41
0.00747393152797993	0.69428070511892	50
0.00982282358299003	1.04519762708237	211
0.0510003870137901	0.373895521965936	32
0.10747385388658	0.912913810286816	29
0.0551073028359801	0.369136963113605	28
-0.11004417746519	0.65090747212765	92
-0.10952583032696	0.652055684574671	697
0.1162785671802	0.896626313564734	50
-0.09796107970741	1.2736622087133	38
0.03824348763297	1.35586943746554	38
0.07235782027358	0.816193795766761	625
-0.06684819000558	0.994793844896315	211
0.0521566473905599	0.369350353315111	86
0.00165740535646997	0.726503659588826	86
0.0566714758582401	0.372477145095083	86
0.0566714758582401	0.372477145095083	44
0.02977269944363	1.34804913641945	58
0.10879182007925	1.21506004474635	28
0.0563386479650401	0.36925803488199	28
0.0566714758582401	0.372477145095083	21
0.0585409270733299	0.369152271339228	221
-0.02445523539369	1.32530731667717	452
0.11346783855556	0.920695499046444	452
0.000928711285409944	0.716635342544003	86
0.0514158522496	0.370593483939686	86
0.00351425590327992	0.710664452103015	28
-0.10521115512179	0.63842680471341	28
-0.11339818726857	0.65294216962778	1294
-0.0625637463962301	1.00956739818682	58
0.05551785730188	0.373652093036025	92
0.0517404807961199	0.37262608944565	29
0.0559283056597499	0.373753725478209	29
0.0544397113513599	0.36619467838097	220
-0.11257697719602	2.34875225167654	50
0.00966137185161009	0.696462058162202	452
0.0563386479650401	0.36925803488199	547
0.0464565798457699	0.367115825422741	86
0.05584908499443	0.367899531876594	44
0.0517404807961199	0.37262608944565	1294
-0.0295704908773999	1.29835740000079	28
0.05626033366896	0.372376909213889	92
0.05626033366896	0.372376909213889	576
0.00555842030000009	0.70248198945544	221
0.05862050687702	0.81219037312015	1287
0.0659519630091301	0.825457133212341	307
0.1161042453922	0.926934164577142	1467
0.0517404807961199	0.37262608944565	452
-0.10521115512179	0.63842680471341	452
-0.00603354869749007	0.721950235247382	258
0.0559283056597499	0.373753725478209	258
-0.00399151737153991	0.704891343634656	50
0.06135503022409	1.1371624298672	86
0.0675297140832101	1.1418510440609	58
-0.00253738035597006	0.703065461133495	581
-0.0656608747277601	1.01098375842911	28
0.05058481294332	0.370665869141311	29
0.0514158522496	0.370593483939686	221
0.0593681890680999	0.364878931230691	220
0.00413949845618999	1.08016116907625	38
0.0522755486916999	1.13740434615674	38
0.00214452609048998	0.72563668068459	1467
-0.11425290341695	0.630116841782637	38
0.0517404807961199	0.37262608944565	38
0.0510003870137901	0.373895521965936	38
-0.0012148031297099	0.730276116710018	452
0.05584908499443	0.367899531876594	581
-0.0916113108077099	1.26654127627447	29
0.0566714758582401	0.372477145095083	28
-0.0627869526949401	0.988913941838901	119
0.05551785730188	0.373652093036025	50
0.0566714758582401	0.372477145095083	452
0.06143116685874	0.823492508955281	258
0.0559283056597499	0.373753725478209	211
0.11856984383161	0.904527053835507	1084
0.0191124437622501	1.51874280224769	58
0.0551073028359801	0.369136963113605	1481
0.0460359253859699	0.367281439441553	1481
0.07235782027358	0.816193795766761	232
0.0566714758582401	0.372477145095083	119
-0.0311378709126799	1.28722886925558	119
-0.11036548558819	0.641033473549461	38
0.05551785730188	0.373652093036025	307
-0.10876301435295	0.640974220531588	50
-0.11009559339789	2.02638676933296	50
-0.10572840801144	0.639404357017298	625
-0.10493880077207	1.47627350628934	50
0.05812713430538	0.36476771851041	50
0.05812713430538	0.36476771851041	32
0.0559283056597499	0.373753725478209	86
0.05708251161802	0.368017737325914	86
0.0551073028359801	0.369136963113605	28
-0.00243118558316002	0.731869884016985	28
0.0517404807961199	0.37262608944565	58
0.05551785730188	0.373652093036025	29
0.0566714758582401	0.372477145095083	92
0.0517404807961199	0.37262608944565	92
0.0544397113513599	0.36619467838097	220
-0.11415817213156	0.64482212626175	38
-0.10649069871037	0.64012161350823	211
0.05626033366896	0.372376909213889	50
0.05551785730188	0.373652093036025	86
0.05551785730188	0.373652093036025	28
0.12183376608556	0.860208478626909	1087
0.07872444468689	1.38257331350213	58
0.00117012791716009	0.725578683674891	58
0.05551785730188	0.373652093036025	581
0.0566714758582401	0.372477145095083	581
0.05058481294332	0.370665869141311	169
0.0559283056597499	0.373753725478209	169
0.11533085195238	0.905202258071132	119
0.0585409270733299	0.369152271339228	29
0.0313635149968701	1.34758241550654	107
0.06131539428388	1.1612128122191	830
0.11657841526442	0.927013653041126	307
-0.00530571625265996	0.720394555090214	307
-0.11312135073954	0.634583953086172	50
-0.10952583032696	0.652055684574671	50
0.05626033366896	0.372376909213889	50
0.0521566473905599	0.369350353315111	452
-0.06300409804473	0.995901164282001	50
0.05626033366896	0.372376909213889	32
0.0585409270733299	0.369152271339228	86
-0.10521115512179	0.63842680471341	28
-0.10984806483273	0.638431894143064	28
-0.00340795736321997	0.725017806353784	39
0.07260211396598	0.815510367964709	232
-0.00364783667898005	0.719786075813613	232
0.0517404807961199	0.37262608944565	581
0.05626033366896	0.372376909213889	169
0.0566714758582401	0.372477145095083	220
0.00580680573077008	0.696631688693145	38
0.05551785730188	0.373652093036025	307
-0.11391664005511	0.652897010004391	50
-0.11339818726857	0.65294216962778	50
0.10899876291133	0.90402051252478	258
-0.02086461915461	1.30437260993809	50
0.0521566473905599	0.369350353315111	86
0.11317262373166	1.17488554247957	28
0.05551785730188	0.373652093036025	220
0.00253905322368997	0.717175039666252	38
0.0593681890680999	0.364878931230691	373
0.0517404807961199	0.37262608944565	38
0.06572822170438	0.818868611699371	50
0.0559283056597499	0.373753725478209	50
0.05551785730188	0.373652093036025	467
0.05626033366896	0.372376909213889	1087
-0.00413635401184997	0.715261349128579	232
0.0559283056597499	0.373753725478209	92
0.07000583328861	0.815678376777511	23
0.000510723239760091	1.09445229384364	307
-0.06592041766677	1.00577560669714	50
-0.1151957217647	0.642110766774561	50
-0.11212097327472	0.639283593467812	258
-0.10676345756047	0.634914191339546	258
0.000195102541939995	0.717575257072241	74
0.0668443674923001	0.809191173807355	74
0.0514158522496	0.370593483939686	32
0.0521566473905599	0.369350353315111	86
0.05708251161802	0.368017737325914	1143
0.0540209735528201	0.369405668635769	677
-0.12221694701119	0.628467878666621	58
0.10815346271461	1.20252917085333	28
0.0521566473905599	0.369350353315111	29
0.0559283056597499	0.373753725478209	220
0.11504460725375	0.917347664791129	38
-0.11339818726857	0.65294216962778	50
0.0551073028359801	0.369136963113605	602
0.03562965359528	2.08154415548627	50
0.000347522851039894	0.719441797430218	74
0.0510003870137901	0.373895521965936	50
0.0510003870137901	0.373895521965936	937
0.05551785730188	0.373652093036025	937
0.0514158522496	0.370593483939686	86
-0.09888152288502	1.27020116462787	58
0.0510003870137901	0.373895521965936	28
0.09590266050055	1.60263583389566	28
0.0521566473905599	0.369350353315111	582
0.0513242049809799	0.369423653780211	29
0.10939034612301	1.19253159146039	38
0.00302122326099008	1.09288923440754	307
0.10161848266619	1.57235516093538	38
-0.10848967736398	0.647560878496966	307
-0.00481675073721011	0.719228950806445	749
-0.06448517206823	0.979381748233856	74
0.05551785730188	0.373652093036025	283
0.0517404807961199	0.37262608944565	86
0.05551785730188	0.373652093036025	28
0.00302122326099008	1.09288923440754	58
0.11708724537819	1.19500028898481	232
0.0563386479650401	0.36925803488199	29
0.0566714758582401	0.372477145095083	220
0.0563386479650401	0.36925803488199	122
0.0559283056597499	0.373753725478209	1306
0.0551073028359801	0.369136963113605	1306
-0.00383929291522001	0.706271329026273	307
-0.0637446700640101	0.994143881819631	749
-0.000974621799360031	0.717903664342354	749
0.0585409270733299	0.369152271339228	749
0.000923950109400051	0.71600294578121	74
0.0559283056597499	0.373753725478209	50
0.0514158522496	0.370593483939686	283
0.0566714758582401	0.372477145095083	614
0.0572439979274699	1.15386805821345	28
-0.05254701991392	0.929122266710025	232
0.0566714758582401	0.372477145095083	582
0.05551785730188	0.373652093036025	29
0.06546247136585	0.827024841639638	220
-0.0594770321193101	2.4419341039014	38
0.04083536791162	2.39790657566793	38
-0.0597935855691301	1.96948220732564	50
0.06090736098827	1.14222812467317	602
-0.04022789028051	1.51040604728027	602
-0.0321899224901201	1.50082303564088	602
-0.10633846208949	1.68088702123769	50
0.11279076772501	2.41769270897348	1415
0.11060441695942	1.21325848940213	74
-0.10580808196031	1.47076875602392	74
0.06042216012597	1.16084200925415	74
0.11766149102985	0.906564134269427	74
-0.11056270520135	0.647339816642436	50
0.05708251161802	0.368017737325914	86
0.0559283056597499	0.373753725478209	1095
0.0510003870137901	0.373895521965936	39
-0.11391664005511	0.652897010004391	694
0.0566714758582401	0.372477145095083	169
0.05551785730188	0.373652093036025	29
0.07065139426725	1.95935167242671	38
0.0068800485604299	0.712057927784417	38
0.0737886101754499	2.26167427205542	38
0.11547159415897	1.9585218551676	373
0.11112518052869	1.42394380146669	38
0.00103048048858989	1.69693351351638	602
-0.11728281556358	0.641482599547101	393
-0.1151957217647	0.642110766774561	28
0.0036018039099599	0.711845006863494	28
0.0517404807961199	0.37262608944565	28
-0.0615227467085899	0.972142410353349	846
0.00238609754518992	0.724887676043155	846
0.00518067631829	1.08767972475676	846
-0.0948031567974901	1.23358655581279	28
-0.11443527487002	0.650126517646143	29
0.0566714758582401	0.372477145095083	122
0.05895461197529	0.36924919678315	1141
0.05895461197529	0.36924919678315	122
-0.11443527487002	0.650126517646143	1306
-0.02006351641946	1.90301971463724	50
0.12415146378475	1.63544264052899	602
0.10985741515038	0.897260909298371	53
-0.10572840801144	0.639404357017298	53
0.0311430283031899	1.35503598676449	50
0.0544397113513599	0.36619467838097	28
-0.10572840801144	0.639404357017298	39
0.0521566473905599	0.369350353315111	28
0.0607015672740101	0.822134241443663	846
-0.10649069871037	0.64012161350823	846
0.0579590663624701	1.14949622488188	28
0.05812713430538	0.36476771851041	122
0.0595716508366699	1.15578794302563	53
0.05626033366896	0.372376909213889	28
0.05626033366896	0.372376909213889	39
-0.0661429156506601	1.01199500966545	39
-0.06588345478359	1.00457304999538	846
0.05551785730188	0.373652093036025	28
0.0593681890680999	0.364878931230691	169
0.0566714758582401	0.372477145095083	29
0.0559283056597499	0.373753725478209	122
0.0563386479650401	0.36925803488199	122
0.05895461197529	0.36924919678315	122
-0.0192242229956401	1.29612078576005	602
0.0517404807961199	0.37262608944565	39
0.0559283056597499	0.373753725478209	216
0.0566714758582401	0.372477145095083	39
0.11327789919093	0.920498337314559	318
0.11562992983473	0.924873741513036	846
-0.0630456869998499	1.0082943943741	28
-0.10900766366641	0.651041157255618	28
0.00189887186778992	0.723967923930353	229
0.0517404807961199	0.37262608944565	63
0.0551073028359801	0.369136963113605	122
-0.05598976765568	1.87179209743966	38
0.00165740535646997	0.726503659588826	86
0.0585409270733299	0.369152271339228	86
0.0514158522496	0.370593483939686	28
0.05584908499443	0.367899531876594	28
0.0559283056597499	0.373753725478209	210
0.0559283056597499	0.373753725478209	39
0.00590678545849999	0.719895515737977	28
0.05626033366896	0.372376909213889	1306
0.0521566473905599	0.369350353315111	35
0.00481288387229006	1.09950542415673	50
-0.0883692422923099	1.2292783753384	38
0.05083982512048	0.778171286555968	373
0.05551785730188	0.373652093036025	32
0.0510003870137901	0.373895521965936	86
0.0566714758582401	0.372477145095083	86
0.0559283056597499	0.373753725478209	28
0.00453142855791011	1.0816936735767	318
-0.0499366443776601	1.66972188450421	28
0.05551785730188	0.373652093036025	169
0.0566714758582401	0.372477145095083	63
0.05708251161802	0.368017737325914	86
0.0559283056597499	0.373753725478209	251
0.0559283056597499	0.373753725478209	251
0.05058481294332	0.370665869141311	28
-0.11363967046608	0.642196089442822	28
0.00117012791716009	0.725578683674891	846
0.0692597905653301	0.813973621444936	846
0.11182535506604	0.912590719988997	28
0.00238609754518992	0.724887676043155	28
0.05708251161802	0.368017737325914	169
0.05708251161802	0.368017737325914	29
0.0563386479650401	0.36925803488199	229
0.0517404807961199	0.37262608944565	35
-0.10396971291544	1.25421792649723	307
0.00181166499021002	0.726213690078563	50
0.0591069729116101	0.809749177944766	74
0.05626033366896	0.372376909213889	133
0.0464565798457699	0.367115825422741	846
0.00336007897187995	0.721257880435206	846
0.0439633342725401	1.30016021205006	28
0.11380880901215	2.20106294081479	53
0.0566714758582401	0.372477145095083	50
-0.0015549363240499	1.08720955166725	39
0.05551785730188	0.373652093036025	39
-0.11415817213156	0.64482212626175	39
0.05360212512003	0.366270455398207	28
0.0566714758582401	0.372477145095083	169
0.0913752376279899	1.58626254520108	749
-0.10974649099216	0.642924202456963	50
0.0563386479650401	0.36925803488199	39
0.10503547674923	0.90229023244561	28
0.05708251161802	0.368017737325914	28
0.0025526800209501	1.08940050581008	28
0.0551073028359801	0.369136963113605	29
0.05551785730188	0.373652093036025	35
0.0949882254747001	1.81556930456461	50
-0.0690077430809599	1.00090054853653	50
0.06424968752005	0.817102523978428	28
0.11654185618128	0.905529272748881	39
-0.06588345478359	1.00457304999538	28
-0.0743129176555299	0.981511263037055	28
0.01054461386338	1.0765676492139	28
0.0513242049809799	0.369423653780211	99
0.05626033366896	0.372376909213889	63
0.0563386479650401	0.36925803488199	60
0.05626033366896	0.372376909213889	60
0.0680558471261301	0.8151441446507	74
0.05708251161802	0.368017737325914	50
0.05551785730188	0.373652093036025	50
0.0551073028359801	0.369136963113605	210
-0.0154059822364101	1.28467774134389	28
-0.00267127434601	0.721871421772723	28
0.0559283056597499	0.373753725478209	28
-0.11855744667083	0.635313979322969	28
0.0566714758582401	0.372477145095083	28
0.0559283056597499	0.373753725478209	99
-0.10900766366641	0.651041157255618	60
0.06797649024493	1.14317555549494	716
0.0947071320916999	1.79758800628345	707
-0.11907625110112	0.633771095196054	50
0.0617117475514499	1.14832161370451	50
0.05626033366896	0.372376909213889	86
0.0566714758582401	0.372477145095083	86
0.0559283056597499	0.373753725478209	86
-0.00725062197371007	0.711188398034899	86
0.0566714758582401	0.372477145095083	28
0.0124889617084001	1.05985690374936	39
0.11682561266233	0.897624542082757	28
0.0510003870137901	0.373895521965936	29
0.0559283056597499	0.373753725478209	63
0.0517404807961199	0.37262608944565	60
-0.09929268442549	1.46964490211739	50
-0.10076223509014	1.48775495105277	749
-0.10914295540864	1.67768424367134	50
0.0911778477441601	1.33371032556328	707
-0.0692674443245001	1.00706658093044	707
-0.00194303576429999	0.731895644349349	50
0.05584908499443	0.367899531876594	86
0.05626033366896	0.372376909213889	86
0.03544075288866	1.3382078433508	28
0.0513242049809799	0.369423653780211	28
0.00673472585683999	1.09794552239929	846
0.0673277550742499	0.813848901708082	28
0.0559283056597499	0.373753725478209	28
0.0559283056597499	0.373753725478209	336
0.05551785730188	0.373652093036025	99
0.0566714758582401	0.372477145095083	1121
0.0566714758582401	0.372477145095083	1141
0.05584908499443	0.367899531876594	35
0.0563386479650401	0.36925803488199	60
0.07956803463037	1.38485937836677	50
-0.10974649099216	0.642924202456963	86
0.00262761290930991	0.711809042984298	86
0.07381240728026	0.802619578178394	86
0.00486299601169993	1.08808176688493	28
0.12000863337596	0.875393774995164	846
0.06831342553189	0.825203142763496	28
-0.10521115512179	0.63842680471341	29
0.0585409270733299	0.369152271339228	72
0.0559283056597499	0.373753725478209	1121
-0.0346955303290799	1.48056419812027	50
-0.0357934510931499	1.51937900996533	566
0.06503137531284	1.12788859030137	1195
0.0338539589967899	1.34920228974581	1195
0.10775052365769	0.90391589880861	707
-0.1126390131044	0.64188590016176	86
0.05551785730188	0.373652093036025	86
0.03757868787078	1.36243083214348	28
0.11729998020453	0.898501519539736	846
0.0612787619801201	1.10954946022554	846
-0.0449165365479001	1.5093886455671	28
-0.11415817213156	0.64482212626175	29
-0.10521115512179	0.63842680471341	28
0.11777420202586	0.897714988408666	28
0.0566714758582401	0.372477145095083	29
0.05584908499443	0.367899531876594	72
0.0517404807961199	0.37262608944565	639
-0.12253042052807	2.1949501803594	38
0.0654675890737799	0.823440301643633	566
-0.0883411777299901	1.23833195525859	566
0.0728406131816199	0.813579461812741	50
0.0015720480452599	0.717064376795055	1195
0.00189887186778992	0.723967923930353	86
-0.10772700447514	0.6366543968885	86
0.0563386479650401	0.36925803488199	86
-0.10771703450532	1.66000017702647	28
0.0566714758582401	0.372477145095083	28
0.08680805642912	1.59569210746924	28
0.07235782027358	0.816193795766761	28
-0.000137034832599969	1.7118383052613	28
0.0566714758582401	0.372477145095083	28
0.0559283056597499	0.373753725478209	28
-0.03668165854532	1.49500230979968	72
0.0559283056597499	0.373753725478209	72
0.0695051136595699	0.817891068065267	72
0.0566714758582401	0.372477145095083	99
-0.03704510206245	1.50343840770728	199
-0.000967207791340075	0.725103246226636	86
0.00165740535646997	0.726503659588826	86
0.06458389268048	1.13149248333399	39
0.00348962517597995	1.09414317749254	39
-0.10545591423797	0.635802917925558	28
-0.00963678195703999	0.706107681118979	28
0.0566714758582401	0.372477145095083	1031
0.0464565798457699	0.367115825422741	72
0.00444571710288999	0.717066446630262	72
-0.0195443143859899	1.31194632856718	50
-0.0275389848510601	1.28883001974904	86
0.11327789919093	0.920498337314559	86
0.00263149021410003	0.722859024807088	86
-0.0617822478860901	0.990032707873534	39
0.07405050424965	0.80746132414366	28
0.00665839135888002	1.07551789246978	28
0.0551073028359801	0.369136963113605	28
-0.11419422359698	0.631771522942011	28
0.05551785730188	0.373652093036025	29
-0.11026477066253	0.643911114828403	72
0.00214028234873997	0.709126332218114	1801
0.0585409270733299	0.369152271339228	63
0.0551073028359801	0.369136963113605	60
0.0513242049809799	0.369423653780211	60
0.11053052107578	2.37190455355011	50
0.05862050687702	0.81219037312015	68
0.0563386479650401	0.36925803488199	39
0.0718748760360399	0.817020142058628	28
0.0559283056597499	0.373753725478209	28
0.0566714758582401	0.372477145095083	336
-0.11004417746519	0.65090747212765	72
0.05360212512003	0.366270455398207	72
-0.11140087122202	0.638353033780433	72
-0.10649069871037	0.64012161350823	60
-0.0628225676616701	1.0104563688941	50
0.0604595639063701	1.14513232332381	54
0.05551785730188	0.373652093036025	54
-0.10900766366641	0.651041157255618	28
-0.10900766366641	0.651041157255618	28
-0.00179770257677991	0.715384755992802	28
-0.10876301435295	0.640974220531588	1031
0.05584908499443	0.367899531876594	72
0.05058481294332	0.370665869141311	63
0.05551785730188	0.373652093036025	235
0.12411154524711	1.41872312130677	86
-0.1063981803127	1.67460939141346	68
0.07326860755891	0.781942095276385	28
0.05708251161802	0.368017737325914	541
0.05626033366896	0.372376909213889	28
-0.0294900986540201	2.07035633386874	74
-0.02408972382999	1.31223580331221	28
0.0300897615309399	1.35402225279537	68
-0.00315947682224005	0.721854253503835	39
0.0566714758582401	0.372477145095083	39
-0.10952583032696	0.652055684574671	541
-0.10900766366641	0.651041157255618	541
0.0510003870137901	0.373895521965936	28
0.05708251161802	0.368017737325914	72
0.05551785730188	0.373652093036025	63
-0.0640179536219401	1.99575212164318	68
0.00138749250353998	1.08107256737415	68
0.06264637698728	0.819890614558543	28
0.05895461197529	0.36924919678315	28
-0.10933082529075	0.630893854198391	28
0.0585409270733299	0.369152271339228	235
0.05314124239388	1.58811323237217	74
-0.10572840801144	0.639404357017298	86
0.10926369357277	0.887282689737909	68
-0.0876082100247499	1.22986205864718	28
0.00408866454015011	0.709185446898797	28
0.0000546228689699557	1.09052113008283	39
0.05551785730188	0.373652093036025	28
0.0513242049809799	0.369423653780211	28
0.08310808006042	1.39264895370186	28
-0.11367563814407	0.639204345447229	28
-0.10772700447514	0.6366543968885	350
0.0566714758582401	0.372477145095083	63
0.05551785730188	0.373652093036025	60
0.05708251161802	0.368017737325914	60
-0.0228786161786401	1.29067500332986	28
0.00868799721972002	0.696446409621502	28
0.11796448236887	0.897795113116577	28
0.0704787117385599	0.800004021245226	28
0.05626033366896	0.372376909213889	28
-0.10952583032696	0.652055684574671	28
-0.10922839175361	0.63955262015851	28
-0.10952583032696	0.652055684574671	72
0.05551785730188	0.373652093036025	350
0.0566714758582401	0.372477145095083	60
0.0684803479259799	2.30467984959818	566
0.0659463825300499	0.822869757934254	54
0.11185291149232	0.908035091271719	68
0.11156819302295	0.916407824659182	28
-0.11287991638854	0.650232906130389	28
0.0563386479650401	0.36925803488199	28
0.07260211396598	0.815510367964709	28
0.05626033366896	0.372376909213889	28
0.0566714758582401	0.372477145095083	881
0.05058481294332	0.370665869141311	652
0.0559283056597499	0.373753725478209	63
0.0559283056597499	0.373753725478209	235
0.0563386479650401	0.36925803488199	152
0.0559283056597499	0.373753725478209	60
-0.0590097023351901	2.01801659641377	381
-0.11212097327472	0.639283593467812	28
-0.06714376970912	0.993847283127914	28
0.00141588365715006	0.715791709196984	28
0.06333303307883	1.13312118583574	28
-0.11026477066253	0.643911114828403	39
0.00637323049057992	1.06953821510847	28
-0.06588345478359	1.00457304999538	28
0.0566714758582401	0.372477145095083	28
0.0559283056597499	0.373753725478209	28
0.0559283056597499	0.373753725478209	28
0.0585409270733299	0.369152271339228	235
-0.0965675905151999	1.26765158352065	381
-0.10803207448364	1.47162145351855	381
0.12261857131057	1.60106577907366	381
0.0566714758582401	0.372477145095083	1711
0.06497840820253	0.828978461896241	1711
-0.10521115512179	0.63842680471341	28
0.0517404807961199	0.37262608944565	28
0.0544397113513599	0.36619467838097	28
0.0559283056597499	0.373753725478209	881
0.05626033366896	0.372376909213889	60
-0.000967207791340075	0.725103246226636	60
0.00165740535646997	0.726503659588826	970
0.0692597905653301	0.813973621444936	381
0.0640098255230099	0.826899592619573	381
0.0585409270733299	0.369152271339228	50
0.06767038769699	1.96664984580371	54
0.05584908499443	0.367899531876594	74
0.05058481294332	0.370665869141311	68
0.11280304939425	0.918490514240851	68
-0.10974649099216	0.642924202456963	28
0.05551785730188	0.373652093036025	28
0.0566714758582401	0.372477145095083	28
-0.0363648290476599	1.47657719538416	28
-0.11026477066253	0.643911114828403	72
0.0517404807961199	0.37262608944565	350
0.00156322226465	0.715111517897754	60
-0.06300409804473	0.995901164282001	50
-0.00243118558316002	0.731869884016985	74
0.06570724085819	0.830358221072937	68
0.00639349519312993	0.717155357058528	951
-0.11467685585709	0.64478437579173	691
0.000108218026350082	0.717022903201758	28
0.05626033366896	0.372376909213889	28
-0.10900766366641	0.651041157255618	28
0.07893089739588	1.4042590628279	28
-0.06469724395194	1.00154321257837	28
0.00769720991393008	1.06454295055587	28
0.0566714758582401	0.372477145095083	28
0.0551073028359801	0.369136963113605	28
0.0585409270733299	0.369152271339228	28
0.05626033366896	0.372376909213889	72
0.10961471475851	1.19878149025218	72
0.0934979459304199	1.53727355548891	50
0.11880126420921	1.42768477436038	74
0.11947998203756	0.875125946077477	76
0.0678288967940499	0.82097052188019	691
-0.10797171616815	0.63913531722736	28
-0.10974649099216	0.642924202456963	371
0.07332325484837	0.80894548090805	28
0.00457671525691006	1.07855909295164	28
-0.11078323088432	0.642806780208268	28
0.07114774244025	0.807238870344304	28
0.0513242049809799	0.369423653780211	28
0.05708251161802	0.368017737325914	779
-0.11004417746519	0.65090747212765	60
-0.10628549782519	1.6611551391508	50
0.00263170207619989	1.69832041117012	50
0.0015720480452599	0.717064376795055	50
0.12075053273705	1.1505538549753	381
0.00400162187640007	0.701041003250536	76
0.05551785730188	0.373652093036025	76
0.05551785730188	0.373652093036025	28
0.0593681890680999	0.364878931230691	28
0.05626033366896	0.372376909213889	28
0.00971965319052992	1.08162680632001	28
-0.05897822147323	0.970544738531486	28
-0.02152724338116	1.31639960487623	28
0.05895461197529	0.36924919678315	28
0.05895461197529	0.36924919678315	28
-0.10280389913475	1.82522110724152	28
0.0563386479650401	0.36925803488199	28
0.0551073028359801	0.369136963113605	28
0.0585409270733299	0.369152271339228	46
-0.05461493813478	1.83324488492944	72
0.0542653845979599	1.55398359994312	520
0.00360494900945008	0.707365217768012	50
0.11181526502206	0.912629456566742	1546
0.0559283056597499	0.373753725478209	76
0.05708251161802	0.368017737325914	28
0.05708251161802	0.368017737325914	235
0.0559283056597499	0.373753725478209	235
0.0585409270733299	0.369152271339228	60
0.06572822170438	0.818868611699371	566
0.00845074123773992	1.04487829641658	50
-0.11467685585709	0.64478437579173	381
0.0704705346425101	0.810638028379542	50
0.11072634454196	1.20318232284413	50
0.05895461197529	0.36924919678315	386
0.0544397113513599	0.36619467838097	28
0.0566714758582401	0.372477145095083	833
-0.10390554285881	1.7994727498833	28
0.0559283056597499	0.373753725478209	28
0.0184553125111799	1.5387283632834	28
0.0510003870137901	0.373895521965936	779
-0.11391664005511	0.652897010004391	72
0.05895461197529	0.36924919678315	235
0.00336007897187995	0.721257880435206	50
0.0661913073131	0.828395459799237	50
-0.02126663904307	1.28837267380921	74
-0.11855744667083	0.635313979322969	76
0.05551785730188	0.373652093036025	28
0.05708251161802	0.368017737325914	28
-0.11907625110112	0.633771095196054	28
0.0540209735528201	0.369405668635769	491
0.02170314819175	1.52647039722991	38
-0.0161437234341399	1.2746599392257	50
0.11109477656701	1.21368282211515	50
0.11201216879084	0.904328198617115	381
0.07332325484837	0.80894548090805	381
0.00499955923192008	1.08291146541813	381
0.11383893333837	1.2013985698144	212
-0.09769121682268	1.23994398211803	212
0.0619166641153	0.824622405430166	212
-0.0341669978908401	1.49957801260016	50
0.06281859282914	2.13231617748121	1546
0.06548637783709	0.821837248833144	54
0.0544397113513599	0.36619467838097	28
0.0559283056597499	0.373753725478209	28
0.0808406978073899	1.40156233919009	28
-0.09624036670777	1.25822843251067	28
0.0585409270733299	0.369152271339228	46
0.05895461197529	0.36924919678315	347
-0.0055561918112701	0.703744479237294	347
0.0510003870137901	0.373895521965936	5
0.05058481294332	0.370665869141311	60
-0.0396931987823399	1.52777641837169	970
0.06502155540052	1.16224126964876	212
0.05626033366896	0.372376909213889	28
-0.11004417746519	0.65090747212765	28
-0.1009392301186	1.81587208552256	28
0.0363424453971699	1.76048786321704	28
0.0566714758582401	0.372477145095083	28
-0.0615607768567601	0.990072475908644	28
0.0593681890680999	0.364878931230691	72
-0.0673979728658001	1.00400643138151	72
0.0521566473905599	0.369350353315111	72
0.0551073028359801	0.369136963113605	60
0.1138102744255	0.925674190725044	212
0.11483436861788	0.903933940223213	76
0.0668443674923001	0.809191173807355	76
-0.00243118558316002	0.731869884016985	54
0.11416789547478	0.881335210357047	28
-0.11467685585709	0.64478437579173	28
-0.0012148031297099	0.730276116710018	28
-0.11415817213156	0.64482212626175	473
-0.0669150608544	1.00667623946185	28
0.05626033366896	0.372376909213889	46
0.0559283056597499	0.373753725478209	779
0.05626033366896	0.372376909213889	46
0.00229939803932	0.724131342885286	72
0.0540209735528201	0.369405668635769	72
0.0517404807961199	0.37262608944565	60
0.05584908499443	0.367899531876594	60
0.0517404807961199	0.37262608944565	60
0.07139178038074	0.816124492245659	28
-0.11004417746519	0.65090747212765	28
0.0517404807961199	0.37262608944565	28
0.00165740535646997	0.726503659588826	28
0.00302122326099008	1.09288923440754	28
0.0563386479650401	0.36925803488199	272
0.0563386479650401	0.36925803488199	347
0.0566714758582401	0.372477145095083	235
-0.10268886834382	0.622360133548338	60
0.0713915175039801	0.800596190923182	54
0.11811589171905	1.43810129736343	491
0.06627763857965	1.12773213613521	28
0.11530914728208	0.906574800821455	28
0.00590678545849999	0.719895515737977	28
0.00647561532834007	1.07102241768851	28
-0.00219115457886998	0.728109360126178	28
-0.10952583032696	0.652055684574671	46
-0.11907625110112	0.633771095196054	46
0.05626033366896	0.372376909213889	72
0.0566714758582401	0.372477145095083	72
-0.000292645584089923	0.70732303269446	50
0.0907804863486701	1.89444906347694	54
0.000161954498669958	1.08475121050605	54
-0.0226948108085701	2.05159814555349	50
0.0172757383491899	1.54108498958578	76
0.0404629936125001	1.34322304185818	28
-0.0669150608544	1.00667623946185	28
-0.09328742576506	1.24291065095265	28
-0.0649489138173101	0.989267236807667	858
0.0563386479650401	0.36925803488199	85
-0.11004417746519	0.65090747212765	28
0.00483191351034007	0.702855331113246	272
-0.10417719250961	0.627029637017694	272
0.05584908499443	0.367899531876594	272
0.00165740535646997	0.726503659588826	347
0.0593681890680999	0.364878931230691	72
0.0566714758582401	0.372477145095083	72
0.0517404807961199	0.37262608944565	235
-0.11026477066253	0.643911114828403	60
0.05551785730188	0.373652093036025	60
0.11333592315979	0.926676359329798	50
-0.0179829599230801	1.28920465943558	54
0.11686319608167	0.92176057699372	54
0.10974789497254	0.922071254442113	28
0.05551785730188	0.373652093036025	473
0.11938045444396	1.42140497581916	491
0.08117433257174	1.3576689365029	28
-0.10922839175361	0.63955262015851	28
-0.10059211129642	1.47650853855397	85
-0.0298193020423601	1.30731119989056	28
0.0566714758582401	0.372477145095083	347
-0.11704578615611	0.632496136094393	971
0.05626033366896	0.372376909213889	60
0.04719426560944	0.365912360409344	60
0.00467309034046992	2.03720907704694	733
0.05557845702162	1.527209524517	54
-0.0994205542332001	1.44642019277093	54
0.10967926580321	1.19325449866165	54
0.00311829782216	0.717689635727441	491
-0.0615607768567601	0.990072475908644	28
-0.11391664005511	0.652897010004391	28
0.05551785730188	0.373652093036025	46
0.05551785730188	0.373652093036025	72
0.0566714758582401	0.372477145095083	656
0.0566714758582401	0.372477145095083	60
-0.0177717026723201	1.28122623913541	50
-0.02408972382999	1.31223580331221	54
0.06902217624455	0.81871802721404	28
-0.0310482767228499	1.48253949699006	28
0.06118706225933	0.823256624872496	28
0.05812713430538	0.36476771851041	46
-0.11004417746519	0.65090747212765	72
0.0464565798457699	0.367115825422741	72
0.0559283056597499	0.373753725478209	72
0.0566714758582401	0.372477145095083	72
0.05626033366896	0.372376909213889	362
0.0559283056597499	0.373753725478209	60
0.12487361448716	1.83497504399431	271
0.12302426467952	1.6370609482433	54
0.11328595982441	1.2003932139208	54
0.0514158522496	0.370593483939686	473
-0.00530571625265996	0.720394555090214	28
-0.02974221411877	1.31549555242089	28
-0.10824491858254	0.639995049038974	46
0.0514158522496	0.370593483939686	28
0.00254714937445	0.702891846399913	28
0.0566714758582401	0.372477145095083	46
0.0566714758582401	0.372477145095083	193
0.0510003870137901	0.373895521965936	5
0.12224008815402	1.4138062194834	50
0.07869696962407	1.35942438484786	50
0.0061902887568599	1.07538373692368	381
0.00283934399448005	1.0811971506849	54
0.07211901447798	0.814618741966556	54
0.1180038838061	1.42996590527994	473
0.0347419893419001	1.34874076892571	1530
0.0566714758582401	0.372477145095083	28
0.0559283056597499	0.373753725478209	46
0.0559283056597499	0.373753725478209	72
0.05626033366896	0.372376909213889	465
0.0510003870137901	0.373895521965936	60
-0.0705306427574499	2.03684771852658	809
0.10039022265846	1.80308406655943	54
-0.0642261250392	0.992033355729011	473
0.000108218026350082	0.717022903201758	491
0.11701621059986	0.904733572446822	28
0.0536281597866799	0.794433654588868	28
0.05626033366896	0.372376909213889	695
0.0566714758582401	0.372477145095083	72
0.0585409270733299	0.369152271339228	72
0.0566714758582401	0.372477145095083	72
0.0510003870137901	0.373895521965936	163
0.0540209735528201	0.369405668635769	163
0.0517404807961199	0.37262608944565	5
0.112694509275	1.18975231526825	381
0.0645297644028999	2.10387888710459	809
-0.11071746164719	2.17942354504635	809
-0.0992367908023699	1.26002480336148	54
-0.07097617935622	1.00245955163565	473
-0.06643229975745	1.00680300483928	54
0.0721635842970101	0.78580598065325	28
0.05551785730188	0.373652093036025	28
0.0566714758582401	0.372477145095083	46
0.0566714758582401	0.372477145095083	326
0.05626033366896	0.372376909213889	46
-0.00481675073721011	0.719228950806445	46
0.05626033366896	0.372376909213889	60
0.0441582150620901	1.55641834494959	479
-0.1032708370439	1.23943829239087	54
0.03173491260993	1.34402317696911	28
0.10851159360592	0.917514500303821	46
0.05708251161802	0.368017737325914	46
0.0566714758582401	0.372477145095083	72
0.04947459339112	0.362848879322562	72
0.0513242049809799	0.369423653780211	5
0.000441382177460037	0.715750855545009	60
-0.0191578365256999	2.12358355957494	50
0.0862274991155001	1.32046549519544	54
0.0390162947236401	1.75301173573119	54
0.11563934773835	1.19882274235391	54
-0.02346288052798	1.30494625046379	54
0.11752631827976	0.921096680328242	54
0.00327439321347001	0.709596951456343	1086
0.0619166641153	0.824622405430166	473
-0.0561088068093401	0.969585378974871	473
0.0644941929512299	0.828935317390384	28
0.06781099108418	0.816511286267055	85
-0.00267127434601	0.721871421772723	85
0.06975038852878	0.813985293426061	28
-0.11339818726857	0.65294216962778	695
0.05626033366896	0.372376909213889	46
-0.11315723468694	0.641850291161331	72
0.04947459339112	0.362848879322562	5
0.0593681890680999	0.364878931230691	5
0.10624225098608	1.9974231853323	50
-0.0021832291547399	0.719830006449507	809
-0.00760574608216991	1.85908647629129	54
-0.04034971502952	1.66105732879261	54
0.06975038852878	0.813985293426061	1086
0.06975038852878	0.813985293426061	28
-0.10772700447514	0.6366543968885	85
0.05626033366896	0.372376909213889	46
0.0517404807961199	0.37262608944565	326
0.05895461197529	0.36924919678315	46
0.05551785730188	0.373652093036025	72
0.0559283056597499	0.373753725478209	163
0.05551785730188	0.373652093036025	163
0.0521566473905599	0.369350353315111	60
0.0669202544133101	0.823558373065344	54
0.0570928625460401	1.15375658613532	85
0.0510003870137901	0.373895521965936	46
0.05895461197529	0.36924919678315	72
-0.11855744667083	0.635313979322969	60
0.0325573818856499	2.229365608896	738
-0.06954516326854	0.994090342277411	809
0.01137992762159	1.53116618568903	1086
0.0521566473905599	0.369350353315111	85
0.0585409270733299	0.369152271339228	72
0.05708251161802	0.368017737325914	60
0.00205121632676009	0.717159730842422	50
0.04295219741358	1.32960268550063	827
0.11349465619143	1.18729705350501	473
0.11578377998853	0.907478276041575	28
-0.11443527487002	0.650126517646143	28
0.1161042453922	0.926934164577142	28
-0.11780120476465	0.643070941241325	481
0.05551785730188	0.373652093036025	72
0.0559283056597499	0.373753725478209	72
-0.11088308767753	0.640998005430542	479
0.00218497779031002	1.09184190479217	28
0.00189887186778992	0.723967923930353	85
0.0517404807961199	0.37262608944565	72
0.0559283056597499	0.373753725478209	72
-0.10469408332805	0.635092968824101	72
0.0566714758582401	0.372477145095083	60
0.05058481294332	0.370665869141311	60
0.0640037584872499	1.54808814950241	54
-0.11004417746519	0.65090747212765	450
0.12062944845041	0.904229876312869	28
0.0467729017471701	0.366077591446022	28
0.10980577333084	1.21312235332986	28
0.00263149021410003	0.722859024807088	481
0.00469202318963991	0.713756369735064	46
0.00263149021410003	0.722859024807088	72
0.05895461197529	0.36924919678315	70
0.0559283056597499	0.373753725478209	72
0.05626033366896	0.372376909213889	60
0.05058481294332	0.370665869141311	60
0.0579590663624701	1.14949622488188	809
0.11775073621305	1.62503615210778	50
-0.09054106064069	1.2402925585111	246
0.00348962517597995	1.09414317749254	473
-0.10952583032696	0.652055684574671	67
0.00351425590327992	0.710664452103015	450
-0.00231324226680996	1.08948653585804	28
0.0609455166397499	0.820041981023904	28
-0.09473376137397	1.27393909648642	46
0.0559283056597499	0.373753725478209	60
0.05551785730188	0.373652093036025	60
0.03284576368743	2.25586643290793	479
0.0726024883576399	0.805542637904686	450
0.00263149021410003	0.722859024807088	46
-0.11363967046608	0.642196089442822	46
-0.00146282330219005	0.715859913257694	72
0.05058481294332	0.370665869141311	72
0.05551785730188	0.373652093036025	72
0.06240200849899	0.823562460542623	5
0.0551073028359801	0.369136963113605	60
-0.11315723468694	0.641850291161331	60
-0.0223908158521899	1.31986799014199	450
0.01187387780309	1.06999472052494	28
0.0540209735528201	0.369405668635769	200
0.05551785730188	0.373652093036025	580
0.0566714758582401	0.372477145095083	5
0.05626033366896	0.372376909213889	60
0.05626033366896	0.372376909213889	60
0.0593681890680999	0.364878931230691	450
-0.0935499755579601	1.22922308616409	28
0.05708251161802	0.368017737325914	28
0.05626033366896	0.372376909213889	28
0.0603684682861601	1.1509322785657	46
-0.11088308767753	0.640998005430542	580
0.05626033366896	0.372376909213889	72
0.0510003870137901	0.373895521965936	72
0.05551785730188	0.373652093036025	5
0.0566714758582401	0.372477145095083	5
0.0566714758582401	0.372477145095083	60
0.00711597054136992	1.0797119442047	708
0.0652230223111501	0.830313383595391	67
-0.10952583032696	0.652055684574671	67
0.0593681890680999	0.364878931230691	28
0.05360212512003	0.366270455398207	28
0.0559283056597499	0.373753725478209	28
0.0566714758582401	0.372477145095083	580
0.05551785730188	0.373652093036025	72
-0.11078323088432	0.642806780208268	631
0.05708251161802	0.368017737325914	72
0.05626033366896	0.372376909213889	72
0.0551073028359801	0.369136963113605	72
-0.11004417746519	0.65090747212765	60
0.0638615487676899	0.804819012145514	479
0.0642541285852201	0.824016798402551	28
0.05551785730188	0.373652093036025	28
0.01324092200724	1.0580213806163	28
-0.10952583032696	0.652055684574671	72
0.00132377483939994	0.726191210870679	60
-0.11004417746519	0.65090747212765	50
0.0593326333424	1.56500909671388	473
0.11863379595526	1.41709506746659	473
-0.0962360056026199	1.26459670609544	67
0.11629380518283	0.923630315390229	28
-0.0012148031297099	0.730276116710018	28
0.00555842030000009	0.70248198945544	28
0.0559283056597499	0.373753725478209	72
0.0566714758582401	0.372477145095083	631
-0.10028754384193	1.26422484056284	479
0.0369965189085699	1.35197078793878	479
0.06661628205501	0.815425301789201	827
-0.06491932168328	1.00482366432166	67
0.11814954427726	0.892398613364774	246
0.0521566473905599	0.369350353315111	60
0.0563386479650401	0.36925803488199	60
0.0641458667941299	1.15504306250134	67
0.00564851942629008	1.08210165816976	156
-0.10824491858254	0.639995049038974	156
-0.10900766366641	0.651041157255618	72
0.05895461197529	0.36924919678315	70
0.0559283056597499	0.373753725478209	72
0.0566714758582401	0.372477145095083	60
-0.10900766366641	0.651041157255618	1407
0.06376917341685	1.15868405899555	54
0.05058481294332	0.370665869141311	102
-0.11339818726857	0.65294216962778	288
0.0559283056597499	0.373753725478209	43
-0.11339818726857	0.65294216962778	72
0.0566714758582401	0.372477145095083	60
-0.0956453629459599	1.26075342210051	473
-0.02243744573674	1.2898884291287	28
-0.06252284109752	0.996014651509526	28
-0.0627448154793	0.987834232916592	288
-0.11415817213156	0.64482212626175	288
-0.11391664005511	0.652897010004391	43
0.05626033366896	0.372376909213889	60
0.0559283056597499	0.373753725478209	60
0.0559283056597499	0.373753725478209	60
0.05626033366896	0.372376909213889	60
0.0642162717458601	1.15781617825501	54
-0.11287991638854	0.650232906130389	298
-0.11004417746519	0.65090747212765	28
0.05626033366896	0.372376909213889	28
-0.05488943459381	0.957006938331948	28
-0.10900766366641	0.651041157255618	288
0.11843839988262	0.891211690492748	288
0.01140685630361	1.07386640160823	156
0.00141588365715006	0.715791709196984	72
0.05708251161802	0.368017737325914	72
-0.11477043351161	0.631646589996402	72
0.0559283056597499	0.373753725478209	60
0.0652230223111501	0.830313383595391	67
-0.10521115512179	0.63842680471341	28
-0.11108141365541	0.639001917674375	72
-0.1167646082338	0.63466000929116	911
0.0521566473905599	0.369350353315111	60
0.1100338977193	0.9189744090926	28
-0.0948031567974901	1.23358655581279	288
0.0585409270733299	0.369152271339228	72
-0.11419422359698	0.631771522942011	60
0.0513242049809799	0.369423653780211	60
0.0517404807961199	0.37262608944565	60
-0.11467685585709	0.64478437579173	479
0.04123235445	1.72784828133629	54
0.00181166499021002	0.726213690078563	298
-0.0661429156506601	1.01199500966545	67
0.11502575215826	0.904180920268326	28
0.0510003870137901	0.373895521965936	28
-0.08699208743904	1.21571428988153	288
0.05626033366896	0.372376909213889	72
0.05551785730188	0.373652093036025	72
0.05058481294332	0.370665869141311	67
0.00081108639068006	1.09489588031206	28
-0.0952648725287599	1.22532899836749	28
-0.10928129190726	0.639882552467423	28
0.0517404807961199	0.37262608944565	72
-0.10521115512179	0.63842680471341	72
0.05626033366896	0.372376909213889	287
0.0559283056597499	0.373753725478209	60
-0.0937851919194199	1.27325551243844	526
-0.00579483963232996	0.719214773678296	526
0.11625826681914	0.90668047717628	288
0.00371771668721999	0.71017587088809	288
0.00471269219414006	1.09084797808691	43
0.05708251161802	0.368017737325914	287
-0.00315947682224005	0.721854253503835	535
0.05708251161802	0.368017737325914	60
0.0713915175039801	0.800596190923182	60
0.0559283056597499	0.373753725478209	60
0.0585409270733299	0.369152271339228	60
0.06743315514444	1.36920634197555	54
0.10832347604279	1.18958556658656	246
0.05895461197529	0.36924919678315	28
-0.0237290804720001	1.30610731226938	288
0.05551785730188	0.373652093036025	287
0.00590678545849999	0.719895515737977	67
-0.11298150512732	0.622892569021458	72
0.0581338872786601	0.812170003767267	72
-0.0040889832681601	0.707397518635629	72
-0.10649069871037	0.64012161350823	60
-0.11391664005511	0.652897010004391	60
0.11575267258354	1.62138205428168	738
0.0657392522459399	1.15019519090764	54
0.1134095429801	1.20625389458267	54
-0.10928129190726	0.639882552467423	572
0.10480921882088	0.904463663658546	67
-0.00194303576429999	0.731895644349349	288
0.0551073028359801	0.369136963113605	288
0.11231253782202	1.1763355871173	72
0.05584908499443	0.367899531876594	60
0.10348550502295	1.19585047910757	75
0.00468642320842005	0.703317767456124	54
-0.11315723468694	0.641850291161331	54
0.05551785730188	0.373652093036025	288
0.0559283056597499	0.373753725478209	896
0.05584908499443	0.367899531876594	310
-0.00228645709018993	0.716541529574583	75
-0.00170290019566011	0.730251441872315	75
0.07211347175285	0.803889921571879	54
0.05584908499443	0.367899531876594	54
-0.02420286848778	1.28086674452953	54
0.0521566473905599	0.369350353315111	54
-0.10649069871037	0.64012161350823	288
-0.0985703242168201	1.26726824908659	675
0.1127426389582	1.17647309295804	50
0.11237786456109	1.17741173980991	271
0.0514158522496	0.370593483939686	50
0.0559283056597499	0.373753725478209	50
0.0559283056597499	0.373753725478209	75
-0.1167646082338	0.63466000929116	75
0.0566714758582401	0.372477145095083	75
-0.06881289096426	2.15537282631577	50
-0.11780120476465	0.643070941241325	54
-0.0354560584342101	1.47863492325116	54
-0.0773410275262301	2.37180557495203	54
-0.11339818726857	0.65294216962778	54
0.11546081112844	0.907591838721377	54
0.0585409270733299	0.369152271339228	54
-0.10952583032696	0.652055684574671	54
0.0563386479650401	0.36925803488199	54
-0.000239080567769889	0.723512756531281	67
-0.11026477066253	0.643911114828403	177
-0.10871047282695	0.631395173527026	675
0.0559283056597499	0.373753725478209	5
0.11253177426015	1.42603095432004	54
-0.06784908035363	1.0052702646019	54
0.00358939344322007	1.0998245891599	54
0.0510003870137901	0.373895521965936	288
0.0517404807961199	0.37262608944565	72
0.0563386479650401	0.36925803488199	72
0.10882630046328	1.17559778416818	72
0.05551785730188	0.373652093036025	1742
0.10644281705184	1.20950724649834	60
0.11794470047972	1.19146891229758	75
0.12266810257053	1.40275643835028	54
0.10465196713821	1.20479698209237	54
-0.0621105351076201	2.0353967451982	246
0.00730899668887997	1.0597279495259	246
0.0644941929512299	0.828935317390384	246
-0.0253572534017501	1.29757213511651	246
-0.0219028995709301	2.06162507779373	394
0.0622872545305999	1.13915608980016	557
0.0599720795349801	0.81056151103432	67
-0.1031717313421	1.25155933116365	72
0.05895461197529	0.36924919678315	72
0.05551785730188	0.373652093036025	72
0.0559283056597499	0.373753725478209	705
0.0510003870137901	0.373895521965936	1742
-0.10979975136708	0.636473240303965	1742
-0.11367563814407	0.639204345447229	870
-0.00554452941521011	0.7207803717812	60
0.06289069862833	0.804780579704551	60
0.0599737569558501	0.801167965096198	5
0.0865700804859999	2.3273173536904	738
0.0522251016617099	1.9422632410957	247
-0.0120557988236201	1.86293806277745	50
0.06952206791819	0.822684674310293	54
0.06690307078167	1.12033263954435	557
-0.10217246242288	0.621433766690628	72
-0.11339818726857	0.65294216962778	72
0.05626033366896	0.372376909213889	72
0.0517404807961199	0.37262608944565	60
0.05699865531958	1.91225688703954	54
-0.05344721087131	1.85444636464736	54
-0.10853469351774	1.47904642521396	54
-0.0499948694777299	1.66157000742467	246
-0.0642206786123001	1.87600890434382	177
0.0589318039395601	1.55646307776281	394
0.11291799760141	1.20881500092149	557
-0.00436162236231996	0.612084195761141	675
-0.11467685585709	0.64478437579173	484
-0.11391664005511	0.652897010004391	484
0.0517404807961199	0.37262608944565	72
0.0551073028359801	0.369136963113605	72
0.0521566473905599	0.369350353315111	5
0.05626033366896	0.372376909213889	1715
0.0559283056597499	0.373753725478209	1574
0.05584908499443	0.367899531876594	60
0.0884689808009	2.14210782139149	738
-0.10088245133109	1.26208602451438	54
0.09233454325386	1.55099201584427	54
-0.0330282760804099	2.14646293189002	54
0.0575248338512	1.14713398244644	483
-0.0490013414744499	1.59611139102452	394
0.11502575215826	0.904180920268326	557
0.0806519600673099	1.37946058916036	168
0.05626033366896	0.372376909213889	484
-0.06396706202353	0.989526108057463	282
0.00351425590327992	0.710664452103015	72
0.0566714758582401	0.372477145095083	870
0.05626033366896	0.372376909213889	1723
0.0559283056597499	0.373753725478209	5
-0.0666251070455699	1.01072139541896	246
-0.09577486846162	1.26484597791021	181
0.0563386479650401	0.36925803488199	484
-0.11339818726857	0.65294216962778	72
0.00483191351034007	0.702855331113246	72
0.00831649680511992	1.06888379968066	60
-0.10952583032696	0.652055684574671	60
-0.10088245133109	1.26208602451438	247
-0.0394312804372601	1.48820902375632	54
-0.10876301435295	0.640974220531588	54
-0.11026477066253	0.643911114828403	246
-0.09644862199976	1.27648158230962	67
0.05626033366896	0.372376909213889	484
0.05551785730188	0.373652093036025	72
0.0566714758582401	0.372477145095083	72
0.05708251161802	0.368017737325914	5
0.01220030177539	1.52961502142881	1723
0.10858961659431	1.19768727455554	50
-0.09969797571779	1.26374619913972	54
-0.09286422537032	1.27626866447695	67
-0.10637826452129	1.8168678511055	557
-0.0656608747277601	1.01098375842911	675
-0.11004417746519	0.65090747212765	1131
0.10527383504495	2.35009804945303	247
-0.0353663578526899	1.50472614520651	54
0.0199770689324099	1.53877284888124	54
0.11134049320834	0.911528886747782	67
0.03789317925707	1.75004013708146	67
-0.0984940733027	1.64227732719512	67
-0.09286422537032	1.27626866447695	557
-0.10824491858254	0.639995049038974	557
0.00698680019609999	0.689576397082483	859
-0.11571476997586	0.634604321328169	95
-0.11004417746519	0.65090747212765	5
0.0585409270733299	0.369152271339228	106
0.05895461197529	0.36924919678315	106
0.00384683491084004	0.716111160317864	5
-0.0962360056026199	1.26459670609544	54
-0.0673894018897201	1.99898297934253	54
0.10687240884205	1.21213703832897	67
-0.0663657470860599	1.00099277060139	67
-0.00194303576429999	0.731895644349349	72
-0.00579483963232996	0.719214773678296	72
-0.0633044081135501	1.01146932840021	72
0.0510003870137901	0.373895521965936	5
0.05708251161802	0.368017737325914	106
0.0566714758582401	0.372477145095083	5
0.0566714758582401	0.372477145095083	7
0.11194774332986	1.17900406951144	67
0.12040844984363	0.890767297994586	67
0.0661913073131	0.828395459799237	67
0.11745710104915	1.18469707607125	67
0.06497840820253	0.828978461896241	557
0.1173199736211	1.17186125040038	67
-0.10803765329864	1.45954870858169	557
0.00614780467342002	0.711823338456691	675
0.0704251344634099	0.808767759562247	675
-0.11391664005511	0.652897010004391	72
0.0559283056597499	0.373753725478209	5
0.0544397113513599	0.36619467838097	5
0.03651888650624	1.32438662209139	54
-0.06688444800992	1.0101481485555	54
-0.11016071797708	1.65520666985401	54
0.00420494828002993	0.712876801487984	54
0.08848902709366	1.81789509524182	26
0.06853179356206	0.802584187179858	557
0.05551785730188	0.373652093036025	168
0.00684012822431002	1.08975974376496	168
-0.10952583032696	0.652055684574671	7
0.10998074219959	1.19506683469873	67
0.11401733839472	1.18749687291749	185
-0.10901756430006	1.48850400437077	168
-0.10752620865917	0.635622394991157	94
-0.00432794299002004	0.715403917463235	95
-0.10824491858254	0.639995049038974	72
0.0563386479650401	0.36925803488199	5
0.05626033366896	0.372376909213889	5
0.05551785730188	0.373652093036025	7
-0.06186443839418	0.976367722757235	7
0.02632189692012	1.49209007722001	557
-0.11367563814407	0.639204345447229	72
0.0566714758582401	0.372477145095083	5
0.0563386479650401	0.36925803488199	5
0.0559283056597499	0.373753725478209	106
0.08884795754178	2.34727381555843	50
0.00953736396488991	1.06932646419873	54
-0.0934188305249	1.24409929001427	67
0.03230795463617	1.34046480352432	67
-0.0646596407801401	0.987424855537079	557
0.06333860276696	1.16430407456158	185
-0.11004417746519	0.65090747212765	72
0.05626033366896	0.372376909213889	7
0.05551785730188	0.373652093036025	7
0.05058481294332	0.370665869141311	106
0.05551785730188	0.373652093036025	7
0.11029676978266	1.20725821059805	54
0.12062944845041	0.904229876312869	67
0.11860985267617	0.910160183269774	67
0.12336840844213	1.6346656210192	67
0.00917476273916007	0.697269613183443	168
-0.00267127434601	0.721871421772723	94
0.12064021198457	1.14272289052984	72
0.11506092216747	0.912923283429845	72
0.05895461197529	0.36924919678315	5
0.00546754881341993	1.08198971452423	1521
0.11251830793383	0.922499766702497	54
0.11606735596429	0.904630672843567	67
0.0631317235423601	0.818841441049236	67
-0.11415817213156	0.64482212626175	67
0.0909521336308099	1.61213532672172	557
0.11194075495209	1.61693445952938	557
0.12360595144135	0.885166978101791	168
0.0854701336298001	1.33788877101025	54
0.06072565457039	1.14776252564771	67
0.04167636450637	1.6917943498465	26
-0.04370673736584	1.68782960350327	557
-0.03271364612655	2.22292190104186	185
-0.11026477066253	0.643911114828403	17
0.0566714758582401	0.372477145095083	739
-0.11004417746519	0.65090747212765	7
0.01814776335365	1.51723732257363	557
0.0585409270733299	0.369152271339228	72
0.0559283056597499	0.373753725478209	17
-0.11036548558819	0.641033473549461	7
0.0036018039099599	0.711845006863494	7
0.0926970933590301	1.79711947622654	247
-0.0334145361012099	1.47399690977533	54
0.0139469216425701	1.51596517031537	67
0.01720491463187	1.54859645905159	67
-0.0666251070455699	1.01072139541896	252
0.07049414909156	0.812945480339204	72
0.05708251161802	0.368017737325914	7
-0.11026477066253	0.643911114828403	5
0.0036018039099599	0.711845006863494	252
0.05895461197529	0.36924919678315	72
0.00590678545849999	0.719895515737977	72
0.0566714758582401	0.372477145095083	7
0.05551785730188	0.373652093036025	7
-0.11855744667083	0.635313979322969	739
-0.11012455176888	0.640285757404434	739
0.06424968752005	0.817102523978428	54
-0.11088308767753	0.640998005430542	54
0.05388072645925	1.56981821618832	67
0.0224279957659801	1.8947409892198	67
0.0695051136595699	0.817891068065267	26
-0.06300409804473	0.995901164282001	557
0.07952136757688	1.37617594328781	185
0.07544458128084	0.796062081353185	252
0.06975038852878	0.813985293426061	72
0.05895461197529	0.36924919678315	72
0.06636158831439	1.14618155980958	247
0.10324484629476	1.18867886734084	54
0.11125529646836	1.96293251756304	603
0.07920396310211	1.89882940233264	328
0.00263149021410003	0.722859024807088	67
0.0307179938103801	1.3514409236635	67
0.05551785730188	0.373652093036025	67
0.0510003870137901	0.373895521965936	67
-0.10928129190726	0.639882552467423	72
0.0593681890680999	0.364878931230691	7
0.0641275634005301	1.1618791844606	1382
-0.00267127434601	0.721871421772723	94
0.05973692161907	1.56307087389977	72
0.0647386515830599	0.82826518817161	94
0.05551785730188	0.373652093036025	72
-0.11004417746519	0.65090747212765	17
0.04719426560944	0.365912360409344	17
0.05551785730188	0.373652093036025	7
0.00541991926182006	0.720752808249121	7
0.10354580063588	1.20112693069998	328
0.11140327939054	1.20793036611643	67
-0.11026477066253	0.643911114828403	1382
-0.0399153516145401	1.49408339367551	72
0.00566083417070007	0.710948912058761	17
-0.0943993937747201	1.2702657005749	5
0.0517404807961199	0.37262608944565	17
0.12135571957546	0.89084951890252	54
0.06729556773031	1.76529580103967	845
-0.11062142132927	1.85881223381167	26
0.05626033366896	0.372376909213889	557
0.00966137185161009	0.696462058162202	557
0.00676111570478999	1.05851704278937	72
0.00405724986564993	1.09754526130651	252
-0.10772700447514	0.6366543968885	72
0.0680558471261301	0.8151441446507	72
-0.10848967736398	0.647560878496966	7
0.07128207081655	1.12505697417392	54
0.02228011952	1.51152285701467	328
0.11483436861788	0.903933940223213	72
0.11546081112844	0.907591838721377	94
0.06806985987146	0.828777363162573	252
0.0559283056597499	0.373753725478209	17
-0.11855744667083	0.635313979322969	17
0.0728406131816199	0.813579461812741	7
-0.00603354869749007	0.721950235247382	7
0.0566714758582401	0.372477145095083	7
0.03975327644292	1.73161574696469	247
0.09420644848445	2.1503838547813	247
-0.03432993002133	1.46832740751781	50
0.0510003870137901	0.373895521965936	54
0.04051370454212	2.17340714527158	54
-0.10764873825406	2.09506890917054	26
0.05626033366896	0.372376909213889	1382
-0.02336808129287	1.29112801703044	1382
0.10504531200448	1.20185125879761	72
-0.0012148031297099	0.730276116710018	17
0.0728406131816199	0.813579461812741	7
-0.0021832291547399	0.719830006449507	7
0.0137076882985501	1.05814314033051	7
-0.10974649099216	0.642924202456963	7
0.06773726335834	1.47786324599847	50
0.0839022308521999	1.34606406819496	54
-0.05990355958631	0.991170145809261	17
0.0107578632184699	1.05522250055063	17
0.0704787117385599	0.800004021245226	17
-0.0647256723115	0.99733112909504	17
0.0517404807961199	0.37262608944565	17
-0.06588345478359	1.00457304999538	7
0.1146321898904	1.18900117076596	247
0.0514158522496	0.370593483939686	54
0.0147055224653201	1.03719946903103	185
0.10965064957585	1.20611249952328	17
0.06427219213533	0.822188532321225	17
0.000928711285409944	0.716635342544003	7
0.06118706225933	0.823256624872496	54
0.11550037121595	0.903388341319617	50
0.063300880338	2.41479757281319	67
-0.0683019615490801	0.99944093128246	17
0.0842185115982099	1.34946242663106	17
-0.10900766366641	0.651041157255618	50
0.06412582732251	1.13247533845294	26
0.0559283056597499	0.373753725478209	94
0.00214452609048998	0.72563668068459	17
0.0551073028359801	0.369136963113605	7
0.0514158522496	0.370593483939686	562
0.06342127276072	1.7498776352697	67
0.06096914893967	0.811105328837101	26
0.1078463110422	0.902836429918291	26
0.02287684019409	1.9139297844606	26
0.0522500962405199	1.56869768345594	26
0.00385639336656007	0.700908781732905	17
0.05708251161802	0.368017737325914	17
-0.10952583032696	0.652055684574671	7
0.1085207101843	1.20181236011784	67
0.0917316235022001	1.60516520698012	603
0.06081635590489	1.15212136206307	845
0.0625314924596301	1.1667916947698	845
0.05671495021048	1.55343964506827	26
0.06497840820253	0.828978461896241	17
-0.0227476893387899	1.28011387273094	17
0.0513242049809799	0.369423653780211	17
0.05551785730188	0.373652093036025	7
-0.0717187555133301	0.987484463776074	7
0.0521566473905599	0.369350353315111	7
0.07139178038074	0.816124492245659	562
-0.0308637883778	1.28495470349461	54
-0.0387331795900201	1.47917120401353	603
0.00831649680511992	1.06888379968066	328
0.11752631827976	0.921096680328242	67
0.0666373072437401	1.1396095520979	94
-0.11467685585709	0.64478437579173	17
0.0566714758582401	0.372477145095083	17
0.0464565798457699	0.367115825422741	17
0.05895461197529	0.36924919678315	17
0.05895461197529	0.36924919678315	7
0.0737387637881499	1.77010049303397	50
-0.00145504319884004	0.729786239349772	67
-0.10624584211732	0.638315582111054	67
0.00885664774811001	1.07384981647513	26
-0.0661429156506601	1.01199500966545	26
0.0510003870137901	0.373895521965936	26
0.05626033366896	0.372376909213889	72
0.0566714758582401	0.372477145095083	17
0.05333518778266	2.28085324248861	17
0.0521566473905599	0.369350353315111	17
0.0624371010639	1.13100252838733	7
0.0916079014023199	1.3487001254536	26
-0.1064290437336	1.48042655000404	67
-0.0357189603814301	1.48569310295359	26
0.11228262304517	1.94221709124154	26
0.12012755542541	1.42073725248921	26
-0.11339818726857	0.65294216962778	94
-0.11339818726857	0.65294216962778	17
0.00420494828002993	0.712876801487984	17
0.0585409270733299	0.369152271339228	17
-0.10974649099216	0.642924202456963	7
-0.11339818726857	0.65294216962778	7
0.0747183651633001	0.789485338979931	7
0.06902217624455	0.81871802721404	7
0.0982243204812701	1.58308954053395	54
-0.0345742021428901	2.19259120856961	603
0.11891594191544	1.60310616106689	67
-0.05345558084298	1.86094619299719	26
0.11705243953306	0.925108310137481	26
-0.0615607768567601	0.990072475908644	26
-0.11078323088432	0.642806780208268	94
0.11286142610855	0.925517001720907	17
0.0566714758582401	0.372477145095083	17
-0.10572840801144	0.639404357017298	17
-0.10922839175361	0.63955262015851	7
0.0517404807961199	0.37262608944565	7
0.10088912408931	2.33586955105171	67
0.03981356199307	2.08707636312018	26
-0.10793342346127	1.82273492487115	26
0.10955871166372	0.915664287821	26
-0.0998540429572099	1.44726954405141	26
0.0629782623608599	1.16467741999719	94
0.06074313896745	1.15180142524072	94
0.0566714758582401	0.372477145095083	184
0.0659519630091301	0.825457133212341	17
-0.0633044081135501	1.01146932840021	17
0.0517404807961199	0.37262608944565	7
-0.0522554395118799	1.8423250735778	54
-0.0304735497388	2.21618909902465	54
0.0555008757425799	1.93088118480043	237
0.11905334092475	1.42376432474522	26
0.00302122326099008	1.09288923440754	26
0.01112154248691	1.07600733788767	26
-0.0695271230712899	1.00282201222537	26
0.05058481294332	0.370665869141311	7
0.0517404807961199	0.37262608944565	7
-0.11056270520135	0.647339816642436	7
0.0559283056597499	0.373753725478209	7
0.0640098255230099	0.826899592619573	7
-0.05942525438971	2.12375929795199	237
0.0464565798457699	0.367115825422741	26
0.000510723239760091	1.09445229384364	26
0.11710408568379	0.903591916131122	120
-0.11287991638854	0.650232906130389	17
0.00566570333978	0.710240892849369	7
0.0510003870137901	0.373895521965936	7
-0.0234172685496301	1.31069023611678	50
0.11926284993219	1.62952088538452	603
-0.0549673212701201	1.66935696420614	26
0.08034117079299	1.37967795623931	26
-0.11171305128196	1.64073243855106	26
-0.02541299348645	1.30471887774572	26
0.0628736798144101	1.14622808811896	26
-0.10363241245562	1.25285113139247	26
-0.11704578615611	0.632496136094393	184
-0.11056270520135	0.647339816642436	94
0.0566714758582401	0.372477145095083	17
0.0513242049809799	0.369423653780211	7
0.02220235272636	1.49536365616662	26
0.00348962517597995	1.09414317749254	26
0.0640098255230099	0.826899592619573	26
-0.0673666888883999	1.00888342194656	17
-0.10984806483273	0.638431894143064	7
0.0124051360722599	1.55327906630002	237
-0.10348163577124	1.4960322424328	26
0.05552990285232	2.28728808056575	26
0.0307179938103801	1.3514409236635	26
0.06855408129844	0.828822505242769	26
0.00736644565506994	0.701878574588652	26
0.11280076063128	1.41790409773748	26
-0.10162989642767	1.48704629237278	26
0.0371544910894199	1.36217261225898	26
0.03817108208425	1.33039927459842	26
-0.10048342351699	1.77084867652697	26
0.11638901612337	0.91973005487122	94
0.0460359253859699	0.367281439441553	17
0.05626033366896	0.372376909213889	17
0.0521566473905599	0.369350353315111	17
-0.11004417746519	0.65090747212765	120
-0.10900766366641	0.651041157255618	924
0.0540209735528201	0.369405668635769	7
-0.10876301435295	0.640974220531588	7
-0.0589356112280199	1.87825494052833	50
-0.10968756813224	1.66446988002162	50
0.01119185097611	1.06896499083278	603
0.00489398374229011	1.08442726798073	603
-0.11808264348925	0.624547955671721	26
0.07172807679295	1.12146222237581	26
0.0593681890680999	0.364878931230691	275
0.0510003870137901	0.373895521965936	7
-0.10974649099216	0.642924202456963	237
0.11781111926166	0.919950343436352	67
-0.09406470228622	1.2485402230474	26
0.10713342575497	1.18703279931058	26
-0.0985703242168201	1.26726824908659	26
0.0510003870137901	0.373895521965936	26
-0.1126390131044	0.64188590016176	17
0.06952206791819	0.822684674310293	120
0.0460359253859699	0.367281439441553	267
0.00107507094191006	0.710628336269072	7
0.0995443462125101	1.54569545674042	67
0.04481465165312	1.56113260304255	26
0.12377489796658	1.5771779338264	26
-0.09503915705561	1.265640888649	94
-0.11004417746519	0.65090747212765	26
-0.00170290019566011	0.730251441872315	26
0.0638579217295101	1.1253089025387	54
-0.11803882438774	0.633770846117113	54
0.08161506410547	1.40411501762647	237
0.12003130355134	0.902313464695894	67
0.10030476321328	1.5015862355495	26
0.11318992677804	1.42654980573437	26
0.00533114004105006	1.09406498916774	26
0.0628147857835	0.799851259703191	26
-0.0378792821124101	1.49674262094672	26
0.06853908742951	0.817821940147765	26
0.0585409270733299	0.369152271339228	17
0.00311478673128995	0.712681702052026	17
0.0559283056597499	0.373753725478209	120
0.0585409270733299	0.369152271339228	267
0.0563386479650401	0.36925803488199	7
0.0514158522496	0.370593483939686	7
0.05584908499443	0.367899531876594	7
-0.10700836293971	0.639030448374542	275
-0.0567503320021701	1.68481940106772	54
-0.10069619378224	1.60971004876593	67
-0.09054106064069	1.2402925585111	67
-0.0266015861906299	1.30632034695112	26
-0.11315723468694	0.641850291161331	26
-0.1151957217647	0.642110766774561	550
0.05551785730188	0.373652093036025	7
0.0585409270733299	0.369152271339228	7
0.0674041720599501	0.8194355470246	237
-0.1126390131044	0.64188590016176	26
0.07001007423259	0.81483946774305	26
0.04719426560944	0.365912360409344	26
0.0585409270733299	0.369152271339228	120
0.05626033366896	0.372376909213889	120
0.05895461197529	0.36924919678315	7
-0.10172722382435	1.9885109668599	26
0.00311829782216	0.717689635727441	120
-0.09828335860618	1.25952559099965	120
-0.10952583032696	0.652055684574671	7
0.0559283056597499	0.373753725478209	7
0.0138326813630201	1.5336664174377	54
-0.0241365727851399	2.0574587109148	26
-0.00554452941521011	0.7207803717812	67
-0.11704578615611	0.632496136094393	67
0.0632406779552599	1.13107416207612	26
0.0633219475654701	1.15746548027471	26
0.12015609767575	0.906054376562309	94
0.07090853321934	0.813448259421699	17
0.07211901447798	0.814618741966556	120
0.00917476273916007	0.697269613183443	267
0.0588816962121701	1.13389398970146	50
0.04641237684774	2.05383947033584	237
-0.11391664005511	0.652897010004391	67
-0.06208195612681	1.00855709415779	26
-0.0141653966367401	1.2768748157351	94
-0.0692674443245001	1.00706658093044	26
0.0566714758582401	0.372477145095083	7
-0.02717467487129	1.4396575343902	26
-0.06322632432023	0.983645460272616	120
0.0735112539982701	0.781475764849616	267
-0.11078323088432	0.642806780208268	7
0.0559283056597499	0.373753725478209	7
-0.06322632432023	0.983645460272616	40
0.06017234231087	2.2168747938609	207
-0.0615227467085899	0.972142410353349	94
0.10943727188915	1.20899499737535	120
0.0559283056597499	0.373753725478209	267
0.07308640935684	0.801597557055107	7
-0.10199784286664	1.4917648936113	94
-0.00204836460921998	0.706730157439044	26
-0.11088308767753	0.640998005430542	19
0.00189887186778992	0.723967923930353	7
-0.10921023045329	1.48230451175103	54
0.12296853349047	0.880147810395005	120
-0.1126390131044	0.64188590016176	267
-0.11391664005511	0.652897010004391	7
0.0566714758582401	0.372477145095083	397
-0.10088372173044	1.43956502164759	54
-0.0136038178162201	1.88693004402026	67
0.0559850446640899	1.56121034260743	54
0.06902217624455	0.81871802721404	26
0.0559283056597499	0.373753725478209	26
0.05626033366896	0.372376909213889	67
-0.10797171616815	0.63913531722736	26
0.11251830793383	0.922499766702497	26
0.00181166499021002	0.726213690078563	1697
-0.11026477066253	0.643911114828403	120
0.00214452609048998	0.72563668068459	7
0.0721184153210701	0.807404144510302	40
-0.10922839175361	0.63955262015851	54
0.0566714758582401	0.372477145095083	54
-0.11236182729407	0.642370925235024	54
-0.10848967736398	0.647560878496966	26
0.11331783284737	0.887627332374101	26
-0.10910428573843	1.60289081906458	54
-0.00161389864315997	1.72571506078013	67
-0.0195443143859899	1.31194632856718	26
0.05895461197529	0.36924919678315	120
0.11106356905666	0.917560941590316	26
0.0510003870137901	0.373895521965936	26
0.10974789497254	0.922071254442113	26
0.000928711285409944	0.716635342544003	5
0.06903815061772	0.826860153451996	7
0.0467729017471701	0.366077591446022	7
-0.00603354869749007	0.721950235247382	50
-0.0316226396824	1.29806396466651	54
-0.06688444800992	1.0101481485555	67
0.03156794988237	1.35639402129347	26
0.0460027341156	2.06338888622015	335
-0.10108235052745	1.25903946207489	26
0.0396296864663701	1.33056950908051	26
-0.10876301435295	0.640974220531588	26
0.0665997755708601	0.802500890716652	26
0.00238609754518992	0.724887676043155	7
0.0513242049809799	0.369423653780211	67
-0.01990645330222	1.3205679696381	26
-0.0268620093585099	1.32031775182031	26
0.00590678545849999	0.719895515737977	335
-0.11312135073954	0.634583953086172	54
-0.06880244692661	0.99232299954953	67
-0.0404092142443899	1.52287067679458	94
-0.0012148031297099	0.730276116710018	7
0.0510003870137901	0.373895521965936	7
0.0566714758582401	0.372477145095083	50
0.0566714758582401	0.372477145095083	26
0.00336007897187995	0.721257880435206	19
0.00371771668721999	0.71017587088809	19
0.0559283056597499	0.373753725478209	7
0.0566714758582401	0.372477145095083	415
0.08369022748308	1.38191061271628	26
0.03630914287548	1.35109003049756	26
0.11673260785574	0.904138952642674	94
0.00837583301618006	1.07558705267198	26
-0.0627822101072899	0.992362944213247	26
0.0664569149040799	0.817399690571816	7
-0.10545591423797	0.635802917925558	379
0.11625826681914	0.90668047717628	7
-0.1152881450197	0.630120583718748	7
0.06783123751903	0.801492842536983	40
-0.10922839175361	0.63955262015851	415
0.06902217624455	0.81871802721404	54
0.0387971244235401	1.35455662486018	26
-0.06208195612681	1.00855709415779	26
0.06216087755583	0.818779197521325	26
0.00189887186778992	0.723967923930353	7
0.03720863417363	1.36032207296541	374
-0.11391664005511	0.652897010004391	54
0.0595716508366699	1.15578794302563	225
0.06903815061772	0.826860153451996	19
0.05812713430538	0.36476771851041	379
0.0551073028359801	0.369136963113605	40
0.05551785730188	0.373652093036025	40
0.11147438654412	0.905409686567932	50
0.11227258711816	1.41813095379518	54
0.11812334233987	1.16862877281628	225
-0.10952583032696	0.652055684574671	26
0.0390402811598301	1.35307635198626	26
-0.0268112911812399	1.3027697094076	94
0.0510003870137901	0.373895521965936	410
0.0574034732886399	0.810848707118902	26
0.05812713430538	0.36476771851041	26
-0.00194303576429999	0.731895644349349	379
0.00156760398892009	1.09255969319976	50
-0.0450290235464399	1.6928338277813	67
0.0259259357103101	1.85462724168019	26
0.0151554776435601	1.53572143463065	26
-0.0967991622133	1.42289066874309	26
-0.10797171616815	0.63913531722736	19
0.00405724986564993	1.09754526130651	2
0.06313852882298	1.88551106706002	67
-0.10537338182205	1.47473441589359	67
-0.02415593105598	1.30504390435685	225
-0.10952583032696	0.652055684574671	225
0.11797667353665	0.901709064039763	67
0.00330166479447991	1.0819145801086	94
-0.10876301435295	0.640974220531588	26
-0.06204173406355	0.994113631699655	26
0.11860985267617	0.910160183269774	374
-0.10891499784806	1.66287783942907	50
-0.10705956656738	1.49175596541633	67
-0.0692674443245001	1.00706658093044	26
0.0608254478432799	1.14858799905792	26
-0.06643229975745	1.00680300483928	26
-0.00603354869749007	0.721950235247382	40
0.05626033366896	0.372376909213889	826
0.11662980832485	1.62476376792451	2
0.10851159360592	0.917514500303821	374
0.05626033366896	0.372376909213889	67
0.10729311761252	1.20425245379149	26
0.05626033366896	0.372376909213889	26
-0.01990645330222	1.3205679696381	26
0.00551285250624001	1.08318646839201	26
0.0673277550742499	0.813848901708082	26
0.0728406131816199	0.813579461812741	26
0.000608192084819992	1.06692810913464	54
0.00312139600784001	1.09965432580282	54
0.11681701935276	1.38476145769606	54
-0.06143801919911	0.97177609398264	225
-0.000239080567769889	0.723512756531281	54
-0.1126390131044	0.64188590016176	67
-0.11005101757535	1.66692579395731	94
-0.1014976600949	1.47545148360493	26
-0.0045778949186599	0.708524077972297	26
-0.11004417746519	0.65090747212765	826
0.05895461197529	0.36924919678315	54
-0.01725948434672	1.2853063529251	54
0.0593813367932801	1.12384109726404	225
0.05551785730188	0.373652093036025	225
0.02716851335079	1.33729504713543	26
0.06240200849899	0.823562460542623	26
0.00400162187640007	0.701041003250536	19
-0.01300460714789	0.686856697663466	26
0.0670830071986901	0.805057098084835	26
-0.10597321584995	0.639142601476655	26
-0.11443527487002	0.650126517646143	19
0.05895461197529	0.36924919678315	159
0.0628872000990099	0.82017316263346	50
-0.09863283729335	1.24455576912206	26
-0.0219963986902501	1.28706642531384	26
0.11211630773207	1.20370226798811	26
0.07235782027358	0.816193795766761	26
-0.06186443839418	0.976367722757235	26
-0.00291949275093995	0.729717003933187	26
-0.00194303576429999	0.731895644349349	19
0.0517404807961199	0.37262608944565	19
0.0566714758582401	0.372477145095083	451
-0.00194303576429999	0.731895644349349	54
-0.00805853680080992	2.06621904174218	54
0.0323625479944301	1.35348435368806	225
-0.00315947682224005	0.721854253503835	26
0.11587093168435	0.89657290224301	26
0.00336007897187995	0.721257880435206	26
0.02017090521481	2.27561117012666	374
0.03099249678767	1.34327753475991	54
-0.08727667803259	1.22640596875064	54
0.05143832816161	1.93475580899554	67
0.06546247136585	0.827024841639638	26
-0.00481675073721011	0.719228950806445	26
0.05708251161802	0.368017737325914	266
0.05708251161802	0.368017737325914	428
0.05991085659997	1.57360942057962	67
0.00424456697669995	1.09178124792122	67
-0.0627822101072899	0.992362944213247	26
0.0517404807961199	0.37262608944565	26
0.05895461197529	0.36924919678315	428
0.00165740535646997	0.726503659588826	40
-0.0144586265771101	0.638833117614911	54
-0.11495409183466	0.642362557561303	67
-0.10716915861435	1.4601964283398	26
0.11379287609054	0.890128603325529	94
0.0559283056597499	0.373753725478209	19
-0.11026477066253	0.643911114828403	428
0.05812713430538	0.36476771851041	159
-0.11026477066253	0.643911114828403	26
0.0593681890680999	0.364878931230691	40
-0.00725062197371007	0.711188398034899	40
-0.00315947682224005	0.721854253503835	67
0.12015609767575	0.906054376562309	26
0.00311829782216	0.717689635727441	26
0.0566714758582401	0.372477145095083	416
0.1049115963859	2.47103614625502	54
0.11346968986784	1.63968297608285	67
-0.10489158728277	1.25373332755316	449
-0.10928129190726	0.639882552467423	403
0.00226619707424991	1.08854464289609	403
0.00141148942074998	0.721160012139252	266
-0.10797171616815	0.63913531722736	416
-0.0515297143348701	1.85194805936201	67
-0.11652763030559	0.630965912558757	67
0.06072565457039	1.14776252564771	26
-0.0331405135284599	1.48899572319207	26
0.0585409270733299	0.369152271339228	19
0.1138102744255	0.925674190725044	26
0.06902217624455	0.81871802721404	26
0.00424456697669995	1.09178124792122	26
-0.00170290019566011	0.730251441872315	26
-0.10624584211732	0.638315582111054	428
-0.00481675073721011	0.719228950806445	428
0.00189887186778992	0.723967923930353	428
0.00181166499021002	0.726213690078563	67
-0.00315947682224005	0.721854253503835	67
-0.1141755285139	1.45403871039386	26
-0.10217246242288	0.621433766690628	26
0.0593681890680999	0.364878931230691	26
-0.11236182729407	0.642370925235024	137
-0.11004417746519	0.65090747212765	19
0.10707211265171	1.19813277047064	54
-0.0531179442357099	1.85880035158924	26
-0.06640235763156	1.00914090415374	26
0.0692597905653301	0.813973621444936	26
0.05239089019758	1.555219427483	26
-0.10900766366641	0.651041157255618	1795
-0.11007469397941	2.11736866703958	54
-0.01027821764341	1.86429308784707	26
0.0683068655672601	1.73881331419497	54
0.11530639463101	1.187952145484	26
0.11892437443458	0.907606052563489	26
-0.1083795406481	2.45684426217048	67
-0.10286442063451	1.8308967483825	26
0.11879027052898	1.64707631372741	26
0.07023333013895	0.813166069445519	26
0.0559283056597499	0.373753725478209	26
0.0566714758582401	0.372477145095083	180
0.00265325748254996	1.09703967137899	1795
0.0036018039099599	0.711845006863494	40
0.0252478928562301	1.32092732782656	487
0.0687770087414299	0.816577287515092	54
-0.0998261324552501	1.26848457868144	54
-0.0633044081135501	1.01146932840021	26
0.11506092216747	0.912923283429845	26
0.0563386479650401	0.36925803488199	26
0.05708251161802	0.368017737325914	137
-0.06640235763156	1.00914090415374	1795
0.0348385116099901	2.42382886809706	54
0.02691953760718	2.25758915176928	54
0.0365370496383499	2.23429822532235	54
0.000526250695630059	2.05914605862722	54
-0.10482779604003	1.96618227173895	54
-0.05564611025647	2.00610805253861	54
0.09740088194254	1.58411390121342	26
0.0104723915557901	1.07555508240301	26
-0.07163337673742	0.988301332351289	26
-0.10900766366641	0.651041157255618	180
0.0559283056597499	0.373753725478209	180
0.12447847505143	1.61806734790593	26
0.0146101778377099	1.52613078480335	26
0.11984107413568	0.910765104546181	26
-0.10976053422768	2.01090538818271	26
-0.03823504886509	1.49531524855454	26
0.0654683603185999	1.15922130870996	26
0.07235782027358	0.816193795766761	26
0.06903815061772	0.826860153451996	26
0.11407607610127	0.900679666167669	180
-0.0279844165463199	2.05636679026672	487
0.12491591752203	1.83506042049312	54
0.12313294111445	0.889467008061376	54
0.11308796516228	0.90728954735482	54
-0.10846676946698	1.47385135342752	26
0.0585409270733299	0.369152271339228	26
-0.0201844986022699	1.30844063010249	26
-0.00468159478123997	0.690135554512214	137
0.06716523917467	0.811103197267034	137
0.0434490599089099	1.69614504705077	54
-0.0976136155207901	1.63272399917355	67
-0.0247361857858199	1.32651957884796	26
-0.11391664005511	0.652897010004391	26
0.00265325748254996	1.09703967137899	19
0.0541241080842301	1.5627456789336	26
0.00566083417070007	0.710948912058761	26
0.05551785730188	0.373652093036025	26
0.00165740535646997	0.726503659588826	19
0.0593681890680999	0.364878931230691	137
0.049684684164	1.66733528344861	26
-0.11614962986662	2.01036450644732	26
0.00151122252823011	1.07156800918978	26
-0.0986976477425601	1.25101005963089	26
-0.11367563814407	0.639204345447229	180
-0.01280002185102	2.00601758008346	50
0.0416176835737301	2.09187460056381	54
0.04343768237616	1.9270774865896	26
0.0559283056597499	0.373753725478209	137
0.11199205204531	1.63460503941308	50
0.07255027630122	1.77539874994764	26
0.12310985020004	1.79922927536429	26
0.0150634047804901	1.54519236062629	297
-0.00693917685250001	1.7128495660487	255
0.11678760138733	1.44180734388735	26
0.000928711285409944	0.716635342544003	137
0.11832088820301	1.42673150481035	26
-0.0222546127965599	1.32023088130136	26
-0.11391664005511	0.652897010004391	26
0.11299314623984	0.922572040347718	26
-0.10848967736398	0.647560878496966	180
0.05626033366896	0.372376909213889	567
0.0515975119888501	1.56132790300721	50
-0.0276920380597401	1.31013287924031	54
-0.11287991638854	0.650232906130389	26
0.0652230223111501	0.830313383595391	26
0.11072269152148	1.17693819472551	26
-0.10469408332805	0.635092968824101	889
-0.0627869526949401	0.988913941838901	19
0.0510003870137901	0.373895521965936	40
-0.11482987619521	2.35333653976547	13
0.06172453613536	1.16232804946865	26
-0.0357934510931499	1.51937900996533	26
0.00684118409464007	1.06572963550522	297
0.05908149345989	1.54701076139001	26
0.0607015672740101	0.822134241443663	26
0.06497840820253	0.828978461896241	137
0.11455098714736	0.903289983768675	137
-0.1126390131044	0.64188590016176	26
0.03530074345846	1.36980033134943	255
-0.11078323088432	0.642806780208268	19
0.0371863466667901	2.4595466427461	67
0.11595149438813	1.59580612103138	26
-0.0950010519684401	1.24180152791553	297
0.0517404807961199	0.37262608944565	26
0.06975038852878	0.813985293426061	19
0.08266382060204	1.36926118600343	50
-0.11287991638854	0.650232906130389	26
0.10578206160148	1.2009556588393	26
0.0093239695093601	1.077242362996	26
0.0571797917343699	1.14912614218887	255
0.0709780719239601	0.808926378254964	40
-0.11056270520135	0.647339816642436	26
0.0349294053232501	1.3686743051112	255
0.06831342553189	0.825203142763496	19
-0.07049300956704	1.00510178654319	137
0.11562992983473	0.924873741513036	176
-0.00481675073721011	0.719228950806445	19
0.0517404807961199	0.37262608944565	145
0.00205967718133993	0.712558882036711	50
0.0642847263438	1.14667488442676	54
-0.0021832291547399	0.719830006449507	50
0.11371553795885	1.20350611459375	297
0.00214452609048998	0.72563668068459	26
0.00117012791716009	0.725578683674891	180
0.00229939803932	0.724131342885286	50
0.06137097398271	1.57200968694416	26
-0.000726863285549939	0.728175394838403	26
0.00253905322368997	0.717175039666252	176
-0.10521115512179	0.63842680471341	176
-0.00107080643413005	0.706727757687813	180
0.0587830447527999	1.54936743961274	54
-0.09802529948931	1.79159987180826	13
0.09133573264242	2.35054523629346	54
-0.03182889043328	1.49414772264873	13
0.12030188885793	1.64438102611672	26
0.11455098714736	0.903289983768675	26
-0.10272684445656	1.24307021034314	26
0.0626717024357999	0.807285221334448	19
0.01014782465161	0.693915237145649	176
0.10525810591293	1.78323661473816	18
0.11546081112844	0.907591838721377	297
0.10766041016887	1.19941320356622	26
0.00263149021410003	0.722859024807088	26
-0.10824491858254	0.639995049038974	19
-0.11140087122202	0.638353033780433	19
-0.10974649099216	0.642924202456963	176
0.06240200849899	0.823562460542623	19
0.12369793570822	1.60750554512704	67
-0.0249082774021301	2.02986345156789	67
0.0664958040366299	2.11559061449448	26
0.11965083880847	0.905656658791687	67
0.10735645862698	1.20048398086409	18
-0.0692930386239301	2.15698974486247	18
-0.09097342932049	1.25361343954618	13
0.05708251161802	0.368017737325914	303
-0.10279945482347	1.48563228649245	26
0.01324092200724	1.0580213806163	26
0.06627893805027	1.13934949744594	19
0.0654675890737799	0.823440301643633	297
0.00555842030000009	0.70248198945544	297
0.0566714758582401	0.372477145095083	26
-0.000974621799360031	0.717903664342354	19
0.0125894928799399	2.05758300477395	20
0.0603684682861601	1.1509322785657	26
0.0559283056597499	0.373753725478209	26
0.0315403408847501	1.87364000127388	26
0.06902217624455	0.81871802721404	297
0.11546081112844	0.907591838721377	297
-0.11026477066253	0.643911114828403	19
-0.04879408700482	1.68811000315955	67
-0.03668667403141	1.50576003851171	26
0.0606184924868101	1.49210498152584	1439
0.06797654237814	1.13815633721631	717
0.11223374058275	0.919129473254809	67
0.0521566473905599	0.369350353315111	19
0.0563386479650401	0.36925803488199	19
0.05058481294332	0.370665869141311	838
0.05257620215168	2.00732909692417	145
0.07211901447798	0.814618741966556	1439
-0.11467685585709	0.64478437579173	67
0.03794911653989	1.35616479437945	13
0.05551785730188	0.373652093036025	19
0.0435918591326001	1.32291761195893	176
0.0514158522496	0.370593483939686	19
0.0666752217647599	0.824219400433776	348
0.0638615487676899	0.804819012145514	67
0.00673472585683999	1.09794552239929	18
0.00263149021410003	0.722859024807088	303
0.0338539589967899	1.34920228974581	26
-0.10952583032696	0.652055684574671	297
0.0566714758582401	0.372477145095083	13
-0.11287991638854	0.650232906130389	297
0.0559283056597499	0.373753725478209	19
-0.0654013130115201	1.00582470476594	719
0.0559283056597499	0.373753725478209	176
-0.0604742933337801	0.976258657050175	67
-0.0651789841903501	1.00760110404091	13
0.0563386479650401	0.36925803488199	19
0.0585409270733299	0.369152271339228	176
-0.0930680754478701	1.24101432866328	717
-0.0962360056026199	1.26459670609544	26
0.05551785730188	0.373652093036025	26
0.0460359253859699	0.367281439441553	19
0.09496140163612	1.87723094259586	18
-0.05945101306037	2.02056154037242	18
0.05672278894053	1.55138673661185	13
-0.00494705849669996	1.07396515438111	19
0.0716306827590401	0.806430423334458	176
-0.0241132227669201	1.27328975435385	19
0.0585409270733299	0.369152271339228	13
0.11170067877717	1.18795928182981	13
0.0510003870137901	0.373895521965936	26
0.0177394875867101	1.50467197038669	13
0.0623601211655001	1.77150841173833	13
0.0152270085186901	1.55083138567212	13
0.08733837517814	1.34255627009385	13
0.0408866094206399	1.34554259069434	13
0.12180392886119	1.37851757276623	26
0.00348962517597995	1.09414317749254	19
-0.0721170597671701	0.989549237155807	19
0.12129108403467	0.886686574052722	54
-0.10954062136824	2.4812181964789	26
-0.02171982489605	1.28396278089861	26
-0.10900766366641	0.651041157255618	145
-0.1151957217647	0.642110766774561	54
0.09052471765792	1.57203833598056	18
0.11398209173347	1.20306062040308	26
-0.0946714703012499	1.24552371411037	26
0.0816260710291501	2.1504077335567	13
-0.0424554142640501	1.49107194954221	13
0.0713915175039801	0.800596190923182	26
-0.11640592074135	1.83178874190366	26
0.11447264975871	0.906204497372572	26
0.0126503014989601	1.55164481024405	19
0.0650051179834601	1.7848894497274	13
-0.00177389020520002	1.71704756775146	26
-0.0101268260526499	0.706118429536167	13
0.11255041409829	1.20984824666768	458
0.000596318563129916	0.719081666373102	19
0.05058481294332	0.370665869141311	145
0.0597572981961001	1.14800960354231	73
0.0391906847493899	2.06479343614301	13
-0.10943408336743	2.26556678049167	13
0.11377708233447	1.20917504911137	19
-0.11287991638854	0.650232906130389	19
0.0688020737489801	0.801531042902879	26
0.11457434611207	1.20385578794213	26
0.10373355655641	1.78925428420634	13
0.11615662090854	0.907669072204984	13
0.00566570333978	0.710240892849369	54
-0.00154747341982997	0.696041556486625	73
0.11597484440232	0.900870210094291	19
0.12219721428569	1.63389503695508	26
0.08371917218959	1.38435883626861	19
-0.11287991638854	0.650232906130389	19
0.0112698617348701	1.04568833966257	19
0.0330863410467599	1.36814401580102	719
0.05626033366896	0.372376909213889	13
-0.0411124021690501	1.47833082243069	19
-0.00243118558316002	0.731869884016985	145
0.06627893805027	1.13934949744594	20
0.05626033366896	0.372376909213889	19
0.0559283056597499	0.373753725478209	145
-0.00243118558316002	0.731869884016985	26
-0.0187837829558899	1.29946307963932	26
-0.0700675147038601	2.05187690604106	245
0.01918535338357	2.41523635474778	73
-0.0661429156506601	1.01199500966545	54
-0.0608596921286599	0.989366819295173	73
-0.0016776204906801	0.676890665419358	719
-0.000726863285549939	0.728175394838403	13
0.11346783855556	0.920695499046444	13
-0.0978539776954499	1.43417255071906	719
-0.0223908158521899	1.31986799014199	26
-0.0625606602690001	0.967533936178246	245
-0.0937851919194199	1.27325551243844	19
0.00489398374229011	1.08442726798073	19
0.0129558632419899	1.05997999270199	13
0.12104958863733	1.64340564765592	245
0.12342869744476	1.84116018251438	245
-0.0394312804372601	1.48820902375632	245
0.02620734990441	1.86520187163374	73
0.0107250912930199	1.07443037386023	73
0.11530639463101	1.187952145484	73
0.0167707466174201	2.05489066777448	13
0.00141148942074998	0.721160012139252	73
0.00263149021410003	0.722859024807088	719
0.00769720991393008	1.06454295055587	13
0.1169233534884	0.889945771593465	26
0.00238609754518992	0.724887676043155	26
-0.11064210290307	0.637645998778739	26
0.02941122889906	1.72536607110521	26
0.0061902887568599	1.07538373692368	245
0.1135058079334	1.44315949290708	245
-0.05834496558403	1.85485346596862	245
-0.10597321584995	0.639142601476655	458
-0.00173378993915008	1.07308453776781	143
0.11845059671403	0.905656151386447	13
0.06831342553189	0.825203142763496	13
0.05540939450924	1.53750618823251	245
0.00518067631829	1.08767972475676	20
0.00369740267178997	1.0876104041139	13
0.12233193870857	2.04178572862414	245
0.12359345334807	2.33505396446723	13
0.1188100920883	0.887885853598356	13
-0.03672085434408	1.47415112784357	458
0.0559283056597499	0.373753725478209	13
0.0728406131816199	0.813579461812741	222
-0.0984427180244101	1.26523726799603	303
0.00165740535646997	0.726503659588826	146
-0.0220994534222001	1.25474451334131	73
-0.01398114843258	1.89143287404082	26
-0.0637446700640101	0.994143881819631	458
0.11346783855556	0.920695499046444	19
0.00822935002968994	1.04191277516259	73
0.0119545679292401	1.53317362599333	458
0.00493289650835993	0.719844288467355	146
-0.0967049063522301	1.26361799987129	67
0.11570034493887	1.42673298848981	13
-0.07483205753046	0.97753166186113	13
0.03369086589934	1.32833438155025	303
-0.01925642936633	1.27906916524964	865
-0.0012148031297099	0.730276116710018	245
-0.01952441828565	1.29646649955364	146
-0.09859515139514	1.44225978395422	73
-0.11415817213156	0.64482212626175	13
0.09451116012382	1.58483279671752	26
-0.0264443143844	1.31295525974454	67
0.01054461386338	1.0765676492139	19
0.0510003870137901	0.373895521965936	146
-0.0927361688834101	1.26691999220044	245
-0.02781004775931	1.89039272010438	245
0.11234378057805	1.42142092733462	19
-0.11391664005511	0.652897010004391	19
0.0566714758582401	0.372477145095083	332
-0.07335164362048	0.974321108913246	245
0.11917685210015	0.90300084347802	19
-0.02554148470796	1.32929418127418	292
0.000682693677219959	0.722756867589109	26
0.00647561532834007	1.07102241768851	303
0.00238609754518992	0.724887676043155	245
0.114424520177	1.42277434622949	13
-0.0949185162634201	1.22554729280214	245
0.11409632552945	0.921548141912504	316
0.06853908742951	0.817821940147765	292
0.00566083417070007	0.710948912058761	13
-0.10258792370464	1.22890894078725	26
0.00302122326099008	1.09288923440754	245
0.11175876796233	0.919061209277695	19
-0.0926793239305099	1.21498456139902	19
0.01410222860709	1.5297832613936	245
0.11917529415457	1.64894784709108	245
0.0521566473905599	0.369350353315111	146
0.06806985987146	0.828777363162573	67
0.0301433893482901	1.3550409993889	67
0.11189300200285	1.21382169557846	26
-0.11780120476465	0.643070941241325	303
0.11936724493486	0.911571524007782	245
0.0522384652944701	1.91993107246402	316
0.11152421217158	1.20955300975179	719
0.0867588746252901	1.38062596484256	245
-0.10572840801144	0.639404357017298	316
-0.00935463991742003	1.86377559717513	316
0.10794891611813	0.90805949136246	19
0.0709072947730101	0.800574915553557	67
0.00665839135888002	1.07551789246978	19
-0.0690266489423801	0.976999640893613	719
-0.00603354869749007	0.721950235247382	719
-0.0211969173000299	1.28725259898786	67
0.01018709030795	1.0817705222696	26
0.06572822170438	0.818868611699371	719
0.00190289938757005	0.71310524779781	19
0.0855593110197399	2.47993280836002	644
-0.0957920298761701	1.22217741715263	37
-0.1040699957082	1.4720973933492	37
0.01604651138323	0.997972121692782	317
0.11575267258354	1.62138205428168	67
0.0591240841059599	1.15561425089527	13
-0.0987451324200099	1.25439138113573	37
0.06080987646225	1.77157690351825	37
-0.00379135505527994	2.08335078300045	644
0.10408965445035	1.68796055891718	719
-0.1059947471385	1.47548120177138	719
0.0709072947730101	0.800574915553557	18
0.06967431801189	1.13687932776424	18
-0.11012455176888	0.640285757404434	37
0.12121800424243	1.39967001159446	317
0.00590678545849999	0.719895515737977	67
-0.11004417746519	0.65090747212765	13
0.0794085042291599	2.38187483795327	245
0.11479723347125	0.896612380133802	19
0.11352440102513	0.920951823556348	719
-0.0651789841903501	1.00760110404091	18
0.06570724085819	0.830358221072937	67
-0.10900766366641	0.651041157255618	13
-0.11391664005511	0.652897010004391	13
0.05551785730188	0.373652093036025	37
-0.11315723468694	0.641850291161331	13
-0.02144181396325	1.23235163601793	644
0.00156322226465	0.715111517897754	303
-0.0647554436031701	0.954971884387095	303
-0.09183625738782	1.21036937856343	599
0.00161516925684002	1.07484429589944	37
0.00287316654827996	0.724023727665926	37
0.1156921285614	1.41909580187388	303
0.11346783855556	0.920695499046444	37
-0.0987573281101499	1.27130470915745	19
0.06143116685874	0.823492508955281	303
-0.11056270520135	0.647339816642436	37
0.01380848183209	2.06641109067034	37
0.1134095429801	1.20625389458267	13
0.05551785730188	0.373652093036025	303
-0.04095367236292	1.51491432746937	37
-0.0677470133032101	2.3113653406466	13
-0.10612281508038	2.44766792267062	1494
0.09183374688044	1.60360982009435	1494
-0.0671074489990899	1.00708613670298	19
0.11022292530282	0.921081773212881	37
0.11917685210015	0.90300084347802	37
0.11903617900708	1.17594692363024	19
0.00323032831660997	0.705207543830309	13
0.11936724493486	0.911571524007782	37
-0.000726863285549939	0.728175394838403	13
-0.06378639892813	1.01019074076644	37
-0.10681406768083	1.6754566499987	19
-0.11160508345618	1.66710355914975	67
0.0514158522496	0.370593483939686	125
-0.0174025428908899	1.30610658145016	1494
0.000195102541939995	0.717575257072241	13
0.0718748760360399	0.817020142058628	37
0.06570724085819	0.830358221072937	37
0.0985000060441501	1.79963276096528	13
0.11408115508366	1.18345575149998	13
-0.10736500363711	1.46717042819365	13
-0.06369590792126	0.983250627629267	13
0.06497840820253	0.828978461896241	18
0.00189887186778992	0.723967923930353	13
0.03907490345111	1.74807057079405	1148
-0.00684271039538009	1.85649934483866	18
-0.06688444800992	1.0101481485555	320
-0.10900766366641	0.651041157255618	37
-0.00194303576429999	0.731895644349349	37
-0.11415817213156	0.64482212626175	19
0.00165740535646997	0.726503659588826	67
-0.000414060584779996	1.09036434676946	320
0.11733723043391	0.921835266790257	320
-0.0695636063118401	0.955860082763282	18
-0.0142226746038501	0.686675431770539	18
-0.0690077430809599	1.00090054853653	18
-0.000967207791340075	0.725103246226636	18
-0.0690077430809599	1.00090054853653	455
0.06829407561046	0.817401270989705	13
0.05895461197529	0.36924919678315	125
-0.11415817213156	0.64482212626175	320
0.05551785730188	0.373652093036025	13
0.05551785730188	0.373652093036025	13
0.11280304939425	0.918490514240851	719
0.00190289938757005	0.71310524779781	67
0.000928711285409944	0.716635342544003	67
0.05551785730188	0.373652093036025	67
-0.0609560810971601	0.975106379967328	13
-0.000726863285549939	0.728175394838403	320
-0.07049300956704	1.00510178654319	1053
0.0559283056597499	0.373753725478209	13
0.05895461197529	0.36924919678315	13
-0.09803172118406	1.45201540324681	37
0.05459277589916	1.55810381766066	227
-0.10848967736398	0.647560878496966	13
0.0464565798457699	0.367115825422741	13
0.00336007897187995	0.721257880435206	67
-0.00219115457886998	0.728109360126178	13
-0.00627231814242002	0.711189301246642	67
-0.11339818726857	0.65294216962778	469
0.0559283056597499	0.373753725478209	67
-0.11415817213156	0.64482212626175	125
0.06215759371122	0.818828421020037	13
0.0510003870137901	0.373895521965936	1053
0.0514158522496	0.370593483939686	1053
0.11145857912875	0.91593572595984	227
-0.00505566793345991	0.716939276102273	18
-0.10530219618579	1.47506877693837	67
0.0183632433674901	1.5351561461068	1124
0.03320351147112	1.74413412751277	315
0.000682693677219959	0.722756867589109	411
-0.0210635329314	1.30793335152239	411
0.0661913073131	0.828395459799237	1053
0.11457053920334	0.92055485379534	37
-0.0406480777059901	1.51007844918976	37
0.00406414740456995	1.68873755522746	13
0.11549066299508	1.19315826337764	18
-0.09194380335021	1.26923262970492	67
0.06874467812093	1.77611393297799	13
-0.0992367908023699	1.26002480336148	598
0.0891836854874899	1.3717132249237	37
0.01304520302206	1.51675671934046	118
-0.00194303576429999	0.731895644349349	67
-0.10320545491158	0.621352227826156	1759
-0.10974649099216	0.642924202456963	67
-0.1134986196661	0.629429932857128	13
0.07308640935684	0.801597557055107	18
-0.11907625110112	0.633771095196054	455
0.0566714758582401	0.372477145095083	411
-0.00194303576429999	0.731895644349349	13
-0.10952583032696	0.652055684574671	1053
0.0566714758582401	0.372477145095083	37
0.11305005814565	0.924180304686014	19
0.0692820262284499	0.827287573808564	315
0.05413066295277	1.53977576172826	315
0.01302026545338	1.51929147092392	125
-0.00219115457886998	0.728109360126178	411
0.00336007897187995	0.721257880435206	118
0.00302673305076007	0.715149949264579	22
-0.10797171616815	0.63913531722736	455
0.0510003870137901	0.373895521965936	455
-0.10922839175361	0.63955262015851	1124
0.00190289938757005	0.71310524779781	13
0.0585409270733299	0.369152271339228	411
0.0566714758582401	0.372477145095083	13
0.05551785730188	0.373652093036025	598
0.0559283056597499	0.373753725478209	19
-0.0634855049913201	0.993777351055844	118
-0.11339818726857	0.65294216962778	67
0.0580068567729899	1.52265584093832	125
0.11908381509888	0.90935638322287	125
0.12379617405027	1.59293512870142	125
-0.0012148031297099	0.730276116710018	13
-0.10824491858254	0.639995049038974	598
0.0559283056597499	0.373753725478209	973
-0.11363967046608	0.642196089442822	18
0.07976931315328	2.00315230207551	455
-0.05990355958631	0.991170145809261	13
-0.10649069871037	0.64012161350823	13
0.0563386479650401	0.36925803488199	13
-0.10572840801144	0.639404357017298	13
-0.00603354869749007	0.721950235247382	13
-0.11415817213156	0.64482212626175	90
0.05708251161802	0.368017737325914	118
0.0820343792178999	1.36429594577065	22
0.11708724537819	1.19500028898481	22
-0.0903828582974799	1.2487459828963	22
-0.0965675905151999	1.26765158352065	22
0.00990195929142001	1.07807443103675	67
-0.0623012049535101	0.98834233764618	125
0.00665839135888002	1.07551789246978	13
-0.10700836293971	0.639030448374542	118
0.07260211396598	0.815510367964709	1179
0.00424456697669995	1.09178124792122	67
0.07308506203177	0.814686043063073	13
0.07260211396598	0.815510367964709	90
0.06332098097794	1.14330741599197	90
0.06825047516079	1.13510681598832	90
0.0616724043753301	0.822200954226737	1179
0.1134095429801	1.20625389458267	22
0.10643230675636	1.19766175707496	13
-0.01439508777925	1.84069625632725	118
0.0566714758582401	0.372477145095083	13
-0.0318826509142001	1.48990274198806	13
-0.0580642154932101	1.85367957697871	90
-0.00530571625265996	0.720394555090214	118
0.08432333373642	2.46830236840464	125
0.0797570797589899	1.39802332674614	118
0.11977707134189	1.13472823166927	118
0.09308653429334	1.8175641523357	90
0.10815346271461	1.20252917085333	90
-0.0608663366175299	0.980246101479293	118
-0.01440590970117	1.90113940901359	13
0.09138623747616	1.58813818336263	13
0.12108329946756	1.64116415245801	67
0.0670827583859701	1.14359361204651	67
0.0413501016753099	1.73498653463163	125
0.07235782027358	0.816193795766761	118
0.0624940124739799	2.09661045401588	118
0.05058481294332	0.370665869141311	125
0.0604595639063701	1.14513232332381	118
0.0796217804694901	1.37338721096353	13
0.02513134635194	1.48318457049925	67
-0.00432187991938005	2.39132859303424	67
0.0566714758582401	0.372477145095083	13
-0.10717517365827	1.64671616943312	13
0.11424207306039	1.633736167445	118
-0.0251760700592201	1.32624475137777	118
-0.07046675412959	2.33395658027291	90
0.11140327939054	1.20793036611643	118
0.05551785730188	0.373652093036025	13
0.0764437930975701	1.40345046395018	315
0.1201917332611	1.41961618957446	118
0.07923980602852	1.38771096718667	13
0.1210395754138	2.33631483603464	90
0.0568086977009099	1.58049218086172	125
0.09389054332597	1.8173961329008	118
0.0199967629747	1.51247570834244	118
0.0358652546574101	1.33640241077867	118
-0.04706324485491	1.6967933768732	125
0.06086732013182	1.56881781104635	118
-0.0348900608874301	1.50457344427665	125
0.00673472585683999	1.09794552239929	118
0.0569701300057801	2.13502490586715	13
-0.1125876182584	2.19830727623273	118
-0.10583917588331	2.00706317694162	90
-0.03233639145208	2.22626442003565	90
0.0392209597473301	1.35053835983035	118
0.0544397113513599	0.36619467838097	13
0.02490984090266	2.23381157812741	13
-0.10772700447514	0.6366543968885	13
0.01978876587057	2.25787258568356	90
0.0561864001812999	0.79734209064043	13
0.00263149021410003	0.722859024807088	13
-0.11026477066253	0.643911114828403	13
-0.0616003161051799	1.00517701819248	13
-0.06404500624216	0.998362100771369	118
0.11229576313282	1.18623273166329	263
0.10963957578319	0.917349586462388	354
0.0604595639063701	1.14513232332381	13
0.10871120375868	0.906177629035569	263
-0.0200250607631101	1.29881664292681	118
-0.0666562083708799	1.00217114161649	13
0.06091652369336	2.46581872451714	13
0.0687978019804501	0.827243458218766	90
0.03210668992337	1.33181387690939	354
-0.10871047282695	0.631395173527026	13
0.0228452077878001	1.91507076995777	90
0.06137097398271	1.57200968694416	13
0.11557785057496	2.39410640959211	13
0.0903026195194501	1.58944267202785	118
0.08321557870162	1.3974199881338	118
0.05551785730188	0.373652093036025	405
-0.00414927232149998	2.30433267693805	13
0.03441981207879	2.42302160796664	118
-0.11339818726857	0.65294216962778	405
0.11238678319	0.922123701797949	13
0.03736813379811	1.35415420721827	90
0.10025805731964	2.49728826390708	405
0.05708251161802	0.368017737325914	405
0.00127949113084003	1.09264633931488	13
-0.0975211241190801	1.24852628345885	13
-0.0605993115807599	0.973828474160177	13
-0.01295822286088	1.87725175140045	118
0.0270846778662699	1.35075641506846	118
-0.0374585106316501	1.49813764377074	209
-0.07670043509257	0.977307184299094	13
-0.10921372604208	2.17006333011356	405
-0.10825188809651	1.82500170397654	118
0.0711034363343199	1.7763127947941	13
0.06409073433821	1.53439174322888	59
0.06975038852878	0.813985293426061	118
-0.00213400142558995	1.08022889965117	13
0.10258802047963	1.17440951709637	118
-0.10876301435295	0.640974220531588	13
0.08313028673711	1.35101298774288	90
0.06475768818148	0.823319587654248	13
0.0678846247593501	1.12641500067812	13
0.0344284385804501	1.74509792333047	118
0.0274567281729201	1.35419138403157	13
0.0566901389243599	1.89338161163269	13
0.0678262402024601	0.818707504973893	13
0.00512492174754997	2.20839641316616	405
0.0637654756566599	0.817070592473775	13
0.11580091963085	1.18979927571237	13
0.00205967718133993	0.712558882036711	405
0.0521566473905599	0.369350353315111	405
0.000596318563129916	0.719081666373102	13
-0.0934712293995901	1.22484661344918	13
0.0659463825300499	0.822869757934254	59
-0.000475272617530109	1.7213418894	90
0.0691427227530901	1.13949166889229	118
-0.10469408332805	0.635092968824101	13
0.06546247136585	0.827024841639638	13
-0.0971878698669	1.25582257016871	59
-0.11339818726857	0.65294216962778	13
0.03606391165681	1.71014262371411	59
-0.06450984784102	2.42095758373691	118
-0.11339818726857	0.65294216962778	118
-0.01750304885507	1.26458225708009	118
-0.01136519582319	1.89444748064285	13
-0.0582059707535501	1.69003015421017	195
-0.04641385130266	1.50276734938723	59
0.11460592231202	1.42207278254014	118
0.0692820262284499	0.827287573808564	118
-0.11158196726454	2.01933791801569	13
-0.0323388307204899	2.21823408155521	195
0.11188116937797	1.42451555701188	13
-0.10694645725529	1.78726065035579	195
0.09032335855919	2.42391864210977	118
0.11270856713432	0.91726971737164	118
0.10715135901471	1.78292560121306	118
0.05551785730188	0.373652093036025	59
-0.10242943960216	1.4690861911578	13
0.00387730677388998	1.10162257937044	59
-0.10683953075481	1.85988766336196	118
0.00795623187521	1.09665504570734	118
-0.10291047501045	1.44978703666356	118
-0.00203596685393004	0.704871860503057	59
0.05867638961947	1.15320702343032	118
0.05551785730188	0.373652093036025	59
0.0718748760360399	0.817020142058628	118
0.10576064469179	0.911749941850929	118
0.0110115171404399	1.07564996636746	118
-0.0610799693911499	0.98357412673374	59
-0.09577486846162	1.26484597791021	118
0.0000434569792000517	2.17501817880115	118
-0.1063619174327	1.46735855026275	59
-0.10521115512179	0.63842680471341	59
-0.0386101442519999	1.50074475628449	118
0.0574034732886399	0.810848707118902	333
-0.10700836293971	0.639030448374542	118
-0.09537784233533	1.23093369740568	333
0.09743368484434	1.58932342057271	59
0.0692597905653301	0.813973621444936	59
0.11625826681914	0.90668047717628	261
-0.09194380335021	1.26923262970492	62
0.11697583090268	1.64096034520959	118
0.00963879535717993	1.538888040037	118
0.05626033366896	0.372376909213889	157
-0.10974649099216	0.642924202456963	189
-0.10848967736398	0.647560878496966	59
0.0460359253859699	0.367281439441553	59
0.05551785730188	0.373652093036025	15
0.05584908499443	0.367899531876594	261
0.05551785730188	0.373652093036025	261
0.0540209735528201	0.369405668635769	118
0.0467729017471701	0.366077591446022	118
-0.0950678055090199	1.2648179088288	261
-0.0404734052256299	1.48085530765033	118
0.11346783855556	0.920695499046444	189
0.06163367653147	1.12514854953977	59
0.11574595617819	0.89488795047263	118
0.05338376169267	1.56680897468756	261
-0.0911735692343301	1.23077535198025	261
-0.0973602215795399	1.26241667391396	261
0.08053535610193	2.4845917159073	118
0.05133217418577	1.54806451843616	62
0.0573906029678799	2.256078578043	62
0.06118706225933	0.823256624872496	191
0.10699864546008	0.915190686758342	191
0.0687770087414299	0.816577287515092	191
0.00442600533953996	1.09002719402112	59
-0.0261607153339301	1.31019332371732	15
-0.10588495711839	1.4930126645593	189
0.0626426303571299	0.812565754067588	62
-0.00364783667898005	0.719786075813613	261
-0.00481675073721011	0.719228950806445	62
0.0563386479650401	0.36925803488199	62
-0.11467685585709	0.64478437579173	189
0.00384683491084004	0.716111160317864	189
0.00302673305076007	0.715149949264579	118
0.0728463522473299	0.802572991169315	304
0.0370489692660301	1.32634643966668	189
-0.0661799415573201	0.984794103459619	191
0.11860985267617	0.910160183269774	189
-0.0939373107993899	1.18889255390027	189
0.00580680573077008	0.696631688693145	62
0.0323230263004699	2.25145019273037	191
0.0600586726822601	1.76111040864719	189
0.11839580970291	1.42259472899342	62
0.0382993792850299	2.1127295777759	189
0.11795498693802	1.6294189280302	62
0.01799827165607	1.53746239338535	352
0.0851722126802801	1.38385582320643	189
0.0369965189085699	1.35197078793878	363
0.11836772256261	1.84764541742952	539
0.11991277119345	2.03920360452938	189
0.10496772529928	1.97221678393315	189
-0.11793763336623	2.20487138032973	363
0.12494886673908	1.38460776535402	189
0.11447264975871	0.906204497372572	62
0.0559283056597499	0.373753725478209	1210
0.0566714758582401	0.372477145095083	1210
0.00238609754518992	0.724887676043155	189
0.12302864403732	0.421079378140377	189
-0.11078323088432	0.642806780208268	189
-0.00627231814242002	0.711189301246642	189
0.0593681890680999	0.364878931230691	189
-0.10933082529075	0.630893854198391	363
-0.11004417746519	0.65090747212765	363
0.0563386479650401	0.36925803488199	62
0.0593681890680999	0.364878931230691	539
0.12225471250108	1.83379509473579	189
0.07454894169341	1.97529528551101	189
-0.0956453629459599	1.26075342210051	62
-0.0376099317435501	1.26329493273073	189
-0.0625606602690001	0.967533936178246	189
0.05415486569134	0.266329394671246	189
0.06903815061772	0.826860153451996	62
0.0762880713801	1.07813070829775	539
0.1108203664882	1.20663580077793	189
0.0507178268416	1.93365641409732	62
0.06071575777103	1.56551289107737	62
-0.02829570221543	1.31733421795774	62
0.0684631093545101	1.75864519457486	62
-0.0252586089017399	1.28915174168422	62
-0.0182051111289501	1.30392999335682	62
0.07142985726007	2.08248766758273	62
0.06276611751232	1.88658583342075	62
0.10326437396905	1.75750304607563	62
-0.0133258024427501	2.40258432248289	62
0.0657868785437801	1.76164425898025	346
