x	y
0.454155087103776	0.247190633580787
0.55809869645159	0.370655335039219
0.816803606009148	0.771452265225327
0.349336742158086	0.243826566333838
0.69861495346299	0.511416182563212
0.603371815543304	0.482841219239847
0.564904288423747	0.373614598517431
1.01210411266533	0.716043399365195
1.01611914078986	0.72497747700903
1.88549052317024	2.04296589657688
1.05275025690005	0.991658347000395
0.338582129737909	0.234504440299763
-0.328576877213977	0.170653172123191
0.30287971965147	0.248396035896993
0.216354056125619	0.136628139796298
-0.134579221206372	0.0869119311098056
1.15448185091768	0.903502074006619
0.642856627020132	0.499027529296019
0.754268213387422	0.62501538456997
1.67600069207579	1.22990265969531
-0.0954496207080246	0.0493476967626175
0.385456124589238	0.24278600756532
-0.144812366435382	0.063215015862888
0.222193379154057	0.133316871671737
0.614054513946149	0.372331403247376
0.905495637674507	0.689645706434088
0.75789639139995	0.633366566504475
0.307488633753437	0.132223570450999
0.22515654691603	0.13459884516258
0.982672034951908	0.475746137796327
0.383921367082148	0.23929639771519
-0.736123847813598	0.44489245466609
0.231608870525836	0.128723442700136
-0.47595963622936	0.208533243202056
0.56312868946893	0.370145028301927
0.566921247439511	0.368504723272413
-1.43992576050254	1.44340963426272
-0.364681953326922	0.234852037541926
0.484226902722184	0.359889016195793
0.30455655459272	0.132705861338259
-0.459753635384707	0.372413694973598
0.643465712008154	0.499321661844976
-1.12936968259526	1.16465092323414
1.44050656100115	1.14206039997307
0.0618015285061207	0.0208222215561855
0.359957653370611	0.143003574782544
-1.24697326694924	0.715149949264579
0.0610498124644727	0.0205565433031726
0.379699968750138	0.236749883201989
-1.5738900674974	0.826252331980016
0.981930721740399	0.473695788471337
-2.86298452557576	1.93967829814127
0.364182350441037	0.145210874294561
1.75357579179299	0.683127350616262
0.739055606247087	0.301329759029399
0.765029423429006	0.518391528415866
1.39515102136504	0.462154680029554
0.128673740257697	0.0256349097748181
-0.671196215922431	0.168215347884981
0.595602538872684	0.186980939514248
0.437841283484758	0.154905994038644
-3.10870352496949	0.995558212641491
0.90432485141442	0.243833856642287
0.90432485141442	0.243833856642287
0.128414758145476	0.0255806337629011
1.24608397117873	0.54906692085995
1.48740838540415	0.732892599662967
0.128673740257697	0.0256349097748181
3.23945113269712	1.12371888887962
0.104745096605834	0.0262208241130565
3.2362348724944	1.12536520581718
1.39816720616883	0.461710152714052
-1.80076792480235	0.442524207311945
0.733234878998137	0.304862540838296
0.957711481530485	0.359583431053858
-0.672293539799	0.170698973183562
3.60228608245655	1.40215066044558
0.128673740257697	0.0256349097748181
1.95505318678058	0.508107179378978
0.903573207610929	0.241123987931757
0.596564868466581	0.187568213950597
0.597917455196131	0.185572909581935
0.105476739669527	0.0260670270890703
0.443074416268949	0.15497121112638
0.436745807623117	0.151172047973972
0.104426122061374	0.0262022938178345
1.75077890173362	0.667318832860571
0.960814142999821	0.364879865853423
1.24555182980179	0.540655556925937
0.0816184755250244	0.0240625746935405
0.130616046864367	0.0257699103849597
1.95505318678058	0.508107179378978
-1.10950466046873	0.460788351449575
-0.416320129144744	0.123600538665229
-1.10926575563756	0.468108601552664
1.24979155206649	0.549502354194424
-0.6718798419346	0.168198236464061
-0.305267328343608	0.10462358397356
0.127645812237754	0.0255315531572439
0.7322622198028	0.303517158698132
0.905420857145439	0.241046379590989
0.903916047846584	0.241441538672976
1.95421522980149	0.509451950210503
0.596083778526746	0.189504459039619
1.75381137045801	0.683343045987637
3.60402704147137	1.40789115093518
0.907567401270687	0.241961599654766
0.740442675488468	0.308066811721016
0.90432485141442	0.243833856642287
-0.672293539799	0.170698973183562
0.960814142999821	0.364879865853423
0.596795994811372	0.189461070823454
1.39135951331765	0.456239956168441
0.958230792858787	0.364851200007285
0.90432485141442	0.243833856642287
3.60402704147137	1.40789115093518
0.738877932456133	0.306754140926722
1.75357579179299	0.683127350616262
1.39858550858594	0.462461997963843
3.24268868345033	1.0939906013963
0.127645812237754	0.0255315531572439
0.127645812237754	0.0255315531572439
0.596083778526746	0.189504459039619
0.127645812237754	0.0255315531572439
-0.669392713139976	0.168657892383478
1.48860688184102	0.726315877014515
0.77062616494718	0.532073161958275
0.44345145374008	0.157395277673717
1.48763383484625	0.743756854838026
0.608898672747251	0.281088356486018
1.2463182203175	0.538227661317268
0.0792624349789152	0.0232191594274038
2.27535658701027	1.12707193917184
0.961559419998779	0.364852221472156
0.360212451502959	0.141547408470623
0.10515818389286	0.0265978431489755
0.906812595206296	0.241893567114766
1.75453049304182	0.680753611047837
0.599282997057141	0.178708004231116
0.441199473754088	0.154160169226097
0.596083778526746	0.189504459039619
-0.00400484212914407	0.0025075983011043
0.0699594562284737	0.0369624006009539
-0.0951779840637459	0.0491075410581902
0.358002534597461	0.235596566203098
-1.30925302881932	0.98414196300804
1.43883796653535	1.14140000623118
0.247921860685928	0.12850300666352
0.329154213126462	0.2424103999743
-0.420687967404644	0.346705010483728
-0.201631685655605	0.146140664515895
0.104030105730734	0.0654528763127457
0.226853735140132	0.124183055807045
0.00660705662301271	0.00420139863359167
0.105711701034867	0.0696060038867386
-0.117927455808713	0.0580945725766155
-0.199287739413743	0.12221130047557
-0.194531602368623	0.140237867658921
0.138927771532409	0.108491730374266
-0.990070312280701	0.833796133196363
0.411524752500316	0.352900103610826
-0.23559195946777	0.137382108507239
0.644870136440204	0.605040039835049
0.48866022897916	0.354711524496192
0.563345740672227	0.373048151230533
0.442633326418275	0.452840538737658
-0.229089906471392	0.18429387992475
0.126646743830186	0.0941214567618014
0.214733488126231	0.142674675857174
0.878392722126176	0.799221539797839
0.292999359202171	0.25569347831007
0.216512643185386	0.15931115494525
-0.207651400983854	0.167193418431902
-0.52141582712741	0.411299204400491
-0.367130628935383	0.271958563407992
0.225222727707216	0.14973093615015
-0.112430751735835	0.0853142179013109
0.011815846655794	0.00738471532209876
-0.372722062070622	0.275335799192258
0.310281414566706	0.252853341936893
-0.0115296395615973	0.00697012586271147
0.853379958856034	0.895961050437393
0.423192941776981	0.355284003602285
0.210023123604823	0.138270267587203
0.214443866968285	0.179014415205853
-0.424226808344248	0.310102711729809
0.428570827401227	0.348700426674909
0.0439804854504211	0.0314430543701845
0.815874792640016	0.773060136425013
0.227495467650014	0.18409707007492
-0.408595575896638	0.368081877385334
-0.174936886182072	0.12913561262153
-0.499158288911676	0.433223780219082
0.209554951537993	0.157176879847554
-0.234077029527709	0.186800702411935
0.932935091201484	1.02038152902262
-0.787864029420844	0.919019267361863
0.302800712496524	0.266980820516009
0.216643147256944	0.171498429053894
0.775322920810851	0.834747483095925
0.012933113751144	0.00856779298888069
0.881540410988822	1.12009469942009
0.131897481140927	0.10518354744063
0.769574871409039	0.753723961858435
-1.04594704470364	1.32988572613978
0.671685363501245	0.615836322125099
-0.880382113353547	0.592147651925852
1.08570448494204	1.24684216716391
-0.699649543259627	0.639833507268422
-0.0871017517850596	0.045175335014142
0.308890315321273	0.134436435654188
0.739055606247087	0.301329759029399
0.218032251341832	0.197377555902259
-0.509028330052985	0.511438966729999
0.599035840628283	0.83689884821469
0.16151484943175	0.159255044283425
-0.543463570996557	0.552687215336514
-0.548282353200528	0.560876056118967
0.49556933776096	0.555555684750409
-0.732103112637391	0.956540999856328
1.72173957262062	2.82723731236148
0.28740579169469	0.246765777610933
-0.332874226809833	0.283550734746137
-0.371134639159738	0.303873610069759
0.371713717861792	0.355056264595911
-0.327849606847062	0.251249827419909
-0.168716478522035	0.122701244479663
-0.226397015687447	0.202886686003657
0.571867842206014	0.558233802554561
0.131449796809677	0.0997142287099416
0.0751600880668773	0.0608732829483013
0.0213209235667373	0.0164846020631998
0.214648869045079	0.175103748246681
0.211278101911457	0.173043664681384
1.50100392198828	1.49857790911604
0.34336086138872	0.242989265570313
0.213839885596011	0.136118414862442
0.0770541198703276	0.0432375181205762
1.24370869404772	0.538595580341246
0.215497186511656	0.151943806893843
0.0567708197236735	0.0429528585850326
-0.426232077677677	0.262263769206559
0.0393834650073744	0.0280943596796284
-0.0487164444874583	0.03436004661535
0.127499762556147	0.0923995538422804
0.277712087983228	0.270861762670319
0.764063794166002	0.752028828635262
0.404168012320017	0.36188051469371
1.32250105224502	1.64212091790454
0.217920300466883	0.154104124653717
0.710417725527093	0.618298795209758
0.376463093104522	0.23508676837258
0.0219590023623862	0.0142722484021501
0.481772860552212	0.349845545859496
0.934608531769558	0.775994678255831
-0.0473843783083539	0.026921636768783
0.0097446915621392	0.00609849081630299
0.431004201117934	0.362042764061937
0.102536259599275	0.0650447105543107
0.229376384417947	0.129786942118711
0.359909298252822	0.242653885547359
0.957499726958388	0.363918407122474
0.953788470981613	0.357672917968849
0.613814657185803	0.593725704833781
0.218483982489187	0.157280673139967
0.889479108066312	1.39079413644959
-0.255540296179871	0.199679611849597
-0.112794486670716	0.0870766895297217
-0.0323646080717525	0.0189421153537756
0.361322247460804	0.240724028969837
-0.197665660281863	0.120268091883472
-0.00529196699310627	0.00328824914812284
0.0773791295257514	0.063202827649587
0.767291169611867	0.531408508118395
0.298246124634146	0.260393964542229
0.482641339338588	0.358364060669057
1.42340786166129	2.26531187653501
0.317482565810588	0.253315315753811
-0.101165126633885	0.0666365302306067
0.224304678472753	0.135481894131948
0.121124921314881	0.0842312692505713
0.114190356423817	0.079874522064425
0.876349986689173	0.806337759533585
0.0227920150107734	0.0149120625829751
0.115131578153998	0.0832142919064652
0.354416286287457	0.247819811878753
0.766950411484734	0.754739374169176
0.222350982113063	0.133274953166874
1.25113977030923	1.21632793948816
0.604459540091558	0.278276426842915
0.513060328268931	0.557845739670514
0.383704006993173	0.36232934838981
0.636377171687513	0.689343590208496
-0.619841442292766	0.52626896694972
-0.368273709113602	0.337605955069458
0.77297657539069	0.945275348708601
-0.0614683284102743	0.0494165807166721
0.678440831132157	0.803842463569848
-0.200139019108938	0.144943156694724
0.438800246681465	0.352180907785853
-0.106578349954378	0.0817638047370979
-0.243852502151689	0.213316875144977
-0.123961627676634	0.0941745984867124
-0.591288067048281	0.457493000418891
0.127206829004151	0.098812104190345
0.520459566908779	0.463764854397253
-0.673812197724774	0.746372718761279
-0.154601725448961	0.115411284757907
0.311650698167976	0.254787504516997
0.451982508175455	0.449515984681722
0.00610220382109668	0.00387567858056007
1.3240255828431	1.68925754059531
0.409414188815109	0.352140073884598
0.385754145352926	0.244506974156814
-0.883229687557276	0.685393744568113
0.38487536261404	0.240472854153731
0.964199017138855	0.359658479163063
0.0612803234897701	0.0206495123520074
1.50000813909423	1.9584024317937
0.880769654581468	1.07441532061441
-0.0586345915873976	0.0404231244602609
0.118610522291988	0.0822210535834843
-0.132214034377745	0.0853397633803919
1.0177920428643	1.46002515805012
0.467744358553596	0.359744875316017
0.320948541777726	0.258177461000532
0.754479382801642	0.630774649760049
0.91674998227911	1.1356340178878
-0.0657368173851576	0.0510265597219362
0.0990912832903251	0.0621711931779261
0.320175701154817	0.246697610824586
0.217077601574937	0.142013310781183
-0.0657128047709668	0.0356592083343276
-0.640397651398519	0.630100168572572
-0.925516894335917	0.915619922891727
-0.14837728633176	0.111735635877509
0.534741974031309	0.460490703014681
0.537095766234154	0.465516362138384
0.375625804562467	0.236264747611905
0.360402467003633	0.240274808161497
0.357541840872545	0.235117363158071
1.64389971739673	2.27884080055878
0.59009731796954	0.673193880036836
0.543900908258703	0.569463415426852
0.119395900731225	0.0864690098371849
0.361842262888308	0.338370740752213
-0.421749896704237	0.306792040929597
0.601577900804104	0.658334708123586
0.433484556317052	0.45411999630449
0.417645831755091	0.345057592506718
0.6311932784752	0.585784335602425
0.69087564392878	0.71662611438528
-0.283532170565467	0.267978959051832
0.747439452503197	0.938260117957184
0.411678486396065	0.356284266410426
0.21669434173028	0.136691842498158
0.10871078645558	0.0727556388776548
-0.168593429877404	0.104829201019658
0.674557959188755	0.619016469853059
0.610531143881512	0.577828151666967
0.664642251454145	0.698797418945192
0.426505408137339	0.356989547710284
0.596353540575667	0.479771167733084
0.487972981827481	0.359616659967066
0.726368886157862	0.739996425716566
0.679070526531866	0.623948916826307
0.344853527286473	0.241835578281221
0.386241001067018	0.240826087127507
0.968341499041268	0.957332160116128
0.72172656950172	0.72598263439495
-0.267189819179617	0.183427059063779
0.939005508308525	1.04010617005758
-0.112339188372316	0.0745248920866366
0.608242650164011	0.493543153163703
0.66118689720335	0.704390026055247
0.539149225299164	0.471523892718712
-0.614021942831825	0.52209981878368
0.8660090426549	0.797087293897936
0.221673591938714	0.140575394559729
0.281726228417199	0.128620277948864
0.100917343353032	0.0635830412034379
-1.3127448154793	0.987834232916592
0.23121248591408	0.129084780020346
0.356540750292379	0.247141028867008
0.704301035595558	0.403132569078709
0.230258015029427	0.126542370138844
0.247676662670356	0.128611052106483
0.343986262137997	0.242010507498558
0.668002792542261	0.610025578944071
0.816803606009148	0.771452265225327
0.458189914995265	0.355201361017481
0.996997237555736	1.02360395976691
0.068701124956055	0.0341999442502529
-0.636463388733247	0.416364033357884
0.343277181930759	0.240496072040501
0.232369393909587	0.131236881242263
0.0635293130763499	0.0292378075899318
0.460307297600974	0.253705428150763
0.705250450169703	0.604496878404255
0.909760936868971	0.690644733878482
0.624017131954429	0.385497101034554
-0.0452154712738858	0.0256615635783657
0.0808694098716587	0.0457402248249052
0.625602263559039	0.380511554392448
1.13971326574351	0.861237711274225
0.622055399768464	0.378515559379375
0.412637882967862	0.245350365247174
0.628874094453791	0.384857127135179
0.222663877648771	0.133584690034661
0.414507765524585	0.245592472997588
2.31775820266617	1.86918907751411
0.75947451921577	0.636383276635918
0.56687175031803	0.375312154918862
-0.396308320726065	0.189688665962047
1.01888539689338	0.71925111431289
-0.578817754109038	0.312222419457944
-0.606210198011905	0.243573771104899
0.356602122083239	0.140268157439922
-0.571999377821636	0.306338292339795
0.0620031875781361	0.0232431129015979
0.271605760664066	0.129000303030036
0.310101317249791	0.134859687237982
-1.89141354713596	0.801502700089428
-0.326495326567999	0.16691785325
-3.49099168911953	1.26225976373583
0.229913530147568	0.130054197311094
0.598626560442407	0.26563450226057
0.0670017555297517	0.0250849703913826
0.27694587482798	0.133824846158365
1.19355752441932	0.65328045719039
0.270636056955398	0.129570125988012
1.48710978559101	0.731801177663638
2.44819763277341	2.13519703786356
0.248312656732996	0.130188704780659
0.419642406515075	0.246802040969109
0.351246081343222	0.231387847034534
0.272811195085631	0.131045857965145
0.731794158701142	0.825816780834309
0.818514259763356	0.431702930604033
0.707695894820555	0.404041633823828
-1.58428161453093	0.576273933904051
0.30455655459272	0.132705861338259
1.699438870722	0.955178094569352
0.104426122061374	0.0262022938178345
0.44066853004676	0.155167838232157
-0.79785104711703	0.278303098127886
-0.57394603854735	0.304366949796605
1.48763383484625	0.743756854838026
-0.686202667371399	0.337116011449434
3.2362348724944	1.12536520581718
0.104426122061374	0.0262022938178345
0.063945131253136	0.0239132919460406
-0.307401660481746	0.102669757782922
0.107826809107632	0.0266163148584071
0.444460130118199	0.15919453369721
-0.309573770838584	0.104451882213242
-0.859060549263026	0.394589631855353
0.445571101628511	0.15768335987544
0.596083778526746	0.189504459039619
0.0625622861724211	0.023508098983734
1.25698353676537	0.520524591263103
1.2474926045249	0.543287264180434
0.635362831321544	0.599652629370764
0.209789233014245	0.144431136578668
0.376812047152636	0.234641415725613
0.402762797820261	0.228776430994503
1.39662374663661	0.455644023310296
0.0772813882205756	0.0227389622602457
0.073544087864543	0.0216652446874345
1.75429551861252	0.684677906269539
1.75616639506053	0.682786574217844
-1.19825951920388	0.37262608944565
0.957711481530485	0.359583431053858
0.596795994811372	0.189461070823454
-1.19332852414176	0.372477145095083
0.961038606642118	0.359614359833
-1.80062223536367	0.442697734012975
0.0593203448345142	0.0264478008652086
-0.676264581121147	0.169246234469582
0.740671343634534	0.310898698430004
0.903573207610929	0.241123987931757
2.73820213311211	0.822889799219994
0.127645812237754	0.0255315531572439
1.2487913446758	0.542838111732696
0.591583862171286	0.185275148156516
-1.80062223536367	0.442697734012975
3.60147889697382	1.40844569793178
0.100176454711653	0.0251782250448321
1.75737498149978	0.683744401124337
0.0772813882205756	0.0227389622602457
0.90432485141442	0.243833856642287
0.127645812237754	0.0255315531572439
1.39704018207567	0.45637087634391
1.24809742517106	1.22483975139582
0.904668349139708	0.244160033683449
0.421995552978857	0.455303122287901
0.2178744928413	0.194701340670872
0.505658375250821	0.468042271918074
0.910744938048534	0.684311931264435
0.213419728676829	0.133398935451862
0.415947327303776	0.244999816295867
1.04766715459003	0.990353616026711
0.0654513756528165	0.0220047808089166
-0.484725969191167	0.338769716818672
0.375513445721458	0.236303207192936
1.8204148582444	1.48088406378404
0.619769338026833	0.385516962154476
-0.36453210136598	0.23580411853525
1.0494073700175	0.979784719455209
0.0629128612084684	0.0311695853596406
-0.206297076435478	0.125442709010851
1.31045313303792	0.961280850450213
0.0588174029121785	0.0241275157350874
1.16878677823453	0.762921809879536
-0.100263111499575	0.0519441663296266
-0.0888781995386473	0.0459201862740248
0.939790934537673	0.816360099654525
0.76694571131916	0.51831517161579
0.62245055615409	0.384712500993787
1.68722975923137	1.56928218522719
0.459592069429539	0.25275177230532
0.99388686409225	1.07333364708759
0.812332041049667	0.421751521504433
0.597988471010677	0.474295936852033
0.622802627706863	0.384030456902415
0.845941170877316	0.989114422669892
-0.0703213196707899	0.0477403362281188
-0.117315585205107	0.090053377674825
0.284288879616316	0.260088990314134
-0.0640409585009657	0.0446047739705456
0.601689097347533	0.484204720931916
0.394019872494922	0.350332449974685
0.0412940305033968	0.0295596880225264
0.515960607032538	0.360195697889929
-0.775307021829817	0.793223723360521
-0.233302000310447	0.135731102580554
-0.617520300221219	0.52348373870174
-0.121979563929045	0.0778265852161056
-0.165733282346276	0.105065985541244
1.04489102332753	0.979231096971434
0.209577452049681	0.172653198520813
0.0238914792574894	0.0158648935794647
0.21862312094081	0.147563367141655
0.0813721464624871	0.0429378015408995
0.96714659411041	0.935072199094018
-0.637043944489212	0.409540159646056
0.711074512982164	0.631444582813743
0.312930384067068	0.250359578853886
0.49786517715235	0.462023592638548
0.21627048663119	0.129343489172814
0.223056401819868	0.156233527628699
0.0662992166988504	0.0274561756420414
-0.525476442727664	0.417912380762995
3.89099403485426	1.64938475075439
2.28051321432513	1.07115824609699
-0.209771228836165	0.182746870000864
-0.64162647784914	0.625847712837148
0.0266107811636973	0.0173289632386883
-0.259470492830044	0.203974925716394
-0.368173825855823	0.333413533149641
0.0506547575250558	0.0360287689248983
-1.13436665308658	1.44223599524924
0.223063978167364	0.169770010349578
-0.184832912842581	0.152612129540722
0.217702960315881	0.145112573017767
0.214629626539694	0.18065338288781
0.209392666762312	0.143862607651758
-0.318084115870926	0.210730409142197
0.100268692374117	0.0637920425265299
0.211330966916364	0.164190505540453
1.38361278859285	1.26915553256468
0.487181082450158	0.358049580011066
0.0831679030327883	0.0476679512613341
-1.43088486370766	1.16163012497193
0.464718968642968	0.358708235667073
-0.330038934956831	0.171229976208114
0.815011583262612	0.427761488320744
0.0777984265610462	0.0231215208123738
0.810745953718106	1.05386534202191
0.413286034309966	0.356523695555667
0.0576385128719284	0.0438103783965093
-0.966641303083459	1.24016201411495
0.202768999932885	0.190851491849279
0.352372442405346	0.359281884204582
0.40243424647573	0.356567705028229
-1.04563571822085	1.33861808583044
-0.473401149124605	0.449257202935365
0.0576878395449558	0.0410527726917552
-0.452538235067698	0.500067563522893
0.563944695830701	0.472354910957701
0.325233916245937	0.257993543716407
0.462498504206065	0.348376640922239
0.604926817583479	0.480700844877119
-0.303513825500551	0.262271354300019
-0.256373963350531	0.259539645784486
-0.0604486564396889	0.0480998605247448
-0.579348081399187	0.545923803282622
1.2713064077142	1.0920044737488
0.670712257511453	0.607877586296978
1.00249526588307	0.585740535080829
-0.607478506574057	0.514430791951385
0.0622723746138911	0.0233759302533438
0.31167835419203	0.137198186247268
0.100594594219108	0.0252723857013199
-0.807748642315496	0.291569684951804
0.953266167609992	0.357374512628903
0.542080053908813	0.475990700071536
0.3647190426929	0.354125888647288
0.636009762019866	0.783445618869416
-0.0780098018081456	0.0523302248501876
0.476619976827336	0.450522719477522
0.28851923281753	0.268150121150016
0.139059112646768	0.105931268300187
0.131467256495434	0.0980807475330539
-0.0112269885379605	0.00833683059683789
0.209438084124941	0.184463211675116
0.018794897459524	0.0123361957253392
0.222977074349214	0.133346109415444
0.0964917679042045	0.0615906815577596
0.331105021275539	0.249132117110833
-0.335071595263845	0.28560961458686
0.433908500316624	0.43784300093532
0.777550389426142	0.95624747312818
0.218064744510546	0.151812946690874
0.1203377035632	0.086848162270592
-0.584846684505973	0.70020956497503
1.09716042094123	1.50714897569969
0.53797417899426	0.546017825728828
-0.687103919769978	0.568100889470218
-0.0124311028575237	0.00756753619012052
0.482420141742315	0.350773677492735
-0.315265005520808	0.20713443298674
0.444460130118199	0.15919453369721
1.69350492510441	0.931386752079363
1.24979155206649	0.549502354194424
1.27604313350476	1.0964229486042
0.775694265459377	0.855007819322586
0.468377909738295	0.463849686296137
0.0622203943149809	0.0484578740893225
0.396334036310178	0.361766647204398
0.633810388373321	0.767507756707263
0.143154039601646	0.117999942891996
0.4515889861562	0.452189203365174
-0.62906063515338	0.577414597660042
0.222166131968737	0.180903728315033
0.692075467924687	0.895321684136845
0.462355788505847	0.360622616283039
-0.328433470548609	0.247302887216941
-0.333050364746875	0.255293870329435
0.864848109617715	0.908089836490263
0.723787915578837	0.715461028045957
-0.0659124608107314	0.0448292663077361
-0.32266217816925	0.247104145658375
1.02140360170589	0.842874719729466
0.808296744333542	0.87506111887447
0.121575770916937	0.089610936772842
0.222310068954602	0.174805241708611
0.326563381915916	0.249800629174968
0.636588301682176	0.589211337351672
1.16313123611694	1.32035354980674
0.697134154677793	0.722508383894258
-0.531993794627376	0.490878395104797
-0.279612855146418	0.190264534467003
-0.527984740597207	0.416363317152493
0.224126005536343	0.147792908764328
-0.0861418200616567	0.0588621737321474
0.10040870423604	0.0659627148996066
0.696665606559034	0.510137754376321
0.277181466810294	0.133792553782408
0.495717079942902	0.461397959764532
0.933309860331102	1.02439244509866
0.396846922696266	0.348460943375018
0.560552531909122	0.572003390650168
0.401991189862249	0.342772967190748
-0.165771332817469	0.10313028963833
0.212996587077439	0.202216840790073
1.0805884442793	1.26021172961166
0.0516562098056335	0.0382057916563493
-0.6611759516487	0.734788171040966
1.22790262058602	1.92047121016876
-0.517465260471875	0.404127354467024
-0.218245594345618	0.173172926881724
-0.203520807548119	0.144791372445477
0.721766035506384	0.99025208468344
0.213315715654903	0.148784720905615
-1.0457096699942	1.31049006867582
0.215574289693793	0.13482235304183
0.213563552819927	0.168541424701141
0.301789639866023	0.254235831686051
0.0186743801403646	0.0123875167393331
0.444516132976371	0.354083063160695
0.317981127523954	0.25035186087755
0.219833321365635	0.154582927988507
-0.138261496197644	0.0895500689144716
0.407256988352608	0.35160586092953
-0.27230399139699	0.186581204419058
-0.567471314871875	0.528240565573472
-0.0480852117224304	0.0277253195318754
0.119740321246164	0.0835622108604722
-0.784621592790279	0.757786078393672
0.0717781248496326	0.0354269296093988
0.354844152400117	0.140316763315541
0.869242497915351	0.550157436961914
1.70227868283394	2.21848277091756
0.76055265195488	0.509036733416601
-0.110718639758318	0.0739275442657342
0.463393721265188	0.353300299440118
0.380440518461264	0.236416265637817
0.0313574912341294	0.0211259993394579
0.874997459375394	0.801032940831178
0.997031317868725	1.09430891522129
0.648586137408781	0.502853503129869
0.459211086113533	0.346010519358215
0.442469295900414	0.35601885648246
-0.366709917311105	0.239486746832804
-0.630370010344492	0.585419321742866
-0.415990808362502	0.2996529653509
-0.480864524167787	0.45264567795208
-0.737760449450378	0.445375309647165
-0.480397384052125	0.210516863116577
0.0979845311653442	0.0620687431232329
-0.554307276297415	0.371857579344826
0.511271529534446	0.355395736352686
-0.119060441518948	0.0575831805134793
0.0918973933472008	0.0545100743984178
1.14700760059644	0.887119925711588
0.514473195556425	0.35963193786886
1.68552955855102	1.59934232482038
-0.328812166986184	0.168937002028815
-0.76983346003541	0.549718204897503
-0.0685922978592377	0.0368987967989819
0.413436708310796	0.245346114226816
0.142546342087358	0.121390456777479
0.771342912662964	0.532255062793788
-0.318920434675759	0.215267981596612
0.333480979893244	0.245056539718373
-0.177170725361989	0.159967519255761
0.216807494222415	0.137138114967541
0.709627535670027	0.405081926853881
-0.0251684437213046	0.0148050169510327
-0.442482641195445	0.390880904130252
1.31400387380875	1.8319041323922
0.75831367525376	0.639850806720211
0.871049079867752	0.554024501122338
0.341615972563896	0.242025041099909
0.380542384183512	0.360581879724157
-0.563215560090138	0.614064915154724
0.762841265090027	0.646171302966839
-0.136139335090198	0.0886102646068223
0.133106098235481	0.102857732094831
0.410626032624514	0.356990306815602
-0.551441247323572	0.480318457724317
-0.161206013405515	0.101359498968269
0.420169403031296	0.350280345555519
-0.589587410975407	0.456160211703371
1.01125908633053	0.72489360141326
0.354889234756474	0.237102235727255
0.807114182094183	0.865412651378854
1.1495531461695	0.90415110354082
0.442030490198571	0.351998235897923
0.70600379684409	0.406427295977407
0.337110554424288	0.235160408540456
0.782922011183561	0.75165751675883
0.567054548735742	0.47840258808284
0.212487897512091	0.163591597389347
0.275966423104018	0.130420063187375
-0.549832508622427	0.373645317405933
-0.592794287701963	0.457681763749764
-0.27220310769577	0.189125709764596
0.518385856776976	0.361820136971575
0.130005905776249	0.097734286292133
-0.692772315681771	0.581244331497239
0.0713741793558709	0.038105465433014
-0.13104165358588	0.0844616107807404
0.340829425553414	0.250467686700527
1.1536227971004	1.0387898460872
0.765848983361387	0.823000197177376
0.908052274167472	0.924659129433977
0.211251344912034	0.173750358803625
-0.256939780661599	0.204149805590275
0.477045658490311	0.54452563928113
0.658877126420486	0.681698068937362
0.668336397712704	0.706049250057847
0.131250783028221	0.0991265459309445
0.429415054341277	0.449300450431385
-0.269136381456408	0.185167407028184
0.686974858540848	0.809052378775634
0.718550736374989	0.910929316384183
-0.15963880612839	0.118307178496328
-0.77924313921123	0.801708593838115
0.347086721138535	0.357383511810607
0.80900399389767	0.867080296853763
-0.56273320394476	0.599533836266334
0.977367987345804	1.26928629624365
-0.016948596316503	0.0123248703950258
0.434831908222266	0.442674439376245
-0.436140712377572	0.415536766659465
0.314028464791096	0.245422278694387
0.385754145352926	0.244506974156814
0.402113329653551	0.35697841681188
0.874965242883757	0.796016158033122
0.724235247389835	0.732319824045409
1.07210872168311	1.12879154077105
0.517127848026439	0.469234733949205
0.461790849525433	0.354963949514326
1.31290251227538	1.76377871970453
0.223104573551154	0.161104949414417
-0.00493465787570492	0.00305870113337896
0.88468175991275	1.01156507554715
0.307524378047801	0.255041260544346
0.125713055853886	0.091909602266765
-0.0693599828587112	0.0472849424194163
0.00480533868345454	0.00311315499097767
1.23323907415806	2.02673386591092
0.126488634509745	0.0989561877025754
-0.00493006015177237	0.00306414592747985
0.269663232369306	0.129151498494499
0.452212524158062	0.52232289895193
0.683054312301219	0.801479004246946
-0.786326815463568	0.786071418778585
-0.153995573039859	0.127593873126835
0.205987317482227	0.176064274087353
0.0862252443657792	0.0760545154622128
0.142022980868827	0.117479825107851
1.04171021613901	1.76690432991227
0.355458452160853	0.351315202601781
0.28345849179473	0.26824425797381
0.485688017012328	0.539225510164574
0.503533725149976	0.546020604537334
0.211676311467684	0.197556541946421
0.216485346595522	0.192619640182196
0.453206023284039	0.538449434749759
-0.409876024602415	0.429314995661477
-0.161271229638706	0.146292914770938
0.637297915266062	0.841255469183126
-0.611710081104624	0.647616913479965
-0.740582840455211	0.916591181488838
-0.145851968950475	0.109473654689632
0.130905021610959	0.101106825150563
0.802337547077872	1.03297304969362
0.582963472038383	0.585914014816404
-0.0967735721634719	0.0848611813445538
-1.16040347590974	2.15396361390397
0.470789560723555	0.443932593027538
0.480844559929936	0.543757473744921
0.056433550515907	0.0418688377144757
0.494821601708701	0.641780643447662
0.806760135420761	0.965226226205236
0.631597729377721	0.685859475712685
-0.630603456487415	0.71245013934719
0.917464811786328	1.14179538259879
0.423086482207608	0.435727424070137
-0.380674808007334	0.349044662597852
-0.671533539255299	0.760377843022479
0.142558266397729	0.113940167449053
0.932205897697567	0.790068522259235
0.98861741279351	1.05680316331562
0.327701970163166	0.252663897684674
0.213754759614152	0.143863909450371
-0.32350947980287	0.248333931709053
0.0783152874483335	0.0232771178433372
0.0610498124644727	0.0205565433031726
0.108145869116013	0.0269229112941136
0.59367860772529	0.184104142709674
0.263871396790179	0.121941769401993
1.16060840666758	0.764297623837228
0.17024019440498	0.167382519445605
0.634616345922945	0.696361722943138
0.512029345835686	0.552777621565067
0.322199788181485	0.361737363428176
0.208437250342732	0.221510727575532
0.501212768114842	0.549370479333785
0.752353769972518	1.02477021501262
0.924492179662639	1.65713687790513
0.30364136648335	0.370074294431141
0.581454204419201	0.748295061069805
0.283658667773146	0.268679661187353
0.113571802434491	0.108382425441131
-0.142843248546763	0.120517971816889
0.305110961281564	0.396511118571255
-0.00460997862709037	0.00391239482152957
0.00620864020141894	0.0047953683209124
0.160364963521995	0.153564677402697
-0.0308976772601222	0.0253274578096178
-0.0716060082279624	0.0639292553486441
-0.00415483358121933	0.00301642725725816
0.209479482363309	0.212751678613856
0.706159548874533	0.809170197320622
0.358439947185306	0.371776868862854
0.213047924605497	0.16157158726853
0.217335555870224	0.204039831058451
-0.49420721872006	0.601907605415081
0.225660028970231	0.231301652557957
1.06642465628374	1.54855264814872
-0.0832036210145273	0.0567243029573296
1.72606651387029	2.84982802210848
-0.260306793188424	0.293747810013501
-0.71943086237113	0.837507885441176
0.149780456021886	0.144548588231517
0.574468228294414	0.736883409065901
-0.387639806091767	0.479507647909557
0.0507448989928218	0.0360658389074695
0.8712632814434	0.793557121256011
0.54275237582686	0.477853600156571
-0.0546709472958355	0.0311196690090706
-0.0767360201925861	0.041967529536558
1.37676346392034	0.840984269243692
-1.11835350086233	0.461976079635316
0.596795994811372	0.189461070823454
0.0624994627709191	0.023512317926792
0.0605283743910044	0.0203842371965663
0.443690956350235	0.15948293376147
0.615508739275717	0.377479303212133
0.753355735553357	0.629969343303799
0.592969727189748	0.734647743009664
0.602764660202101	0.576309539872196
0.421583317684621	0.455594853635933
-0.732455643890337	0.914836753744268
0.755317527258498	1.02720876655805
0.289222859887437	0.250387680855266
0.709597634654838	0.988751255773819
-0.379734524898035	0.476972221495957
0.402174198665237	0.452016538321481
-0.832858456698825	1.21828299041097
-0.27472788404494	0.239287790877559
-0.276413672106736	0.235732359923635
0.494777551759905	0.55142969361687
0.668118252448688	0.965397039511039
-0.0789793612671332	0.06922484056496
0.220361454718767	0.194043218344985
0.495846240880327	0.450934637989522
0.491459813715979	0.450050801842829
0.413487154384803	0.35905622183735
-0.0000912065465235755	0.0000363696143402912
-0.734997194402177	0.87042327997056
0.206434507728044	0.195901409682461
0.476050393973445	0.448185032997783
0.697951169163935	0.976340046451898
-0.263063343375185	0.226942317147098
0.0624764400068917	0.0490858127950666
-0.915195684220107	1.06306167698132
0.713310213743223	0.891018033914005
-0.00891647091980764	0.00660049778724248
-0.0641604677286286	0.0513152218411601
1.02736830092875	0.847997837322997
0.112641940843975	0.0749265515472726
-0.461397443046683	0.374636944870518
0.11700434358496	0.0818021894344231
-0.575157338542746	0.308576733621976
0.359705583565019	0.142850823662696
-0.584342792388506	0.306622768156765
0.447929731391851	0.158695034742567
0.272557540414292	0.289373353035373
0.204897097994666	0.198506546539053
0.372794876180016	0.425641068487859
0.513503602095964	0.564922047540555
0.145912082811158	0.133573655929711
-0.525362811151492	0.569277650212949
0.0797186109772875	0.066391168117483
-0.142605872978271	0.120525759927349
0.336746138702214	0.357412511580254
0.285458895058425	0.276050897486132
0.124972926912639	0.127159163866547
0.714559222427633	0.997395535221037
0.283147011432731	0.270032343229777
0.44759185831566	0.435292921340149
0.220249726416771	0.207246647172125
0.118542181833241	0.0856088612395374
-0.0769894712481267	0.0613313878659543
-0.275184666364849	0.271544587847193
0.52099725158246	0.557861294905872
0.150428278637744	0.131358614538133
-0.404255982095898	0.426567033010996
-0.573652809070771	0.522117492743855
-0.237216895619321	0.223451142036694
-0.000752185508630376	0.000546026739453984
0.888086667923769	1.01288641952643
-0.269687938541229	0.288755489599114
0.0520568466792306	0.0395074306995494
0.636865952551295	0.595813152429701
-0.324353264586453	0.215805579346172
0.517732789101399	0.46329127802672
-0.689990198646338	0.57979289812518
0.112431996718725	0.0742088058045956
0.248408800323511	0.128109000626284
0.604903865714691	0.278923670790428
0.272341699356104	0.131599453655939
0.357821278159505	0.241309386031908
1.10303610581826	1.48758774846341
0.148519849665883	0.129796923724285
-0.0290775912175517	0.0212259267400353
0.287346367333174	0.27465109387707
0.664943666671478	0.890778952994647
0.31628599280552	0.241192766462035
0.29458741207892	0.25811657843686
0.741392937356054	0.832755432012047
0.21971372077364	0.200749520650041
0.215549780984096	0.185846084245794
0.291773065681951	0.262799133229578
0.400757141344017	0.359043372799775
0.601252922850419	0.670763951723309
0.744704696815828	1.01030466923488
-0.61098066988085	0.660772833300889
-0.133476514655443	0.101129695409108
0.846605580461299	0.981433638453483
-0.201116988993925	0.16444609323421
0.29846718900891	0.257409751315638
0.210904301699127	0.186637628299226
0.210280688932055	0.151883059927532
0.0913308386707209	0.0548541005968076
0.869544473637504	1.08352170168893
0.354625542719277	0.348625651196281
-0.325286002097033	0.273007983300486
1.35493831476475	1.41394241153292
-0.778993538847924	0.733584047982895
-0.0776611385726279	0.0522945653169041
0.409339895401163	0.353456025833176
0.875525474369123	0.795368923696771
-0.114570753794623	0.0848783601766104
-0.551877087409009	0.470093534770978
1.47723932195677	2.05349856577639
0.869810200680941	0.787771123679997
0.222779041424396	0.154736609330049
-0.0564800458199349	0.0397743983557446
0.0838963729157253	0.0503392945372698
0.235450216758836	0.131448438115734
-0.646297411548228	0.406552792103774
-0.283365948564125	0.154912534687761
0.514567664778277	0.353754094112219
0.554130324785813	0.649051438217909
0.568110317335908	0.658131604765271
1.18015590263705	1.74448311787275
1.90916731468655	3.14700377615856
0.37992464253145	0.360413726885333
-0.01071436093293	0.00646759204100882
-0.109756759537774	0.0837720550607148
0.501218465787701	0.546243583758543
0.87485339893022	1.19740942609438
0.21647376629041	0.169151476430975
0.201991215307945	0.19239459864413
-0.14266520633353	0.120607350941021
-0.328777934243687	0.271979888930876
0.0554797308414513	0.0423085364306699
0.141365636235003	0.115740776617074
-1.06726646937613	1.29187802538393
0.408831403838273	0.45586595953409
-0.296029195028331	0.230003870025451
0.09850265907036	0.062965978215925
-0.27204261639682	0.236224428648598
0.054916980492023	0.040300945441875
0.998014791345957	1.37245476994989
0.444166644636398	0.456174196306656
-0.377506898169928	0.3145018818306
0.319027656561118	0.255132000839854
0.806751624926539	1.0430923957625
0.647095457363625	0.611467787941798
0.465393704678935	0.446518642988247
-0.374557474868795	0.28266543999476
-0.479933844302462	0.491911884375133
0.637126049039499	0.597280682935638
-0.0830455005473688	0.0560488551577985
0.496604061239048	0.459728140377991
0.382469931343892	0.351162039705008
0.217165624189047	0.172226199321374
-0.232898856237228	0.163629227026361
-0.280473854877205	0.153424870567128
-1.10873854882541	0.466123984152306
-0.122521408524381	0.0597232206651691
0.218214878313651	0.12903385726375
0.701185778295429	0.39891017168219
0.749661433099387	1.15855501231125
0.476699679692919	0.456340112458747
0.354673071825723	0.364053096145623
0.593278992633063	0.841806902696922
0.0179314069161324	0.0143836245610386
-0.160505002336867	0.160293065982073
-0.0178318293885098	0.0130371482477771
0.345161097104562	0.347651734466381
0.214973212334175	0.215773673694145
0.269528424228264	0.293338978294468
0.490685460973017	0.55184208638186
0.755104024382286	1.15296463061804
0.434115617212917	0.447816100435473
0.742418010022074	0.927927847893367
1.00559995325656	1.40175549275524
-0.238902614447772	0.229987014600643
0.123576624581673	0.0885988613109262
0.715128820183173	0.90320452150719
0.0882980453840823	0.0760026948560939
-0.462578738639559	0.569564780755699
0.71852721114371	0.917304142926706
-1.2340716583949	1.54282197812987
-0.580442869148231	0.539029504740036
0.813267988348054	0.96966605232716
0.581539387987221	0.572961511771288
0.477498333271429	0.51187591870892
0.138265163390154	0.116412247207746
0.0392996701079527	0.0333494217559791
0.276434446696645	0.276875709125501
0.493051679274192	0.364750008641312
-0.202661028530333	0.147021401975323
0.543548069404556	0.561747152992797
-0.611931895170976	0.521358968371918
-0.182815490396363	0.0759009422833776
-1.11008160130773	0.459914345761927
0.104013731757712	0.0258356156402343
1.24294551418862	0.532518477272767
0.0654756547495254	0.0269776679867034
0.0596475610692927	0.0466049576730129
0.0158358966791862	0.0121151664641228
0.345456599332167	0.35852860691866
-0.460005758211179	0.539169570842465
0.428814127003827	0.453855603933442
0.290572397362936	0.25635539692267
0.901954384266676	1.21516190531644
0.323142245463618	0.358230449944456
-0.0554496823794573	0.0452554158078632
-0.373356385629719	0.360936511317012
0.00574109818954216	0.00424270642420469
-0.466296620938129	0.486304263831964
-0.723450248226614	0.815948557159168
0.585082096980309	0.578258456574135
0.212395260523665	0.165189868386359
-0.372110624563181	0.308246009367054
0.676610078634273	0.80070833403631
-0.169399547717605	0.106655261199218
-0.257864938912051	0.243731150150706
0.143743076641373	0.121124750628492
0.077511948017716	0.062177398417243
0.403436302795337	0.361980264928568
-0.0664283770961829	0.0458357340900034
0.480859339360526	0.523520001527449
0.476640078545376	0.449526377592466
0.21218740579057	0.142647553711477
-0.369674521077073	0.338797064207446
-0.726060261759576	0.820192740143548
-0.506432405963232	0.590000468552352
0.540237169461036	0.560521721015551
-0.0290825988934638	0.0172970434451555
0.211795671201783	0.132484979402229
0.217294206802424	0.151503919446407
-0.392314336627911	0.187183733534391
-0.597594881281257	0.232587553272709
1.39515102136504	0.462154680029554
0.446101393678028	0.159774329669198
0.128673740257697	0.0256349097748181
0.44480164543447	0.156033784800334
1.75573533895101	0.673126913070644
1.24053740807205	0.536331068866015
0.866504233869624	0.537860817718223
0.609395417076628	0.28233561894312
2.74203358648369	0.823056985143454
0.653606724368347	0.781866449336444
1.02823083175712	1.90715524193353
0.145346138519606	0.129951404133248
0.442271556149649	0.531891162417859
0.603330921150098	0.919498060378438
0.711313688967147	1.25550174441994
0.759722601193537	1.11110112152663
0.388544292199878	0.461823733772997
0.261169662518523	0.279235374985185
-0.00410557703683107	0.00382441029332661
0.0155451615112066	0.0141983297917304
0.458803042798717	0.522586794326039
0.335957922923006	0.378396474126157
-0.21781227182071	0.22473054665332
-0.209152552587903	0.198350457246702
0.557663866281596	0.819833094273006
-0.17808404728486	0.172773409126641
0.896915359215835	1.0352840963546
1.10732111598423	1.49762126004077
-0.141847551167267	0.128884664283127
-0.301351779084439	0.29921098056238
0.0548821405184107	0.0489613881069269
0.450851287753481	0.454124210212973
-0.0301763938807607	0.0249601155961423
0.630426357430322	0.850002931232709
-0.470724856428524	0.485149882356037
-0.533224608479117	0.608509939558626
-0.0948902304625992	0.0906207726947355
0.328266664550422	0.375812018836306
-0.498803162629327	0.618101270929167
0.288160470995983	0.282913778877522
-0.487780387909688	0.345499824024865
1.22598840459522	1.79374101977013
0.863982571443554	0.893195966396363
-0.415622837306934	0.296962602154118
0.708676946892455	0.403370107197925
-1.11433033513462	0.467590605854389
-1.06525690138743	0.547612128690472
0.0788319710027096	0.0231892816299176
0.0655578846531826	0.0245965861575336
-0.580971208169763	0.30839699366768
0.0670017555297517	0.0250849703913826
1.49197690662995	1.45726229049479
0.869688635011468	0.554450765364259
2.04152989522699	0.910786081538073
2.73820213311211	0.822889799219994
0.127645812237754	0.0255315531572439
-0.421758626072738	0.126395145580207
0.569586520638869	0.815357799921486
0.669230172426065	0.966122018891591
-0.721673380879294	1.13010924782913
0.273750673229774	0.280599426562612
-0.0418279717616844	0.0376845407025935
-0.0271511487963098	0.0222487650868486
0.530836916056796	0.568163838967855
0.450690684494416	0.674853971092335
0.901106716503077	1.38134337028881
-0.184067900764596	0.187697735391751
-0.926232908631991	1.62945413352288
-0.454602755435623	0.591040929040867
0.505099619388644	0.547939040606841
-0.00513867094717629	0.00425633180211225
0.335375429631259	0.362313531583021
-0.228850826947371	0.215607709962152
0.20916284828729	0.200210523986748
0.942743858688968	1.46833335213142
0.310869773112026	0.24588191754973
0.025448149079261	0.0174277046712194
0.225755612024331	0.216392627485052
-0.273515170554874	0.258330762771254
0.138592715896178	0.118891460315767
-0.236676557041423	0.227777746431344
0.393893632497748	0.462839346539609
0.0124425125302153	0.00983491071528191
0.00537610895809555	0.00453099993254001
-0.287856898763053	0.310269323946845
-0.102974470856151	0.0986455687197599
-0.0816032626024013	0.0710415400909606
-0.158671141414925	0.132632110932261
0.0950329311603963	0.0592352781991563
-0.633820069775477	0.569500463012861
0.402929421987629	0.342330987459401
0.0964917679042045	0.0615906815577596
0.0672705262299157	0.0251874385395721
-0.858051890452775	0.3960010702398
0.0681914294218016	0.0228153378019145
0.442921014736135	0.158939977293702
0.279798538831131	0.127491919632429
2.82865164123048	1.87664094908525
0.621091434005371	0.380518673684044
0.670829682639235	0.605829065878296
1.01100024489661	0.711001914463012
0.417387036291087	0.240608268760453
0.376250390737611	0.236624474353822
0.429648490956153	0.539155655645683
0.781472211694131	1.37782812202605
1.07429792666223	1.69501433465496
0.5488319724754	0.840390409002434
-0.120269116623635	0.131494652840462
-0.0329700619453663	0.0298614190539263
0.0105209258646234	0.0102030582065276
0.317805567118143	0.383328430533823
-0.334847305550876	0.402711972023065
0.547493903999916	0.892706671692282
-0.117138009873743	0.11166159359053
0.0129729726497799	0.0117418887084123
0.465038629914691	0.618408338317715
-0.705629599127319	1.01674475447782
-0.298753459921733	0.362409230311848
0.334827107855202	0.367683326383317
-0.0920954016087275	0.0879470999125506
-0.477782236673072	0.561854905822385
-0.304515932871539	0.329299288847691
-0.351168998279275	0.400787584678244
-0.0641016693986928	0.0563829145499398
-0.0104987820273168	0.00780179429860123
0.146500987145385	0.129372437640195
0.63149062002356	0.939007778753984
0.345626788937363	0.348812819775129
-0.0709024507503075	0.0625565962633793
0.671685361064368	0.79008242825163
0.218737961802269	0.215163941624458
-0.743491276962118	1.17375822566587
0.301522758192166	0.273124406097541
-0.510460445730618	0.666629503113311
0.464094103370123	0.719621855862239
0.130662848814539	0.0969029783842101
0.0573535356018539	0.0445252314060709
0.0202944069906559	0.0132736575471122
0.275129455816217	0.262246360260025
0.134378695932522	0.104641677991902
-0.241336339568063	0.167941716065334
0.697340406428674	0.510754958954832
-0.181860980360695	0.0751760360323308
0.0618015285061207	0.0208222215561855
0.307451742615871	0.133961327344897
0.2228178126889	0.133374629659441
0.337029060924887	0.246676572436657
1.24217584613138	1.17753048733826
1.44537061251806	1.15990468856325
1.34643973776671	1.33436021487782
0.379491432673625	0.234329408451209
0.986532800780721	0.469983314357248
0.068956200534131	0.0334622383638554
0.0792026135447219	0.0454066609663199
0.596795994811372	0.189461070823454
0.629706718173497	0.917279754927778
0.206310879175537	0.20000596647323
-0.0338906738545904	0.0361636429838191
0.665759492685347	0.860247910133002
0.261455432484633	0.29869479804938
-0.474449598293962	0.535172357857584
0.113561064137825	0.106153911245026
0.324961041514953	0.364893149296498
0.343560460419469	0.435576709229424
0.389116846401154	0.446012249572947
-0.308093061137723	0.387095873476573
0.319331877231175	0.372550865212781
0.560065681702142	0.726006682704509
0.259399188566352	0.267193783996348
-0.346273219858194	0.432154419184827
0.66360007241865	0.955088611260171
-0.213005587660434	0.207226092863245
0.43351578172659	0.543271371882261
0.215489739039695	0.235678940630584
0.150432347868227	0.14096694526325
-0.938577492320196	1.31754455047515
0.379437660598037	0.343052694997732
0.420817966803737	0.351243681432937
0.0676587999217245	0.061855158309792
0.156259785644666	0.147724001883218
-0.156084520051488	0.141119531244074
-0.508340671431172	0.524429502031516
-0.374686012995409	0.416719175756185
0.219246578507536	0.218370803887274
0.338118667932859	0.357326586776252
0.725782028313772	0.804675701186428
-0.155118627678387	0.143915646225833
0.733205849970627	1.09221816465844
0.486666943940691	0.549628552109319
-0.397432493946329	0.445064903883465
-0.425025129592888	0.312358659683429
0.0264854844085049	0.0217773458691705
0.463930732967185	0.358269332939719
-0.0860690357237397	0.0587142450871828
0.513316101290706	0.255853736499334
0.73917039610108	0.310659749354367
1.01259702482732	0.569310227944054
1.3746269607983	0.84118895816159
0.696650584718752	0.511558165572824
-0.0443406883769272	0.0255212519885712
0.0643030552050729	0.0339911377560672
-0.875256233699159	0.47380493380478
-1.5577180734286	1.09835695619577
0.0632992016098889	0.0290859505926635
0.523152233856496	0.265224172604001
0.596795994811372	0.189461070823454
0.128673740257697	0.0256349097748181
1.24794790586082	0.531618045890195
0.100176454711653	0.0251782250448321
0.344932550014344	0.374332595290911
-0.751900588106778	1.02771208694391
0.262357192237885	0.330126805691154
0.0569751589285243	0.0430198132144069
0.692186176632082	0.89771926404717
-0.0891492356623712	0.0846304022500419
0.169856810381662	0.179077570560859
0.422448590733723	0.525291257551249
-0.284264429551512	0.267341231322919
-0.0906363775972111	0.0876849505259064
0.263386818704127	0.27125350374829
0.362125267879049	0.456019875124722
-0.125691621319732	0.128040508367425
-0.135552403363354	0.153471754320439
0.2221090125767	0.233653544614641
-0.0144698484486457	0.0133260040739976
0.585235645299946	0.959081965520707
0.0389564188872519	0.032826757224488
0.0548289882365062	0.0506481929767588
0.374260225130856	0.519853925997161
0.490712279822169	0.656247391792463
0.582844772645036	0.825997440226313
0.103277948033817	0.0971299473745478
0.707282706903533	0.812158218613566
0.272630064809194	0.269866235283139
0.161277958377411	0.161636902360393
0.211021616032858	0.22543054047025
0.369899623565536	0.35912072046686
0.372599049991465	0.362129064745315
0.360320353548268	0.354936021989115
0.157233981307632	0.144595126234263
0.211089528724415	0.201622402557919
0.0674667216032539	0.0530365457992925
0.635347626991228	0.592257636173933
-1.06416779532705	1.05215677206563
-0.948775358676573	0.96172798537575
0.226017735008088	0.135648459496662
0.303447745325919	0.129693282405848
0.0600562076025556	0.0249429253871871
1.24902601731975	0.551051541082361
0.983920464274851	0.476535554682177
0.990390369788003	0.460288751703263
-0.60933285586167	0.244012188642137
-0.762515732426181	0.54255175262799
-0.424829975781002	0.261563659061221
0.352191732822152	0.232448661206118
0.375787688106172	0.231393962838258
0.77188928063942	0.52734509766402
0.817528191620867	0.430472173413981
1.39515102136504	0.462154680029554
3.60564710390411	1.38902878427464
0.107411277104442	0.0267810083199753
0.1303545361838	0.0257153407808376
-0.417035104579625	0.125423427024626
0.1303545361838	0.0257153407808376
0.312661159281884	0.137264678308628
0.54264243259859	0.79541776079221
0.72630604804848	1.0036391675058
0.201341440827937	0.184893875838289
0.475135344646408	0.538353650350174
0.210959789513569	0.233490562772799
0.301605756783369	0.348945526008516
0.403762063322888	0.525626930283544
0.268762933230347	0.324270424532552
0.0148719357757227	0.012103798990867
0.219802272869541	0.284038536651742
-0.254188752550807	0.295555504330296
-0.653158481216891	1.03569220021849
0.130643026452617	0.137900414268411
0.320978037158237	0.399143042535448
0.062640761220065	0.0585932961822443
-0.3022077688721	0.369240551759658
-0.425399635733986	0.552852781741277
0.386470613791825	0.520989226255434
-0.20873089127403	0.23149859250821
0.0348949122270706	0.0333765906642035
0.806751175222313	1.46037049795146
0.0402541680930401	0.0341789384905773
0.445091648211008	0.550359568323256
0.81951724114995	1.19220394381614
0.471138901033431	0.60746301002006
0.165625024942056	0.174607164589539
0.26349388495592	0.276159965464459
0.218994697487539	0.12979581689755
0.872320778140205	1.20127014594589
0.665641378386898	0.708965620908126
0.692006176649188	0.505727038622048
0.875600069387911	0.556248964361467
2.18546564601597	1.59666664825992
0.273119798436084	0.130045082474285
0.623412415216078	0.387245578401487
0.233186137757088	0.131214745516041
1.02905536399809	1.29561245116315
0.908654215553731	0.916728519197877
1.56305444938276	1.35417215197587
0.952525105565734	0.356469624402561
0.309154580877069	0.13550471178241
2.04280133646375	0.909738976478558
0.104838404507194	0.0260417581861871
0.0738420180975603	0.0217871238546206
0.0620031875781361	0.0232431129015979
-0.237074078065879	0.0893206303140337
1.39515102136504	0.462154680029554
1.48965385648215	0.728413094128335
0.454090643642968	0.450929246051993
0.72142841110517	0.824867038166919
0.143225260693462	0.126434315402673
-0.0483134369767843	0.0437546906775715
-0.291271145773488	0.304783614697043
0.204463307032403	0.182967697248296
0.218778053107781	0.205256169374839
0.347564750090806	0.367337260892964
0.136046238554766	0.111688253384797
-0.10340352925716	0.0972931674651808
0.783786069402347	1.21120561997823
0.747337248509169	1.11248403593975
-0.173861756637016	0.155442319222124
1.22530793277399	2.35624764728262
0.511242448214391	0.553005061787497
0.282633748449991	0.275849367073357
0.266819576685282	0.271764605513608
-0.613267357601673	0.683874369786476
0.358884527253644	0.355060730161763
0.769560531414689	1.08020335808475
0.706914769523191	0.623354112314814
0.699052210311742	0.798329547037159
1.53389963013442	2.61324132885238
0.225117531545253	0.214214844743246
0.409471863823454	0.354038559212363
-0.33310671677727	0.172379945340353
0.923535153236336	1.14968618744896
1.32401220893656	1.65889812320108
0.229633715869646	0.127768877488619
0.902698377459129	0.688680049104926
0.701166823041614	0.401142697673106
0.619876610904896	0.380337540646502
0.604903865714691	0.278923670790428
0.411196371237497	0.244733238562788
0.595602538872684	0.186980939514248
0.958018501304285	0.359750363369404
0.0788319710027096	0.0231892816299176
0.210148430295711	0.1891257887334
0.288125682791034	0.279967936252541
-0.0989717154788237	0.0772184078108975
-0.167793901515688	0.137470434537056
0.296599026267817	0.26504282358021
1.22863115153928	1.6716926550946
-0.0454935707035473	0.0318091064443458
-0.1698082547013	0.174531199178703
0.13158952616859	0.101860060156221
-0.678231775830678	0.872711598959605
-0.0222376443520816	0.0163315646885453
0.41262410750158	0.454417768395395
0.556805734556616	0.626723353128212
0.0900186829366068	0.0807412098215569
0.216082806765271	0.19252727974992
0.347405803272872	0.349392064088764
0.968503982171088	1.18348941489266
0.72846413679355	0.919050066059896
-0.0705379589968711	0.0563087591425431
0.261263806499461	0.275163772774563
0.982676849327721	1.28594880002614
0.375957043626529	0.335141965776125
1.7256362428528	2.80887146997636
0.862444769802191	1.17921541086466
0.372298815201486	0.350923684856535
0.480042281542992	0.352347023486004
0.209757241612548	0.131932115604846
0.123361998761086	0.0886614501755657
0.123857585510697	0.0896573099517574
-0.0733469363703034	0.0398497352283175
0.0659780124116174	0.0294618236127802
0.45697446486186	0.251443806489526
-0.369036151307208	0.24036599148633
-1.57188251650768	0.82757739049064
1.95505318678058	0.508107179378978
0.923235222002806	1.32115661157987
0.355220181421149	0.233900753405487
0.438253543535968	0.354539049679594
0.1296840254274	0.0985208333802714
0.396031936734308	0.352159134697407
-0.134055981020348	0.0871704571556077
-0.279883455115146	0.192530990689076
0.119641617797299	0.0831216084004929
0.721851523019841	0.719701336691995
-0.849143572815913	0.997185324188666
0.29624541763392	0.27003886346623
0.127223973186329	0.1008011306173
-0.291215653442271	0.228570524929563
-0.122187671914794	0.103860734876363
-0.615074052681913	0.656008375010183
0.486741478508406	0.463089911818808
0.694873533670334	0.501531102838228
1.01611038343851	0.715074218551798
0.559803512076316	0.366180826303208
0.108271931474745	0.0723030946268183
0.41994677448016	0.363947499912786
-0.0496798449502479	0.0286327598303284
-0.370779642950608	0.311307166241056
-0.268635128395066	0.233369824157391
0.819978649457132	0.880591383765336
0.469214129813869	0.246294464697356
0.934597035612077	0.813320032974454
0.0660377109202488	0.0351345962120772
0.0929900997187793	0.0559193917096853
0.225306536398457	0.151210191940549
0.744350119874153	1.00131195823548
0.281813348698714	0.274009470621358
0.648490815366113	0.779641107604143
1.02683894990231	1.5272691057104
-0.41884885106802	0.342093520109593
-1.09808237349679	1.20017638110966
0.512768744928322	0.358528707196019
-0.322324866736675	0.215681278085799
0.867837017005082	0.779605739052734
-0.0719507723177077	0.0397855260862199
3.2362348724944	1.12536520581718
0.592071237601073	0.185464593047035
-1.25243118558316	0.731869884016985
0.452457215308686	0.246784818522898
0.356971608387098	0.138283206128618
0.599599921271448	0.187818799964686
0.955893975007084	0.357441003948665
1.01810847717917	1.18537023613536
0.381275314793418	0.242752718937494
0.38236397736829	0.242341116745081
0.71132035395646	0.620278121721662
-0.71061623138807	0.699346376446676
0.595414452439723	0.474557151624896
-0.462464133908949	0.371510047705521
-0.280604667211822	0.18999855542155
0.215406259270654	0.154829266957011
-0.369234742119364	0.277512232957741
0.072242506764942	0.0384314537091341
-0.476966747371752	0.45818405298266
-0.084228084097625	0.0569321625145651
-1.09061970422408	0.987806183114819
-0.643880999571798	0.638956554514451
0.562598550974891	0.374501047076587
0.0671618654086246	0.02983305973917
0.217601017024544	0.137978729215612
-0.576867080678722	0.305272584871712
0.567096446958483	0.372483705621662
0.305944212220166	0.256467455918647
0.248464458225575	0.128287999994019
0.290508298348543	0.260294544126747
0.81942865755747	0.766871752297237
1.31268893154589	0.950875047232687
1.08132770587453	1.12284274531383
-0.221133112332491	0.177328555247186
0.403070861855454	0.344810897222617
0.6350602479175	0.595892379086223
-0.927730001903133	0.99709479624472
0.0705607059833643	0.0557456354536091
0.213017969177672	0.172660148945793
-0.365444637835279	0.330062765559643
0.209776626330234	0.173472833633614
-0.120667672318028	0.102980082339494
-0.714978604414803	0.754054624159433
0.641691986595055	0.499435244159569
-1.4286427201383	1.16231109324408
0.219218651640567	0.132005168025756
2.35085790182684	2.65670222257985
-0.269758333873529	0.142778183994562
-0.122699063579005	0.0599763203683565
0.464945748322714	0.362597064791724
-2.14839195242792	1.02082649640075
0.716351473452487	0.391623962439473
0.975835175966575	0.467904056634461
4.12724589285364	1.96016419751285
0.0780132665837712	0.0229032129844215
1.1958883623377	0.646880294453104
2.05421974608784	1.97045911143285
0.441311640682741	0.155923093959735
0.0660533919099082	0.024786693792521
0.362663764290491	0.142761422025208
0.904668349139708	0.244160033683449
0.596083778526746	0.189504459039619
-1.19784335260944	0.369350353315111
-0.178840720952005	0.0742355554119865
-0.306103456081712	0.103953948054109
-0.672634734032871	0.168778157088256
0.0772813882205756	0.0227389622602457
-0.669048548957132	0.166806025156139
-0.18028364796	0.074932592766595
-0.672293539799	0.170698973183562
0.975095036351814	0.467107029356598
1.39363943297104	0.45623985866743
-0.234555310353813	0.0858817314496095
0.599115444625797	0.189743110758499
2.73820213311211	0.822889799219994
0.596795994811372	0.189461070823454
1.49043284038542	0.734868102104886
2.73820213311211	0.822889799219994
1.95505318678058	0.508107179378978
0.444990338006421	0.15765230917918
0.597014207441125	0.90327866927541
-0.0189352269912791	0.0174720650689111
0.54618074379223	0.473832375433825
-0.414451731747947	0.375849982832104
-0.136002964095874	0.125544433315912
0.060231513262606	0.0225398317375203
0.0666024814912915	0.0301731834444088
0.229856074188199	0.1298001381758
-0.198695890445946	0.121903146928875
0.384648876455769	0.34982366684701
-1.00794753006434	0.730796696579355
-0.29038055810063	0.22737565883544
-1.16705947528408	1.37464635249932
0.0618015285061207	0.0208222215561855
0.496138923510659	0.552861314104152
0.214864975184555	0.246211404543989
0.470908731007398	0.527319211760905
0.0666621533794615	0.0715588457500921
0.127929198757005	0.0993964016994401
0.112383228756575	0.0741855618726694
-0.0117503169580472	0.00989094867164575
0.636520595967024	0.995080572944433
0.282772173282252	0.274835509062844
0.712331257981542	0.608493122933793
0.0617314135195101	0.0252340614736843
1.2482597002861	0.549642118654214
0.560765564622344	0.363864303323254
0.359913648077026	0.143662714171178
0.0585202648481405	0.0241529783037043
-1.31252284109752	0.996014651509526
-0.883780472730639	0.601192363792156
1.44523204742181	1.16164095575407
-0.191738173890905	0.0781938030609514
-1.24663992102812	0.721257880435206
0.706813229183653	0.614931516379502
1.45079145113358	1.1620533470554
-0.631937064236848	0.405265175335906
0.817083780017577	0.423725009236392
-1.75633592678864	1.04342194758688
1.37512138862027	0.829286844384895
0.446869956929299	0.159929488283419
-0.881890368796562	0.686097504048147
0.997417097142537	0.592321115928452
1.30884605087308	0.946838228954809
0.736375578567082	0.309304985206354
0.960814142999821	0.364879865853423
-0.114385905603831	0.0558880924173053
0.221338795297834	0.16302305923173
0.73333040080591	1.33595442540694
0.383556333041069	0.352604195926736
-0.168704919080358	0.137536319799868
-0.16919065470098	0.16674191818901
0.616079959760906	0.602351174555335
-0.71561960738944	0.751014236380454
1.02132818454548	1.22036329649164
-0.461676282640124	0.370394648392351
-0.772528086887682	0.549366620830826
0.711173577895873	0.627285088352843
-0.593680344406438	0.461874577027735
0.0745752484970523	0.0588473288714124
-0.619538094889665	0.524636620629038
-0.110347056609909	0.0848996407646588
0.0365768684104507	0.0248065007094521
0.0609720707321053	0.0247562405002062
0.0723248842318809	0.0680376134168051
0.578362986894392	0.676098275387439
-0.0442903414754122	0.031270717762442
0.40455002799773	0.359193739004875
0.908563995080075	0.931029691591303
0.331510036808244	0.245790163996358
-0.574392994314837	0.303220466840547
-1.13437007016527	0.924873741513036
-0.688307936124699	0.573240227687291
-0.671875278627372	0.499234047023332
0.249418688962043	0.130234767866594
0.230048368683747	0.144495104079586
0.689259202529251	0.498763828658091
0.357472897139363	0.234543057842655
-0.153984243140665	0.0677909245596153
0.381234792541238	0.240513706536409
0.564664215262468	0.471100164463032
-0.974323258126348	0.913746727030719
-0.672728963730255	0.49015669683139
1.04580514565764	0.985443652209168
0.249135132940376	0.128668841601512
0.708167569366453	0.392167128141148
0.357576865052905	0.239766262770656
-0.851146884741925	0.387701487968651
0.868750623361641	0.556660935469648
0.525837796393865	0.261670658672603
0.76577925903801	0.648772813610085
-0.186453160894093	0.0767085917821754
0.702298898860593	0.510643034162268
0.272341699356104	0.131599453655939
0.418374447899409	0.242412429912033
0.336329640338098	0.247657454986774
0.373612352120589	0.229170625381618
1.01210411266533	0.716043399365195
0.640918969508198	0.499112977452444
-1.13666407684021	0.926676359329798
0.762834001944186	0.645390959863672
-0.241065875608821	0.140871953008172
0.576985024819526	0.568341659162574
-0.19550115944727	0.119751942883273
0.077907041325857	0.0432501592504513
0.220332975842981	0.148456050824619
0.383928244732016	0.240716268231249
2.14791839189327	2.13342275784689
0.274517188190907	0.131836513224709
-0.184061646825987	0.0740868820425819
0.574436351029729	0.631593043176222
0.517979625926591	0.553264270398705
-0.039117969246987	0.0321003626167875
-0.158351701649266	0.130672477459389
-0.22348713807663	0.177471102719883
0.64545835087709	0.698733342542167
1.08101689599362	1.25978677686453
-0.0700691949195712	0.0381371386518053
-0.111774234845975	0.0745346001950316
-0.0836058771420636	0.0563464438724005
0.0395611329975683	0.0317655712030906
-0.371826262588746	0.392101568912327
1.0911033802364	1.36114788097668
-0.0307324168308443	0.0182603686126782
-0.530379263071793	0.505119700732532
-0.184318727486335	0.152561382045497
-0.229847351946415	0.185533822289404
0.129812100202008	0.0932358011501519
0.219623788566071	0.140799518831934
0.0542871023775694	0.0392245169656642
0.418688997146633	0.244752072173119
0.872693791176509	0.790260074759176
0.381974650507748	0.240864597500722
0.524705643686871	0.477850155180414
1.04949001239332	0.995542974360409
0.217488341104391	0.137264017762784
0.76566410968008	0.647091428333828
0.539965252020743	0.465699579560187
0.064236543393043	0.0492308358425214
0.29789865325444	0.261959699317033
-0.117910385858336	0.0776033143496474
0.0704861177927027	0.0379320439501441
0.812826154236097	0.422300847683199
0.245501105624721	0.127127248917879
-0.555332133439965	0.374892722537579
0.224717336791581	0.169896687793238
-1.44204980984595	1.39094151604647
-0.210826189419166	0.150732505663078
1.06902866363776	1.53469078167633
0.386183629524391	0.361420422835803
-0.686964914797451	0.568238543061943
-1.35081760947514	1.65228704672437
0.0731883575886074	0.0390468079581387
0.771221497057284	0.753818871138534
0.339588562019075	0.238705292953956
0.309154580877069	0.13550471178241
0.69898198887889	0.396441796442641
0.149094721427884	0.136136138140448
0.466777630444758	0.461334028177494
0.708121038964957	0.607758772023676
-0.00848295013442854	0.00514714326426967
-0.0600696861272491	0.0412703869555882
0.914810048184907	1.30972145687268
0.602137794843154	0.483773746263853
0.494028961078082	0.455334054987743
0.365268138127115	0.24240157229285
-1.14141653925406	1.19850276806523
0.516775807164814	0.538984239829695
-0.453457396555848	0.407419854027697
0.21807851453934	0.170909675105449
0.318607282723178	0.255767192272024
0.121869469719657	0.0887635409516232
0.414936004854392	0.340361237218281
-0.489483551026762	0.342685178420974
0.217438794546093	0.176525588347999
0.54385501443501	0.475444288173552
0.643540504328945	0.494562828661654
0.206818707104707	0.128784291608167
0.55682511107507	0.360524643904867
1.08362003986709	1.2600469883785
0.297945685014603	0.253726495338805
0.455489194945077	0.338196855340154
0.543016549728682	0.470459700383235
0.612526253573413	0.4942377105382
0.474453467847462	0.460638961670606
0.216342515264298	0.137957124240207
-0.232965695782915	0.0885442115965359
0.769062088027864	0.53055044721911
-0.237820559870687	0.0899074440776171
-0.416742283307998	0.253880999836348
0.598040037741032	0.483688085334944
0.488775748522702	0.355198182955493
0.57986643610625	0.568975629585223
-1.09078639956036	0.969857528663296
0.464885785898611	0.455109564160564
-0.20826816126868	0.123790146021158
0.212601538875772	0.155788415965038
-0.0304030492786989	0.018048982948315
-0.206297076435478	0.125442709010851
0.419237766681811	0.244490681299055
-0.18547088107631	0.0766248950461776
0.459784070604464	0.251379225374977
0.0656857406548986	0.0221501881029368
0.0658188837658188	0.0323744586143049
0.279367571208871	0.133931962363175
1.37904717111912	0.837361468715973
0.761141169743493	0.647597056347648
-0.461607029637165	0.373938661207915
0.45091623797349	0.453926060815489
-0.107904260140225	0.0716841881014955
-0.689547665738719	0.578638424567203
0.0264747251192878	0.0173491073228667
0.395506963009715	0.345583949480593
0.218847646952995	0.138812401777363
0.346228531855371	0.2457682097769
0.310855089619881	0.258240762831219
0.11436231058558	0.0766728151252698
-0.319020190561645	0.215193172997116
0.942178154108422	0.81868101949254
-0.77430867673721	0.6201047082075
0.215574289693793	0.13482235304183
0.842810363809813	0.960448733623165
0.223620852153322	0.15760625333617
0.914561696885165	1.12435487464263
0.46030512572492	0.357219687693879
-0.879898232882224	0.761405823380898
-0.112668018670514	0.0863624830672271
0.43764679306895	0.345812718118932
0.519966158729438	0.260815196477758
0.876425226423819	0.788858611360006
-0.661068697204631	0.688180164497798
0.845720072374217	0.871398993870393
0.0671778040078923	0.033483557308963
0.604525449669251	0.492291942741563
-0.195103773039017	0.118018833086068
0.515811522910418	0.356532393099224
0.345506614381341	0.243677372267506
0.52282092965179	0.365383993076645
-1.02855111066256	0.624997463657274
0.362663764290491	0.142761422025208
0.770008511439455	0.533095095776888
1.01441709042346	0.726766368165366
-0.192306467327256	0.116698869962934
-0.49131911771132	0.286529351885875
0.43764679306895	0.345812718118932
0.438111733817864	0.343832626492906
-0.675652864227091	0.500367716694907
0.518648857684781	0.261332761741295
-0.874413446195516	0.491701099582933
1.01174992661666	0.723491449690377
-1.40923996659391	0.897728354445344
0.376790266023444	0.235067842325847
-0.393512926852437	0.183932929823396
0.0649300761668955	0.0218792745573279
0.359198539341415	0.142924931662882
-0.232965695782915	0.0885442115965359
0.10515818389286	0.0265978431489755
-0.236568384252724	0.0893619351531397
0.960814142999821	0.364879865853423
0.105890524878761	0.0264349398300663
0.953266167609992	0.357374512628903
1.48403320729733	2.40946294447089
0.439710694693987	0.444008666045525
0.454160549247403	0.433902943604518
0.753967792005789	0.92096533379485
-0.891508039299437	1.21593866037382
-0.329930167917749	0.253813100605399
1.23386978566964	1.83232844623186
0.136641556591385	0.108715243334462
0.444961753017627	0.441829032401203
-0.975540868141206	0.909294744531558
-0.634537439487949	0.720216926725995
-0.0380719549496199	0.0303424586134245
1.06259878148142	1.56072278208693
-0.427386694819183	0.405015606750571
0.541928601938228	0.473417031995257
0.21042022282274	0.165389752760735
0.289480700004759	0.260670483757007
0.220814316020741	0.192007412209291
0.545699784701552	0.56627892637229
0.328831281968803	0.237458988289122
0.330155661855091	0.240173470414153
0.340080256659524	0.239891510297469
-0.631398058312205	0.587589072655395
-0.703504512258513	0.67690777982535
0.126340185232382	0.0938109661473954
0.44537967790211	0.357436390851556
0.565176595553283	0.372551831748381
0.346126108085803	0.24551651383002
0.295829785447634	0.274056065316958
0.213311179085297	0.159876028288388
-0.111613804714442	0.0744697682004728
0.0916891942261384	0.0556531830199199
0.699109063593564	0.724491906887959
0.807140526625358	0.970230724071937
0.452156917152082	0.364811899560184
0.713199963393715	0.617113272259479
0.601689097347533	0.484204720931916
0.425881311781302	0.353154746794658
1.06968349847409	1.12120993702717
0.214139959094555	0.126490927601582
-0.0637675996589431	0.0438023508708143
0.914900323293664	0.92861732002163
1.17050626802827	0.764096321544251
1.00337704054632	0.690092460592213
1.01161387935609	0.715046208431331
-0.788369168518546	0.618305995239381
-0.763550034833726	0.541094843172248
0.485473618234616	0.358735018053588
-0.667932922216402	0.496649763570575
-0.159915684559723	0.100370918808402
0.82330366869056	0.66903481199165
-0.576820619793454	0.311193384360707
-0.100200735590203	0.051668272753114
-0.314925118531392	0.209464457715808
0.070555281806959	0.0377378305992192
0.30455655459272	0.132705861338259
0.74294936200173	0.307344716540548
-0.392788901135663	0.185645566046097
0.0618321824136046	0.0282623958969552
0.0792624349789152	0.0232191594274038
-0.1823255306315	0.0753939859374873
0.443160440226769	0.15916220103121
1.49420963012292	0.725417634658058
0.979600083125419	0.472495124689629
1.03155914306156	1.27579032240469
0.666619305933796	0.713112168316766
-0.311302454826359	0.290331882243914
0.00154231972655218	0.00115343978148321
0.527226623413053	0.472559483804048
-0.0845986646865502	0.0578587320799777
1.17775584342622	1.54560616672076
-0.511908338895347	0.525515156254149
0.706604090030499	0.809345677611924
0.423379122017691	0.444505327428197
-0.14278354557063	0.120722248785058
0.787379244441776	1.21650170668885
0.0123205146960629	0.00818298640436827
-0.111131849216269	0.0732534963373435
-0.324059960166042	0.272230655889812
-0.092854310536586	0.0726096979397453
0.77392952566919	0.933781452943878
0.225636330728961	0.186525096787552
0.300881370806306	0.256203271268811
0.205130510672734	0.174265146848901
-0.198988651764957	0.16236625798471
0.0328547607193152	0.0271870956638114
-0.413738272482774	0.371494097495615
0.462420716503648	0.536762325260657
-0.458461744937997	0.3689202618189
0.562438746071857	0.562232616678757
-0.219901149354816	0.195061271895497
-0.464225684059642	0.479355506334655
0.122591670952579	0.0909750797036747
0.521835948502461	0.473112751029019
0.309800337863864	0.255352752662456
0.425969035461072	0.352957980818549
0.453696080426118	0.459754489892621
-0.469252197571346	0.381543699320413
0.215997315201678	0.137760944598159
0.0143389835189724	0.00955160140962246
-0.323183983320419	0.244175031544001
-1.34903141522293	1.26570331891723
0.273556876704406	0.131891097065711
0.104426122061374	0.0262022938178345
1.39784630640753	0.458224315963405
0.820531768310448	0.425845312107601
-0.483454029787693	0.212436914634196
0.825940491956246	0.42279723745717
1.53918147273251	1.03136959212969
2.27617566704797	1.13928397761231
0.114158520414029	0.0754398258078111
-0.33408057483713	0.17170495559237
1.53123343422431	1.00782155821108
0.455502913347463	0.250115558230733
-1.0309854477287	0.622524672229087
0.897194103349052	0.67452211933414
0.9939784323885	0.576767698744373
0.904668349139708	0.244160033683449
1.75453049304182	0.680753611047837
-2.59042803651223	0.725580173516583
0.905420857145439	0.241046379590989
1.19355752441932	0.65328045719039
0.123448775665577	0.0247059951683344
3.60483688400745	1.40662099083378
0.0895560401156271	0.0773799534079843
-0.215440470498523	0.192031703927928
-0.684170200882499	0.842652756910346
0.734228634472393	0.89866002284832
0.809886492597197	1.05844041012084
-0.228191181800609	0.268764333852666
0.0358641737240011	0.0304538711456378
-0.440163855280428	0.417746322386999
0.488630983866773	0.543003853613
0.725422150813788	1.27046314068892
-0.707449225258764	1.06275004701975
0.154666923663309	0.135549560370653
0.715145151626157	1.14911108249227
0.09079460777387	0.0800331767394713
0.574411409971665	0.7428260514302
0.299075457087064	0.263974295940277
-0.0304150063310181	0.0253407869417465
-0.252322773013317	0.242670255046005
1.27798075631483	2.42857365347936
1.03140289688397	0.841478898462951
0.562437433948587	0.731163557387559
1.00047976221126	1.58314931580323
0.601009702993201	0.757384786501684
0.408114871009857	0.445156513120231
0.67368696133718	0.791101753568332
0.568260569928777	0.65997033789477
0.53358516160843	0.553001951801045
0.214841830595983	0.18037997182663
-0.0734661613063395	0.0576600614909706
-0.577537586252832	0.310514992507715
-0.240570743847184	0.169895547272673
0.12920880933529	0.105612314275802
-0.37677740970264	0.280876077566529
-0.575158988949618	0.311301819921733
-0.603698934446028	0.238341658828734
0.0545761063356412	0.0203058250328758
1.68038562918139	1.22226929628264
-0.111481104549831	0.054071317063901
0.0687118338011687	0.023044626669583
0.377350773384553	0.234125611588092
-0.335076308827037	0.25547246607518
-0.422916304309939	0.2538445911014
-0.12011867249014	0.0590588278460704
0.308435389376559	0.13507258431413
-0.392801492691444	0.187347273406575
0.812110534531568	0.423308876408503
0.735393661639077	0.308362454144827
0.741907730879067	0.302736533043509
2.73986151874249	0.820070423124911
0.079780007123061	0.0233730073635865
-0.671952417156443	0.168796242500662
0.1303545361838	0.0257153407808376
0.0667276920604311	0.0222268420643055
0.128673740257697	0.0256349097748181
0.106304201462902	0.0262736030197679
0.907567401270687	0.241961599654766
0.264779793967261	0.282065165369602
0.388744088501319	0.563961238615227
0.457196597178822	0.540950606929947
0.0628819621113196	0.0576395911297167
0.151995319583498	0.13933723395375
0.553397748968484	0.656112746836203
0.610885369828826	0.93577588040035
0.693400370035947	1.13703735849107
-0.127452076029355	0.109091690861265
0.106719758785887	0.0994735296329019
0.125260719813865	0.13145413141426
-0.145414462598677	0.156774297618909
1.06315718264831	1.94390219191651
0.499405083565854	0.638425395685951
0.789355715813248	1.47566614231272
0.292103136877415	0.279052621977699
0.391691005251064	0.447281273147485
0.319687116172126	0.337227472064125
0.170425337905128	0.176749090196808
0.0360007215801462	0.0304833575288413
0.31231890568604	0.355019014805208
-0.293339849528966	0.338507704484298
-0.565061837283906	0.614194831512045
-0.429488665681528	0.448165927430191
-0.596610718291793	0.713472698096696
-0.374919730650498	0.371896326760991
-0.153001286959076	0.148461654269006
-0.45096604479746	0.404856639375746
0.683021024008375	0.854077043841999
0.390032600384922	0.454690573554119
0.402005992019635	0.518797492289046
-0.0963078149375323	0.0843379015469269
-0.0161120471613639	0.0116754667308656
0.600585280205159	0.48498437916446
-0.665381804988873	0.708613426652392
-0.200672643549057	0.120634380340077
0.0657109074052769	0.0514330728072414
0.415560773830399	0.241274924788892
0.364926133922234	0.145086094590518
1.25055630095677	0.543324332737258
0.0775822416444282	0.0228604783209808
0.863569254936321	0.539402370067845
0.563907336887715	0.369333058582335
1.29813429242087	0.909226597261708
0.629728490493658	0.38644706382996
1.19141059599537	0.649707298940526
0.864319476157655	0.774563210307134
0.964720298321081	0.355677249482234
0.567143520991101	0.372951830337089
-1.54564624612796	1.38356446874819
1.39005426205189	1.29203903398928
0.70067503537779	0.40170667360707
0.59863081608263	0.187229837636554
0.735623576030552	0.309223758483486
0.108145869116013	0.0269229112941136
0.360627921520169	0.143845143139584
2.03867762216033	0.910709981607031
0.594389921531912	0.185745690830501
0.0783152874483335	0.0232771178433372
0.10515818389286	0.0265978431489755
0.587642685589352	0.583157973421401
0.14104393027047	0.119339721061126
-0.144754317749251	0.141136882083258
-0.177350003136619	0.16008907544037
0.0829570227260754	0.0725515519400263
-0.0552762037336042	0.0446165130686687
0.805735774676386	1.04619642506985
1.09569390971935	1.7701421972073
0.45011910722369	0.555590750853375
0.797009461440638	1.16672275186417
-0.359811392647201	0.372487130443862
0.102285681901693	0.0963308799164162
0.461603718585958	0.534011097665583
-0.102008372465979	0.0963226304606459
0.465708914056003	0.547731758792601
1.08447570745952	1.78413744035339
0.214973260321871	0.215760145149273
0.141322732033789	0.122782962622363
-0.238911946910217	0.211093718508002
-0.616062415517636	0.650776835700697
0.214813986860003	0.225489496422583
0.641023208410303	0.845362075424686
-0.320867229157599	0.360801595784853
0.299298097046706	0.261493254512531
0.080199749259866	0.0671736485717485
-0.0948900991570196	0.083528754855451
0.818251407835092	1.07423421705401
0.802149760654389	1.04824312287601
0.529437675886574	0.646596699588848
0.0927795801612523	0.0815638151245884
0.428879209623595	0.453109485725233
0.962767117347645	1.16169734078762
1.0098365605371	1.47855175687832
-0.344033410971726	0.340037155477791
-0.526477307555663	0.644303447868924
0.896723488607941	1.21007853751838
0.0899939861245988	0.0544087697847399
0.383348569544748	0.351638200612633
-0.490597460526638	0.427930513120993
-0.777358612293921	0.631341529188355
-2.70977528033915	1.71671425904338
0.0585649573186414	0.0219564842649016
0.27232059120245	0.12933335917775
0.0697705289520496	0.0345332130312983
0.0720607527835432	0.0211029130240927
-0.36580541938417	0.236906790845696
-2.86323349598741	1.93143603895096
0.248071288277928	0.130742689415928
0.312661159281884	0.137264678308628
0.223130668292415	0.13395930061451
0.0649675000414704	0.029676467512598
-0.888999975806965	0.596152714511968
0.0806315625572282	0.0426287495822207
1.16104600658477	0.74145289511072
0.961334601985709	0.360708905177153
1.39704018207567	0.45637087634391
0.596083778526746	0.189504459039619
-1.19489269716402	0.369136963113605
1.75501536797773	0.682077746696108
1.24979155206649	0.549502354194424
0.0683761372302434	0.0200748302485869
0.414474841351831	0.531302913633898
-0.00416650187277039	0.0035434966948711
0.630134613242778	0.771808078476178
0.212757150433909	0.215713307961284
0.375299304263362	0.360016536043374
0.20952954444499	0.198908202780685
-0.480366862113715	0.623372495118633
0.315548301998694	0.369812721455526
0.391575199226315	0.362870180869228
-0.119176867739159	0.110658561620943
-0.0796119758957051	0.0759242086197287
-0.400930258640746	0.423445875541432
0.289894172569452	0.288922380368084
0.948189170444644	1.63753510199922
0.531890022722599	0.729731005723598
1.13026245920635	1.92205907058956
1.11626485801166	1.68400531950004
0.212233073345788	0.208610846732484
-0.533574680242394	0.606651953301482
0.514308313261849	0.527702237858274
0.0453171129823199	0.0319216291553866
0.999900982119247	1.27335458064866
0.305279515371871	0.263482942794354
-0.635982144694245	0.416219689519097
-0.36775359168733	0.361395675156531
0.143618119799091	0.119162736993861
0.58540538623783	0.662803362879498
0.0892804179533683	0.0782407450333546
0.38809608627232	0.358306304275045
-0.677295316650981	0.808031366060133
-0.614947986786323	0.527433968733031
-0.327155939577989	0.294931790913372
-0.0821524689068362	0.0559791661927616
0.277822378411651	0.2623559649641
-0.0682989014484958	0.0549629545894885
0.3580809695813	0.238336993971372
1.24760297216742	1.34333496000598
-0.0260118321464049	0.0154053705824233
-0.0517936785235691	0.0294629765190775
0.244178476596588	0.125334015048839
-0.869009320624418	0.48868611722554
0.596083778526746	0.189504459039619
1.75309236948435	0.681800575444559
0.979182181404	0.466195535374399
0.509406115956977	0.352028572263972
-0.305022984381227	0.104097161448539
1.01539699100192	0.724908204347012
-0.671296504524601	0.493685821099726
1.67705446900783	1.57038371318959
0.700444939554248	0.398432556040513
0.0602144564482075	0.0274623693026018
0.738418689089366	0.30715594261813
0.0746363743051147	0.0423638933109243
0.813902996523607	0.427247391037626
0.622923846759729	0.385944888495645
0.903916047846584	0.241441538672976
3.23705358947669	1.12361051044471
0.403440773237078	0.443083083452437
0.921595659045208	1.48741526593769
-0.472968860732855	0.489082477178383
0.895923593069117	1.29955147578923
0.568014473776723	0.816457809166906
-0.154684273309198	0.142274591112197
0.212416365869406	0.206566630564614
-0.0535861898266493	0.0478731756028768
-0.307239758693661	0.282269749616121
0.375024373448709	0.42663319125545
-0.280348801446424	0.327772310086009
0.158224257272374	0.159320677110836
0.34798968731047	0.374862177322614
0.637346187261299	0.692210571627921
0.56445888575755	0.729728142938296
0.178935817974878	0.20461019616877
0.589121043011153	0.83373585956093
0.219775244726782	0.165046351398633
0.213772488636217	0.182599767519792
0.525447332377354	0.564157721503667
0.0861966176858393	0.0724054677844762
1.08225972915057	1.75383623872009
0.651319873141219	0.959183699053822
0.156667495537961	0.147424599597666
-0.0368260175914742	0.0265352943212778
0.140947647782752	0.129486196836979
0.219723925120793	0.185216606713036
0.342549778646314	0.352342206029683
-0.0516663289525614	0.0421856068422459
-0.537113689622125	0.534212013435943
0.29670549557116	0.249662717069359
0.63220381912064	0.688501383308668
-0.0587405221474976	0.0464051561015437
0.0711123711463348	0.0562906346233116
1.13316318942052	1.57143708271504
-0.502436323625933	0.498244719746563
0.421518435906307	0.456985062362339
-0.449839949699138	0.49138024303817
-0.0881749528405997	0.0593169701741499
-0.867671407859926	0.834209467575953
0.586601645022442	0.590499244083987
-0.316080530322353	0.213634989343849
0.453174215625397	0.247335049290305
0.998706017631186	0.587392253608126
-1.11355638219253	0.460069989732034
0.960595216283844	0.356972992126071
0.980108220402952	0.473207288106498
0.232439188215384	0.130709849633069
0.594984605476163	0.258620382417993
0.600972026851826	0.487712473349131
0.215994632891069	0.138132315849131
1.3165362729899	0.959301803170294
-1.75584395314167	1.04495455476846
-0.399576102344288	0.187319321690277
0.815727719940027	0.427894070646929
-1.41367909213684	0.916082256217722
-0.334552473915997	0.172298688515545
1.39704018207567	0.45637087634391
0.515047350289019	0.645174166313706
0.457363244888308	0.634864448624136
0.671783003841319	1.02579509632481
0.113450496012749	0.105697920871582
0.150209485520223	0.140128679430218
0.556135541761423	0.736616617446863
0.103933842856258	0.118408482392946
0.0267111410267923	0.025509471747946
0.226588993001987	0.235528969661598
-0.648492948264182	0.856115841748757
0.0329425526532428	0.0279038978502721
-0.175520407985998	0.218369962546422
1.06081836283549	1.81617495049896
0.122908455703111	0.124502328027385
0.105117289642922	0.0992642830259634
-0.141247806024561	0.149954407963339
0.0696361032286285	0.0670926000321771
-0.236444357622663	0.222405995926733
0.209198208433331	0.183871686087641
0.00512409674006952	0.00443232423277315
0.00670140910939313	0.00564551918053283
0.921297432420699	1.5070968544534
0.151316539854879	0.144745312684095
0.494795111323136	0.624220990752441
0.57089603207156	0.748750556344793
0.38667371185839	0.462723368737213
0.373846427042327	0.351814926183681
-0.0881049643214566	0.0689537718344212
0.487355527882857	0.559242388146833
-0.200016827087256	0.195016796695488
0.297808567558001	0.266757524232654
0.590252287861914	0.665541282910828
-0.549659140464436	0.457281553270533
0.0486918954758701	0.042370909551537
0.0538344820448486	0.0400081690357689
-0.1924664539486	0.155629362485419
0.401285889907402	0.355671962424894
1.00965687634235	1.69368220998031
-0.0396303065431409	0.031959475167289
0.60201324796811	0.577481679249124
0.728787635686805	0.707318766239103
-0.209405166835902	0.150509393042702
-0.334596438398473	0.254898177336285
0.231352230361362	0.131137617678962
1.00040519727152	0.5868314727637
0.443690956350235	0.15948293376147
0.277675660057421	0.131331890961047
0.447399940278579	0.160249311030023
-0.331482817346792	0.171601505957234
0.476851330486407	0.343803389005424
0.230124581911724	0.130615429582222
-0.740592903179112	0.45115376512795
1.24508128512046	0.540160244331119
0.374675931306206	0.235320729830858
0.698259078857632	0.395770574228461
-0.3269829938004	0.166183096832862
1.24508128512046	0.540160244331119
0.27210247587638	0.322796513235624
0.322307009452876	0.35181774693687
0.471590765169491	0.548754185038589
0.481187433574439	0.637652897976599
0.653092585989213	0.870563700162825
0.611854796752495	0.837472923240884
-0.114207598342226	0.10843012458224
-0.24345764088839	0.253464000907872
0.119272536718379	0.121335512542469
0.224578832044182	0.22653650226094
0.0286885749831424	0.0234391809708062
0.367262969111161	0.356511003347444
0.576128728445688	0.8358679465103
-0.652569227495041	0.864421015192712
-0.344887828100537	0.337726135202129
0.0109134119792237	0.00958648595046983
-0.160326658470476	0.166836144092399
0.652803525217827	0.775090005773084
0.923708330665648	1.62072431812297
0.426058143478728	0.461000701207275
0.413021506703326	0.353375001300302
0.160089028787419	0.154647280313711
0.0736341985994578	0.0703975235379197
0.0852554902734448	0.0726161312379231
0.0623493603137137	0.048772439863727
-0.0140703569342934	0.0101491829182701
0.636415885309809	0.69412598613514
-0.099114635267214	0.0779416259284893
-0.408980990191093	0.459921123185939
0.591035608434745	0.918608275202454
-0.607273168843095	0.648610446966947
-0.0270168823612676	0.0224378533910084
0.217456782820762	0.209100596632675
-0.236621699658746	0.137178465321557
-0.284109258750991	0.219459019191113
0.424885856967498	0.363466932736152
0.396999043312571	0.354895224118436
0.0637977918718723	0.0264720121505669
2.83526596354238	1.83643691611737
1.24955754505345	0.544208476541179
0.0710283080197296	0.038136277701786
-0.362622120167612	0.228554476799506
0.0724460621528254	0.0385473267192575
1.19168198864862	0.640182559385843
2.04765007324822	1.38849909396719
0.954745623587572	0.352161328021089
1.75616639506053	0.682786574217844
0.316664018298765	0.364228384979325
0.151063313003482	0.139413014854491
0.100127897509191	0.0882044666866973
0.852631764613312	1.25221543046291
1.38178157214616	3.2273773584034
0.344144087122589	0.458332052688723
0.0925335757235444	0.0803704558255004
0.380126259813426	0.431666791391986
0.633281628302745	0.939595629783107
0.565562336057195	0.822592133539528
0.224578832044182	0.22653650226094
0.667539892102596	0.99863203581879
0.491102820893865	0.548991214129473
0.125263504974949	0.096572814249702
0.163212766015071	0.169411353987616
0.0796823985677616	0.0647867312699959
0.509786102970097	0.649624881961235
0.480258496159366	0.53861592839224
0.486341738326229	0.62870996735949
0.335595354876869	0.387258168016496
0.395566128202466	0.35448331814968
0.505622024297171	0.627980700801483
0.673384832022185	1.03721311628741
0.0534731635235864	0.0464826873170578
0.213967598157263	0.185276935944165
0.0413607607460782	0.035126153987726
0.52749592978509	0.651462919949861
0.703364046547445	0.973865854204221
0.281303499394981	0.28803342541588
1.17607801767889	1.53654562574572
0.0499003257976226	0.0444643813431813
0.0575609489960045	0.0425293888881279
-0.41739731132416	0.375313226571203
0.309613484918482	0.265002373634016
0.728515558800522	0.740596715640518
0.00503247126174943	0.003236594048951
0.10344865589029	0.0684755985198037
0.90527290885737	0.687068740300167
0.611270126448794	0.587174614346047
0.931585550865212	0.809577365060379
0.704295053553111	0.401588536424989
0.0583575733011676	0.0216548583970798
0.872760995045909	1.73177305544414
0.36554413637735	0.489536496199978
-0.0305991488047088	0.0249357351995708
0.15533938639633	0.137633439923272
0.314294459837174	0.343544245672967
-0.257469237725658	0.333916818570927
-0.865711900623054	1.4077556471175
0.703025403388692	1.07917878763313
0.0918179737503366	0.0968626097053407
0.320455833462288	0.38274363391352
0.125069542642191	0.130053546795061
0.452361568082453	0.62168840219306
-0.124026275329145	0.117108768078485
0.262714486036588	0.325154536360265
-0.45048352599977	0.585883862181219
0.0865745765160351	0.0745706042900418
0.650856052189764	0.860047526011188
0.10196672496736	0.0943982829270387
0.591351351467643	0.83026333192669
0.701946603657182	0.958601533509425
0.39622391626883	0.442744552518461
-0.0275052719367456	0.0228546036557459
0.554323220972794	0.73187791801768
0.162953254836891	0.174317926566791
0.636106760911991	0.691148917530841
0.442445073639939	0.353621421908215
-0.431082422303661	0.307631954651343
0.75947451921577	0.636383276635918
0.209960641144624	0.180316693266544
0.516672666953842	0.361027465822858
1.48838255948237	0.742296195486317
0.604903865714691	0.278923670790428
0.273342071731944	0.130955216573096
0.308926968754588	0.134847402861571
1.14408944325991	1.12598535720798
0.264896956070383	0.277762806367281
0.0109305695168808	0.00935425869948546
0.309414860854665	0.256819897908395
0.380407405193949	0.447488380350793
0.624968900576113	0.9336647379143
0.504027074196114	0.657975646753601
-0.103491287603786	0.0978253734744723
0.324217776055204	0.373945944818113
0.292734231979679	0.268330639673029
0.286140977747451	0.266005370101528
-0.544545482786448	0.800967997166066
0.31567942718649	0.351189214488855
0.449327947646027	0.615718024500399
0.696647245804741	1.05583796576464
-0.413274536562268	0.478243317610959
0.33521178683401	0.376916977608987
-0.0582790665903717	0.0521832358121473
0.433883332303604	0.459870399294895
0.0478764918276994	0.0424078888819893
0.469530081377439	0.554494382766726
0.829998429760549	1.25955041335747
0.29390668235254	0.256159656959118
0.68225992190222	0.795486855661004
0.883415949300819	1.39177943273155
0.722339673787452	0.992657715207322
-0.0733342053741772	0.0580790011011675
0.433713761566296	0.360623352516345
0.211223060063658	0.186858605055487
0.139823383686024	0.112737830930141
1.08220250918073	1.25808397392505
0.993839207882823	1.37062080134662
0.472441015977972	0.462094919127628
0.366569408795544	0.339659620256057
0.150013713967928	0.126213991631209
0.617556658950046	0.681375534004772
0.289871116017881	0.262503117267163
0.116896578177446	0.0846730598813246
0.150529775861366	0.132140493016531
0.577371334132228	0.636354900862159
0.708725312904628	0.607875793302522
0.28143561466467	0.258955953621311
-0.103756977344478	0.0902641407479394
-0.0898586910407111	0.0795151133335666
1.3629039823363	2.07566214601951
-0.726970899211189	0.757466108863895
0.480396722569119	0.446840256634863
0.0964917679042045	0.0615906815577596
0.743927443413982	0.837209974259942
0.422122951516764	0.361195246942323
0.778083935701083	0.846425659418717
0.290295302171205	0.261297447029244
0.329268745108292	0.238380131561503
1.06787591683659	1.13441461448074
0.376053045618668	0.230864047731171
0.134819048023058	0.106075669998901
-0.368629606469088	0.334961839322328
-0.140916926451177	0.131541390884261
0.00856286648772216	0.00540161681723249
0.111402881675157	0.0742512331654617
0.221986074789463	0.133304576787293
0.327701970163166	0.252663897684674
0.700412936080115	0.396022343256716
1.02316593340321	0.71421069023915
1.08050829959987	1.25147336353389
0.693183720187476	0.500388677558719
0.289102574910073	0.280280333813773
0.877065147554193	1.11580956518532
0.13683310563222	0.110044364548644
0.220124525881366	0.185089020837804
0.509746657272533	0.561019930197339
0.0667472359070759	0.0528357348491462
0.219839984678016	0.165879803940199
0.892432842400452	1.01788378329041
0.137777106390415	0.109418439584298
0.283320287424585	0.262207869479693
0.143193284179733	0.11285600009699
0.476237962609565	0.449145682503655
0.0689807274715144	0.0546565968006547
-0.61286345710497	0.663198012314209
-0.648462694353033	0.651310934250075
0.21870419731058	0.154598455864196
-0.00281328433002928	0.00179771979819344
0.611728010439062	0.278958990747037
0.0582853662765949	0.0264502542688269
0.810423796673444	0.773309022486101
0.329769131176707	0.252590000012435
0.564820795728147	0.47661338832912
-0.0105000455227779	0.00639728263782347
0.115856657329694	0.0806727089874358
-0.345773128602468	0.321922453580525
-0.109803117168559	0.0733533717172878
-0.888299705838564	0.693695939314143
0.354034756691398	0.235261261167889
0.419993980306921	0.349768580545662
0.323276227037361	0.246712642194022
0.14906177206089	0.13552027064537
0.00537738473059906	0.00343321407871098
0.201980413327816	0.165662386791433
0.604496766619968	0.48623823630382
0.21603175174623	0.144093960832405
-0.433611222418517	0.411877710399548
0.0306566698410646	0.0209301888361422
0.534954287629962	0.550331084853185
0.438413695192195	0.460595631484562
0.308356982179013	0.256143643242969
0.220075533858378	0.179279543719248
0.356306858063085	0.23413749815637
0.138160427464615	0.115583176787083
0.320948541777726	0.258177461000532
-0.955136092250561	0.960924934483027
0.14485092332796	0.125222191170856
0.465751793414135	0.461202786637708
0.495634996759856	0.454039383442309
0.403768662055631	0.343592031104783
-0.590715934958471	0.587683078694091
-1.95000059281727	2.72655187275402
0.873806157410021	1.10900751051508
-0.0670808252636215	0.0461669791602384
0.293626197217616	0.266895726211863
0.212077387987925	0.147567640140935
0.865533045404367	0.550014192493455
0.694926458720458	0.713329592887322
0.0387516309855675	0.0264526655858255
0.399912274368452	0.353952706028945
0.275514512024595	0.249480492336407
0.64039228422971	0.598907797048738
-0.793144832585635	0.686646365340121
0.45680824081617	0.348768344278675
0.635680431121417	0.593617731031663
-0.0171136225486407	0.0143551986262509
-0.143623381318097	0.121735397959294
0.0886537018561977	0.0760846354379638
-0.0399300521551953	0.0329635731651526
0.663979247157263	0.713273724617635
0.360767993612174	0.346272503661185
0.211574359751179	0.162766913169521
0.153959966596247	0.144105154163035
0.122653657045514	0.0912953066178388
0.106351663324305	0.0729409949274526
-0.272330371637349	0.184782149374829
-0.776069006352426	0.956853541348793
0.296191888027363	0.259004838545254
-0.393377639981158	0.343760444562543
0.221782112533341	0.18155764827242
0.412490707119664	0.240780990806316
0.377777457695578	0.355478265207995
0.147988861794162	0.133222587413337
0.568608373041901	0.475437103550005
0.415138564045348	0.359825231582076
0.0503952981298147	0.0372956414968993
0.511051956275579	0.355813463877505
0.757066038731217	0.636042748404636
0.347433877969189	0.244188841432673
0.715239303191818	0.634787549566935
0.459178500081241	0.352792158601837
0.277649368336431	0.258855065599739
0.209972503767384	0.173610664455725
0.21149141112895	0.154001739091669
0.509254675527284	0.340665943054772
0.111485020933036	0.0746967162732201
0.834945443355191	1.07638706292616
0.00713870328886348	0.00456120439934645
1.16342515896581	0.741391361972116
0.562601775895213	0.372753286068854
0.436115876118666	0.45954884081177
0.763789750670548	0.517137321518039
0.806032382240963	1.04543084436567
0.219193307206879	0.154481101263404
0.853854752179193	0.883204000675037
1.13468622772628	1.82007185551678
0.0696990316339717	0.0230651388395771
0.0545872734667178	0.0474956586338946
0.661792233798451	0.690906900303525
0.714347769249865	0.830807366332019
0.845180288957633	0.979425931297783
0.0957926292099248	0.0624099683213651
0.0228881092966414	0.0150143722178711
0.2223385252002	0.192861302861853
0.122122222290096	0.084837454902694
0.947034193965897	0.817103144317428
0.318324179469174	0.253906857555175
3.54841515684337	3.56761122524768
0.359449917152266	0.242461403273889
0.0667753455899205	0.0250848593980853
0.81873655272146	0.433267716079536
0.312434099377376	0.135275757239648
0.380760446727144	0.239118500786423
0.250734725355901	0.131063308282099
0.760263786010891	0.63608084476335
0.2171303500463	0.152990256363595
0.477655335463217	0.53559986074791
0.13655541698219	0.106442885049445
-0.163437605791347	0.103362749345046
1.31724329997624	0.959245827248094
0.492148456307844	0.363719606956957
0.144399686939052	0.118392177768743
0.309873752002933	0.135548291977323
-1.89318880135438	0.807575887256094
1.01089064844248	0.714211783462555
2.03742022069456	0.905095447212576
0.563127466970878	0.373888129212475
0.424818774685832	0.355909390929653
-0.238028523963528	0.139937089016836
0.0705128860637635	0.0551876137719913
0.517707935435261	0.564796206900238
0.730854424519591	0.813223897927531
0.354495578132164	0.236036537258171
1.53494643840023	1.82717095943812
0.3351366930261	0.367107824570187
0.0633876047483471	0.0580656968419805
0.157472941444207	0.156296778004498
0.392507511337065	0.526982973385552
0.691953980541287	0.504229277211408
-0.858051890452775	0.3960010702398
-0.122034114747636	0.059591370769681
0.0709721260009526	0.0283125846911985
-0.55969531990643	0.371803094368782
0.213106390824808	0.140426602331776
-0.151851146205174	0.0685400182033199
-0.18239904038394	0.150935817270825
0.3042476221102	0.250064441526702
0.149033587110309	0.170524514234724
0.461465856105102	0.635520318487777
0.376737859090572	0.553233393864769
0.188713272765157	0.222209172546994
0.451452893002583	0.678038309333436
0.655272313008067	1.05021131573042
1.09288932727759	1.37495555807646
0.308926968754588	0.134847402861571
1.70566830994941	0.92394310192551
0.863539659139796	0.554581364078402
1.75386413606721	0.657967635767398
-0.850209524235845	0.385976223919018
0.633232451902514	0.571765838801471
0.0631577405708769	0.0311537529570789
-0.266385128127327	0.18110266661063
0.616079959760906	0.602351174555335
1.10363094797754	1.49545983387781
0.3790147469889	0.462347774882149
-0.25139116724353	0.278058734062004
-0.184307433284091	0.205892892988004
0.0309962596139581	0.0280085967677442
0.0279601338649406	0.0261818641598053
0.694529109226224	0.888850484896402
-0.375835318869645	0.279180900603141
-0.0979704224045325	0.0510499705935197
1.39742870844539	0.457489186680733
-0.578817754109038	0.312222419457944
-0.234288508685443	0.0846903344417176
0.30964610783148	0.135277627995619
-0.234908504963329	0.0881752610028545
0.0702085232430886	0.0288897403555724
1.32471215848727	1.6504800972551
-0.0685234986543541	0.0375440034417035
0.967685576321886	0.946260185568327
0.702560459030457	0.512571118080017
0.361891472495455	0.430747170772988
-0.493738482492681	0.604253017309219
0.377853513416164	0.447606814918897
0.26328032067676	0.290119504840823
0.376232415458448	0.44251220010494
0.62587314831983	0.931726937833071
0.297813983534137	0.410986789581162
0.642016423786438	1.1073138049858
0.780226394900958	0.923207762751183
0.214626550188563	0.192788980118285
0.0312648446368793	0.0214150657587391
-0.150633780876048	0.0681941598312955
-0.297303960361616	0.0992018898353491
-0.479252905914231	0.210536308504811
-1.17594949575035	0.80746132414366
0.708416359011662	0.40491100921707
1.30881728216928	1.78611538468248
-2.15263566949684	1.03251706523243
0.571619809965078	0.479282052580856
1.02010383168448	1.19193943468019
0.883752037035166	1.00069407639079
-0.785200360024868	0.619819139248055
0.254515964303228	0.133034695681859
0.341264507692694	0.250520723067258
0.434619775393138	0.639452071939977
0.312084371418525	0.38422258359392
0.0929522318016905	0.0854228847199082
0.321444886067256	0.378276727389114
0.702941542033091	1.2463439306531
-0.1429321012868	0.152666768885056
-0.263230472423267	0.299840890563915
0.969047986181538	0.948697905615797
0.466412468181577	0.549362569216517
0.320107773822937	0.257092582554004
0.36086242730752	0.240765115205782
1.14325602931727	0.878623046345315
0.305275346092651	0.132756638658226
0.596083778526746	0.189504459039619
0.0733218433384673	0.0218015863196879
-1.31208195612681	1.00855709415779
0.21603535412702	0.144431722840662
-0.476684814959228	0.209040469092827
-0.621500902319809	0.525134533665307
0.214894416973291	0.144803337925552
-0.00686425927839635	0.0042385070516646
-0.0689073117359835	0.0380602361857941
0.0831631929702033	0.04695026960272
0.106437907186314	0.102381944971645
-0.508303326949978	0.587085155493917
0.120673415955118	0.123213832523483
0.019830122977578	0.0177134806520376
0.32465917367163	0.390270518098739
0.269772822704025	0.287534106887948
0.552591369259268	0.549456315424609
-0.307281401192331	0.264010294089638
-0.0150280243120305	0.0109104781835828
0.131542719448477	0.100959890199168
0.95896139638816	0.363703630688584
-0.80511906778625	0.286663621647307
4.13168673169038	1.96885994645136
1.24584898625924	0.542396117877974
-0.0723477035755575	0.0393885665819746
1.04803844202976	0.975900617022242
-0.890977215502599	0.69451663525082
-0.134554114915551	0.101158156383174
0.324456807680726	0.249487286712401
0.75702360411552	0.806495186883604
0.241216694772592	0.134198840600494
0.690446714090585	0.499314877976539
0.265404555188028	0.27839379921468
-0.741603910204579	0.979519159118553
0.619525325562427	0.902752043469057
0.073165204231663	0.0709535905973675
-0.283392871458365	0.325014515983087
0.391584282527597	0.462166968674911
-0.0895742005782842	0.0691863172290625
1.00212563836045	1.60753898196611
0.119644291626616	0.0914953317676262
0.138607078980948	0.118354001329842
-0.872715043720002	0.492110289848334
0.0619493924969154	0.0225965132596889
1.49443440210194	0.736695548028561
-0.483454029787693	0.212436914634196
0.410626804222333	0.239723422868699
0.216342515264298	0.137957124240207
-0.633889364626782	0.403122071492568
0.485948263893203	0.357173168661459
0.13742211064447	0.109373886789105
0.139195237195856	0.116867416607749
0.32312829339949	0.258906637468592
-0.158344181818202	0.132568027848553
0.449445820073695	0.451591082362882
0.879036969901635	1.09713412924924
0.0552719045301962	0.0411484794410056
0.031767628280938	0.0297891453500472
-0.563544261541355	0.60707470987923
-0.236408562496843	0.167331213544595
-0.22271294502269	0.215528288803028
0.264742531939334	0.30543511059403
0.711648600646755	0.827596416553881
0.394461299235576	0.359874927212446
0.148959826499323	0.13074567457258
0.215217891701926	0.165422227675821
-0.189574776155831	0.172008853489605
0.681619397019189	0.80677795961393
-0.129892546805667	0.0985084164835101
-0.320748912500243	0.324463962308881
0.911710972850031	1.12401499698599
0.679031166712684	0.614565871847778
0.695455772249227	0.708228951792041
0.830225311866245	1.16148108687233
0.657015012063171	0.961997599901561
0.666098706871201	0.845253350172643
0.108433699474165	0.102409835716647
0.277454654092306	0.279699465594529
0.722756445560424	0.922392629974169
0.805571880171825	1.06129119199614
0.0485610224570837	0.0359706159338203
-0.948138079843115	1.55261516068545
-0.271164202154563	0.277145287210284
-2.02075866822449	1.97626887321363
0.514941342505693	0.362719481016392
0.602249944665891	0.584148841316621
0.00101017810484883	0.000466122087237058
-0.263527458999564	0.17927924679778
0.742282610913197	0.925899960248648
-0.128326993412271	0.0958297597826649
0.422033500557055	0.353065918243178
0.0708549371928479	0.0535159618014882
-0.164843418926267	0.104750235417569
0.468078820121375	0.701154077422135
0.479895757155539	0.635068005869272
0.142805800596787	0.116971981218837
0.865709048778668	1.17902666711646
0.434053840716365	0.436155130785371
-0.14142731397149	0.132288617279567
0.639523752773544	0.488179117413532
0.99670256513802	0.590505189303322
0.449577300064732	0.157507044101846
0.868573539054048	0.561194574514873
0.0707571286850914	0.0381156674945792
-0.315280825103309	0.212569402461193
0.381863026168846	0.235030335304145
0.965276620770598	1.16023696922017
0.344787896443891	0.352615266285792
0.536597510915937	0.70562302511004
0.806802990991369	0.949910604707327
0.678604543058322	0.791794814927257
0.373305387754717	0.231124127356969
0.0738420180975603	0.0217871238546206
0.0816184755250244	0.0240625746935405
1.04052699236468	0.955901434718884
0.959622284798743	1.56051585734464
0.581545203087886	0.7220639738799
1.02121485394817	1.22376388766786
1.48173313735239	0.723779063260156
0.443690956350235	0.15948293376147
1.00286412790294	0.597354807728736
0.41335091012869	0.351527164567454
0.490136765836418	0.547442638618597
0.449363065812962	0.617823250149963
0.793592288035505	1.01533889030019
1.39858550858594	0.462461997963843
1.37904717111912	0.837361468715973
0.415517615118028	0.43761194422226
0.929278187749893	1.2059106233578
0.314820821236637	0.25846162643825
0.960743522756438	1.36084759373443
0.686243247331019	0.814138384093401
0.584331915671958	0.586578431741788
0.743022966335962	1.1891450910658
0.463730148058071	0.463742360215386
0.596933574618237	0.67663882913064
0.51426107654215	0.695110958614067
0.210169218936034	0.217102078918339
0.175428369171025	0.16918644155516
0.385092221215721	0.463204775718013
0.36269838652123	0.362008958370429
0.771161272625189	0.944950240239912
-0.00186882001488652	0.00137197062906793
0.572879363208852	0.582438431559661
0.380753176315687	0.443548387805207
0.291855251360248	0.263821221006657
0.328775502571833	0.35590172742968
0.742505683189077	0.996859350523255
0.55037517488332	0.646932723897926
0.632321062950593	0.583855592555949
0.920278048995411	1.13025022571397
0.571591392137949	0.6645845817763
0.158425130176543	0.148621199244745
0.589818862022632	0.581589100707421
0.852607303987116	0.874733868539612
-0.638705766591136	0.765364387620566
1.3506682839569	2.12741644415022
0.543601307312618	0.715434717863194
0.545448854767715	0.473705419982759
0.070428261484376	0.0566897298575056
-0.529461913920345	0.57064334206498
0.364556547009066	0.351903363149105
0.292123069264206	0.262650691300591
0.0461729363080181	0.0331368471672818
0.411082565654131	0.455938190696489
0.436432480897232	0.554775883239923
-0.071310849730356	0.047388672189349
0.222739556975269	0.17992992686626
1.03902114745646	0.858029683092577
-0.301677604862954	0.303145247324286
0.517469400991491	0.641039360944893
0.375313795163666	0.453118579014169
0.614590713788599	0.769979166286735
0.722810010296233	0.921672724430075
1.16738566661897	1.64623908883504
0.290289095651986	0.270802777270628
0.659139437579808	0.702432940016086
1.03370513705867	1.59741772573262
0.841187280696704	0.957606552549393
0.937463613436095	1.04521114448568
-0.317842688886547	0.319208863177132
0.846237513792068	0.997335706994192
0.749598586393828	0.939031390976354
0.339265633720264	0.368745374951385
0.138269030920708	0.110849742247963
0.389211068878169	0.336142910369039
0.220485638995878	0.15387451227664
0.772295353654351	0.837196268262162
0.146400246446654	0.120233783621407
0.114783642937083	0.0820539751385337
-0.0882667111181853	0.0590959145809182
0.340715762960907	0.237465789714781
0.51994782685956	0.557768394871428
0.967972725409089	1.16106056675683
1.09253010362811	1.24189930596519
0.547704654541857	0.641690842361753
0.514475714303555	0.629271124904661
0.138283729412578	0.113862413026768
0.657368596980451	0.785739956236921
0.860212227920574	1.1774349961071
0.505923206278362	0.556361908867153
0.357094587836217	0.350690613355537
0.598162389566391	0.564395387681104
0.729657216448863	0.726372830232815
0.468352372075314	0.4595111388918
0.0450995132225693	0.0313775445604124
0.551576173666048	0.654798397495173
0.388686989060667	0.351275904727161
0.325382438603132	0.236512454828621
0.217885756244212	0.182977248817318
0.565543542166635	0.5735418204256
0.127895820551152	0.0990530477203387
0.301589398872453	0.257313849070134
-0.102014387229903	0.0668004357078009
0.336491714294333	0.364970926370556
0.57231151689525	0.48038875708437
0.664909777466318	0.60232478428678
-0.0783431571124381	0.0523951241986958
0.117248850069261	0.0818369736409979
-0.0455896750495764	0.0262943220847865
0.871006730097656	0.796442595449701
0.459917026938607	0.464441762488747
0.85268159244971	0.894058482705858
0.43823898296153	0.537951593519502
0.363605523709707	0.350398382559281
0.860694156825874	0.891973598817685
0.489679071091659	0.448052185681383
1.1588306766752	1.39619524888225
0.862386058977292	1.00352293363409
0.409434695522259	0.431952723199126
0.148557861508675	0.133088695059548
1.00363212092643	1.36461015377945
-0.127498126542485	0.108462222648162
0.852190698059179	0.870106989630855
-0.0949802656749531	0.0741406592840902
0.66400277158468	0.594724508674127
0.345782074659408	0.245821878173261
0.212388311022676	0.17298874247793
0.768357876340918	0.750309256084044
-1.2359312089652	1.54307835702785
0.215569473496447	0.149864206009884
1.2289204487354	1.66631080039225
0.207961154409593	0.129182029447068
-0.23240086981143	0.163194697218426
0.214600692994691	0.143368900359099
0.0333135952833361	0.0231273236882079
0.219063344274873	0.147827424118889
0.215544233849164	0.155962277075964
0.573699778313562	0.485834979466497
0.494983831906438	0.360847533434739
0.21501974698523	0.127249565385234
0.653639072550739	0.49893860973132
0.135478443483923	0.105547940751271
1.09089125588342	1.3492676112721
1.44448979973877	1.58648882743107
0.495481666737431	0.617876573183394
0.155006842293196	0.145663419588407
-0.0401934912042188	0.0289460117755849
0.93916574272906	1.04903709739234
0.46346204648566	0.354191486586816
0.87038942315028	0.795701101641091
-0.370345144987754	0.309203042994896
0.457410392155932	0.350319061003157
-0.0675725650004892	0.0368582344190189
0.771588125243376	0.758856438293181
-0.160561422623968	0.0974119733985698
0.326507033711107	0.252796410028499
0.340248825623927	0.234400946959798
0.230393249617592	0.130765217658967
0.707837203720851	0.601471117222179
0.217705729685513	0.151627096610122
1.24678310822399	1.50187753189767
0.0841381590216652	0.0500118005745605
0.872435756707877	0.895238165421098
1.49784156934688	1.50215016181978
0.706667890380728	0.619690857648381
0.410390456632412	0.239659300912238
-0.0783661643759355	0.0525647089718784
0.70282217148495	0.51109739779622
0.867591626354504	0.556802903241462
0.346646313867325	0.244338820185058
0.819648596202477	0.649801238200087
0.671504534839815	1.03599817537091
0.411230756513112	0.531287659065288
0.840669864934389	1.08023916886059
0.327819781315145	0.360376639183334
0.630190344345753	0.580283191465812
0.220452603121039	0.145767432797248
0.367666249446537	0.243658049517043
0.556816631136087	0.365261153112409
1.01040020362222	0.709531589545935
-0.278538963593584	0.152216157108536
-0.422961737072278	0.258114721593994
-0.884167375689347	0.678014048359109
-0.242441405128217	0.138386995771172
0.357816489115122	0.139628016323872
0.704070461295663	0.40426972621846
0.416916649338023	0.245245860467363
0.765029423429006	0.518391528415866
0.902749210719589	0.67375280419886
0.250838404456154	0.128525543827144
0.604459540091558	0.278276426842915
0.567143520991101	0.372951830337089
0.811122035005948	0.417665248314766
0.605623771249633	0.279514166045443
0.0601038001888034	0.0247478164909183
0.596795994811372	0.189461070823454
0.362053949200809	0.142134150994914
0.81451826023863	0.425848369467749
0.252358238786482	0.3997502059486
0.477860821245434	0.611469908792503
0.606208361148169	0.489303006862206
-1.5762080550049	0.835639890157597
1.19234410290141	0.653417127339038
1.02208699136722	0.821142203894023
0.513694089425793	0.254558900157112
-0.477342520085433	0.203959285771331
1.1683361036236	0.77242662845504
0.980310947318697	0.471755155556404
0.821738984997114	0.42963122419925
0.97837983323369	0.464832181733977
0.741420577144117	0.307786121663996
0.0621835168249261	0.0253284315911872
0.35758086226324	0.141195286789529
-0.236062863757841	0.0890140891276042
2.03867762216033	0.910709981607031
1.00553603368792	0.580592846716071
0.515651726176732	0.355039042452066
0.605623771249633	0.279514166045443
0.975095036351814	0.467107029356598
1.54113073333417	1.04176347106676
1.69684357581315	0.92089935397998
0.360717493182864	0.439039186950674
1.1688688026307	1.52604804945694
1.44650679265321	1.57928114289082
1.53537725457331	1.03229702017652
2.04952169580828	1.92684485290448
0.664577600943165	0.604080846921196
1.00869264146096	0.709278787177506
0.905216734221028	0.913246708429171
-0.487189513792692	0.283100742303114
1.14368310845348	1.00576055660305
-0.141415113103242	0.0632574457601794
0.223130668292415	0.13395930061451
-1.24890080449413	1.09239939547011
0.698401508240831	0.50681406272245
0.413302985475819	0.243838493691714
-0.146744810927077	0.0668757860168744
0.559246198072362	0.363849242449705
0.668091335009547	0.612572547205689
1.68804549889594	1.24999342768297
1.31165507193802	0.963730181486897
1.27350101875204	1.09213108619012
0.825649974337624	0.664157953518836
0.77108716984729	0.529620119204942
0.459818093574597	0.253665821972346
-0.479747464244589	0.210978657045579
0.617452756315978	0.379402873540616
0.912796428394158	0.688193194912218
0.608676781461894	0.282156640846036
0.771573511258295	0.531404158931469
0.699402814028685	0.51191818013514
0.220426521740027	0.139343041421864
0.369355918079314	0.242766667974858
0.210604525176451	0.140932965310744
0.487506777540032	0.363052235750784
0.417937259723769	0.245674957846095
1.04498343920327	0.989322580389267
0.301458979182001	0.24547934305716
0.23694202305595	0.133284515414359
0.708725312904628	0.607875793302522
1.26797790952596	1.20346229781234
1.15640567038108	1.02927148714476
0.215046054030389	0.173220638857167
0.823611959713875	0.666223561785704
1.54301461513776	1.83363782611117
0.626079101960623	0.384892161873963
0.520175139882093	0.362558874932916
2.05914164959364	1.95437268486952
0.355996502350175	0.247439595320049
0.902963842119709	0.676934603558657
0.422005466847165	0.353887683018643
1.02810274141474	0.848056504184273
0.710287514478377	0.629225799611805
1.69679595577499	1.91659541321763
-1.18194415287387	0.8151441446507
0.624023470170903	0.376533776700547
0.213285808358061	0.13275800608631
0.361501999078182	0.357631221330152
0.570072013956738	0.484919268607391
0.696080126243113	0.376619797507496
1.44112490685471	1.14404558056802
0.279602036763864	0.133705747813302
0.999514890610276	0.590371189438637
1.50875219669108	1.92937138560988
0.901256455917292	0.670604450634727
0.275481045477014	0.132031264928964
0.215544136036009	0.128034785090335
0.390687460857608	0.243125872746723
0.329383754315546	0.241931311747756
0.620258709955651	0.386118895162685
0.410577753602066	0.238779504621096
-0.0527277771906209	0.0299063240126734
0.490900401295064	0.359493289632229
1.05335214295476	0.985083273206854
0.058614601178985	0.053764641347075
0.0842170059657453	0.0687151717585319
0.208607204575268	0.138682851523291
0.208221228866421	0.129246448720429
-0.936789734293645	1.01602552139427
-0.0512881216233868	0.0363211040202963
0.335660905491478	0.249006353473951
-0.195095537412988	0.139520627438823
0.526448410532584	0.256442955795515
0.278395010501444	0.133566590450488
0.512904704515009	0.461674683650546
0.810218727080613	0.762858854053825
0.442605328855325	0.353773401749327
0.642337544786563	0.485842402986043
0.086270848447828	0.0516903636429515
0.44887100157472	0.237308757176549
1.53868810130082	1.04714410287238
0.933289724497703	0.811601121503573
0.826209371647225	0.40798869630325
0.86594992651168	0.55637924255075
0.213885492175318	0.161277984764311
0.433758306203421	0.36464831706857
-0.420717594973896	0.303780561505601
1.14332401609312	0.994136612041257
0.221412352396581	0.161405810507487
-0.0869180087946607	0.0593524619585608
-0.272443872225494	0.187812625985814
0.296559554138901	0.260780422603296
0.327711590015692	0.239340420270629
0.603788037841977	0.577091530069256
1.16833842478546	1.55863960333691
0.555298185304318	0.364502846813127
0.565235544964404	0.473869844196036
1.01214271932862	1.08691308588418
1.44426083186916	1.13894129153848
0.769330676475871	0.521484878755838
0.360627921520169	0.143845143139584
-1.25120761024533	0.705599471853418
-0.304493999698681	0.104233023539016
0.0772081127744545	0.022585964583174
-1.57288505203931	0.832246517754206
2.27487436185367	1.13530492209035
0.558863342830341	0.366469803925916
1.53868810130082	1.04714410287238
1.25032296300101	0.54271803300267
-1.03700188066896	0.647812135690494
0.521227123748	0.264321350918815
0.0585081917356638	0.0264826553777992
0.865903440996432	0.542901388547143
1.1925613905648	0.642244926627285
0.940059619638582	1.25052361459021
0.212698462502804	0.194275836520995
0.299380881968005	0.255405272973433
0.502746725556762	0.472172325503329
-1.01921333663571	1.07483029441801
0.221176723152132	0.130600344559976
0.585771459605098	0.586343124244985
0.640508335104689	0.60469299795111
0.56998196969677	0.483014473339025
0.0610096185108659	0.0252232805371888
0.898280158199835	0.671658942003457
1.49086832176479	1.4665396564215
0.705016147004767	0.402462358584844
0.0684605565158703	0.0282776065873947
1.16158306490828	0.762517427276815
0.445784015467211	0.156339456944505
0.645783988102656	0.50199132695866
0.70600379684409	0.406427295977407
2.04253351053319	1.40207601959015
0.361134508329414	0.143768325310301
0.740149996007881	0.310392705484285
0.273050195639412	0.127839516682373
