x	y	clickSelects
0.0447200720062702	0.895775163063828	148
0.04739860179208	0.867397640581031	174
0.03815634152993	0.908738098430751	238
0.0413028256986001	0.910658827313972	151
-0.04494681321942	0.508107179378978	817
-0.0457847701985099	0.509451950210503	153
-0.04494681321942	0.508107179378978	153
0.0428013364637501	0.909738976478558	1708
-0.0430855223162701	0.505592244745112	33
0.0441967916377499	0.893879868083904	422
-0.04494681321942	0.508107179378978	448
-0.04494681321942	0.508107179378978	1587
-0.0457847701985099	0.509451950210503	1587
-0.0457847701985099	0.509451950210503	61
-0.0457847701985099	0.509451950210503	150
-0.04494681321942	0.508107179378978	150
-0.0457847701985099	0.509451950210503	908
-0.0457847701985099	0.509451950210503	908
-0.04494681321942	0.508107179378978	908
-0.04494681321942	0.508107179378978	218
-0.04494681321942	0.508107179378978	600
-0.0430855223162701	0.505592244745112	1116
-0.04494681321942	0.508107179378978	662
-0.0457847701985099	0.509451950210503	123
-0.0457847701985099	0.509451950210503	174
0.0469418487501501	1.39329025620034	151
-0.11494877835272	1.14608307503056	151
-0.04494681321942	0.508107179378978	16
-0.04494681321942	0.508107179378978	16
0.0428013364637501	0.909738976478558	4
0.0386776221603302	0.910709981607031	1437
-0.0457847701985099	0.509451950210503	1708
-0.0430855223162701	0.505592244745112	1187
-0.0430855223162701	0.505592244745112	33
-0.0457847701985099	0.509451950210503	1108
-0.04494681321942	0.508107179378978	1
-0.04494681321942	0.508107179378978	1
-0.0457847701985099	0.509451950210503	422
-0.04494681321942	0.508107179378978	422
-0.0457847701985099	0.509451950210503	1200
-0.0457847701985099	0.509451950210503	448
-0.0457847701985099	0.509451950210503	448
-0.04494681321942	0.508107179378978	1587
-0.0457847701985099	0.509451950210503	1587
-0.04494681321942	0.508107179378978	1638
-0.0457847701985099	0.509451950210503	150
-0.0457847701985099	0.509451950210503	150
-0.0457847701985099	0.509451950210503	218
-0.0457847701985099	0.509451950210503	218
-0.0457847701985099	0.509451950210503	1312
-0.04494681321942	0.508107179378978	600
-0.04494681321942	0.508107179378978	596
-0.04494681321942	0.508107179378978	596
-0.0457847701985099	0.509451950210503	596
-0.0457847701985099	0.509451950210503	596
-0.0457847701985099	0.509451950210503	596
-0.0457847701985099	0.509451950210503	123
-0.04494681321942	0.508107179378978	406
-0.04494681321942	0.508107179378978	406
0.03815634152993	0.908738098430751	121
-0.0457847701985099	0.509451950210503	16
0.03815634152993	0.908738098430751	16
-0.04494681321942	0.508107179378978	4
-0.11898949436438	1.15388574220209	33
-0.0430855223162701	0.505592244745112	1
-0.0457847701985099	0.509451950210503	422
-0.0457847701985099	0.509451950210503	1200
-0.0430855223162701	0.505592244745112	421
-0.04494681321942	0.508107179378978	61
-0.0457847701985099	0.509451950210503	1638
-0.0457847701985099	0.509451950210503	150
-0.0457847701985099	0.509451950210503	150
-0.0457847701985099	0.509451950210503	150
-0.0457847701985099	0.509451950210503	218
-0.0457847701985099	0.509451950210503	218
-0.04494681321942	0.508107179378978	218
-0.0457847701985099	0.509451950210503	600
-0.0457847701985099	0.509451950210503	600
-0.0457847701985099	0.509451950210503	596
-0.0457847701985099	0.509451950210503	662
-0.0430855223162701	0.505592244745112	662
-0.0457847701985099	0.509451950210503	662
-0.04494681321942	0.508107179378978	123
0.0420525211301999	0.912767194101794	711
0.0420525211301999	0.912767194101794	151
0.0441967916377499	0.893879868083904	16
-0.04494681321942	0.508107179378978	153
-0.0457847701985099	0.509451950210503	752
-0.0457847701985099	0.509451950210503	33
-0.0430855223162701	0.505592244745112	1
-0.0457847701985099	0.509451950210503	422
-0.0457847701985099	0.509451950210503	422
-0.0457847701985099	0.509451950210503	952
-0.0457847701985099	0.509451950210503	448
-0.04494681321942	0.508107179378978	448
-0.04494681321942	0.508107179378978	448
-0.0457847701985099	0.509451950210503	448
-0.0457847701985099	0.509451950210503	61
-0.0457847701985099	0.509451950210503	1638
-0.0457847701985099	0.509451950210503	150
-0.0457847701985099	0.509451950210503	150
-0.04494681321942	0.508107179378978	150
-0.04494681321942	0.508107179378978	150
-0.0457847701985099	0.509451950210503	150
-0.0457847701985099	0.509451950210503	218
-0.04494681321942	0.508107179378978	218
-0.0457847701985099	0.509451950210503	1312
-0.0457847701985099	0.509451950210503	600
-0.0430855223162701	0.505592244745112	600
-0.04494681321942	0.508107179378978	600
-0.0457847701985099	0.509451950210503	596
-0.04494681321942	0.508107179378978	1116
-0.04494681321942	0.508107179378978	1116
-0.0457847701985099	0.509451950210503	662
-0.0457847701985099	0.509451950210503	662
-0.04494681321942	0.508107179378978	406
-0.0457847701985099	0.509451950210503	123
0.0561230440292899	1.9287591824453	93
-0.04494681321942	0.508107179378978	153
-0.04494681321942	0.508107179378978	752
-0.0457847701985099	0.509451950210503	1
-0.0430855223162701	0.505592244745112	364
-0.04494681321942	0.508107179378978	422
-0.04494681321942	0.508107179378978	422
-0.0457847701985099	0.509451950210503	725
-0.0457847701985099	0.509451950210503	725
-0.0457847701985099	0.509451950210503	25
0.03815634152993	0.908738098430751	448
-0.04494681321942	0.508107179378978	448
-0.04494681321942	0.508107179378978	448
-0.0457847701985099	0.509451950210503	1587
0.0428013364637501	0.909738976478558	861
-0.04494681321942	0.508107179378978	134
-0.0457847701985099	0.509451950210503	218
-0.0430855223162701	0.505592244745112	218
-0.0430855223162701	0.505592244745112	218
-0.0457847701985099	0.509451950210503	218
-0.04494681321942	0.508107179378978	218
-0.0457847701985099	0.509451950210503	600
-0.0457847701985099	0.509451950210503	662
-0.0457847701985099	0.509451950210503	662
-0.0457847701985099	0.509451950210503	123
-0.0430855223162701	0.505592244745112	406
-0.01615755872276	2.29180720566279	148
-0.11970232915499	1.15421098943078	16
-0.04494681321942	0.508107179378978	16
-0.12274817282674	1.14140143044286	817
0.03815634152993	0.908738098430751	16
-0.04494681321942	0.508107179378978	4
-0.0457847701985099	0.509451950210503	242
-0.04494681321942	0.508107179378978	153
-0.04494681321942	0.508107179378978	129
-0.0430855223162701	0.505592244745112	25
-0.0457847701985099	0.509451950210503	448
-0.04494681321942	0.508107179378978	448
-0.04494681321942	0.508107179378978	861
-0.04494681321942	0.508107179378978	61
-0.0457847701985099	0.509451950210503	150
-0.04494681321942	0.508107179378978	150
-0.0457847701985099	0.509451950210503	218
-0.04494681321942	0.508107179378978	218
-0.0457847701985099	0.509451950210503	600
-0.0457847701985099	0.509451950210503	600
-0.0457847701985099	0.509451950210503	662
-0.04494681321942	0.508107179378978	662
-0.11941593112207	1.1543669250591	151
-0.04494681321942	0.508107179378978	4
-0.0457847701985099	0.509451950210503	4
-0.0430855223162701	0.505592244745112	325
-0.0457847701985099	0.509451950210503	1
-0.0430855223162701	0.505592244745112	1
-0.0430855223162701	0.505592244745112	129
-0.04494681321942	0.508107179378978	129
-0.0457847701985099	0.509451950210503	129
-0.04494681321942	0.508107179378978	448
-0.0457847701985099	0.509451950210503	861
-0.04494681321942	0.508107179378978	396
-0.04494681321942	0.508107179378978	1763
-0.04494681321942	0.508107179378978	1763
-0.0457847701985099	0.509451950210503	150
-0.0457847701985099	0.509451950210503	150
-0.04494681321942	0.508107179378978	218
-0.04494681321942	0.508107179378978	218
-0.04494681321942	0.508107179378978	218
-0.04494681321942	0.508107179378978	600
-0.0457847701985099	0.509451950210503	876
-0.0457847701985099	0.509451950210503	123
-0.04494681321942	0.508107179378978	123
-0.0457847701985099	0.509451950210503	123
-0.0457847701985099	0.509451950210503	166
-0.04494681321942	0.508107179378978	123
-0.04494681321942	0.508107179378978	123
-0.04494681321942	0.508107179378978	123
-0.11985880961191	1.13779288350702	138
0.0345153598322399	0.897055391856771	138
0.03815634152993	0.908738098430751	138
-0.0457847701985099	0.509451950210503	4
-0.0430855223162701	0.505592244745112	4
-0.04494681321942	0.508107179378978	4
0.0394136436320198	0.910104849618887	153
0.0449452826701302	0.893575174020198	153
-0.0457847701985099	0.509451950210503	894
-0.0457847701985099	0.509451950210503	894
-0.0457847701985099	0.509451950210503	1
-0.04494681321942	0.508107179378978	129
-0.04494681321942	0.508107179378978	129
-0.04494681321942	0.508107179378978	25
-0.04494681321942	0.508107179378978	1763
-0.0457847701985099	0.509451950210503	1763
-0.04494681321942	0.508107179378978	218
-0.0430855223162701	0.505592244745112	218
-0.04494681321942	0.508107179378978	218
-0.0457847701985099	0.509451950210503	218
-0.04494681321942	0.508107179378978	218
-0.0430855223162701	0.505592244745112	876
-0.04494681321942	0.508107179378978	876
-0.04494681321942	0.508107179378978	876
-0.04494681321942	0.508107179378978	876
-0.0457847701985099	0.509451950210503	876
-0.0457847701985099	0.509451950210503	876
-0.04494681321942	0.508107179378978	123
-0.12221639527256	1.15028690214388	148
0.0409556796133201	1.37990098153962	138
-0.12060792220399	1.12615405888268	151
-0.0457847701985099	0.509451950210503	281
-0.0457847701985099	0.509451950210503	16
-0.04494681321942	0.508107179378978	153
-0.0457847701985099	0.509451950210503	1373
0.04621650575411	0.886512627873166	364
-0.04494681321942	0.508107179378978	1233
-0.04494681321942	0.508107179378978	861
-0.0457847701985099	0.509451950210503	218
-0.0457847701985099	0.509451950210503	218
-0.04494681321942	0.508107179378978	218
-0.0457847701985099	0.509451950210503	600
-0.0457847701985099	0.509451950210503	218
-0.0457847701985099	0.509451950210503	218
-0.0430855223162701	0.505592244745112	876
-0.04494681321942	0.508107179378978	876
-0.0457847701985099	0.509451950210503	876
-0.04494681321942	0.508107179378978	123
-0.0457847701985099	0.509451950210503	665
-0.0457847701985099	0.509451950210503	123
-0.06287873568948	1.71732834905121	148
-0.0430855223162701	0.505592244745112	151
0.0433020329236902	1.36452068434845	281
-0.0457847701985099	0.509451950210503	701
-0.0457847701985099	0.509451950210503	701
-0.0430855223162701	0.505592244745112	4
0.04014920442259	0.905358338381949	33
-0.0457847701985099	0.509451950210503	1
-0.0457847701985099	0.509451950210503	364
-0.04494681321942	0.508107179378978	1233
-0.0457847701985099	0.509451950210503	861
-0.04494681321942	0.508107179378978	861
-0.04494681321942	0.508107179378978	1699
-0.0457847701985099	0.509451950210503	61
-0.04494681321942	0.508107179378978	396
-0.04494681321942	0.508107179378978	61
-0.04494681321942	0.508107179378978	134
-0.0457847701985099	0.509451950210503	253
-0.0457847701985099	0.509451950210503	876
-0.04494681321942	0.508107179378978	665
-0.04494681321942	0.508107179378978	665
0.0384055522821898	1.37168138205158	148
0.04152989522699	0.910786081538073	148
-0.04494681321942	0.508107179378978	281
-0.04494681321942	0.508107179378978	281
-0.0457847701985099	0.509451950210503	16
-0.04494681321942	0.508107179378978	417
-0.04494681321942	0.508107179378978	4
-0.0457847701985099	0.509451950210503	4
-0.04494681321942	0.508107179378978	4
-0.04494681321942	0.508107179378978	4
-0.0430855223162701	0.505592244745112	4
-0.0457847701985099	0.509451950210503	1271
-0.04494681321942	0.508107179378978	129
-0.0457847701985099	0.509451950210503	129
-0.0457847701985099	0.509451950210503	861
-0.04494681321942	0.508107179378978	861
-0.0457847701985099	0.509451950210503	861
-0.04494681321942	0.508107179378978	861
-0.0430855223162701	0.505592244745112	61
-0.0457847701985099	0.509451950210503	218
-0.04494681321942	0.508107179378978	218
-0.04494681321942	0.508107179378978	134
-0.0457847701985099	0.509451950210503	218
0.0441967916377499	0.893879868083904	218
-0.0457847701985099	0.509451950210503	218
-0.0457847701985099	0.509451950210503	876
-0.0457847701985099	0.509451950210503	876
-0.04494681321942	0.508107179378978	876
-0.04494681321942	0.508107179378978	665
0.0394136436320198	0.910104849618887	148
-0.04494681321942	0.508107179378978	138
-0.0430855223162701	0.505592244745112	281
-0.0457847701985099	0.509451950210503	281
-0.04494681321942	0.508107179378978	16
0.04055225453846	0.899937562541978	4
-0.0457847701985099	0.509451950210503	4
-0.0430855223162701	0.505592244745112	4
-0.12417680380859	1.13608723090644	131
-0.0430855223162701	0.505592244745112	1271
-0.04494681321942	0.508107179378978	364
-0.0430855223162701	0.505592244745112	364
-0.04494681321942	0.508107179378978	129
-0.0457847701985099	0.509451950210503	129
-0.0457847701985099	0.509451950210503	129
-0.04494681321942	0.508107179378978	25
-0.0457847701985099	0.509451950210503	861
-0.04494681321942	0.508107179378978	861
-0.04494681321942	0.508107179378978	861
-0.04494681321942	0.508107179378978	861
0.04055225453846	0.899937562541978	825
-0.0457847701985099	0.509451950210503	61
-0.0457847701985099	0.509451950210503	218
-0.0457847701985099	0.509451950210503	218
-0.04494681321942	0.508107179378978	218
-0.0457847701985099	0.509451950210503	600
-0.04494681321942	0.508107179378978	218
-0.0457847701985099	0.509451950210503	218
0.0413028256986001	0.910658827313972	253
-0.0430855223162701	0.505592244745112	876
-0.0457847701985099	0.509451950210503	876
-0.0457847701985099	0.509451950210503	876
-0.04494681321942	0.508107179378978	665
0.0386776221603302	0.910709981607031	927
-0.0430855223162701	0.505592244745112	510
-0.0430855223162701	0.505592244745112	417
0.04014920442259	0.905358338381949	32
-0.0457847701985099	0.509451950210503	32
0.0345153598322399	0.897055391856771	104
-0.04494681321942	0.508107179378978	4
-0.04494681321942	0.508107179378978	4
0.03815634152993	0.908738098430751	131
-0.0430855223162701	0.505592244745112	131
-0.0457847701985099	0.509451950210503	153
-0.04494681321942	0.508107179378978	687
0.0366836444210699	0.893378884018051	447
-0.04494681321942	0.508107179378978	129
-0.04494681321942	0.508107179378978	129
-0.0457847701985099	0.509451950210503	129
-0.04494681321942	0.508107179378978	861
-0.0457847701985099	0.509451950210503	861
-0.0457847701985099	0.509451950210503	861
-0.0457847701985099	0.509451950210503	861
-0.04494681321942	0.508107179378978	861
-0.04494681321942	0.508107179378978	218
-0.04494681321942	0.508107179378978	218
-0.0457847701985099	0.509451950210503	98
-0.0457847701985099	0.509451950210503	218
-0.0457847701985099	0.509451950210503	218
-0.0457847701985099	0.509451950210503	253
-0.04494681321942	0.508107179378978	876
-0.0430855223162701	0.505592244745112	665
-0.0430855223162701	0.505592244745112	665
-0.0457847701985099	0.509451950210503	665
0.0381147489675802	1.37468251408154	151
-0.0430855223162701	0.505592244745112	16
0.04152989522699	0.910786081538073	510
-0.04494681321942	0.508107179378978	4
0.0434474112461598	0.885133372646936	447
-0.0457847701985099	0.509451950210503	1373
-0.0457847701985099	0.509451950210503	129
-0.0457847701985099	0.509451950210503	129
-0.0457847701985099	0.509451950210503	129
-0.0457847701985099	0.509451950210503	129
-0.0430855223162701	0.505592244745112	366
-0.0430855223162701	0.505592244745112	861
-0.0457847701985099	0.509451950210503	825
-0.0457847701985099	0.509451950210503	1518
-0.04494681321942	0.508107179378978	218
-0.0457847701985099	0.509451950210503	218
-0.0457847701985099	0.509451950210503	218
-0.0457847701985099	0.509451950210503	218
-0.04494681321942	0.508107179378978	218
-0.0457847701985099	0.509451950210503	218
-0.04494681321942	0.508107179378978	665
-0.04494681321942	0.508107179378978	665
-0.04494681321942	0.508107179378978	665
-0.0457847701985099	0.509451950210503	665
-0.04494681321942	0.508107179378978	665
-0.04494681321942	0.508107179378978	927
-0.0457847701985099	0.509451950210503	123
0.03889200409726	0.908135882767002	32
0.0447200720062702	0.895775163063828	104
0.04037059125571	0.891303375953094	131
-0.0457847701985099	0.509451950210503	1
-0.04494681321942	0.508107179378978	366
-0.0457847701985099	0.509451950210503	861
-0.04494681321942	0.508107179378978	861
-0.04494681321942	0.508107179378978	861
-0.04494681321942	0.508107179378978	861
-0.0457847701985099	0.509451950210503	825
-0.0457847701985099	0.509451950210503	825
-0.04494681321942	0.508107179378978	218
-0.0457847701985099	0.509451950210503	218
-0.04494681321942	0.508107179378978	218
-0.04494681321942	0.508107179378978	218
-0.0457847701985099	0.509451950210503	218
-0.04494681321942	0.508107179378978	218
-0.0457847701985099	0.509451950210503	218
-0.04494681321942	0.508107179378978	218
-0.0457847701985099	0.509451950210503	218
-0.0457847701985099	0.509451950210503	218
-0.0457847701985099	0.509451950210503	876
-0.0457847701985099	0.509451950210503	876
-0.0430855223162701	0.505592244745112	665
-0.04494681321942	0.508107179378978	16
-0.0457847701985099	0.509451950210503	190
0.0400299717895001	0.898018692914653	131
-0.04494681321942	0.508107179378978	129
-0.04494681321942	0.508107179378978	129
-0.0457847701985099	0.509451950210503	366
-0.04494681321942	0.508107179378978	861
-0.0457847701985099	0.509451950210503	861
-0.0457847701985099	0.509451950210503	825
-0.0457847701985099	0.509451950210503	218
-0.0457847701985099	0.509451950210503	218
-0.04494681321942	0.508107179378978	98
-0.04494681321942	0.508107179378978	218
-0.0457847701985099	0.509451950210503	218
-0.0430855223162701	0.505592244745112	218
-0.04494681321942	0.508107179378978	218
-0.0457847701985099	0.509451950210503	218
-0.0457847701985099	0.509451950210503	218
-0.04494681321942	0.508107179378978	218
-0.0457847701985099	0.509451950210503	218
-0.04494681321942	0.508107179378978	253
-0.04494681321942	0.508107179378978	253
-0.0430855223162701	0.505592244745112	123
-0.0457847701985099	0.509451950210503	16
0.03889200409726	0.908135882767002	32
0.03889200409726	0.908135882767002	190
0.0462335740978799	1.3936849474287	190
-0.0457847701985099	0.509451950210503	131
0.04014920442259	0.905358338381949	131
-0.04494681321942	0.508107179378978	215
-0.0457847701985099	0.509451950210503	129
-0.04494681321942	0.508107179378978	129
-0.0430855223162701	0.505592244745112	129
-0.04494681321942	0.508107179378978	25
-0.0457847701985099	0.509451950210503	366
-0.0430855223162701	0.505592244745112	25
-0.0457847701985099	0.509451950210503	218
-0.0457847701985099	0.509451950210503	218
-0.0457847701985099	0.509451950210503	218
-0.04494681321942	0.508107179378978	218
-0.0457847701985099	0.509451950210503	665
-0.11450947682976	2.04296589657688	41
-0.11891268344002	1.13661129101418	16
-0.0457847701985099	0.509451950210503	190
0.03815634152993	0.908738098430751	190
-0.04494681321942	0.508107179378978	4
-0.0457847701985099	0.509451950210503	1
-0.04494681321942	0.508107179378978	366
-0.04494681321942	0.508107179378978	366
-0.04494681321942	0.508107179378978	825
-0.0457847701985099	0.509451950210503	218
-0.0457847701985099	0.509451950210503	218
-0.0457847701985099	0.509451950210503	218
-0.0457847701985099	0.509451950210503	1342
0.04014920442259	0.905358338381949	151
-0.12489165274081	1.1279987228065	190
-0.04494681321942	0.508107179378978	4
0.0394136436320198	0.910104849618887	4
-0.0457847701985099	0.509451950210503	215
-0.04494681321942	0.508107179378978	424
-0.0457847701985099	0.509451950210503	25
-0.0457847701985099	0.509451950210503	25
-0.04494681321942	0.508107179378978	1288
0.0394136436320198	0.910104849618887	91
-0.04494681321942	0.508107179378978	421
-0.04494681321942	0.508107179378978	218
-0.0430855223162701	0.505592244745112	218
-0.0457847701985099	0.509451950210503	218
-0.04494681321942	0.508107179378978	218
-0.0457847701985099	0.509451950210503	218
-0.0457847701985099	0.509451950210503	218
-0.0430855223162701	0.505592244745112	218
-0.04494681321942	0.508107179378978	218
-0.0457847701985099	0.509451950210503	218
-0.04494681321942	0.508107179378978	218
-0.0457847701985099	0.509451950210503	1050
0.0403201721327902	1.37172405527078	93
0.0366836444210699	0.893378884018051	174
0.0449452826701302	0.893575174020198	16
0.03742022069456	0.905095447212576	803
-0.0457847701985099	0.509451950210503	1
-0.0457847701985099	0.509451950210503	129
-0.04494681321942	0.508107179378978	129
-0.0457847701985099	0.509451950210503	129
-0.0430855223162701	0.505592244745112	1106
-0.04494681321942	0.508107179378978	1288
-0.04494681321942	0.508107179378978	1288
-0.04494681321942	0.508107179378978	1288
-0.04494681321942	0.508107179378978	825
-0.0457847701985099	0.509451950210503	91
-0.04494681321942	0.508107179378978	218
-0.0457847701985099	0.509451950210503	98
-0.04494681321942	0.508107179378978	218
-0.0457847701985099	0.509451950210503	1050
-0.04494681321942	0.508107179378978	570
-0.0430855223162701	0.505592244745112	665
-0.0583980127216299	1.69504314871592	743
-0.11166906501633	1.14102284535553	104
-0.04494681321942	0.508107179378978	4
0.03742022069456	0.905095447212576	131
-0.0457847701985099	0.509451950210503	1
-0.04494681321942	0.508107179378978	129
-0.0457847701985099	0.509451950210503	129
-0.04494681321942	0.508107179378978	1106
-0.0457847701985099	0.509451950210503	1106
-0.0457847701985099	0.509451950210503	1288
-0.04494681321942	0.508107179378978	1288
-0.04494681321942	0.508107179378978	91
-0.0457847701985099	0.509451950210503	91
-0.0457847701985099	0.509451950210503	218
-0.0430855223162701	0.505592244745112	218
-0.04494681321942	0.508107179378978	218
-0.04494681321942	0.508107179378978	218
-0.04494681321942	0.508107179378978	218
-0.0457847701985099	0.509451950210503	218
-0.04494681321942	0.508107179378978	218
-0.04494681321942	0.508107179378978	218
-0.0457847701985099	0.509451950210503	1047
-0.04494681321942	0.508107179378978	570
-0.04494681321942	0.508107179378978	665
-0.04494681321942	0.508107179378978	665
0.0481040189323401	1.93215731208821	16
-0.04494681321942	0.508107179378978	357
0.0413028256986001	0.910658827313972	104
-0.04494681321942	0.508107179378978	1609
-0.0457847701985099	0.509451950210503	1
0.0386776221603302	0.910709981607031	1216
-0.04494681321942	0.508107179378978	129
-0.04494681321942	0.508107179378978	730
-0.0457847701985099	0.509451950210503	1288
-0.04494681321942	0.508107179378978	91
-0.04494681321942	0.508107179378978	91
-0.0457847701985099	0.509451950210503	218
-0.04494681321942	0.508107179378978	218
-0.0457847701985099	0.509451950210503	218
-0.0457847701985099	0.509451950210503	218
-0.04494681321942	0.508107179378978	218
-0.04494681321942	0.508107179378978	218
-0.0457847701985099	0.509451950210503	218
-0.0457847701985099	0.509451950210503	218
-0.04494681321942	0.508107179378978	1047
-0.0430855223162701	0.505592244745112	1047
-0.04494681321942	0.508107179378978	976
-0.0457847701985099	0.509451950210503	976
-0.0430855223162701	0.505592244745112	665
-0.0457847701985099	0.509451950210503	665
-0.04494681321942	0.508107179378978	665
-0.0457847701985099	0.509451950210503	123
0.0627821105589002	1.93300393687283	16
-0.0457847701985099	0.509451950210503	202
0.03720420851944	0.895274569198082	215
-0.04494681321942	0.508107179378978	33
-0.0430855223162701	0.505592244745112	1
-0.04494681321942	0.508107179378978	1377
-0.0457847701985099	0.509451950210503	1377
-0.0457847701985099	0.509451950210503	1377
-0.04494681321942	0.508107179378978	91
-0.0457847701985099	0.509451950210503	91
-0.0457847701985099	0.509451950210503	91
-0.0430855223162701	0.505592244745112	91
-0.0430855223162701	0.505592244745112	91
-0.04494681321942	0.508107179378978	91
-0.0457847701985099	0.509451950210503	218
-0.0457847701985099	0.509451950210503	218
-0.04494681321942	0.508107179378978	218
-0.0457847701985099	0.509451950210503	218
-0.04494681321942	0.508107179378978	218
-0.0457847701985099	0.509451950210503	218
-0.0457847701985099	0.509451950210503	218
-0.0430855223162701	0.505592244745112	218
-0.0430855223162701	0.505592244745112	334
-0.0457847701985099	0.509451950210503	570
-0.0457847701985099	0.509451950210503	570
-0.04494681321942	0.508107179378978	665
-0.04494681321942	0.508107179378978	123
-0.04494681321942	0.508107179378978	123
0.04078037146633	0.908687603642423	148
0.0428013364637501	0.909738976478558	148
-0.04494681321942	0.508107179378978	148
-0.04494681321942	0.508107179378978	743
0.03377072884884	0.897623972008988	743
-0.0430855223162701	0.505592244745112	234
-0.0457847701985099	0.509451950210503	988
-0.0457847701985099	0.509451950210503	988
-0.04494681321942	0.508107179378978	992
-0.0457847701985099	0.509451950210503	985
-0.04494681321942	0.508107179378978	115
-0.04494681321942	0.508107179378978	202
-0.0457847701985099	0.509451950210503	202
-0.04494681321942	0.508107179378978	104
-0.0457847701985099	0.509451950210503	131
-0.0457847701985099	0.509451950210503	131
-0.04494681321942	0.508107179378978	1303
0.0422785387016602	0.907773563954676	1609
-0.0457847701985099	0.509451950210503	33
-0.0457847701985099	0.509451950210503	1
-0.0457847701985099	0.509451950210503	424
-0.0457847701985099	0.509451950210503	1216
-0.0457847701985099	0.509451950210503	1216
-0.0457847701985099	0.509451950210503	1216
-0.04494681321942	0.508107179378978	1
-0.0457847701985099	0.509451950210503	129
-0.04494681321942	0.508107179378978	730
-0.0457847701985099	0.509451950210503	730
-0.0457847701985099	0.509451950210503	25
-0.0457847701985099	0.509451950210503	1377
-0.04494681321942	0.508107179378978	1377
-0.04494681321942	0.508107179378978	1377
-0.0430855223162701	0.505592244745112	91
-0.0457847701985099	0.509451950210503	91
-0.0430855223162701	0.505592244745112	218
-0.0430855223162701	0.505592244745112	218
-0.04494681321942	0.508107179378978	218
-0.0457847701985099	0.509451950210503	218
-0.0457847701985099	0.509451950210503	218
-0.0457847701985099	0.509451950210503	976
-0.0457847701985099	0.509451950210503	154
-0.0457847701985099	0.509451950210503	154
-0.04494681321942	0.508107179378978	41
-0.04494681321942	0.508107179378978	151
-0.04494681321942	0.508107179378978	16
0.0449452826701302	0.893575174020198	16
0.03815634152993	0.908738098430751	16
-0.0457847701985099	0.509451950210503	32
-0.04494681321942	0.508107179378978	992
-0.04494681321942	0.508107179378978	32
-0.04494681321942	0.508107179378978	115
-0.0457847701985099	0.509451950210503	202
-0.04494681321942	0.508107179378978	202
-0.04494681321942	0.508107179378978	131
-0.04494681321942	0.508107179378978	131
-0.04494681321942	0.508107179378978	214
0.04014920442259	0.905358338381949	1109
-0.0457847701985099	0.509451950210503	1
-0.04494681321942	0.508107179378978	1216
-0.0430855223162701	0.505592244745112	730
-0.0457847701985099	0.509451950210503	730
-0.0457847701985099	0.509451950210503	730
-0.0457847701985099	0.509451950210503	730
-0.0457847701985099	0.509451950210503	1377
-0.0430855223162701	0.505592244745112	91
-0.0430855223162701	0.505592244745112	91
-0.0457847701985099	0.509451950210503	91
-0.04494681321942	0.508107179378978	218
-0.0457847701985099	0.509451950210503	218
-0.04494681321942	0.508107179378978	218
-0.0457847701985099	0.509451950210503	218
-0.04494681321942	0.508107179378978	218
-0.04494681321942	0.508107179378978	1695
-0.0457847701985099	0.509451950210503	570
-0.0457847701985099	0.509451950210503	665
0.0422785387016602	0.907773563954676	300
-0.12134281655481	1.14708055181825	921
-0.04494681321942	0.508107179378978	41
-0.04494681321942	0.508107179378978	234
-0.0457847701985099	0.509451950210503	988
-0.04494681321942	0.508107179378978	988
-0.0457847701985099	0.509451950210503	992
-0.04494681321942	0.508107179378978	115
-0.0457847701985099	0.509451950210503	115
-0.0430855223162701	0.505592244745112	202
-0.04494681321942	0.508107179378978	202
-0.04494681321942	0.508107179378978	202
-0.0457847701985099	0.509451950210503	104
-0.0457847701985099	0.509451950210503	131
-0.0457847701985099	0.509451950210503	131
-0.0457847701985099	0.509451950210503	131
-0.0457847701985099	0.509451950210503	131
-0.0457847701985099	0.509451950210503	1805
-0.04494681321942	0.508107179378978	1216
-0.04494681321942	0.508107179378978	730
-0.0430855223162701	0.505592244745112	730
-0.04494681321942	0.508107179378978	730
-0.0457847701985099	0.509451950210503	730
-0.0457847701985099	0.509451950210503	730
-0.04494681321942	0.508107179378978	730
-0.0457847701985099	0.509451950210503	25
-0.0457847701985099	0.509451950210503	990
-0.0457847701985099	0.509451950210503	91
-0.04494681321942	0.508107179378978	91
-0.04494681321942	0.508107179378978	91
-0.04494681321942	0.508107179378978	91
-0.0457847701985099	0.509451950210503	218
-0.04494681321942	0.508107179378978	218
-0.0430855223162701	0.505592244745112	218
-0.04494681321942	0.508107179378978	218
-0.0457847701985099	0.509451950210503	721
-0.0430855223162701	0.505592244745112	948
-0.0457847701985099	0.509451950210503	154
-0.12203439459081	1.13961856512184	107
-0.0457847701985099	0.509451950210503	41
-0.0430855223162701	0.505592244745112	743
-0.04494681321942	0.508107179378978	234
-0.04494681321942	0.508107179378978	32
-0.0457847701985099	0.509451950210503	32
-0.0457847701985099	0.509451950210503	32
-0.0457847701985099	0.509451950210503	992
-0.04494681321942	0.508107179378978	992
0.0420525211301999	0.912767194101794	32
-0.0457847701985099	0.509451950210503	32
-0.0457847701985099	0.509451950210503	985
-0.0457847701985099	0.509451950210503	985
-0.04494681321942	0.508107179378978	985
-0.0430855223162701	0.505592244745112	985
-0.04494681321942	0.508107179378978	202
-0.0457847701985099	0.509451950210503	202
-0.04494681321942	0.508107179378978	131
-0.0457847701985099	0.509451950210503	1805
-0.04494681321942	0.508107179378978	215
0.03815634152993	0.908738098430751	804
-0.04494681321942	0.508107179378978	1216
-0.04494681321942	0.508107179378978	129
-0.04494681321942	0.508107179378978	730
-0.0457847701985099	0.509451950210503	25
-0.0457847701985099	0.509451950210503	25
-0.04494681321942	0.508107179378978	990
-0.0430855223162701	0.505592244745112	91
-0.0430855223162701	0.505592244745112	91
-0.0457847701985099	0.509451950210503	91
-0.04494681321942	0.508107179378978	218
-0.0457847701985099	0.509451950210503	218
-0.04494681321942	0.508107179378978	218
-0.0457847701985099	0.509451950210503	218
-0.0457847701985099	0.509451950210503	89
-0.0457847701985099	0.509451950210503	948
-0.04494681321942	0.508107179378978	948
-0.04494681321942	0.508107179378978	570
-0.04494681321942	0.508107179378978	148
0.04152989522699	0.910786081538073	148
-0.0457847701985099	0.509451950210503	100
-0.0457847701985099	0.509451950210503	16
-0.0457847701985099	0.509451950210503	32
-0.04494681321942	0.508107179378978	32
-0.0457847701985099	0.509451950210503	985
-0.0457847701985099	0.509451950210503	115
-0.0430855223162701	0.505592244745112	202
-0.04494681321942	0.508107179378978	202
-0.0457847701985099	0.509451950210503	202
-0.0457847701985099	0.509451950210503	202
-0.04494681321942	0.508107179378978	104
-0.04494681321942	0.508107179378978	104
-0.04494681321942	0.508107179378978	131
-0.04494681321942	0.508107179378978	104
-0.0430855223162701	0.505592244745112	33
-0.04494681321942	0.508107179378978	1
-0.04494681321942	0.508107179378978	1
-0.0457847701985099	0.509451950210503	25
-0.04494681321942	0.508107179378978	129
-0.04494681321942	0.508107179378978	730
-0.04494681321942	0.508107179378978	730
-0.04494681321942	0.508107179378978	48
-0.0430855223162701	0.505592244745112	25
-0.0457847701985099	0.509451950210503	91
-0.0430855223162701	0.505592244745112	91
-0.0457847701985099	0.509451950210503	91
-0.04494681321942	0.508107179378978	91
-0.0457847701985099	0.509451950210503	91
-0.0457847701985099	0.509451950210503	1172
-0.04494681321942	0.508107179378978	218
-0.0457847701985099	0.509451950210503	218
-0.04494681321942	0.508107179378978	218
-0.0457847701985099	0.509451950210503	218
-0.0430855223162701	0.505592244745112	218
-0.04494681321942	0.508107179378978	218
-0.0457847701985099	0.509451950210503	89
-0.04494681321942	0.508107179378978	948
-0.0430855223162701	0.505592244745112	570
-0.0457847701985099	0.509451950210503	154
-0.0457847701985099	0.509451950210503	154
-0.11473623620251	1.16068285152843	148
0.0394136436320198	0.910104849618887	148
-0.04494681321942	0.508107179378978	1634
-0.0430855223162701	0.505592244745112	32
-0.0457847701985099	0.509451950210503	32
-0.0457847701985099	0.509451950210503	992
-0.04494681321942	0.508107179378978	32
-0.0457847701985099	0.509451950210503	985
0.0396272055568998	0.903412812436422	202
-0.0430855223162701	0.505592244745112	202
-0.0430855223162701	0.505592244745112	202
-0.04494681321942	0.508107179378978	131
-0.0430855223162701	0.505592244745112	131
-0.0457847701985099	0.509451950210503	131
-0.04494681321942	0.508107179378978	131
-0.04494681321942	0.508107179378978	104
-0.0457847701985099	0.509451950210503	104
-0.0457847701985099	0.509451950210503	804
-0.0457847701985099	0.509451950210503	804
-0.04494681321942	0.508107179378978	730
-0.04494681321942	0.508107179378978	990
-0.04494681321942	0.508107179378978	91
-0.0457847701985099	0.509451950210503	91
-0.04494681321942	0.508107179378978	91
-0.0457847701985099	0.509451950210503	91
-0.04494681321942	0.508107179378978	218
-0.0457847701985099	0.509451950210503	218
-0.0457847701985099	0.509451950210503	218
-0.0430855223162701	0.505592244745112	721
-0.04494681321942	0.508107179378978	570
-0.0457847701985099	0.509451950210503	154
-0.04494681321942	0.508107179378978	154
-0.0430855223162701	0.505592244745112	154
-0.0457847701985099	0.509451950210503	154
0.03794114284642	0.907049051234415	32
-0.0430855223162701	0.505592244745112	854
0.03889200409726	0.908135882767002	804
-0.0457847701985099	0.509451950210503	129
-0.04494681321942	0.508107179378978	129
-0.0457847701985099	0.509451950210503	25
-0.0457847701985099	0.509451950210503	48
-0.04494681321942	0.508107179378978	91
-0.0430855223162701	0.505592244745112	91
-0.0430855223162701	0.505592244745112	42
-0.0457847701985099	0.509451950210503	218
-0.04494681321942	0.508107179378978	218
-0.0457847701985099	0.509451950210503	218
-0.04494681321942	0.508107179378978	388
-0.0457847701985099	0.509451950210503	721
-0.04494681321942	0.508107179378978	570
-0.04494681321942	0.508107179378978	154
0.03742022069456	0.905095447212576	154
-0.05674616758875	1.71660475872603	151
-0.04494681321942	0.508107179378978	170
-0.0457847701985099	0.509451950210503	1202
0.04152989522699	0.910786081538073	1202
-0.0457847701985099	0.509451950210503	1
-0.0457847701985099	0.509451950210503	91
-0.0430855223162701	0.505592244745112	42
-0.0457847701985099	0.509451950210503	218
-0.0457847701985099	0.509451950210503	218
-0.0457847701985099	0.509451950210503	218
-0.0457847701985099	0.509451950210503	570
-0.04494681321942	0.508107179378978	570
-0.0457847701985099	0.509451950210503	570
-0.11687131935868	1.15487115555768	100
0.0386776221603302	0.910709981607031	151
-0.0637639181029901	1.68030944214911	151
0.03815634152993	0.908738098430751	151
-0.11655665898368	1.11830383536141	104
-0.0457847701985099	0.509451950210503	1
-0.04494681321942	0.508107179378978	1
-0.0457847701985099	0.509451950210503	1475
-0.0457847701985099	0.509451950210503	1
-0.0457847701985099	0.509451950210503	25
-0.0457847701985099	0.509451950210503	48
-0.0457847701985099	0.509451950210503	91
-0.0457847701985099	0.509451950210503	91
-0.0430855223162701	0.505592244745112	218
-0.0430855223162701	0.505592244745112	218
-0.0457847701985099	0.509451950210503	388
-0.04494681321942	0.508107179378978	388
-0.04494681321942	0.508107179378978	388
-0.0430855223162701	0.505592244745112	570
-0.0457847701985099	0.509451950210503	154
-0.0430855223162701	0.505592244745112	154
-0.0457847701985099	0.509451950210503	154
-0.04494681321942	0.508107179378978	151
0.0422785387016602	0.907773563954676	151
0.03717101979414	0.899628512532504	151
0.0428013364637501	0.909738976478558	151
0.0386776221603302	0.910709981607031	634
-0.0457847701985099	0.509451950210503	378
-0.0457847701985099	0.509451950210503	378
-0.0457847701985099	0.509451950210503	378
-0.04494681321942	0.508107179378978	1202
-0.04494681321942	0.508107179378978	1
-0.0457847701985099	0.509451950210503	1475
-0.0457847701985099	0.509451950210503	1475
0.0428013364637501	0.909738976478558	1
-0.0457847701985099	0.509451950210503	48
-0.04494681321942	0.508107179378978	588
-0.0457847701985099	0.509451950210503	91
-0.0457847701985099	0.509451950210503	91
-0.04494681321942	0.508107179378978	218
-0.0430855223162701	0.505592244745112	218
-0.04494681321942	0.508107179378978	218
-0.04494681321942	0.508107179378978	388
-0.0457847701985099	0.509451950210503	388
-0.04494681321942	0.508107179378978	570
-0.0457847701985099	0.509451950210503	154
-0.04494681321942	0.508107179378978	154
-0.04494681321942	0.508107179378978	123
0.0388250289491401	1.38124593710816	32
-0.0430855223162701	0.505592244745112	1475
-0.04494681321942	0.508107179378978	507
0.04762299671019	0.871704908495224	25
-0.04494681321942	0.508107179378978	48
-0.04494681321942	0.508107179378978	989
-0.04494681321942	0.508107179378978	989
-0.04494681321942	0.508107179378978	91
-0.0457847701985099	0.509451950210503	42
-0.04494681321942	0.508107179378978	1416
-0.04494681321942	0.508107179378978	388
-0.04494681321942	0.508107179378978	388
-0.04494681321942	0.508107179378978	388
-0.04494681321942	0.508107179378978	570
-0.0457847701985099	0.509451950210503	570
-0.0457847701985099	0.509451950210503	570
-0.0457847701985099	0.509451950210503	154
-0.04494681321942	0.508107179378978	154
-0.04494681321942	0.508107179378978	154
-0.04494681321942	0.508107179378978	154
-0.115447554103	1.1629982468997	151
0.0427466606481701	1.37768198268617	32
-0.0457847701985099	0.509451950210503	1
0.03889200409726	0.908135882767002	69
-0.0457847701985099	0.509451950210503	507
-0.0430855223162701	0.505592244745112	588
-0.04494681321942	0.508107179378978	989
-0.0457847701985099	0.509451950210503	91
-0.0457847701985099	0.509451950210503	91
-0.04494681321942	0.508107179378978	218
-0.0457847701985099	0.509451950210503	218
-0.04494681321942	0.508107179378978	1416
-0.0457847701985099	0.509451950210503	388
-0.0457847701985099	0.509451950210503	388
-0.0430855223162701	0.505592244745112	388
-0.04494681321942	0.508107179378978	630
-0.0457847701985099	0.509451950210503	33
-0.04494681321942	0.508107179378978	1
-0.04494681321942	0.508107179378978	69
0.0434474112461598	0.885133372646936	1654
-0.04494681321942	0.508107179378978	507
0.03720420851944	0.895274569198082	1383
-0.0457847701985099	0.509451950210503	769
-0.0457847701985099	0.509451950210503	48
-0.0430855223162701	0.505592244745112	48
-0.0457847701985099	0.509451950210503	91
-0.0457847701985099	0.509451950210503	91
-0.0457847701985099	0.509451950210503	42
-0.04494681321942	0.508107179378978	1416
-0.0457847701985099	0.509451950210503	1043
-0.0457847701985099	0.509451950210503	388
-0.0457847701985099	0.509451950210503	388
-0.0457847701985099	0.509451950210503	388
-0.04494681321942	0.508107179378978	388
-0.0457847701985099	0.509451950210503	154
-0.0457847701985099	0.509451950210503	154
-0.0457847701985099	0.509451950210503	154
-0.04494681321942	0.508107179378978	154
-0.0457847701985099	0.509451950210503	154
-0.0457847701985099	0.509451950210503	154
-0.12224783916151	1.16164931515351	213
-0.12041553077608	1.15104632366319	151
0.0394136436320198	0.910104849618887	32
0.0420525211301999	0.912767194101794	202
-0.04494681321942	0.508107179378978	69
-0.0457847701985099	0.509451950210503	69
-0.04494681321942	0.508107179378978	1654
-0.04494681321942	0.508107179378978	1
-0.0457847701985099	0.509451950210503	1383
0.03815634152993	0.908738098430751	769
-0.04494681321942	0.508107179378978	48
-0.04494681321942	0.508107179378978	48
-0.0457847701985099	0.509451950210503	42
-0.04494681321942	0.508107179378978	1416
-0.0457847701985099	0.509451950210503	89
0.0330252147729202	0.894061262220547	32
0.0422785387016602	0.907773563954676	202
-0.0457847701985099	0.509451950210503	378
-0.0457847701985099	0.509451950210503	33
-0.0457847701985099	0.509451950210503	69
-0.04494681321942	0.508107179378978	69
-0.0457847701985099	0.509451950210503	1383
-0.04494681321942	0.508107179378978	769
-0.04494681321942	0.508107179378978	48
0.0413028256986001	0.910658827313972	48
-0.04494681321942	0.508107179378978	48
-0.0457847701985099	0.509451950210503	800
-0.04494681321942	0.508107179378978	800
-0.04494681321942	0.508107179378978	91
-0.0457847701985099	0.509451950210503	91
-0.0430855223162701	0.505592244745112	91
-0.0430855223162701	0.505592244745112	42
-0.0430855223162701	0.505592244745112	1416
-0.04494681321942	0.508107179378978	388
-0.0457847701985099	0.509451950210503	117
-0.0457847701985099	0.509451950210503	71
-0.0457847701985099	0.509451950210503	154
-0.0457847701985099	0.509451950210503	154
-0.04494681321942	0.508107179378978	154
0.03742022069456	0.905095447212576	53
-0.04494681321942	0.508107179378978	53
-0.12084277919959	1.13064148870738	32
-0.11848993299096	1.17460510750634	1701
0.0386776221603302	0.910709981607031	378
-0.0457847701985099	0.509451950210503	69
0.0400299717895001	0.898018692914653	1383
-0.0457847701985099	0.509451950210503	1383
-0.04494681321942	0.508107179378978	769
-0.0457847701985099	0.509451950210503	499
-0.0457847701985099	0.509451950210503	48
-0.04494681321942	0.508107179378978	91
-0.04494681321942	0.508107179378978	42
-0.0457847701985099	0.509451950210503	1416
-0.04494681321942	0.508107179378978	1416
-0.04494681321942	0.508107179378978	321
-0.0457847701985099	0.509451950210503	321
-0.04494681321942	0.508107179378978	117
-0.0457847701985099	0.509451950210503	925
-0.0457847701985099	0.509451950210503	154
-0.0457847701985099	0.509451950210503	55
0.0396114362808202	1.37396851477947	53
-0.0430855223162701	0.505592244745112	53
0.03889200409726	0.908135882767002	642
-0.12433245395957	1.12189097741903	1358
-0.0457847701985099	0.509451950210503	758
0.0420525211301999	0.912767194101794	1383
-0.0430855223162701	0.505592244745112	499
-0.04494681321942	0.508107179378978	91
-0.0457847701985099	0.509451950210503	91
-0.0457847701985099	0.509451950210503	91
-0.0457847701985099	0.509451950210503	42
-0.0457847701985099	0.509451950210503	321
-0.0457847701985099	0.509451950210503	321
-0.0457847701985099	0.509451950210503	388
-0.0430855223162701	0.505592244745112	71
-0.0457847701985099	0.509451950210503	71
-0.04494681321942	0.508107179378978	154
-0.12367614719587	1.15613240159717	151
0.0413279284532302	1.37095812211669	291
0.04152989522699	0.910786081538073	110
0.0405809825147099	0.882881427072151	758
-0.0430855223162701	0.505592244745112	69
-0.0457847701985099	0.509451950210503	1383
-0.0457847701985099	0.509451950210503	48
-0.0457847701985099	0.509451950210503	91
-0.04494681321942	0.508107179378978	91
-0.0457847701985099	0.509451950210503	91
-0.0457847701985099	0.509451950210503	42
-0.0457847701985099	0.509451950210503	42
-0.0457847701985099	0.509451950210503	321
-0.0457847701985099	0.509451950210503	321
-0.0457847701985099	0.509451950210503	321
-0.0457847701985099	0.509451950210503	71
-0.0457847701985099	0.509451950210503	154
-0.12484988203738	1.13937112599896	55
0.0422785387016602	0.907773563954676	151
0.03742022069456	0.905095447212576	291
0.04152989522699	0.910786081538073	32
0.0428013364637501	0.909738976478558	32
-0.12082096706633	1.15471101662215	1358
0.0386776221603302	0.910709981607031	758
-0.0457847701985099	0.509451950210503	758
0.03815634152993	0.908738098430751	758
-0.0457847701985099	0.509451950210503	33
-0.11423762374368	1.14386244940576	1
-0.04494681321942	0.508107179378978	1
0.03889200409726	0.908135882767002	1
-0.0457847701985099	0.509451950210503	69
-0.0457847701985099	0.509451950210503	1383
-0.04494681321942	0.508107179378978	499
-0.04494681321942	0.508107179378978	48
-0.0457847701985099	0.509451950210503	48
-0.0430855223162701	0.505592244745112	91
-0.0430855223162701	0.505592244745112	91
-0.0457847701985099	0.509451950210503	321
-0.0457847701985099	0.509451950210503	321
-0.0457847701985099	0.509451950210503	321
-0.0457847701985099	0.509451950210503	117
-0.0430855223162701	0.505592244745112	117
-0.0457847701985099	0.509451950210503	154
-0.0430855223162701	0.505592244745112	154
-0.0430855223162701	0.505592244745112	154
-0.04494681321942	0.508107179378978	154
0.0394136436320198	0.910104849618887	589
0.03889200409726	0.908135882767002	32
-0.0457847701985099	0.509451950210503	110
-0.04494681321942	0.508107179378978	1358
-0.0430855223162701	0.505592244745112	226
-0.0457847701985099	0.509451950210503	499
-0.04494681321942	0.508107179378978	499
-0.04494681321942	0.508107179378978	48
0.04014920442259	0.905358338381949	48
-0.0457847701985099	0.509451950210503	358
-0.0457847701985099	0.509451950210503	91
-0.0457847701985099	0.509451950210503	91
-0.0457847701985099	0.509451950210503	91
-0.04494681321942	0.508107179378978	345
-0.04494681321942	0.508107179378978	345
-0.0430855223162701	0.505592244745112	345
-0.0457847701985099	0.509451950210503	345
-0.0457847701985099	0.509451950210503	345
-0.0457847701985099	0.509451950210503	321
-0.0430855223162701	0.505592244745112	321
-0.0457847701985099	0.509451950210503	321
-0.0457847701985099	0.509451950210503	71
-0.0457847701985099	0.509451950210503	71
-0.0457847701985099	0.509451950210503	71
-0.0430855223162701	0.505592244745112	71
-0.0457847701985099	0.509451950210503	154
-0.04494681321942	0.508107179378978	154
0.0386776221603302	0.910709981607031	154
-0.11920260530552	1.17496009302982	148
0.04552525050548	1.3896631328259	713
-0.04494681321942	0.508107179378978	32
-0.0457847701985099	0.509451950210503	32
-0.0457847701985099	0.509451950210503	758
0.0474375576910302	1.37196028081438	758
-0.0457847701985099	0.509451950210503	1
-0.0457847701985099	0.509451950210503	48
-0.04494681321942	0.508107179378978	48
-0.0457847701985099	0.509451950210503	48
-0.0430855223162701	0.505592244745112	48
0.04546873567792	0.895468389189146	48
0.0462335740978799	1.3936849474287	48
0.0413028256986001	0.910658827313972	958
-0.0457847701985099	0.509451950210503	345
-0.04494681321942	0.508107179378978	345
0.04078037146633	0.908687603642423	321
-0.04494681321942	0.508107179378978	321
-0.04494681321942	0.508107179378978	321
-0.0457847701985099	0.509451950210503	71
-0.0457847701985099	0.509451950210503	71
-0.04494681321942	0.508107179378978	871
-0.04494681321942	0.508107179378978	871
-0.04494681321942	0.508107179378978	154
-0.04494681321942	0.508107179378978	154
-0.04494681321942	0.508107179378978	154
-0.04494681321942	0.508107179378978	154
0.04152989522699	0.910786081538073	148
0.0413028256986001	0.910658827313972	151
-0.04494681321942	0.508107179378978	589
-0.0457847701985099	0.509451950210503	902
-0.0457847701985099	0.509451950210503	32
-0.04494681321942	0.508107179378978	32
-0.04494681321942	0.508107179378978	32
-0.0457847701985099	0.509451950210503	778
-0.0457847701985099	0.509451950210503	778
-0.0457847701985099	0.509451950210503	226
-0.04494681321942	0.508107179378978	226
-0.0457847701985099	0.509451950210503	104
-0.0457847701985099	0.509451950210503	104
-0.0457847701985099	0.509451950210503	170
0.0542197460878402	1.97045911143285	1360
-0.0457847701985099	0.509451950210503	1383
-0.04494681321942	0.508107179378978	1383
-0.0457847701985099	0.509451950210503	1383
-0.0457847701985099	0.509451950210503	48
-0.04494681321942	0.508107179378978	48
-0.04494681321942	0.508107179378978	48
-0.0430855223162701	0.505592244745112	48
-0.0457847701985099	0.509451950210503	358
-0.0457847701985099	0.509451950210503	91
-0.0457847701985099	0.509451950210503	42
-0.0457847701985099	0.509451950210503	71
-0.0457847701985099	0.509451950210503	871
-0.04494681321942	0.508107179378978	154
0.03742022069456	0.905095447212576	32
-0.04494681321942	0.508107179378978	104
0.0345153598322399	0.897055391856771	170
-0.04494681321942	0.508107179378978	758
-0.04494681321942	0.508107179378978	1383
-0.0457847701985099	0.509451950210503	453
-0.0457847701985099	0.509451950210503	453
-0.0430855223162701	0.505592244745112	48
-0.04494681321942	0.508107179378978	48
-0.0457847701985099	0.509451950210503	48
-0.04494681321942	0.508107179378978	48
-0.0430855223162701	0.505592244745112	48
-0.0457847701985099	0.509451950210503	48
-0.0430855223162701	0.505592244745112	958
-0.0457847701985099	0.509451950210503	345
-0.0430855223162701	0.505592244745112	345
-0.0430855223162701	0.505592244745112	727
-0.0430855223162701	0.505592244745112	1547
-0.04494681321942	0.508107179378978	71
-0.04494681321942	0.508107179378978	71
-0.0457847701985099	0.509451950210503	71
-0.0430855223162701	0.505592244745112	71
-0.04494681321942	0.508107179378978	871
-0.0457847701985099	0.509451950210503	154
-0.0430855223162701	0.505592244745112	154
-0.0457847701985099	0.509451950210503	154
0.04152989522699	0.910786081538073	792
0.0345153598322399	0.897055391856771	32
0.0420525211301999	0.912767194101794	32
0.0395352781444598	1.38412365279954	110
-0.04494681321942	0.508107179378978	1016
-0.04494681321942	0.508107179378978	104
-0.04494681321942	0.508107179378978	104
-0.04494681321942	0.508107179378978	1
-0.04494681321942	0.508107179378978	144
0.0394136436320198	0.910104849618887	144
-0.0457847701985099	0.509451950210503	1383
-0.0430855223162701	0.505592244745112	453
-0.04494681321942	0.508107179378978	453
-0.0457847701985099	0.509451950210503	48
-0.04494681321942	0.508107179378978	48
-0.0457847701985099	0.509451950210503	91
-0.0430855223162701	0.505592244745112	91
-0.0457847701985099	0.509451950210503	345
-0.0457847701985099	0.509451950210503	727
-0.04494681321942	0.508107179378978	71
-0.0457847701985099	0.509451950210503	871
-0.0457847701985099	0.509451950210503	154
-0.0457847701985099	0.509451950210503	236
-0.06555242289027	1.68397617528075	148
-0.04494681321942	0.508107179378978	430
0.0394136436320198	0.910104849618887	32
0.03889200409726	0.908135882767002	1493
0.0428013364637501	0.909738976478558	144
-0.04494681321942	0.508107179378978	478
-0.0457847701985099	0.509451950210503	42
-0.0457847701985099	0.509451950210503	345
-0.0457847701985099	0.509451950210503	727
-0.04494681321942	0.508107179378978	1547
-0.0457847701985099	0.509451950210503	117
-0.04494681321942	0.508107179378978	71
-0.04494681321942	0.508107179378978	71
-0.04494681321942	0.508107179378978	871
-0.04494681321942	0.508107179378978	871
-0.0457847701985099	0.509451950210503	871
-0.0430855223162701	0.505592244745112	871
-0.0457847701985099	0.509451950210503	154
-0.0457847701985099	0.509451950210503	154
0.0400299717895001	0.898018692914653	53
0.0450292647376198	1.36446571837719	149
-0.0457847701985099	0.509451950210503	758
-0.0457847701985099	0.509451950210503	758
-0.0430855223162701	0.505592244745112	144
0.0394136436320198	0.910104849618887	144
0.03815634152993	0.908738098430751	56
-0.0457847701985099	0.509451950210503	91
-0.0457847701985099	0.509451950210503	42
-0.0457847701985099	0.509451950210503	345
-0.04494681321942	0.508107179378978	117
-0.0457847701985099	0.509451950210503	871
-0.0457847701985099	0.509451950210503	871
0.03377072884884	0.897623972008988	53
0.0441652295687001	1.36929485791228	32
-0.0457847701985099	0.509451950210503	1493
-0.0457847701985099	0.509451950210503	194
-0.04494681321942	0.508107179378978	48
-0.04494681321942	0.508107179378978	91
-0.04494681321942	0.508107179378978	91
-0.04494681321942	0.508107179378978	91
-0.04494681321942	0.508107179378978	91
-0.04494681321942	0.508107179378978	91
-0.0457847701985099	0.509451950210503	329
-0.04494681321942	0.508107179378978	345
-0.0457847701985099	0.509451950210503	727
-0.04494681321942	0.508107179378978	117
-0.0457847701985099	0.509451950210503	1041
-0.0457847701985099	0.509451950210503	1041
-0.0457847701985099	0.509451950210503	871
-0.0457847701985099	0.509451950210503	871
-0.04494681321942	0.508107179378978	871
-0.04494681321942	0.508107179378978	476
0.03794114284642	0.907049051234415	142
0.04055225453846	0.899937562541978	299
-0.04494681321942	0.508107179378978	144
-0.0457847701985099	0.509451950210503	712
-0.0457847701985099	0.509451950210503	712
-0.0457847701985099	0.509451950210503	91
-0.0457847701985099	0.509451950210503	409
-0.0457847701985099	0.509451950210503	409
-0.0457847701985099	0.509451950210503	409
-0.0430855223162701	0.505592244745112	117
-0.04494681321942	0.508107179378978	871
-0.12153422266457	1.15977339621003	1401
-0.04494681321942	0.508107179378978	56
0.03742022069456	0.905095447212576	56
-0.0457847701985099	0.509451950210503	25
-0.0457847701985099	0.509451950210503	712
-0.0430855223162701	0.505592244745112	783
-0.0457847701985099	0.509451950210503	91
-0.04494681321942	0.508107179378978	91
-0.04494681321942	0.508107179378978	329
-0.04494681321942	0.508107179378978	117
-0.04494681321942	0.508107179378978	1041
-0.0457847701985099	0.509451950210503	871
-0.0457847701985099	0.509451950210503	871
-0.04494681321942	0.508107179378978	871
-0.0457847701985099	0.509451950210503	871
-0.04494681321942	0.508107179378978	476
-0.04494681321942	0.508107179378978	476
-0.0457847701985099	0.509451950210503	142
0.04152989522699	0.910786081538073	351
-0.04494681321942	0.508107179378978	329
-0.04494681321942	0.508107179378978	565
-0.0457847701985099	0.509451950210503	1041
0.04762299671019	0.871704908495224	142
-0.0457847701985099	0.509451950210503	208
-0.12224783916151	1.16164931515351	299
0.0504203267153098	1.35350848130519	194
-0.0457847701985099	0.509451950210503	56
-0.04494681321942	0.508107179378978	329
-0.0457847701985099	0.509451950210503	42
-0.0457847701985099	0.509451950210503	409
-0.0457847701985099	0.509451950210503	565
-0.04494681321942	0.508107179378978	565
0.0542197460878402	1.97045911143285	53
0.0394136436320198	0.910104849618887	104
-0.0457847701985099	0.509451950210503	6
-0.04494681321942	0.508107179378978	196
-0.0430855223162701	0.505592244745112	329
-0.04494681321942	0.508107179378978	329
-0.0430855223162701	0.505592244745112	42
-0.04494681321942	0.508107179378978	790
-0.04494681321942	0.508107179378978	409
-0.0430855223162701	0.505592244745112	409
0.04014920442259	0.905358338381949	628
0.0386776221603302	0.910709981607031	628
0.0543129295941198	1.34127702621326	32
-0.0430855223162701	0.505592244745112	1751
0.0394136436320198	0.910104849618887	56
0.04078037146633	0.908687603642423	1212
-0.0457847701985099	0.509451950210503	48
-0.0430855223162701	0.505592244745112	783
-0.0457847701985099	0.509451950210503	783
0.03717101979414	0.899628512532504	409
-0.04494681321942	0.508107179378978	565
0.0441967916377499	0.893879868083904	1536
-0.04494681321942	0.508107179378978	87
-0.04494681321942	0.508107179378978	87
-0.0430855223162701	0.505592244745112	53
-0.04494681321942	0.508107179378978	144
-0.0457847701985099	0.509451950210503	112
0.03720420851944	0.895274569198082	56
-0.0457847701985099	0.509451950210503	783
-0.04494681321942	0.508107179378978	196
-0.04494681321942	0.508107179378978	196
-0.0457847701985099	0.509451950210503	1310
-0.04494681321942	0.508107179378978	1309
-0.0457847701985099	0.509451950210503	1309
-0.0457847701985099	0.509451950210503	87
-0.0457847701985099	0.509451950210503	130
-0.04494681321942	0.508107179378978	130
-0.0457847701985099	0.509451950210503	628
-0.0430855223162701	0.505592244745112	628
0.0420525211301999	0.912767194101794	1253
0.0381938306489298	1.36725897022916	1253
-0.11799054404421	1.15721785899934	32
-0.0430855223162701	0.505592244745112	208
-0.04494681321942	0.508107179378978	1612
-0.04494681321942	0.508107179378978	144
-0.0457847701985099	0.509451950210503	112
-0.0457847701985099	0.509451950210503	1212
-0.04494681321942	0.508107179378978	48
-0.0457847701985099	0.509451950210503	783
-0.0430855223162701	0.505592244745112	196
-0.0430855223162701	0.505592244745112	1310
-0.0457847701985099	0.509451950210503	1310
-0.04494681321942	0.508107179378978	565
-0.04494681321942	0.508107179378978	565
-0.0457847701985099	0.509451950210503	130
-0.04494681321942	0.508107179378978	130
0.04078037146633	0.908687603642423	32
-0.0457847701985099	0.509451950210503	208
0.0420525211301999	0.912767194101794	208
-0.0457847701985099	0.509451950210503	1612
-0.11991564462876	1.17167030495076	1612
-0.0457847701985099	0.509451950210503	382
-0.04494681321942	0.508107179378978	783
-0.0430855223162701	0.505592244745112	196
-0.04494681321942	0.508107179378978	1310
-0.04494681321942	0.508107179378978	1310
-0.0430855223162701	0.505592244745112	130
-0.04494681321942	0.508107179378978	916
-0.0430855223162701	0.505592244745112	56
-0.0430855223162701	0.505592244745112	56
0.0386776221603302	0.910709981607031	56
-0.0430855223162701	0.505592244745112	56
-0.0430855223162701	0.505592244745112	196
-0.0430855223162701	0.505592244745112	196
-0.04494681321942	0.508107179378978	196
-0.04494681321942	0.508107179378978	42
-0.04494681321942	0.508107179378978	1483
-0.0457847701985099	0.509451950210503	1483
-0.04494681321942	0.508107179378978	565
-0.0430855223162701	0.505592244745112	1243
-0.0457847701985099	0.509451950210503	1243
0.0502328702960502	1.92584868438697	53
0.0428013364637501	0.909738976478558	208
-0.04494681321942	0.508107179378978	208
0.04152989522699	0.910786081538073	56
-0.0457847701985099	0.509451950210503	56
0.03720420851944	0.895274569198082	56
-0.0457847701985099	0.509451950210503	48
-0.0430855223162701	0.505592244745112	783
-0.0430855223162701	0.505592244745112	783
-0.04494681321942	0.508107179378978	196
-0.0457847701985099	0.509451950210503	196
-0.0457847701985099	0.509451950210503	1483
-0.04494681321942	0.508107179378978	1042
-0.04494681321942	0.508107179378978	130
-0.0457847701985099	0.509451950210503	130
-0.04494681321942	0.508107179378978	130
-0.04494681321942	0.508107179378978	916
-0.0457847701985099	0.509451950210503	1532
-0.04494681321942	0.508107179378978	1532
-0.04494681321942	0.508107179378978	104
-0.0457847701985099	0.509451950210503	783
-0.04494681321942	0.508107179378978	783
-0.0457847701985099	0.509451950210503	196
-0.0457847701985099	0.509451950210503	1152
-0.0430855223162701	0.505592244745112	1152
-0.0457847701985099	0.509451950210503	624
-0.0457847701985099	0.509451950210503	117
-0.04494681321942	0.508107179378978	628
-0.11898949436438	1.15388574220209	116
-0.0457847701985099	0.509451950210503	206
-0.0457847701985099	0.509451950210503	206
-0.04494681321942	0.508107179378978	112
0.04014920442259	0.905358338381949	6
-0.0457847701985099	0.509451950210503	56
-0.0457847701985099	0.509451950210503	56
-0.04494681321942	0.508107179378978	56
-0.0457847701985099	0.509451950210503	783
-0.0457847701985099	0.509451950210503	783
-0.04494681321942	0.508107179378978	196
-0.04494681321942	0.508107179378978	196
-0.0457847701985099	0.509451950210503	624
-0.04494681321942	0.508107179378978	400
-0.04494681321942	0.508107179378978	628
-0.0457847701985099	0.509451950210503	87
0.04152989522699	0.910786081538073	41
-0.0457847701985099	0.509451950210503	108
-0.0430855223162701	0.505592244745112	108
-0.11920260530552	1.17496009302982	437
0.0416109416562902	1.36471275439718	32
-0.0457847701985099	0.509451950210503	206
0.03794114284642	0.907049051234415	112
-0.0457847701985099	0.509451950210503	112
0.04078037146633	0.908687603642423	56
-0.0457847701985099	0.509451950210503	196
-0.04494681321942	0.508107179378978	521
-0.0457847701985099	0.509451950210503	624
-0.0457847701985099	0.509451950210503	624
-0.0457847701985099	0.509451950210503	624
-0.04494681321942	0.508107179378978	117
-0.0457847701985099	0.509451950210503	400
-0.0457847701985099	0.509451950210503	628
-0.0430855223162701	0.505592244745112	108
-0.12224783916151	1.16164931515351	437
-0.0457847701985099	0.509451950210503	34
-0.0457847701985099	0.509451950210503	1702
-0.0457847701985099	0.509451950210503	1702
0.03794114284642	0.907049051234415	389
-0.0457847701985099	0.509451950210503	1717
-0.0457847701985099	0.509451950210503	521
-0.0457847701985099	0.509451950210503	1152
-0.04494681321942	0.508107179378978	624
-0.04494681321942	0.508107179378978	624
-0.04494681321942	0.508107179378978	42
-0.04494681321942	0.508107179378978	400
-0.0430855223162701	0.505592244745112	628
-0.04494681321942	0.508107179378978	628
-0.04494681321942	0.508107179378978	628
-0.0457847701985099	0.509451950210503	87
-0.0457847701985099	0.509451950210503	108
0.0386776221603302	0.910709981607031	142
-0.04494681321942	0.508107179378978	206
-0.0457847701985099	0.509451950210503	1719
-0.0457847701985099	0.509451950210503	6
-0.04494681321942	0.508107179378978	6
-0.04494681321942	0.508107179378978	6
-0.0457847701985099	0.509451950210503	196
-0.0457847701985099	0.509451950210503	164
-0.0457847701985099	0.509451950210503	628
-0.06059157333217	1.68284362993701	437
0.0394136436320198	0.910104849618887	34
-0.04494681321942	0.508107179378978	1425
0.0420525211301999	0.912767194101794	206
-0.04494681321942	0.508107179378978	1027
-0.0430855223162701	0.505592244745112	56
0.0413028256986001	0.910658827313972	56
0.04078037146633	0.908687603642423	56
-0.0430855223162701	0.505592244745112	65
-0.04494681321942	0.508107179378978	6
-0.0457847701985099	0.509451950210503	196
-0.04494681321942	0.508107179378978	42
-0.04494681321942	0.508107179378978	1541
-0.04494681321942	0.508107179378978	1163
-0.0430855223162701	0.505592244745112	1163
-0.04494681321942	0.508107179378978	206
-0.04494681321942	0.508107179378978	1027
-0.0457847701985099	0.509451950210503	65
-0.0430855223162701	0.505592244745112	6
-0.04494681321942	0.508107179378978	196
-0.0457847701985099	0.509451950210503	1085
-0.0457847701985099	0.509451950210503	1085
-0.04494681321942	0.508107179378978	164
-0.0457847701985099	0.509451950210503	164
-0.04494681321942	0.508107179378978	87
-0.04494681321942	0.508107179378978	628
0.0428013364637501	0.909738976478558	41
0.0476500732482199	1.38849909396719	32
0.0381147489675802	1.37468251408154	372
0.0420525211301999	0.912767194101794	56
-0.0457847701985099	0.509451950210503	6
-0.04494681321942	0.508107179378978	1456
-0.04494681321942	0.508107179378978	668
-0.0457847701985099	0.509451950210503	1205
-0.0430855223162701	0.505592244745112	87
-0.0457847701985099	0.509451950210503	1127
-0.0457847701985099	0.509451950210503	87
-0.0618134333248901	1.64968875240621	32
-0.04494681321942	0.508107179378978	1425
-0.04494681321942	0.508107179378978	112
0.0386776221603302	0.910709981607031	1324
-0.04494681321942	0.508107179378978	1456
-0.0457847701985099	0.509451950210503	196
-0.04494681321942	0.508107179378978	42
-0.0457847701985099	0.509451950210503	42
-0.0457847701985099	0.509451950210503	522
-0.0457847701985099	0.509451950210503	1713
-0.0457847701985099	0.509451950210503	1205
-0.0430855223162701	0.505592244745112	1127
-0.0430855223162701	0.505592244745112	628
-0.0457847701985099	0.509451950210503	87
-0.04494681321942	0.508107179378978	41
0.03815634152993	0.908738098430751	437
0.03815634152993	0.908738098430751	269
-0.04494681321942	0.508107179378978	1425
-0.04494681321942	0.508107179378978	206
-0.0457847701985099	0.509451950210503	112
-0.04494681321942	0.508107179378978	56
-0.04494681321942	0.508107179378978	1237
-0.0457847701985099	0.509451950210503	1394
-0.0457847701985099	0.509451950210503	1456
-0.04494681321942	0.508107179378978	1456
-0.04494681321942	0.508107179378978	1456
-0.04494681321942	0.508107179378978	196
-0.0457847701985099	0.509451950210503	772
-0.04494681321942	0.508107179378978	772
-0.0457847701985099	0.509451950210503	772
-0.0457847701985099	0.509451950210503	772
-0.04494681321942	0.508107179378978	522
-0.0457847701985099	0.509451950210503	522
-0.0457847701985099	0.509451950210503	1713
-0.04494681321942	0.508107179378978	1713
-0.04494681321942	0.508107179378978	1474
-0.11970232915499	1.15421098943078	32
-0.04494681321942	0.508107179378978	1463
-0.0430855223162701	0.505592244745112	1463
-0.0457847701985099	0.509451950210503	6
-0.0457847701985099	0.509451950210503	1585
-0.0457847701985099	0.509451950210503	196
-0.04494681321942	0.508107179378978	196
-0.0457847701985099	0.509451950210503	196
-0.04494681321942	0.508107179378978	772
-0.0457847701985099	0.509451950210503	772
-0.04494681321942	0.508107179378978	772
-0.04494681321942	0.508107179378978	772
-0.0457847701985099	0.509451950210503	42
-0.04494681321942	0.508107179378978	517
-0.0457847701985099	0.509451950210503	517
-0.0457847701985099	0.509451950210503	1474
-0.04494681321942	0.508107179378978	1696
-0.0457847701985099	0.509451950210503	34
-0.0430855223162701	0.505592244745112	112
-0.0430855223162701	0.505592244745112	994
-0.04494681321942	0.508107179378978	1463
-0.04494681321942	0.508107179378978	6
-0.0430855223162701	0.505592244745112	65
-0.04494681321942	0.508107179378978	1075
-0.0457847701985099	0.509451950210503	6
-0.04494681321942	0.508107179378978	1456
-0.04494681321942	0.508107179378978	196
-0.0457847701985099	0.509451950210503	196
-0.0457847701985099	0.509451950210503	196
-0.0457847701985099	0.509451950210503	772
-0.0430855223162701	0.505592244745112	517
-0.0457847701985099	0.509451950210503	1713
0.0542197460878402	1.97045911143285	41
-0.04494681321942	0.508107179378978	41
-0.0457847701985099	0.509451950210503	32
-0.0457847701985099	0.509451950210503	32
-0.0457847701985099	0.509451950210503	32
-0.0457847701985099	0.509451950210503	512
-0.04494681321942	0.508107179378978	36
-0.0457847701985099	0.509451950210503	32
-0.04494681321942	0.508107179378978	32
-0.0430855223162701	0.505592244745112	32
-0.0430855223162701	0.505592244745112	32
-0.04494681321942	0.508107179378978	471
-0.04494681321942	0.508107179378978	392
-0.0457847701985099	0.509451950210503	269
-0.0430855223162701	0.505592244745112	269
-0.04494681321942	0.508107179378978	269
-0.0457847701985099	0.509451950210503	269
-0.04494681321942	0.508107179378978	206
-0.0457847701985099	0.509451950210503	206
-0.04494681321942	0.508107179378978	112
-0.0457847701985099	0.509451950210503	6
-0.0457847701985099	0.509451950210503	994
-0.0457847701985099	0.509451950210503	1463
-0.04494681321942	0.508107179378978	1463
-0.04494681321942	0.508107179378978	1463
-0.0457847701985099	0.509451950210503	65
0.0366836444210699	0.893378884018051	65
-0.0457847701985099	0.509451950210503	65
-0.04494681321942	0.508107179378978	65
-0.04494681321942	0.508107179378978	1075
-0.04494681321942	0.508107179378978	1456
-0.0457847701985099	0.509451950210503	196
-0.04494681321942	0.508107179378978	196
-0.04494681321942	0.508107179378978	196
-0.04494681321942	0.508107179378978	196
-0.04494681321942	0.508107179378978	772
-0.04494681321942	0.508107179378978	517
-0.0457847701985099	0.509451950210503	517
0.03889200409726	0.908135882767002	432
-0.04494681321942	0.508107179378978	32
0.04055225453846	0.899937562541978	32
-0.0457847701985099	0.509451950210503	32
-0.04494681321942	0.508107179378978	77
-0.0457847701985099	0.509451950210503	392
-0.04494681321942	0.508107179378978	269
-0.0430855223162701	0.505592244745112	269
-0.0457847701985099	0.509451950210503	112
-0.0457847701985099	0.509451950210503	112
0.0366836444210699	0.893378884018051	112
-0.04494681321942	0.508107179378978	112
0.04152989522699	0.910786081538073	6
-0.0457847701985099	0.509451950210503	994
0.0428013364637501	0.909738976478558	65
-0.0457847701985099	0.509451950210503	65
-0.04494681321942	0.508107179378978	6
-0.0457847701985099	0.509451950210503	1456
-0.0430855223162701	0.505592244745112	1456
-0.0457847701985099	0.509451950210503	777
-0.0457847701985099	0.509451950210503	777
-0.04494681321942	0.508107179378978	42
-0.0457847701985099	0.509451950210503	517
-0.04494681321942	0.508107179378978	517
-0.0430855223162701	0.505592244745112	32
0.03794114284642	0.907049051234415	32
-0.0457847701985099	0.509451950210503	269
-0.0457847701985099	0.509451950210503	6
-0.04494681321942	0.508107179378978	112
-0.04494681321942	0.508107179378978	994
-0.04494681321942	0.508107179378978	994
-0.04494681321942	0.508107179378978	1351
-0.0457847701985099	0.509451950210503	6
-0.0457847701985099	0.509451950210503	777
-0.0457847701985099	0.509451950210503	777
-0.0430855223162701	0.505592244745112	42
-0.04494681321942	0.508107179378978	42
-0.04494681321942	0.508107179378978	42
-0.0457847701985099	0.509451950210503	42
-0.0457847701985099	0.509451950210503	517
-0.0457847701985099	0.509451950210503	517
-0.0457847701985099	0.509451950210503	517
-0.0457847701985099	0.509451950210503	432
-0.04494681321942	0.508107179378978	375
-0.0457847701985099	0.509451950210503	375
-0.11777762962843	1.17063051098099	32
0.0425335105331901	1.40207601959015	269
-0.11777762962843	1.17063051098099	269
-0.04494681321942	0.508107179378978	112
-0.0457847701985099	0.509451950210503	112
-0.0457847701985099	0.509451950210503	1463
-0.04494681321942	0.508107179378978	1643
-0.0457847701985099	0.509451950210503	42
-0.04494681321942	0.508107179378978	1561
-0.04494681321942	0.508107179378978	1561
-0.0457847701985099	0.509451950210503	1070
-0.0457847701985099	0.509451950210503	87
0.0449452826701302	0.893575174020198	32
0.0449452826701302	0.893575174020198	32
-0.0430855223162701	0.505592244745112	269
-0.04494681321942	0.508107179378978	206
-0.0430855223162701	0.505592244745112	112
0.0413028256986001	0.910658827313972	6
0.03889200409726	0.908135882767002	1351
-0.0457847701985099	0.509451950210503	65
-0.0457847701985099	0.509451950210503	427
-0.04494681321942	0.508107179378978	42
-0.0457847701985099	0.509451950210503	777
-0.04494681321942	0.508107179378978	1070
-0.0457847701985099	0.509451950210503	1070
-0.0430855223162701	0.505592244745112	517
-0.0457847701985099	0.509451950210503	517
-0.0457847701985099	0.509451950210503	517
-0.04494681321942	0.508107179378978	517
0.0394136436320198	0.910104849618887	45
0.0386776221603302	0.910709981607031	1740
-0.0430855223162701	0.505592244745112	1351
-0.04494681321942	0.508107179378978	1351
-0.0457847701985099	0.509451950210503	1351
-0.04494681321942	0.508107179378978	1351
0.0420525211301999	0.912767194101794	1351
-0.04494681321942	0.508107179378978	65
-0.04494681321942	0.508107179378978	525
-0.0457847701985099	0.509451950210503	42
-0.04494681321942	0.508107179378978	1070
-0.0457847701985099	0.509451950210503	724
-0.0457847701985099	0.509451950210503	724
-0.0457847701985099	0.509451950210503	724
-0.0457847701985099	0.509451950210503	517
-0.0457847701985099	0.509451950210503	517
-0.0457847701985099	0.509451950210503	517
-0.0430855223162701	0.505592244745112	517
-0.04494681321942	0.508107179378978	87
-0.11494877835272	1.14608307503056	32
-0.12296181464189	1.16050551939587	112
-0.0457847701985099	0.509451950210503	1740
-0.0430855223162701	0.505592244745112	1351
0.04152989522699	0.910786081538073	1351
-0.04494681321942	0.508107179378978	777
-0.04494681321942	0.508107179378978	724
-0.0457847701985099	0.509451950210503	724
-0.04494681321942	0.508107179378978	42
-0.0457847701985099	0.509451950210503	42
-0.0457847701985099	0.509451950210503	42
0.04078037146633	0.908687603642423	1267
-0.0457847701985099	0.509451950210503	1622
-0.04494681321942	0.508107179378978	112
0.03815634152993	0.908738098430751	1740
-0.0457847701985099	0.509451950210503	6
-0.04494681321942	0.508107179378978	349
-0.0457847701985099	0.509451950210503	6
-0.04494681321942	0.508107179378978	65
-0.0457847701985099	0.509451950210503	1484
-0.04494681321942	0.508107179378978	1484
-0.0457847701985099	0.509451950210503	1484
-0.0457847701985099	0.509451950210503	724
-0.04494681321942	0.508107179378978	87
0.0394136436320198	0.910104849618887	53
-0.0430855223162701	0.505592244745112	269
-0.0457847701985099	0.509451950210503	34
-0.0457847701985099	0.509451950210503	34
-0.04494681321942	0.508107179378978	34
-0.0457847701985099	0.509451950210503	112
-0.04494681321942	0.508107179378978	65
-0.0457847701985099	0.509451950210503	42
-0.0457847701985099	0.509451950210503	42
-0.0457847701985099	0.509451950210503	1484
-0.0457847701985099	0.509451950210503	42
-0.0457847701985099	0.509451950210503	724
-0.0457847701985099	0.509451950210503	517
-0.0457847701985099	0.509451950210503	1008
-0.04494681321942	0.508107179378978	1008
-0.04494681321942	0.508107179378978	1008
0.0386776221603302	0.910709981607031	41
-0.0430855223162701	0.505592244745112	53
-0.11848993299096	1.17460510750634	53
-0.0596055357592999	1.71926129451748	53
-0.0457847701985099	0.509451950210503	34
-0.0457847701985099	0.509451950210503	112
-0.0457847701985099	0.509451950210503	525
-0.04494681321942	0.508107179378978	1145
-0.04494681321942	0.508107179378978	419
-0.0457847701985099	0.509451950210503	42
-0.0457847701985099	0.509451950210503	42
-0.0430855223162701	0.505592244745112	42
-0.0457847701985099	0.509451950210503	113
-0.0457847701985099	0.509451950210503	87
-0.12224783916151	1.16164931515351	32
-0.0631014638170999	1.71288317886522	32
-0.04494681321942	0.508107179378978	34
-0.0457847701985099	0.509451950210503	34
-0.04494681321942	0.508107179378978	1071
-0.04494681321942	0.508107179378978	1071
-0.0457847701985099	0.509451950210503	65
-0.0430855223162701	0.505592244745112	65
-0.04494681321942	0.508107179378978	65
-0.0457847701985099	0.509451950210503	419
-0.0457847701985099	0.509451950210503	1563
-0.04494681321942	0.508107179378978	1563
-0.04494681321942	0.508107179378978	42
-0.0457847701985099	0.509451950210503	530
-0.0430855223162701	0.505592244745112	530
-0.0430855223162701	0.505592244745112	34
-0.0457847701985099	0.509451950210503	206
0.0428013364637501	0.909738976478558	274
-0.04494681321942	0.508107179378978	65
-0.0457847701985099	0.509451950210503	65
-0.0457847701985099	0.509451950210503	1145
-0.04494681321942	0.508107179378978	419
-0.04494681321942	0.508107179378978	419
-0.04494681321942	0.508107179378978	1560
-0.0430855223162701	0.505592244745112	42
-0.0457847701985099	0.509451950210503	113
-0.04494681321942	0.508107179378978	113
-0.0430855223162701	0.505592244745112	113
-0.04494681321942	0.508107179378978	87
0.05259118027924	1.90965459420264	498
-0.0430855223162701	0.505592244745112	206
-0.0457847701985099	0.509451950210503	27
-0.04494681321942	0.508107179378978	27
-0.115447554103	1.1629982468997	349
-0.04494681321942	0.508107179378978	42
-0.0457847701985099	0.509451950210503	113
-0.04494681321942	0.508107179378978	113
-0.04494681321942	0.508107179378978	87
0.0508135144381599	1.96344563884208	498
-0.04494681321942	0.508107179378978	34
-0.04494681321942	0.508107179378978	6
-0.0457847701985099	0.509451950210503	286
-0.04494681321942	0.508107179378978	6
-0.0457847701985099	0.509451950210503	6
-0.0457847701985099	0.509451950210503	1145
-0.04494681321942	0.508107179378978	1560
-0.04494681321942	0.508107179378978	1560
-0.0457847701985099	0.509451950210503	42
-0.04494681321942	0.508107179378978	720
-0.0457847701985099	0.509451950210503	113
-0.0457847701985099	0.509451950210503	113
-0.0457847701985099	0.509451950210503	87
0.0476500732482199	1.38849909396719	41
0.0390388733087002	1.35903616495332	45
-0.0457847701985099	0.509451950210503	45
0.0428013364637501	0.909738976478558	206
-0.0457847701985099	0.509451950210503	6
-0.0457847701985099	0.509451950210503	27
-0.0430855223162701	0.505592244745112	27
0.0400299717895001	0.898018692914653	6
-0.04494681321942	0.508107179378978	6
-0.0457847701985099	0.509451950210503	835
-0.04494681321942	0.508107179378978	42
-0.0457847701985099	0.509451950210503	1020
-0.0457847701985099	0.509451950210503	42
-0.0457847701985099	0.509451950210503	113
-0.0430855223162701	0.505592244745112	113
-0.04494681321942	0.508107179378978	87
-0.01316000676961	2.2981057679294	107
-0.11908276733444	1.9992018996045	53
-0.12342708290457	1.14986886870732	45
-0.04494681321942	0.508107179378978	45
-0.04494681321942	0.508107179378978	45
-0.04494681321942	0.508107179378978	6
-0.04494681321942	0.508107179378978	538
-0.04494681321942	0.508107179378978	538
0.0394136436320198	0.910104849618887	21
-0.04494681321942	0.508107179378978	280
-0.04494681321942	0.508107179378978	1046
-0.0457847701985099	0.509451950210503	1020
-0.0430855223162701	0.505592244745112	720
-0.04494681321942	0.508107179378978	42
-0.0457847701985099	0.509451950210503	113
0.0432428031397301	1.40353108325968	32
0.0388250289491401	1.38124593710816	45
-0.04494681321942	0.508107179378978	206
0.0469418487501501	1.39329025620034	27
0.0413028256986001	0.910658827313972	538
-0.04494681321942	0.508107179378978	21
-0.0430855223162701	0.505592244745112	188
-0.0457847701985099	0.509451950210503	1020
-0.0457847701985099	0.509451950210503	454
-0.04494681321942	0.508107179378978	127
-0.04494681321942	0.508107179378978	720
-0.0457847701985099	0.509451950210503	113
-0.061838349429	1.71187149272025	38
-0.11494877835272	1.14608307503056	45
-0.04494681321942	0.508107179378978	27
0.04014920442259	0.905358338381949	27
0.0430262975062901	0.896790191135745	1676
-0.0457847701985099	0.509451950210503	1046
-0.04494681321942	0.508107179378978	127
-0.0457847701985099	0.509451950210503	127
-0.04494681321942	0.508107179378978	42
-0.0457847701985099	0.509451950210503	113
0.0449452826701302	0.893575174020198	113
-0.0626560376918901	1.68659644281364	32
0.0386776221603302	0.910709981607031	45
0.0386776221603302	0.910709981607031	1660
-0.0457847701985099	0.509451950210503	835
-0.04494681321942	0.508107179378978	1046
-0.0457847701985099	0.509451950210503	1020
-0.04494681321942	0.508107179378978	1020
-0.04494681321942	0.508107179378978	1048
-0.04494681321942	0.508107179378978	42
-0.0457847701985099	0.509451950210503	42
-0.0457847701985099	0.509451950210503	87
-0.11920260530552	1.17496009302982	32
-0.12224783916151	1.16164931515351	847
-0.11898949436438	1.15388574220209	45
0.0418241781873099	1.39653311939988	45
0.04546873567792	0.895468389189146	45
-0.0457847701985099	0.509451950210503	27
-0.0430855223162701	0.505592244745112	866
-0.0457847701985099	0.509451950210503	1338
-0.0430855223162701	0.505592244745112	1338
-0.0457847701985099	0.509451950210503	835
0.04546873567792	0.895468389189146	835
-0.0430855223162701	0.505592244745112	1046
-0.0457847701985099	0.509451950210503	42
-0.0457847701985099	0.509451950210503	175
-0.0457847701985099	0.509451950210503	113
-0.04494681321942	0.508107179378978	113
-0.0457847701985099	0.509451950210503	113
-0.0457847701985099	0.509451950210503	1062
-0.0430855223162701	0.505592244745112	87
-0.0200403222161201	2.28880593277195	262
-0.116658360138	1.14113681845223	45
0.04621650575411	0.886512627873166	45
0.0437387769077802	1.38174632095541	6
-0.0457847701985099	0.509451950210503	21
-0.04494681321942	0.508107179378978	21
-0.0457847701985099	0.509451950210503	835
-0.0457847701985099	0.509451950210503	835
-0.04494681321942	0.508107179378978	1046
-0.04494681321942	0.508107179378978	1046
-0.04494681321942	0.508107179378978	1020
-0.04494681321942	0.508107179378978	127
-0.04494681321942	0.508107179378978	42
-0.0457847701985099	0.509451950210503	42
0.03889200409726	0.908135882767002	175
-0.04494681321942	0.508107179378978	1062
-0.11920260530552	1.17496009302982	32
0.0386776221603302	0.910709981607031	45
0.03742022069456	0.905095447212576	45
-0.04494681321942	0.508107179378978	27
-0.04494681321942	0.508107179378978	64
-0.04494681321942	0.508107179378978	1020
-0.11615924914583	1.16124663387153	87
0.0364265542284299	0.897579029003554	45
-0.0457847701985099	0.509451950210503	6
0.04078037146633	0.908687603642423	1430
-0.0457847701985099	0.509451950210503	1186
-0.0457847701985099	0.509451950210503	605
-0.04494681321942	0.508107179378978	42
-0.0457847701985099	0.509451950210503	42
-0.0457847701985099	0.509451950210503	127
-0.0430855223162701	0.505592244745112	127
-0.04494681321942	0.508107179378978	42
-0.04494681321942	0.508107179378978	1531
-0.0457847701985099	0.509451950210503	932
0.03815634152993	0.908738098430751	175
0.0432428031397301	1.40353108325968	38
0.04014920442259	0.905358338381949	77
-0.04494681321942	0.508107179378978	45
-0.12174767843217	1.14467229471242	6
0.04078037146633	0.908687603642423	456
-0.0430855223162701	0.505592244745112	1430
-0.04494681321942	0.508107179378978	1430
-0.0457847701985099	0.509451950210503	109
-0.0457847701985099	0.509451950210503	64
-0.04494681321942	0.508107179378978	127
-0.0457847701985099	0.509451950210503	127
-0.04494681321942	0.508107179378978	932
-0.04494681321942	0.508107179378978	932
-0.0457847701985099	0.509451950210503	175
-0.11044825544781	1.12007083013859	53
-0.04494681321942	0.508107179378978	45
0.0386776221603302	0.910709981607031	45
-0.0457847701985099	0.509451950210503	29
-0.04494681321942	0.508107179378978	109
-0.0430855223162701	0.505592244745112	109
-0.0430855223162701	0.505592244745112	1339
-0.0457847701985099	0.509451950210503	21
-0.0457847701985099	0.509451950210503	1747
-0.0457847701985099	0.509451950210503	127
-0.05952178289766	1.70955514457934	685
0.03815634152993	0.908738098430751	45
0.0441967916377499	0.893879868083904	45
-0.0457847701985099	0.509451950210503	29
0.04152989522699	0.910786081538073	29
0.0413028256986001	0.910658827313972	109
-0.04494681321942	0.508107179378978	109
0.04078037146633	0.908687603642423	21
-0.04494681321942	0.508107179378978	21
-0.0430855223162701	0.505592244745112	1747
-0.0457847701985099	0.509451950210503	147
-0.0457847701985099	0.509451950210503	147
-0.0457847701985099	0.509451950210503	127
-0.04494681321942	0.508107179378978	42
-0.0457847701985099	0.509451950210503	42
-0.04494681321942	0.508107179378978	175
-0.0457847701985099	0.509451950210503	175
-0.0457847701985099	0.509451950210503	175
-0.04494681321942	0.508107179378978	87
0.03742022069456	0.905095447212576	41
-0.0457847701985099	0.509451950210503	45
-0.0457847701985099	0.509451950210503	6
-0.04494681321942	0.508107179378978	1352
-0.0457847701985099	0.509451950210503	1352
-0.04494681321942	0.508107179378978	147
-0.04494681321942	0.508107179378978	147
0.03815634152993	0.908738098430751	147
-0.04494681321942	0.508107179378978	147
-0.04494681321942	0.508107179378978	42
-0.0457847701985099	0.509451950210503	1731
-0.0457847701985099	0.509451950210503	175
-0.0103832047963299	2.29027881336484	262
-0.0457847701985099	0.509451950210503	29
-0.11848993299096	1.17460510750634	456
0.03742022069456	0.905095447212576	64
0.0394136436320198	0.910104849618887	879
0.0330252147729202	0.894061262220547	21
-0.0457847701985099	0.509451950210503	147
-0.0457847701985099	0.509451950210503	147
-0.0430855223162701	0.505592244745112	147
-0.04494681321942	0.508107179378978	241
-0.04494681321942	0.508107179378978	1731
-0.0457847701985099	0.509451950210503	175
-0.0457847701985099	0.509451950210503	87
-0.0457847701985099	0.509451950210503	259
-0.04494681321942	0.508107179378978	259
-0.0457847701985099	0.509451950210503	29
-0.0457847701985099	0.509451950210503	21
-0.0457847701985099	0.509451950210503	23
0.03794114284642	0.907049051234415	175
-0.04494681321942	0.508107179378978	175
-0.12132097707642	1.13478186464392	45
-0.0430855223162701	0.505592244745112	45
-0.04494681321942	0.508107179378978	29
-0.0430855223162701	0.505592244745112	21
-0.0457847701985099	0.509451950210503	241
-0.0457847701985099	0.509451950210503	1161
-0.04494681321942	0.508107179378978	1562
-0.0457847701985099	0.509451950210503	1562
-0.04494681321942	0.508107179378978	23
-0.0457847701985099	0.509451950210503	175
-0.04494681321942	0.508107179378978	175
-0.04494681321942	0.508107179378978	175
-0.0457847701985099	0.509451950210503	259
0.0386776221603302	0.910709981607031	661
0.0386776221603302	0.910709981607031	21
-0.0457847701985099	0.509451950210503	147
-0.0457847701985099	0.509451950210503	241
-0.04494681321942	0.508107179378978	1161
-0.0430855223162701	0.505592244745112	762
-0.04494681321942	0.508107179378978	23
-0.0457847701985099	0.509451950210503	175
0.04055225453846	0.899937562541978	182
-0.0430855223162701	0.505592244745112	259
-0.0430855223162701	0.505592244745112	259
0.03377072884884	0.897623972008988	6
-0.0457847701985099	0.509451950210503	29
-0.0457847701985099	0.509451950210503	21
-0.0430855223162701	0.505592244745112	178
-0.0457847701985099	0.509451950210503	42
-0.0457847701985099	0.509451950210503	175
-0.04494681321942	0.508107179378978	175
-0.0430855223162701	0.505592244745112	1219
-0.04494681321942	0.508107179378978	1219
0.03889200409726	0.908135882767002	45
-0.0430855223162701	0.505592244745112	259
-0.04494681321942	0.508107179378978	1284
-0.0457847701985099	0.509451950210503	257
0.04014920442259	0.905358338381949	161
0.0400299717895001	0.898018692914653	669
0.03794114284642	0.907049051234415	21
-0.0457847701985099	0.509451950210503	241
-0.0457847701985099	0.509451950210503	579
-0.04494681321942	0.508107179378978	23
-0.0430855223162701	0.505592244745112	1648
-0.0457847701985099	0.509451950210503	51
-0.04494681321942	0.508107179378978	1219
-0.0457847701985099	0.509451950210503	45
-0.0457847701985099	0.509451950210503	45
-0.04494681321942	0.508107179378978	45
-0.0457847701985099	0.509451950210503	259
-0.04494681321942	0.508107179378978	1284
-0.0430855223162701	0.505592244745112	29
0.0394136436320198	0.910104849618887	669
-0.04494681321942	0.508107179378978	147
-0.0457847701985099	0.509451950210503	147
-0.0457847701985099	0.509451950210503	436
0.0428013364637501	0.909738976478558	42
-0.04494681321942	0.508107179378978	579
0.0330252147729202	0.894061262220547	23
-0.0457847701985099	0.509451950210503	1648
0.0356811964922699	0.887187479592733	32
0.0460210676452402	1.36844192772411	32
-0.04494681321942	0.508107179378978	669
0.03742022069456	0.905095447212576	147
-0.0457847701985099	0.509451950210503	436
-0.0457847701985099	0.509451950210503	42
-0.04494681321942	0.508107179378978	23
-0.0457847701985099	0.509451950210503	23
-0.0457847701985099	0.509451950210503	23
0.03815634152993	0.908738098430751	32
-0.11970232915499	1.15421098943078	45
-0.12346230986919	1.14029134222277	45
-0.12246149245708	1.14355834060127	259
0.0394136436320198	0.910104849618887	29
-0.04494681321942	0.508107179378978	147
-0.0457847701985099	0.509451950210503	23
0.03815634152993	0.908738098430751	23
-0.0457847701985099	0.509451950210503	1219
0.03815634152993	0.908738098430751	45
-0.0457847701985099	0.509451950210503	29
-0.0457847701985099	0.509451950210503	21
-0.04494681321942	0.508107179378978	147
-0.0457847701985099	0.509451950210503	856
0.0386776221603302	0.910709981607031	175
-0.04494681321942	0.508107179378978	175
-0.04494681321942	0.508107179378978	51
-0.0457847701985099	0.509451950210503	53
0.0533704914250799	1.88482228096798	32
-0.11777762962843	1.17063051098099	44
-0.04494681321942	0.508107179378978	1188
-0.0457847701985099	0.509451950210503	6
0.04762299671019	0.871704908495224	257
-0.04494681321942	0.508107179378978	257
-0.0457847701985099	0.509451950210503	21
-0.04494681321942	0.508107179378978	436
-0.0430855223162701	0.505592244745112	537
-0.0457847701985099	0.509451950210503	42
-0.0457847701985099	0.509451950210503	856
-0.0457847701985099	0.509451950210503	856
-0.04494681321942	0.508107179378978	433
-0.04494681321942	0.508107179378978	1188
-0.0457847701985099	0.509451950210503	29
-0.0457847701985099	0.509451950210503	593
-0.0457847701985099	0.509451950210503	21
-0.04494681321942	0.508107179378978	42
-0.04494681321942	0.508107179378978	537
-0.0457847701985099	0.509451950210503	856
-0.04494681321942	0.508107179378978	42
-0.0430855223162701	0.505592244745112	23
-0.04494681321942	0.508107179378978	1138
0.0447173166328301	1.35039895584039	44
-0.11891268344002	1.13661129101418	44
-0.04494681321942	0.508107179378978	45
0.04152989522699	0.910786081538073	259
-0.0457847701985099	0.509451950210503	29
-0.0457847701985099	0.509451950210503	29
-0.04494681321942	0.508107179378978	29
-0.04494681321942	0.508107179378978	135
-0.0457847701985099	0.509451950210503	856
-0.04494681321942	0.508107179378978	856
-0.0457847701985099	0.509451950210503	42
-0.0457847701985099	0.509451950210503	433
-0.0457847701985099	0.509451950210503	1188
0.03889200409726	0.908135882767002	124
-0.0457847701985099	0.509451950210503	64
-0.04494681321942	0.508107179378978	135
-0.04494681321942	0.508107179378978	147
-0.0457847701985099	0.509451950210503	1804
-0.04494681321942	0.508107179378978	23
0.0408929082303202	0.893189000939162	51
-0.04494681321942	0.508107179378978	1138
-0.10573495601048	2.05892283133837	32
0.0400299717895001	0.898018692914653	45
-0.0457847701985099	0.509451950210503	1188
-0.12296181464189	1.16050551939587	124
-0.0457847701985099	0.509451950210503	29
-0.0457847701985099	0.509451950210503	21
-0.04494681321942	0.508107179378978	21
-0.04494681321942	0.508107179378978	954
-0.0457847701985099	0.509451950210503	1173
-0.04494681321942	0.508107179378978	887
-0.0430855223162701	0.505592244745112	23
-0.04494681321942	0.508107179378978	1138
0.03794114284642	0.907049051234415	543
-0.04494681321942	0.508107179378978	45
-0.0430855223162701	0.505592244745112	29
-0.0457847701985099	0.509451950210503	29
-0.04494681321942	0.508107179378978	29
-0.04494681321942	0.508107179378978	29
-0.04494681321942	0.508107179378978	21
-0.04494681321942	0.508107179378978	21
-0.0457847701985099	0.509451950210503	21
-0.0430855223162701	0.505592244745112	954
-0.04494681321942	0.508107179378978	21
-0.04494681321942	0.508107179378978	869
-0.0457847701985099	0.509451950210503	140
-0.0457847701985099	0.509451950210503	537
-0.0457847701985099	0.509451950210503	1173
-0.0430855223162701	0.505592244745112	42
-0.0457847701985099	0.509451950210503	23
0.0394136436320198	0.910104849618887	32
0.03794114284642	0.907049051234415	29
0.0420525211301999	0.912767194101794	29
-0.0457847701985099	0.509451950210503	1229
-0.0457847701985099	0.509451950210503	21
-0.0457847701985099	0.509451950210503	21
-0.0430855223162701	0.505592244745112	140
-0.0457847701985099	0.509451950210503	140
-0.0457847701985099	0.509451950210503	1128
-0.04494681321942	0.508107179378978	140
-0.0457847701985099	0.509451950210503	23
-0.04494681321942	0.508107179378978	23
-0.0457847701985099	0.509451950210503	23
-0.0457847701985099	0.509451950210503	1138
0.03742022069456	0.905095447212576	53
0.04152989522699	0.910786081538073	543
0.0420525211301999	0.912767194101794	3
-0.0457847701985099	0.509451950210503	1289
-0.0457847701985099	0.509451950210503	1289
0.03794114284642	0.907049051234415	1289
-0.04494681321942	0.508107179378978	463
-0.0457847701985099	0.509451950210503	29
-0.0457847701985099	0.509451950210503	21
-0.0457847701985099	0.509451950210503	140
-0.0457847701985099	0.509451950210503	887
-0.0457847701985099	0.509451950210503	23
-0.0457847701985099	0.509451950210503	1138
-0.04494681321942	0.508107179378978	1138
0.0432583733824701	0.861583141049627	58
0.03717101979414	0.899628512532504	45
-0.0457847701985099	0.509451950210503	21
-0.04494681321942	0.508107179378978	21
-0.04494681321942	0.508107179378978	21
-0.0457847701985099	0.509451950210503	21
-0.0457847701985099	0.509451950210503	147
-0.0457847701985099	0.509451950210503	140
-0.0457847701985099	0.509451950210503	140
-0.0457847701985099	0.509451950210503	140
-0.04494681321942	0.508107179378978	23
-0.04494681321942	0.508107179378978	51
-0.0514950987571701	1.65974824712258	211
-0.05661357380661	1.71259831328261	32
-0.0457847701985099	0.509451950210503	29
0.0420974753956198	1.36400680229708	29
-0.04494681321942	0.508107179378978	463
-0.04494681321942	0.508107179378978	29
-0.0457847701985099	0.509451950210503	1229
-0.04494681321942	0.508107179378978	21
-0.0457847701985099	0.509451950210503	21
-0.04494681321942	0.508107179378978	140
-0.04494681321942	0.508107179378978	887
-0.0457847701985099	0.509451950210503	887
-0.0457847701985099	0.509451950210503	887
-0.04494681321942	0.508107179378978	23
-0.0430855223162701	0.505592244745112	23
0.0430262975062901	0.896790191135745	32
-0.0457847701985099	0.509451950210503	32
-0.04494681321942	0.508107179378978	29
-0.04494681321942	0.508107179378978	21
-0.04494681321942	0.508107179378978	21
-0.0430855223162701	0.505592244745112	140
-0.0457847701985099	0.509451950210503	140
-0.04494681321942	0.508107179378978	140
-0.0457847701985099	0.509451950210503	140
-0.0457847701985099	0.509451950210503	140
-0.0457847701985099	0.509451950210503	140
-0.0457847701985099	0.509451950210503	140
-0.04494681321942	0.508107179378978	140
-0.0457847701985099	0.509451950210503	23
0.0386776221603302	0.910709981607031	41
-0.0430855223162701	0.505592244745112	211
0.03889200409726	0.908135882767002	32
-0.04494681321942	0.508107179378978	3
-0.0457847701985099	0.509451950210503	45
-0.04494681321942	0.508107179378978	850
0.03815634152993	0.908738098430751	29
-0.0430855223162701	0.505592244745112	21
-0.0457847701985099	0.509451950210503	21
-0.0457847701985099	0.509451950210503	140
-0.0457847701985099	0.509451950210503	140
-0.0430855223162701	0.505592244745112	140
-0.04494681321942	0.508107179378978	887
-0.04494681321942	0.508107179378978	23
0.0422785387016602	0.907773563954676	23
-0.0083487575819301	2.3020416842854	307
0.05465138686113	1.92106399038634	38
0.0495216958082798	1.92684485290448	41
-0.12271624374554	1.14954828631703	211
0.03815634152993	0.908738098430751	86
0.0394136436320198	0.910104849618887	86
-0.0457847701985099	0.509451950210503	821
-0.04494681321942	0.508107179378978	873
0.0352591033448899	0.892475085017107	3
-0.04494681321942	0.508107179378978	3
0.0441967916377499	0.893879868083904	3
0.03815634152993	0.908738098430751	58
-0.04494681321942	0.508107179378978	29
-0.04494681321942	0.508107179378978	29
-0.0457847701985099	0.509451950210503	82
-0.04494681321942	0.508107179378978	1608
-0.04494681321942	0.508107179378978	21
-0.0457847701985099	0.509451950210503	21
0.04152989522699	0.910786081538073	21
-0.04494681321942	0.508107179378978	21
-0.04494681321942	0.508107179378978	140
-0.0457847701985099	0.509451950210503	140
-0.0457847701985099	0.509451950210503	140
-0.0457847701985099	0.509451950210503	140
-0.0430855223162701	0.505592244745112	140
-0.0457847701985099	0.509451950210503	140
-0.04494681321942	0.508107179378978	140
-0.04494681321942	0.508107179378978	887
-0.0457847701985099	0.509451950210503	23
0.0591416495936401	1.95437268486952	41
-0.04494681321942	0.508107179378978	821
-0.12103422356752	1.14287581986926	58
-0.04494681321942	0.508107179378978	29
-0.0457847701985099	0.509451950210503	82
-0.04494681321942	0.508107179378978	29
-0.0430855223162701	0.505592244745112	21
-0.0430855223162701	0.505592244745112	21
-0.0457847701985099	0.509451950210503	140
-0.04494681321942	0.508107179378978	140
-0.04494681321942	0.508107179378978	220
-0.04494681321942	0.508107179378978	140
-0.0457847701985099	0.509451950210503	964
0.0400299717895001	0.898018692914653	23
-0.0457847701985099	0.509451950210503	23
-0.04494681321942	0.508107179378978	831
0.0394136436320198	0.910104849618887	831
-0.12317566373219	1.13933169025174	32
-0.11970232915499	1.15421098943078	28
0.0388250289491401	1.38124593710816	29
-0.0457847701985099	0.509451950210503	933
-0.04494681321942	0.508107179378978	1608
-0.0457847701985099	0.509451950210503	21
-0.0430855223162701	0.505592244745112	21
-0.0457847701985099	0.509451950210503	21
-0.0430855223162701	0.505592244745112	21
-0.0457847701985099	0.509451950210503	140
-0.0457847701985099	0.509451950210503	140
-0.0457847701985099	0.509451950210503	220
-0.04494681321942	0.508107179378978	140
-0.04494681321942	0.508107179378978	964
-0.0457847701985099	0.509451950210503	964
0.03794114284642	0.907049051234415	32
-0.11494877835272	1.14608307503056	831
-0.0457847701985099	0.509451950210503	44
-0.0430855223162701	0.505592244745112	3
-0.0457847701985099	0.509451950210503	29
-0.04494681321942	0.508107179378978	82
-0.04494681321942	0.508107179378978	82
-0.04494681321942	0.508107179378978	29
-0.0457847701985099	0.509451950210503	21
-0.04494681321942	0.508107179378978	21
-0.04494681321942	0.508107179378978	21
-0.0457847701985099	0.509451950210503	21
-0.04494681321942	0.508107179378978	929
-0.0457847701985099	0.509451950210503	929
-0.0457847701985099	0.509451950210503	220
-0.0457847701985099	0.509451950210503	964
-0.0457847701985099	0.509451950210503	23
0.04014920442259	0.905358338381949	32
-0.04494681321942	0.508107179378978	82
-0.0430855223162701	0.505592244745112	1263
-0.0457847701985099	0.509451950210503	21
-0.04494681321942	0.508107179378978	21
-0.0457847701985099	0.509451950210503	21
-0.0457847701985099	0.509451950210503	140
-0.04494681321942	0.508107179378978	140
-0.0430855223162701	0.505592244745112	140
-0.04494681321942	0.508107179378978	86
-0.0457847701985099	0.509451950210503	270
-0.0430855223162701	0.505592244745112	632
-0.0457847701985099	0.509451950210503	1398
-0.04494681321942	0.508107179378978	1398
-0.0457847701985099	0.509451950210503	82
-0.0457847701985099	0.509451950210503	82
-0.0457847701985099	0.509451950210503	82
-0.04494681321942	0.508107179378978	82
-0.04494681321942	0.508107179378978	82
-0.04494681321942	0.508107179378978	1263
-0.0457847701985099	0.509451950210503	29
-0.0457847701985099	0.509451950210503	221
-0.0457847701985099	0.509451950210503	801
-0.04494681321942	0.508107179378978	140
-0.04494681321942	0.508107179378978	220
-0.04494681321942	0.508107179378978	964
-0.04494681321942	0.508107179378978	964
0.0364265542284299	0.897579029003554	452
0.0427466606481701	1.37768198268617	211
0.0428013364637501	0.909738976478558	32
-0.11991564462876	1.17167030495076	551
-0.04494681321942	0.508107179378978	44
-0.0457847701985099	0.509451950210503	632
-0.0457847701985099	0.509451950210503	632
-0.0457847701985099	0.509451950210503	3
-0.0430855223162701	0.505592244745112	3
-0.04494681321942	0.508107179378978	29
-0.04494681321942	0.508107179378978	29
-0.0457847701985099	0.509451950210503	82
-0.0457847701985099	0.509451950210503	82
-0.04494681321942	0.508107179378978	29
-0.0457847701985099	0.509451950210503	1263
-0.04494681321942	0.508107179378978	576
-0.04494681321942	0.508107179378978	576
-0.0457847701985099	0.509451950210503	21
-0.04494681321942	0.508107179378978	220
-0.0430855223162701	0.505592244745112	140
-0.04494681321942	0.508107179378978	964
-0.04494681321942	0.508107179378978	964
-0.0649508265569401	1.69252350244091	32
0.0386776221603302	0.910709981607031	32
0.03794114284642	0.907049051234415	270
-0.12174767843217	1.14467229471242	29
-0.0457847701985099	0.509451950210503	29
-0.0457847701985099	0.509451950210503	576
-0.04494681321942	0.508107179378978	576
-0.0457847701985099	0.509451950210503	576
-0.0457847701985099	0.509451950210503	21
-0.0457847701985099	0.509451950210503	576
-0.0457847701985099	0.509451950210503	140
-0.04494681321942	0.508107179378978	140
-0.0457847701985099	0.509451950210503	552
-0.0457847701985099	0.509451950210503	220
-0.0457847701985099	0.509451950210503	964
-0.11941593112207	1.1543669250591	32
-0.0457847701985099	0.509451950210503	270
-0.0457847701985099	0.509451950210503	3
-0.0457847701985099	0.509451950210503	29
-0.0457847701985099	0.509451950210503	1337
-0.0457847701985099	0.509451950210503	1010
-0.0457847701985099	0.509451950210503	29
-0.0457847701985099	0.509451950210503	29
-0.04494681321942	0.508107179378978	576
-0.04494681321942	0.508107179378978	576
-0.04494681321942	0.508107179378978	801
-0.04494681321942	0.508107179378978	1674
-0.0457847701985099	0.509451950210503	1674
-0.0457847701985099	0.509451950210503	1674
-0.0430855223162701	0.505592244745112	140
-0.04494681321942	0.508107179378978	140
-0.04494681321942	0.508107179378978	140
-0.04494681321942	0.508107179378978	964
-0.04494681321942	0.508107179378978	964
-0.0457847701985099	0.509451950210503	964
-0.11802510815486	1.96859151552179	50
0.0396272055568998	0.903412812436422	1367
-0.0457847701985099	0.509451950210503	551
-0.04494681321942	0.508107179378978	270
-0.0457847701985099	0.509451950210503	210
-0.0430855223162701	0.505592244745112	210
-0.04494681321942	0.508107179378978	29
-0.12041553077608	1.15104632366319	29
-0.0457847701985099	0.509451950210503	1010
-0.0457847701985099	0.509451950210503	1265
-0.04494681321942	0.508107179378978	1265
-0.04494681321942	0.508107179378978	29
-0.0457847701985099	0.509451950210503	576
-0.04494681321942	0.508107179378978	576
-0.0457847701985099	0.509451950210503	140
-0.04494681321942	0.508107179378978	220
-0.0457847701985099	0.509451950210503	140
-0.04494681321942	0.508107179378978	964
-0.04494681321942	0.508107179378978	964
-0.0457847701985099	0.509451950210503	964
-0.04494681321942	0.508107179378978	23
0.03742022069456	0.905095447212576	23
0.03889200409726	0.908135882767002	107
0.0386776221603302	0.910709981607031	50
0.0425335105331901	1.40207601959015	41
-0.12082096706633	1.15471101662215	211
-0.0457847701985099	0.509451950210503	901
-0.04494681321942	0.508107179378978	901
-0.0430855223162701	0.505592244745112	551
-0.0457847701985099	0.509451950210503	86
-0.0457847701985099	0.509451950210503	1614
0.0330252147729202	0.894061262220547	44
-0.0457847701985099	0.509451950210503	1272
-0.0457847701985099	0.509451950210503	39
-0.04494681321942	0.508107179378978	302
-0.04494681321942	0.508107179378978	29
-0.04494681321942	0.508107179378978	29
-0.04494681321942	0.508107179378978	92
-0.04494681321942	0.508107179378978	1265
-0.0457847701985099	0.509451950210503	29
-0.0457847701985099	0.509451950210503	29
-0.04494681321942	0.508107179378978	457
-0.0457847701985099	0.509451950210503	29
-0.04494681321942	0.508107179378978	576
-0.0430855223162701	0.505592244745112	576
-0.0457847701985099	0.509451950210503	29
-0.04494681321942	0.508107179378978	29
-0.0430855223162701	0.505592244745112	29
-0.04494681321942	0.508107179378978	140
-0.0457847701985099	0.509451950210503	1526
-0.0457847701985099	0.509451950210503	964
-0.04494681321942	0.508107179378978	964
-0.0457847701985099	0.509451950210503	964
0.03815634152993	0.908738098430751	1433
-0.0457847701985099	0.509451950210503	1433
0.03794114284642	0.907049051234415	307
0.03377072884884	0.897623972008988	1417
-0.0457847701985099	0.509451950210503	901
-0.0457847701985099	0.509451950210503	901
-0.12062904902265	1.16397615887243	86
-0.0430855223162701	0.505592244745112	270
-0.04494681321942	0.508107179378978	270
-0.0457847701985099	0.509451950210503	1614
-0.0457847701985099	0.509451950210503	44
-0.04494681321942	0.508107179378978	28
-0.0457847701985099	0.509451950210503	210
-0.04494681321942	0.508107179378978	302
-0.0457847701985099	0.509451950210503	1265
-0.04494681321942	0.508107179378978	29
-0.0457847701985099	0.509451950210503	29
-0.0430855223162701	0.505592244745112	576
-0.0457847701985099	0.509451950210503	576
-0.0457847701985099	0.509451950210503	29
-0.0457847701985099	0.509451950210503	140
-0.0457847701985099	0.509451950210503	140
-0.04494681321942	0.508107179378978	140
-0.04494681321942	0.508107179378978	140
-0.0457847701985099	0.509451950210503	964
-0.04494681321942	0.508107179378978	964
-0.0430855223162701	0.505592244745112	1139
0.03815634152993	0.908738098430751	1417
-0.0457847701985099	0.509451950210503	1663
-0.0457847701985099	0.509451950210503	270
-0.0457847701985099	0.509451950210503	1614
-0.04494681321942	0.508107179378978	632
-0.0457847701985099	0.509451950210503	632
-0.0457847701985099	0.509451950210503	632
-0.0457847701985099	0.509451950210503	210
-0.04494681321942	0.508107179378978	29
-0.0457847701985099	0.509451950210503	29
-0.0457847701985099	0.509451950210503	29
-0.04494681321942	0.508107179378978	457
-0.0430855223162701	0.505592244745112	457
-0.04494681321942	0.508107179378978	457
-0.0430855223162701	0.505592244745112	457
-0.0457847701985099	0.509451950210503	29
-0.0457847701985099	0.509451950210503	576
-0.04494681321942	0.508107179378978	29
-0.0457847701985099	0.509451950210503	576
-0.0430855223162701	0.505592244745112	1674
-0.04494681321942	0.508107179378978	140
-0.0430855223162701	0.505592244745112	140
-0.04494681321942	0.508107179378978	140
-0.0457847701985099	0.509451950210503	140
-0.04494681321942	0.508107179378978	964
-0.0457847701985099	0.509451950210503	964
0.0519553664884001	1.92871036490042	78
-0.12221639527256	1.15028690214388	307
0.0394136436320198	0.910104849618887	290
-0.0596055357592999	1.71926129451748	290
0.03720420851944	0.895274569198082	1417
0.04152989522699	0.910786081538073	50
0.0873963653088201	2.41840366736831	50
-0.04494681321942	0.508107179378978	492
-0.04494681321942	0.508107179378978	270
-0.04494681321942	0.508107179378978	86
-0.04494681321942	0.508107179378978	44
-0.0457847701985099	0.509451950210503	44
-0.0457847701985099	0.509451950210503	1272
-0.0430855223162701	0.505592244745112	632
-0.04494681321942	0.508107179378978	632
-0.0457847701985099	0.509451950210503	210
-0.0457847701985099	0.509451950210503	210
-0.04494681321942	0.508107179378978	210
-0.04494681321942	0.508107179378978	210
-0.0430855223162701	0.505592244745112	210
-0.0457847701985099	0.509451950210503	29
-0.0457847701985099	0.509451950210503	29
-0.0430855223162701	0.505592244745112	546
-0.0457847701985099	0.509451950210503	1089
-0.0457847701985099	0.509451950210503	29
-0.0457847701985099	0.509451950210503	576
-0.04494681321942	0.508107179378978	29
-0.0430855223162701	0.505592244745112	81
-0.0457847701985099	0.509451950210503	140
-0.04494681321942	0.508107179378978	140
-0.04494681321942	0.508107179378978	140
-0.0430855223162701	0.505592244745112	140
-0.04494681321942	0.508107179378978	140
-0.0457847701985099	0.509451950210503	140
-0.04494681321942	0.508107179378978	140
-0.04494681321942	0.508107179378978	964
-0.0430855223162701	0.505592244745112	964
-0.0430855223162701	0.505592244745112	1139
0.0422785387016602	0.907773563954676	492
-0.0457847701985099	0.509451950210503	270
-0.0457847701985099	0.509451950210503	86
-0.04494681321942	0.508107179378978	1614
-0.0430855223162701	0.505592244745112	1272
-0.04494681321942	0.508107179378978	632
0.04152989522699	0.910786081538073	632
-0.04494681321942	0.508107179378978	210
-0.0457847701985099	0.509451950210503	210
-0.0430855223162701	0.505592244745112	641
-0.0430855223162701	0.505592244745112	92
-0.0457847701985099	0.509451950210503	92
-0.0457847701985099	0.509451950210503	546
-0.0457847701985099	0.509451950210503	457
-0.04494681321942	0.508107179378978	231
-0.04494681321942	0.508107179378978	576
-0.0457847701985099	0.509451950210503	576
-0.0457847701985099	0.509451950210503	576
-0.0457847701985099	0.509451950210503	81
-0.0457847701985099	0.509451950210503	964
-0.0457847701985099	0.509451950210503	964
-0.0457847701985099	0.509451950210503	407
0.0400315140938798	1.3629964993836	78
0.03889200409726	0.908135882767002	477
-0.11848993299096	1.17460510750634	1400
0.0430262975062901	0.896790191135745	211
0.0412406202443201	1.35385717802326	211
-0.12417680380859	1.13608723090644	467
0.03889200409726	0.908135882767002	467
-0.04494681321942	0.508107179378978	1614
-0.0457847701985099	0.509451950210503	1272
-0.04494681321942	0.508107179378978	1272
-0.0457847701985099	0.509451950210503	632
-0.0457847701985099	0.509451950210503	632
-0.0430855223162701	0.505592244745112	210
-0.0457847701985099	0.509451950210503	39
-0.04494681321942	0.508107179378978	978
-0.04494681321942	0.508107179378978	1686
-0.0457847701985099	0.509451950210503	231
-0.0457847701985099	0.509451950210503	231
-0.0430855223162701	0.505592244745112	231
-0.0457847701985099	0.509451950210503	231
-0.04494681321942	0.508107179378978	1089
-0.0457847701985099	0.509451950210503	29
-0.0457847701985099	0.509451950210503	81
-0.0457847701985099	0.509451950210503	1674
-0.0457847701985099	0.509451950210503	122
-0.0457847701985099	0.509451950210503	140
-0.0430855223162701	0.505592244745112	140
-0.0457847701985099	0.509451950210503	964
-0.04494681321942	0.508107179378978	407
0.0409556796133201	1.37990098153962	407
-0.12317566373219	1.13933169025174	307
-0.12296181464189	1.16050551939587	307
0.0398375938972002	0.883172041800319	307
0.04152989522699	0.910786081538073	50
-0.0457847701985099	0.509451950210503	50
-0.0457847701985099	0.509451950210503	1088
-0.0457847701985099	0.509451950210503	1281
0.0394136436320198	0.910104849618887	1281
-0.04494681321942	0.508107179378978	1272
-0.04494681321942	0.508107179378978	1272
-0.04494681321942	0.508107179378978	1272
-0.0457847701985099	0.509451950210503	1272
-0.04494681321942	0.508107179378978	1272
-0.04494681321942	0.508107179378978	28
-0.0430855223162701	0.505592244745112	39
-0.04494681321942	0.508107179378978	39
-0.04494681321942	0.508107179378978	39
-0.0430855223162701	0.505592244745112	978
-0.0457847701985099	0.509451950210503	1686
-0.04494681321942	0.508107179378978	1686
-0.04494681321942	0.508107179378978	641
-0.0457847701985099	0.509451950210503	29
-0.0457847701985099	0.509451950210503	1291
-0.04494681321942	0.508107179378978	1089
-0.04494681321942	0.508107179378978	1089
-0.04494681321942	0.508107179378978	81
-0.0457847701985099	0.509451950210503	1674
-0.0457847701985099	0.509451950210503	1674
-0.0457847701985099	0.509451950210503	140
-0.0457847701985099	0.509451950210503	122
-0.0457847701985099	0.509451950210503	140
-0.0430855223162701	0.505592244745112	140
-0.04494681321942	0.508107179378978	407
-0.04494681321942	0.508107179378978	407
-0.04494681321942	0.508107179378978	23
0.0396114362808202	1.37396851477947	50
0.0386776221603302	0.910709981607031	477
-0.0457847701985099	0.509451950210503	50
0.04152989522699	0.910786081538073	620
0.04515713062756	1.37330296872086	1737
0.0386776221603302	0.910709981607031	32
-0.04494681321942	0.508107179378978	32
-0.0457847701985099	0.509451950210503	270
-0.04494681321942	0.508107179378978	609
-0.04494681321942	0.508107179378978	1272
-0.0430855223162701	0.505592244745112	1272
-0.0457847701985099	0.509451950210503	1272
-0.04494681321942	0.508107179378978	632
-0.0457847701985099	0.509451950210503	1449
0.03889200409726	0.908135882767002	210
-0.04494681321942	0.508107179378978	978
-0.04494681321942	0.508107179378978	1291
-0.04494681321942	0.508107179378978	29
-0.04494681321942	0.508107179378978	546
-0.04494681321942	0.508107179378978	231
-0.04494681321942	0.508107179378978	29
-0.04494681321942	0.508107179378978	29
-0.0457847701985099	0.509451950210503	1674
-0.0457847701985099	0.509451950210503	122
-0.04494681321942	0.508107179378978	122
-0.0457847701985099	0.509451950210503	140
-0.0430855223162701	0.505592244745112	220
-0.04494681321942	0.508107179378978	407
-0.0457847701985099	0.509451950210503	50
-0.0457847701985099	0.509451950210503	32
-0.0457847701985099	0.509451950210503	609
-0.04494681321942	0.508107179378978	609
-0.0457847701985099	0.509451950210503	1449
-0.0430855223162701	0.505592244745112	1449
-0.04494681321942	0.508107179378978	133
-0.04494681321942	0.508107179378978	210
-0.0457847701985099	0.509451950210503	210
-0.0457847701985099	0.509451950210503	210
0.0521945817730201	1.34186431337073	29
0.03889200409726	0.908135882767002	29
-0.0430855223162701	0.505592244745112	29
0.03889200409726	0.908135882767002	1291
-0.0430855223162701	0.505592244745112	1291
-0.04494681321942	0.508107179378978	29
-0.04494681321942	0.508107179378978	29
-0.0457847701985099	0.509451950210503	231
-0.04494681321942	0.508107179378978	81
-0.04494681321942	0.508107179378978	81
-0.04494681321942	0.508107179378978	140
-0.0430855223162701	0.505592244745112	140
-0.04494681321942	0.508107179378978	407
-0.04494681321942	0.508107179378978	964
-0.0457847701985099	0.509451950210503	407
-0.0430855223162701	0.505592244745112	467
-0.04494681321942	0.508107179378978	1198
-0.0430855223162701	0.505592244745112	210
-0.04494681321942	0.508107179378978	39
0.0386776221603302	0.910709981607031	29
-0.0457847701985099	0.509451950210503	1291
-0.04494681321942	0.508107179378978	29
-0.0457847701985099	0.509451950210503	576
-0.04494681321942	0.508107179378978	29
-0.04494681321942	0.508107179378978	81
-0.0457847701985099	0.509451950210503	81
-0.04494681321942	0.508107179378978	1807
-0.04494681321942	0.508107179378978	964
-0.04494681321942	0.508107179378978	407
0.0400299717895001	0.898018692914653	50
0.0434474112461598	0.885133372646936	50
0.04152989522699	0.910786081538073	50
0.03794114284642	0.907049051234415	50
-0.04494681321942	0.508107179378978	32
-0.0430855223162701	0.505592244745112	1336
-0.04494681321942	0.508107179378978	28
-0.0430855223162701	0.505592244745112	210
-0.04494681321942	0.508107179378978	210
-0.04494681321942	0.508107179378978	29
-0.0457847701985099	0.509451950210503	29
-0.0457847701985099	0.509451950210503	29
-0.04494681321942	0.508107179378978	29
-0.0457847701985099	0.509451950210503	231
-0.0457847701985099	0.509451950210503	231
-0.04494681321942	0.508107179378978	231
-0.0457847701985099	0.509451950210503	926
-0.0457847701985099	0.509451950210503	926
-0.0430855223162701	0.505592244745112	554
-0.0457847701985099	0.509451950210503	81
-0.0457847701985099	0.509451950210503	81
-0.04494681321942	0.508107179378978	81
-0.0457847701985099	0.509451950210503	140
-0.04494681321942	0.508107179378978	1807
-0.0430855223162701	0.505592244745112	964
-0.0457847701985099	0.509451950210503	964
-0.0457847701985099	0.509451950210503	964
-0.04494681321942	0.508107179378978	443
-0.04494681321942	0.508107179378978	23
-0.0457847701985099	0.509451950210503	29
-0.0457847701985099	0.509451950210503	231
-0.0430855223162701	0.505592244745112	926
-0.0457847701985099	0.509451950210503	81
-0.0457847701985099	0.509451950210503	140
-0.0457847701985099	0.509451950210503	443
0.04621650575411	0.886512627873166	29
-0.0430855223162701	0.505592244745112	29
-0.04494681321942	0.508107179378978	442
-0.04494681321942	0.508107179378978	29
-0.04494681321942	0.508107179378978	29
-0.0457847701985099	0.509451950210503	1231
-0.04494681321942	0.508107179378978	81
-0.04494681321942	0.508107179378978	1771
-0.0457847701985099	0.509451950210503	443
-0.10885441421256	2.03241544542681	86
-0.12413829632196	1.1467181993416	29
-0.0457847701985099	0.509451950210503	1291
-0.0457847701985099	0.509451950210503	442
-0.04494681321942	0.508107179378978	442
-0.0430855223162701	0.505592244745112	294
-0.0457847701985099	0.509451950210503	294
-0.04494681321942	0.508107179378978	81
-0.0457847701985099	0.509451950210503	1231
-0.0430855223162701	0.505592244745112	81
-0.04494681321942	0.508107179378978	140
-0.0457847701985099	0.509451950210503	571
-0.0457847701985099	0.509451950210503	122
-0.04494681321942	0.508107179378978	443
-0.04494681321942	0.508107179378978	443
0.03815634152993	0.908738098430751	210
0.0386776221603302	0.910709981607031	39
-0.0457847701985099	0.509451950210503	1730
-0.04494681321942	0.508107179378978	1730
-0.0457847701985099	0.509451950210503	29
-0.04494681321942	0.508107179378978	554
-0.0457847701985099	0.509451950210503	554
-0.0457847701985099	0.509451950210503	294
-0.04494681321942	0.508107179378978	81
-0.04494681321942	0.508107179378978	140
-0.0457847701985099	0.509451950210503	63
-0.0457847701985099	0.509451950210503	443
-0.0430855223162701	0.505592244745112	443
-0.0457847701985099	0.509451950210503	443
-0.0457847701985099	0.509451950210503	443
-0.0457847701985099	0.509451950210503	443
-0.0457847701985099	0.509451950210503	391
-0.0457847701985099	0.509451950210503	23
-0.0616696883407299	1.72327410447296	28
0.04762299671019	0.871704908495224	29
0.04078037146633	0.908687603642423	1700
-0.0430855223162701	0.505592244745112	29
-0.0457847701985099	0.509451950210503	1107
-0.0457847701985099	0.509451950210503	1107
-0.04494681321942	0.508107179378978	554
-0.04494681321942	0.508107179378978	294
-0.0457847701985099	0.509451950210503	81
-0.04494681321942	0.508107179378978	81
-0.04494681321942	0.508107179378978	81
-0.0457847701985099	0.509451950210503	81
-0.0457847701985099	0.509451950210503	140
-0.0457847701985099	0.509451950210503	63
-0.0457847701985099	0.509451950210503	443
0.0402454954139802	1.38366997130206	256
0.03815634152993	0.908738098430751	251
-0.11848993299096	1.17460510750634	28
-0.0457847701985099	0.509451950210503	29
-0.04494681321942	0.508107179378978	1107
-0.04494681321942	0.508107179378978	29
-0.04494681321942	0.508107179378978	294
-0.04494681321942	0.508107179378978	294
-0.04494681321942	0.508107179378978	81
-0.0457847701985099	0.509451950210503	81
-0.0430855223162701	0.505592244745112	81
0.0400299717895001	0.898018692914653	63
-0.04494681321942	0.508107179378978	443
-0.0457847701985099	0.509451950210503	443
-0.0430855223162701	0.505592244745112	443
-0.0457847701985099	0.509451950210503	443
-0.04494681321942	0.508107179378978	443
-0.11991564462876	1.17167030495076	307
0.03815634152993	0.908738098430751	256
0.03815634152993	0.908738098430751	256
0.03742022069456	0.905095447212576	251
-0.04494681321942	0.508107179378978	210
-0.11799054404421	1.15721785899934	39
-0.04494681321942	0.508107179378978	29
-0.0457847701985099	0.509451950210503	431
-0.0430855223162701	0.505592244745112	29
-0.04494681321942	0.508107179378978	29
-0.0457847701985099	0.509451950210503	554
-0.0457847701985099	0.509451950210503	294
-0.04494681321942	0.508107179378978	294
-0.0457847701985099	0.509451950210503	81
-0.0457847701985099	0.509451950210503	81
-0.04494681321942	0.508107179378978	81
-0.0430855223162701	0.505592244745112	81
-0.0430855223162701	0.505592244745112	140
-0.04494681321942	0.508107179378978	63
-0.0457847701985099	0.509451950210503	63
-0.04494681321942	0.508107179378978	63
-0.0457847701985099	0.509451950210503	443
-0.04494681321942	0.508107179378978	443
0.0386776221603302	0.910709981607031	256
0.0396272055568998	0.903412812436422	28
-0.04494681321942	0.508107179378978	39
0.03720420851944	0.895274569198082	39
-0.0457847701985099	0.509451950210503	29
-0.04494681321942	0.508107179378978	1107
-0.0457847701985099	0.509451950210503	1107
-0.04494681321942	0.508107179378978	294
-0.0457847701985099	0.509451950210503	294
-0.0457847701985099	0.509451950210503	81
-0.0457847701985099	0.509451950210503	391
-0.04494681321942	0.508107179378978	391
-0.12304057548462	1.95378818140957	290
-0.0457847701985099	0.509451950210503	256
-0.0457847701985099	0.509451950210503	251
-0.04494681321942	0.508107179378978	1492
-0.04494681321942	0.508107179378978	1492
-0.0457847701985099	0.509451950210503	210
-0.0457847701985099	0.509451950210503	29
-0.04494681321942	0.508107179378978	431
-0.04494681321942	0.508107179378978	431
-0.0457847701985099	0.509451950210503	1107
-0.0457847701985099	0.509451950210503	187
-0.0457847701985099	0.509451950210503	229
-0.0430855223162701	0.505592244745112	81
-0.0457847701985099	0.509451950210503	63
-0.0457847701985099	0.509451950210503	63
-0.0457847701985099	0.509451950210503	63
-0.04494681321942	0.508107179378978	391
0.03742022069456	0.905095447212576	1257
-0.0457847701985099	0.509451950210503	32
-0.04494681321942	0.508107179378978	251
0.03794114284642	0.907049051234415	39
-0.04494681321942	0.508107179378978	29
-0.0457847701985099	0.509451950210503	431
-0.0430855223162701	0.505592244745112	431
-0.04494681321942	0.508107179378978	29
-0.0457847701985099	0.509451950210503	187
-0.0457847701985099	0.509451950210503	294
-0.0457847701985099	0.509451950210503	81
-0.0457847701985099	0.509451950210503	81
-0.0457847701985099	0.509451950210503	81
-0.04494681321942	0.508107179378978	81
-0.04494681321942	0.508107179378978	81
-0.0457847701985099	0.509451950210503	377
-0.04494681321942	0.508107179378978	443
-0.0457847701985099	0.509451950210503	443
-0.04494681321942	0.508107179378978	443
-0.04494681321942	0.508107179378978	391
0.0420525211301999	0.912767194101794	210
-0.04494681321942	0.508107179378978	29
-0.0430855223162701	0.505592244745112	431
-0.0457847701985099	0.509451950210503	1107
-0.0457847701985099	0.509451950210503	294
0.0447200720062702	0.895775163063828	294
-0.0430855223162701	0.505592244745112	1275
-0.04494681321942	0.508107179378978	81
-0.0457847701985099	0.509451950210503	81
-0.0430855223162701	0.505592244745112	81
-0.04494681321942	0.508107179378978	81
-0.04494681321942	0.508107179378978	63
-0.0457847701985099	0.509451950210503	63
-0.04494681321942	0.508107179378978	377
-0.04494681321942	0.508107179378978	377
-0.0457847701985099	0.509451950210503	377
-0.0457847701985099	0.509451950210503	377
0.03742022069456	0.905095447212576	312
0.04152989522699	0.910786081538073	256
0.0393213180290202	1.36021258239747	251
0.0428013364637501	0.909738976478558	210
-0.11361283275081	1.11739622319482	39
-0.0430855223162701	0.505592244745112	29
-0.04494681321942	0.508107179378978	294
-0.0430855223162701	0.505592244745112	1573
-0.04494681321942	0.508107179378978	1275
-0.04494681321942	0.508107179378978	81
-0.0457847701985099	0.509451950210503	81
-0.04494681321942	0.508107179378978	81
-0.0430855223162701	0.505592244745112	63
-0.04494681321942	0.508107179378978	1412
-0.0430855223162701	0.505592244745112	63
-0.04494681321942	0.508107179378978	1174
-0.0457847701985099	0.509451950210503	1174
-0.04494681321942	0.508107179378978	391
-0.06654051835677	1.68085296858911	199
-0.11473623620251	1.16068285152843	68
-0.04494681321942	0.508107179378978	431
-0.04494681321942	0.508107179378978	431
-0.0457847701985099	0.509451950210503	99
-0.0430855223162701	0.505592244745112	81
-0.0457847701985099	0.509451950210503	63
-0.04494681321942	0.508107179378978	243
-0.0457847701985099	0.509451950210503	1412
-0.04494681321942	0.508107179378978	377
-0.04494681321942	0.508107179378978	1598
-0.04494681321942	0.508107179378978	1174
0.0411148072731899	1.38587543423159	1078
0.03889200409726	0.908135882767002	251
-0.04494681321942	0.508107179378978	431
-0.04494681321942	0.508107179378978	431
-0.0430855223162701	0.505592244745112	79
-0.0457847701985099	0.509451950210503	268
-0.04494681321942	0.508107179378978	268
-0.0430855223162701	0.505592244745112	268
-0.04494681321942	0.508107179378978	81
-0.0457847701985099	0.509451950210503	1412
-0.0457847701985099	0.509451950210503	63
-0.0457847701985099	0.509451950210503	1598
-0.04494681321942	0.508107179378978	1174
-0.0457847701985099	0.509451950210503	1174
-0.0457847701985099	0.509451950210503	1257
0.0439705191647999	0.886986783193542	278
-0.04494681321942	0.508107179378978	210
0.0379145887688299	0.896703559903715	431
-0.0457847701985099	0.509451950210503	268
-0.0457847701985099	0.509451950210503	268
-0.0457847701985099	0.509451950210503	81
-0.0430855223162701	0.505592244745112	81
-0.0457847701985099	0.509451950210503	243
-0.0430855223162701	0.505592244745112	243
-0.0457847701985099	0.509451950210503	63
0.03377072884884	0.897623972008988	1412
-0.04494681321942	0.508107179378978	1174
0.0441967916377499	0.893879868083904	68
0.03794114284642	0.907049051234415	39
-0.0430855223162701	0.505592244745112	29
-0.04494681321942	0.508107179378978	431
-0.0457847701985099	0.509451950210503	79
-0.0430855223162701	0.505592244745112	268
-0.0457847701985099	0.509451950210503	81
-0.04494681321942	0.508107179378978	81
-0.04494681321942	0.508107179378978	243
-0.04494681321942	0.508107179378978	243
-0.04494681321942	0.508107179378978	63
-0.0457847701985099	0.509451950210503	1174
-0.0430855223162701	0.505592244745112	1174
-0.0457847701985099	0.509451950210503	1174
-0.04494681321942	0.508107179378978	913
0.0428013364637501	0.909738976478558	913
-0.0457847701985099	0.509451950210503	39
-0.11991564462876	1.17167030495076	39
-0.0457847701985099	0.509451950210503	28
-0.0430855223162701	0.505592244745112	29
0.03742022069456	0.905095447212576	29
-0.0457847701985099	0.509451950210503	29
0.0386776221603302	0.910709981607031	72
-0.0457847701985099	0.509451950210503	81
-0.0457847701985099	0.509451950210503	243
-0.0430855223162701	0.505592244745112	243
-0.04494681321942	0.508107179378978	243
-0.04494681321942	0.508107179378978	243
-0.0457847701985099	0.509451950210503	1680
-0.0430855223162701	0.505592244745112	1680
-0.04494681321942	0.508107179378978	391
-0.0457847701985099	0.509451950210503	391
0.0422785387016602	0.907773563954676	312
-0.0430855223162701	0.505592244745112	251
-0.04494681321942	0.508107179378978	68
-0.0457847701985099	0.509451950210503	39
-0.04494681321942	0.508107179378978	29
-0.04494681321942	0.508107179378978	29
-0.04494681321942	0.508107179378978	29
-0.0457847701985099	0.509451950210503	79
-0.04494681321942	0.508107179378978	79
-0.04494681321942	0.508107179378978	79
-0.04494681321942	0.508107179378978	240
-0.0457847701985099	0.509451950210503	243
-0.04494681321942	0.508107179378978	1680
-0.04494681321942	0.508107179378978	1680
-0.04494681321942	0.508107179378978	391
-0.04494681321942	0.508107179378978	391
-0.04494681321942	0.508107179378978	391
-0.04494681321942	0.508107179378978	391
-0.04494681321942	0.508107179378978	293
-0.11615924914583	1.16124663387153	39
-0.04494681321942	0.508107179378978	79
-0.0457847701985099	0.509451950210503	240
-0.0457847701985099	0.509451950210503	240
-0.04494681321942	0.508107179378978	240
-0.04494681321942	0.508107179378978	243
-0.0457847701985099	0.509451950210503	391
-0.04494681321942	0.508107179378978	39
0.0434559661074898	1.37542526501079	28
0.03717101979414	0.899628512532504	29
-0.0457847701985099	0.509451950210503	63
-0.0457847701985099	0.509451950210503	240
-0.0430855223162701	0.505592244745112	899
-0.0457847701985099	0.509451950210503	39
-0.0430855223162701	0.505592244745112	1448
-0.0457847701985099	0.509451950210503	243
0.03742022069456	0.905095447212576	152
-0.0430855223162701	0.505592244745112	60
-0.0430855223162701	0.505592244745112	723
-0.04494681321942	0.508107179378978	60
-0.0457847701985099	0.509451950210503	39
-0.0457847701985099	0.509451950210503	540
-0.0457847701985099	0.509451950210503	1448
0.0396272055568998	0.903412812436422	79
-0.04494681321942	0.508107179378978	63
0.0394136436320198	0.910104849618887	63
-0.04494681321942	0.508107179378978	766
-0.0457847701985099	0.509451950210503	60
-0.0457847701985099	0.509451950210503	60
-0.0457847701985099	0.509451950210503	60
0.0422785387016602	0.907773563954676	540
-0.04494681321942	0.508107179378978	1083
0.0420525211301999	0.912767194101794	1083
-0.04494681321942	0.508107179378978	1448
-0.0430855223162701	0.505592244745112	28
-0.11870305398975	1.15754799517521	29
0.03815634152993	0.908738098430751	243
-0.0430855223162701	0.505592244745112	152
0.04152989522699	0.910786081538073	760
0.0481471081795402	0.873491164855919	760
-0.01316000676961	2.2981057679294	50
0.0394136436320198	0.910104849618887	39
-0.04494681321942	0.508107179378978	39
-0.0430855223162701	0.505592244745112	152
-0.0457847701985099	0.509451950210503	152
-0.0457847701985099	0.509451950210503	60
0.03742022069456	0.905095447212576	760
-0.0430855223162701	0.505592244745112	760
0.04152989522699	0.910786081538073	541
0.0386776221603302	0.910709981607031	1083
-0.0457847701985099	0.509451950210503	893
-0.04494681321942	0.508107179378978	39
-0.0457847701985099	0.509451950210503	1055
-0.0457847701985099	0.509451950210503	63
-0.04494681321942	0.508107179378978	893
0.0386776221603302	0.910709981607031	60
-0.0457847701985099	0.509451950210503	60
-0.12296181464189	1.16050551939587	54
0.0386776221603302	0.910709981607031	39
0.04621650575411	0.886512627873166	39
-0.0457847701985099	0.509451950210503	1181
-0.0457847701985099	0.509451950210503	63
-0.0430855223162701	0.505592244745112	63
-0.0457847701985099	0.509451950210503	84
-0.0457847701985099	0.509451950210503	152
-0.04494681321942	0.508107179378978	152
-0.11991564462876	1.17167030495076	386
-0.04494681321942	0.508107179378978	63
-0.04494681321942	0.508107179378978	84
-0.04494681321942	0.508107179378978	152
-0.04494681321942	0.508107179378978	152
-0.04494681321942	0.508107179378978	941
-0.0457847701985099	0.509451950210503	60
0.0364265542284299	0.897579029003554	690
0.0422785387016602	0.907773563954676	1432
-0.04494681321942	0.508107179378978	279
-0.04494681321942	0.508107179378978	279
-0.0457847701985099	0.509451950210503	279
-0.11970232915499	1.15421098943078	10
0.04630467569257	1.90752722591253	50
-0.0457847701985099	0.509451950210503	39
-0.0457847701985099	0.509451950210503	1055
-0.04494681321942	0.508107179378978	1432
-0.04494681321942	0.508107179378978	46
-0.0457847701985099	0.509451950210503	279
-0.0457847701985099	0.509451950210503	279
-0.0457847701985099	0.509451950210503	279
-0.0430855223162701	0.505592244745112	279
-0.04494681321942	0.508107179378978	841
-0.0457847701985099	0.509451950210503	152
-0.0457847701985099	0.509451950210503	152
-0.04494681321942	0.508107179378978	152
-0.0457847701985099	0.509451950210503	941
0.0330252147729202	0.894061262220547	10
-0.04494681321942	0.508107179378978	386
0.03742022069456	0.905095447212576	691
-0.0457847701985099	0.509451950210503	691
-0.04494681321942	0.508107179378978	690
-0.04494681321942	0.508107179378978	46
-0.0457847701985099	0.509451950210503	63
-0.0457847701985099	0.509451950210503	279
-0.04494681321942	0.508107179378978	84
-0.04494681321942	0.508107179378978	84
-0.0430855223162701	0.505592244745112	152
0.0422785387016602	0.907773563954676	690
0.03815634152993	0.908738098430751	28
-0.04494681321942	0.508107179378978	1432
0.0394136436320198	0.910104849618887	28
-0.0457847701985099	0.509451950210503	279
-0.04494681321942	0.508107179378978	279
-0.04494681321942	0.508107179378978	63
-0.0457847701985099	0.509451950210503	84
-0.04494681321942	0.508107179378978	84
-0.04494681321942	0.508107179378978	84
-0.04494681321942	0.508107179378978	152
-0.04494681321942	0.508107179378978	152
-0.0457847701985099	0.509451950210503	152
-0.0457847701985099	0.509451950210503	5
0.0425335105331901	1.40207601959015	50
-0.0430855223162701	0.505592244745112	691
-0.04494681321942	0.508107179378978	46
-0.04494681321942	0.508107179378978	63
-0.04494681321942	0.508107179378978	63
-0.0457847701985099	0.509451950210503	84
-0.0457847701985099	0.509451950210503	84
-0.0457847701985099	0.509451950210503	84
-0.04494681321942	0.508107179378978	152
0.0356811964922699	0.887187479592733	60
0.0416109416562902	1.36471275439718	50
-0.04494681321942	0.508107179378978	173
-0.04494681321942	0.508107179378978	386
-0.04494681321942	0.508107179378978	691
-0.0457847701985099	0.509451950210503	167
-0.0457847701985099	0.509451950210503	966
-0.04494681321942	0.508107179378978	655
-0.0457847701985099	0.509451950210503	28
-0.04494681321942	0.508107179378978	279
-0.04494681321942	0.508107179378978	279
-0.0457847701985099	0.509451950210503	84
-0.0457847701985099	0.509451950210503	84
-0.0457847701985099	0.509451950210503	84
-0.04494681321942	0.508107179378978	152
-0.0457847701985099	0.509451950210503	5
-0.04494681321942	0.508107179378978	5
-0.0457847701985099	0.509451950210503	10
-0.04494681321942	0.508107179378978	616
-0.04494681321942	0.508107179378978	386
-0.0457847701985099	0.509451950210503	473
-0.04494681321942	0.508107179378978	473
-0.0430855223162701	0.505592244745112	167
-0.0457847701985099	0.509451950210503	966
-0.04494681321942	0.508107179378978	46
-0.0457847701985099	0.509451950210503	482
-0.0430855223162701	0.505592244745112	655
-0.0430855223162701	0.505592244745112	279
-0.0457847701985099	0.509451950210503	279
-0.0457847701985099	0.509451950210503	279
-0.04494681321942	0.508107179378978	279
-0.04494681321942	0.508107179378978	279
-0.0430855223162701	0.505592244745112	84
-0.0457847701985099	0.509451950210503	84
-0.0457847701985099	0.509451950210503	84
-0.04494681321942	0.508107179378978	84
-0.0457847701985099	0.509451950210503	152
-0.0430855223162701	0.505592244745112	152
-0.0430855223162701	0.505592244745112	5
-0.04494681321942	0.508107179378978	5
-0.10679454045589	2.02343329232621	50
0.0394136436320198	0.910104849618887	386
-0.0457847701985099	0.509451950210503	691
0.04152989522699	0.910786081538073	691
-0.0457847701985099	0.509451950210503	1334
-0.0457847701985099	0.509451950210503	167
-0.0430855223162701	0.505592244745112	966
-0.04494681321942	0.508107179378978	46
-0.04494681321942	0.508107179378978	482
-0.04494681321942	0.508107179378978	482
-0.04494681321942	0.508107179378978	482
-0.0430855223162701	0.505592244745112	482
-0.04494681321942	0.508107179378978	1103
-0.0457847701985099	0.509451950210503	46
-0.0457847701985099	0.509451950210503	1455
-0.0457847701985099	0.509451950210503	1455
-0.0457847701985099	0.509451950210503	1455
-0.0430855223162701	0.505592244745112	279
-0.0457847701985099	0.509451950210503	84
-0.0457847701985099	0.509451950210503	84
-0.0457847701985099	0.509451950210503	84
-0.04494681321942	0.508107179378978	60
-0.0457847701985099	0.509451950210503	5
-0.11166906501633	1.14102284535553	173
-0.0457847701985099	0.509451950210503	28
-0.0457847701985099	0.509451950210503	691
0.04078037146633	0.908687603642423	473
-0.0457847701985099	0.509451950210503	279
-0.0457847701985099	0.509451950210503	279
-0.04494681321942	0.508107179378978	5
-0.0457847701985099	0.509451950210503	5
-0.04494681321942	0.508107179378978	5
-0.06327000074302	1.70471377531604	381
0.0516463353473098	1.87329304760747	381
-0.04494681321942	0.508107179378978	482
-0.0457847701985099	0.509451950210503	46
-0.0457847701985099	0.509451950210503	659
-0.04494681321942	0.508107179378978	279
-0.0457847701985099	0.509451950210503	5
-0.0430855223162701	0.505592244745112	84
-0.0430855223162701	0.505592244745112	84
-0.04494681321942	0.508107179378978	5
0.03406411937197	1.32687207529186	5
-0.0430855223162701	0.505592244745112	46
-0.0430855223162701	0.505592244745112	966
-0.04494681321942	0.508107179378978	46
-0.0457847701985099	0.509451950210503	912
-0.0457847701985099	0.509451950210503	279
-0.04494681321942	0.508107179378978	72
-0.0457847701985099	0.509451950210503	5
-0.04494681321942	0.508107179378978	72
-0.0457847701985099	0.509451950210503	279
-0.0457847701985099	0.509451950210503	5
-0.12346230986919	1.14029134222277	1067
-0.11848993299096	1.17460510750634	85
-0.0457847701985099	0.509451950210503	5
-0.0457847701985099	0.509451950210503	5
-0.0457847701985099	0.509451950210503	60
-0.12082096706633	1.15471101662215	473
0.04354926731552	0.898700605128187	46
-0.04494681321942	0.508107179378978	72
0.0394136436320198	0.910104849618887	60
-0.11808319966809	1.12002512318609	473
0.0395352781444598	1.38412365279954	473
-0.04494681321942	0.508107179378978	72
-0.04494681321942	0.508107179378978	611
-0.0457847701985099	0.509451950210503	611
-0.04494681321942	0.508107179378978	5
-0.0457847701985099	0.509451950210503	30
-0.04494681321942	0.508107179378978	569
-0.0457847701985099	0.509451950210503	5
-0.0457847701985099	0.509451950210503	46
-0.04494681321942	0.508107179378978	193
-0.04494681321942	0.508107179378978	569
-0.04494681321942	0.508107179378978	5
0.0428013364637501	0.909738976478558	85
-0.0430855223162701	0.505592244745112	30
-0.0457847701985099	0.509451950210503	5
-0.04494681321942	0.508107179378978	5
-0.04494681321942	0.508107179378978	413
-0.04494681321942	0.508107179378978	376
0.0375440324582099	1.3434176533844	54
-0.115447554103	1.1629982468997	679
-0.0457847701985099	0.509451950210503	30
0.0447200720062702	0.895775163063828	46
-0.04494681321942	0.508107179378978	193
-0.04494681321942	0.508107179378978	5
-0.04494681321942	0.508107179378978	1760
-0.0430855223162701	0.505592244745112	5
-0.04494681321942	0.508107179378978	5
-0.0457847701985099	0.509451950210503	5
-0.12203439459081	1.13961856512184	473
-0.04494681321942	0.508107179378978	46
-0.0430855223162701	0.505592244745112	193
-0.0457847701985099	0.509451950210503	70
-0.0457847701985099	0.509451950210503	5
-0.04494681321942	0.508107179378978	5
-0.0430855223162701	0.505592244745112	413
-0.0457847701985099	0.509451950210503	376
-0.04494681321942	0.508107179378978	5
-0.115447554103	1.1629982468997	60
0.03794114284642	0.907049051234415	46
-0.0457847701985099	0.509451950210503	193
-0.0457847701985099	0.509451950210503	70
0.03794114284642	0.907049051234415	413
-0.1191359150066	1.13950522434924	46
-0.04494681321942	0.508107179378978	30
-0.0457847701985099	0.509451950210503	5
-0.04494681321942	0.508107179378978	5
-0.0457847701985099	0.509451950210503	5
0.0386776221603302	0.910709981607031	46
-0.0457847701985099	0.509451950210503	46
0.03794114284642	0.907049051234415	12
0.03889200409726	0.908135882767002	70
0.0413028256986001	0.910658827313972	5
-0.04494681321942	0.508107179378978	5
-0.0457847701985099	0.509451950210503	5
-0.10935568577013	2.05944181014448	473
0.0428013364637501	0.909738976478558	46
-0.1203585533226	1.13706821684966	46
-0.0457847701985099	0.509451950210503	70
-0.04494681321942	0.508107179378978	70
-0.0457847701985099	0.509451950210503	5
0.03794114284642	0.907049051234415	5
-0.04494681321942	0.508107179378978	5
-0.04494681321942	0.508107179378978	46
-0.0457847701985099	0.509451950210503	5
-0.0430855223162701	0.505592244745112	5
-0.04494681321942	0.508107179378978	472
-0.04494681321942	0.508107179378978	46
0.0396272055568998	0.903412812436422	72
-0.04494681321942	0.508107179378978	5
0.0345153598322399	0.897055391856771	472
-0.0457847701985099	0.509451950210503	1001
-0.04494681321942	0.508107179378978	67
-0.04494681321942	0.508107179378978	46
-0.0457847701985099	0.509451950210503	5
-0.04494681321942	0.508107179378978	5
-0.0457847701985099	0.509451950210503	472
0.04152989522699	0.910786081538073	472
-0.0457847701985099	0.509451950210503	1001
-0.04494681321942	0.508107179378978	1001
0.04621650575411	0.886512627873166	67
-0.04494681321942	0.508107179378978	5
-0.0457847701985099	0.509451950210503	1405
0.0394136436320198	0.910104849618887	46
0.0413028256986001	0.910658827313972	70
-0.04494681321942	0.508107179378978	60
-0.0457847701985099	0.509451950210503	1405
-0.05889073167536	1.72506793223814	473
-0.0457847701985099	0.509451950210503	67
-0.0633720443101999	1.68357249834377	12
0.04078037146633	0.908687603642423	72
-0.04494681321942	0.508107179378978	5
-0.04494681321942	0.508107179378978	162
0.03889200409726	0.908135882767002	1054
-0.12203439459081	1.13961856512184	67
-0.0457847701985099	0.509451950210503	1635
-0.0457847701985099	0.509451950210503	60
-0.06081330099863	1.70577774063581	28
-0.0457847701985099	0.509451950210503	60
0.0396272055568998	0.903412812436422	12
0.03889200409726	0.908135882767002	5
-0.0457847701985099	0.509451950210503	60
-0.0457847701985099	0.509451950210503	60
-0.04494681321942	0.508107179378978	60
-0.0457847701985099	0.509451950210503	31
0.0414518090117202	1.35895687395203	67
-0.12112909728991	1.14366273623456	12
0.03794114284642	0.907049051234415	5
0.03742022069456	0.905095447212576	5
-0.0457847701985099	0.509451950210503	60
-0.04494681321942	0.508107179378978	1151
-0.0430855223162701	0.505592244745112	67
-0.04494681321942	0.508107179378978	102
0.0406185040643101	1.36074656613904	46
0.04152989522699	0.910786081538073	759
0.03742022069456	0.905095447212576	70
-0.0430855223162701	0.505592244745112	70
0.04152989522699	0.910786081538073	867
-0.0457847701985099	0.509451950210503	867
-0.0457847701985099	0.509451950210503	60
-0.11963560527078	1.1387790300823	31
-0.0661836236486699	1.65258661118854	1758
0.0420525211301999	0.912767194101794	1066
0.0394136436320198	0.910104849618887	31
-0.12413829632196	1.1467181993416	288
-0.0457847701985099	0.509451950210503	70
0.03815634152993	0.908738098430751	70
-0.0457847701985099	0.509451950210503	60
-0.04494681321942	0.508107179378978	67
0.0434559661074898	1.37542526501079	1758
-0.0457847701985099	0.509451950210503	67
-0.0457847701985099	0.509451950210503	627
-0.0457847701985099	0.509451950210503	744
-0.0430855223162701	0.505592244745112	5
-0.04494681321942	0.508107179378978	309
-0.0457847701985099	0.509451950210503	60
-0.0457847701985099	0.509451950210503	60
-0.04494681321942	0.508107179378978	67
-0.04494681321942	0.508107179378978	67
0.0386776221603302	0.910709981607031	72
-0.0457847701985099	0.509451950210503	1426
0.0413028256986001	0.910658827313972	309
0.04014920442259	0.905358338381949	60
0.0446612644256601	1.39472986809399	67
0.0449452826701302	0.893575174020198	627
0.0420525211301999	0.912767194101794	1540
-0.0457847701985099	0.509451950210503	67
0.0430262975062901	0.896790191135745	67
0.03794114284642	0.907049051234415	1470
-0.11848993299096	1.17460510750634	67
-0.04494681321942	0.508107179378978	5
-0.04494681321942	0.508107179378978	310
0.03815634152993	0.908738098430751	67
-0.0457847701985099	0.509451950210503	60
0.03889200409726	0.908135882767002	310
-0.12246149245708	1.14355834060127	1590
-0.12334019609556	2.38430988447025	54
0.0409556796133201	1.37990098153962	67
0.03889200409726	0.908135882767002	67
0.03742022069456	0.905095447212576	12
-0.0430855223162701	0.505592244745112	5
0.03720420851944	0.895274569198082	828
0.0420525211301999	0.912767194101794	60
-0.0457847701985099	0.509451950210503	288
-0.0457847701985099	0.509451950210503	72
-0.0457847701985099	0.509451950210503	5
-0.0457847701985099	0.509451950210503	310
-0.0457847701985099	0.509451950210503	310
0.0394136436320198	0.910104849618887	67
-0.04494681321942	0.508107179378978	288
0.0386776221603302	0.910709981607031	101
-0.04494681321942	0.508107179378978	72
-0.0457847701985099	0.509451950210503	5
-0.0457847701985099	0.509451950210503	5
-0.0457847701985099	0.509451950210503	60
0.04152989522699	0.910786081538073	67
0.0420525211301999	0.912767194101794	101
-0.0457847701985099	0.509451950210503	101
0.0420525211301999	0.912767194101794	748
-0.04494681321942	0.508107179378978	486
0.03794114284642	0.907049051234415	486
-0.04494681321942	0.508107179378978	5
0.03889200409726	0.908135882767002	5
-0.0457847701985099	0.509451950210503	310
0.0425943087903198	1.36487772421177	271
0.0413028256986001	0.910658827313972	980
0.04078037146633	0.908687603642423	738
-0.0430855223162701	0.505592244745112	75
0.03815634152993	0.908738098430751	54
-0.0457847701985099	0.509451950210503	67
-0.04494681321942	0.508107179378978	54
-0.04494681321942	0.508107179378978	67
-0.0457847701985099	0.509451950210503	246
-0.0457847701985099	0.509451950210503	246
-0.04494681321942	0.508107179378978	1517
-0.04494681321942	0.508107179378978	1691
-0.0457847701985099	0.509451950210503	101
-0.0430855223162701	0.505592244745112	101
-0.04494681321942	0.508107179378978	748
-0.04494681321942	0.508107179378978	748
-0.04494681321942	0.508107179378978	420
-0.0457847701985099	0.509451950210503	420
-0.0457847701985099	0.509451950210503	486
-0.0457847701985099	0.509451950210503	5
-0.0457847701985099	0.509451950210503	5
-0.0457847701985099	0.509451950210503	5
-0.0430855223162701	0.505592244745112	310
-0.04494681321942	0.508107179378978	310
-0.0457847701985099	0.509451950210503	5
-0.11829786447648	2.00664399464648	75
0.0400315140938798	1.3629964993836	572
-0.11941593112207	1.1543669250591	54
-0.11799054404421	1.15721785899934	473
-0.0457847701985099	0.509451950210503	101
-0.12224783916151	1.16164931515351	420
-0.04494681321942	0.508107179378978	5
-0.0430855223162701	0.505592244745112	5
-0.0457847701985099	0.509451950210503	5
-0.04494681321942	0.508107179378978	5
-0.0430855223162701	0.505592244745112	5
-0.0457847701985099	0.509451950210503	5
0.03889200409726	0.908135882767002	5
0.0420525211301999	0.912767194101794	5
-0.04494681321942	0.508107179378978	5
0.03815634152993	0.908738098430751	5
-0.0430855223162701	0.505592244745112	5
0.0386776221603302	0.910709981607031	1741
0.0413028256986001	0.910658827313972	5
-0.0457847701985099	0.509451950210503	67
0.0381147489675802	1.37468251408154	95
0.03815634152993	0.908738098430751	5
-0.0457847701985099	0.509451950210503	5
-0.04494681321942	0.508107179378978	5
0.0390932994657001	0.874647921798394	1355
-0.0430855223162701	0.505592244745112	1355
0.0386776221603302	0.910709981607031	54
-0.0430855223162701	0.505592244745112	67
0.04014920442259	0.905358338381949	101
0.0330252147729202	0.894061262220547	5
-0.0457847701985099	0.509451950210503	5
-0.04494681321942	0.508107179378978	5
-0.0430855223162701	0.505592244745112	5
-0.0457847701985099	0.509451950210503	106
-0.04494681321942	0.508107179378978	1355
0.03794114284642	0.907049051234415	5
-0.0457847701985099	0.509451950210503	67
-0.11985880961191	1.13779288350702	330
0.0437387769077802	1.38174632095541	338
0.0449452826701302	0.893575174020198	101
-0.0430855223162701	0.505592244745112	5
-0.0457847701985099	0.509451950210503	67
-0.0207204437553601	2.28264778235721	168
-0.0656678387849401	1.69146487669153	95
-0.04494681321942	0.508107179378978	67
0.0422785387016602	0.907773563954676	67
0.04078037146633	0.908687603642423	95
0.04014920442259	0.905358338381949	5
0.03889200409726	0.908135882767002	5
0.0386776221603302	0.910709981607031	5
-0.04494681321942	0.508107179378978	5
-0.04494681321942	0.508107179378978	5
-0.0457847701985099	0.509451950210503	5
-0.0457847701985099	0.509451950210503	5
-0.0457847701985099	0.509451950210503	106
0.0413028256986001	0.910658827313972	754
-0.0430855223162701	0.505592244745112	5
-0.11920260530552	1.17496009302982	72
-0.0457847701985099	0.509451950210503	5
0.0352591033448899	0.892475085017107	5
-0.04494681321942	0.508107179378978	5
0.0377486571007299	1.32133473102327	185
0.03377072884884	0.897623972008988	101
-0.0457847701985099	0.509451950210503	5
0.03717101979414	0.899628512532504	5
-0.0430855223162701	0.505592244745112	5
0.0428013364637501	0.909738976478558	5
-0.0457847701985099	0.509451950210503	106
-0.00959802099161	2.29180762341788	54
-0.0457847701985099	0.509451950210503	67
-0.0430855223162701	0.505592244745112	5
-0.11827702834736	1.15009417110424	5
-0.04494681321942	0.508107179378978	557
-0.04494681321942	0.508107179378978	101
0.03889200409726	0.908135882767002	101
-0.0430855223162701	0.505592244745112	5
-0.04494681321942	0.508107179378978	5
-0.04494681321942	0.508107179378978	5
0.03889200409726	0.908135882767002	5
-0.0457847701985099	0.509451950210503	67
-0.04494681321942	0.508107179378978	185
-0.04494681321942	0.508107179378978	544
-0.04494681321942	0.508107179378978	185
0.0425335105331901	1.40207601959015	5
0.04014920442259	0.905358338381949	67
-0.11920260530552	1.17496009302982	7
-0.04494681321942	0.508107179378978	67
-0.0430855223162701	0.505592244745112	412
-0.04494681321942	0.508107179378978	67
0.03861109108154	1.35387912739938	72
-0.0457847701985099	0.509451950210503	185
-0.0202543327300799	2.28551362791046	72
-0.0457847701985099	0.509451950210503	185
-0.12296181464189	1.16050551939587	284
0.0439705191647999	0.886986783193542	5
-0.10850285715509	2.06094400746378	50
0.0468746637490698	0.865639325982955	50
-0.11941593112207	1.1543669250591	5
-0.0457847701985099	0.509451950210503	673
-0.12224783916151	1.16164931515351	50
0.0394136436320198	0.910104849618887	50
-0.04494681321942	0.508107179378978	1460
-0.0457847701985099	0.509451950210503	185
-0.0457847701985099	0.509451950210503	284
-0.0457847701985099	0.509451950210503	26
0.0428013364637501	0.909738976478558	67
0.0337826511797799	1.33545848573323	7
-0.0457847701985099	0.509451950210503	5
-0.04494681321942	0.508107179378978	519
-0.0457847701985099	0.509451950210503	519
-0.11782437899591	2.04172736473817	67
-0.0457847701985099	0.509451950210503	26
-0.12203439459081	1.13961856512184	5
0.04569287991729	0.884663215589549	7
0.0490663669046501	1.35748858777882	519
0.0469418487501501	1.39329025620034	67
0.0386776221603302	0.910709981607031	72
-0.04494681321942	0.508107179378978	5
-0.0457847701985099	0.509451950210503	5
0.0542030350704601	1.86689810796579	94
-0.11970232915499	1.15421098943078	94
-0.0457847701985099	0.509451950210503	94
-0.04494681321942	0.508107179378978	7
-0.0430855223162701	0.505592244745112	26
-0.0457847701985099	0.509451950210503	26
0.0390388733087002	1.35903616495332	128
0.0420525211301999	0.912767194101794	560
0.0356811964922699	0.887187479592733	7
0.0386776221603302	0.910709981607031	7
0.0413028256986001	0.910658827313972	7
-0.0457847701985099	0.509451950210503	7
-0.0457847701985099	0.509451950210503	5
-0.04494681321942	0.508107179378978	128
0.0474375576910302	1.37196028081438	120
0.03815634152993	0.908738098430751	5
-0.04494681321942	0.508107179378978	7
0.03794114284642	0.907049051234415	5
-0.04494681321942	0.508107179378978	128
-0.11920260530552	1.17496009302982	94
0.0420525211301999	0.912767194101794	426
-0.0457847701985099	0.509451950210503	5
-0.0457847701985099	0.509451950210503	19
0.0447200720062702	0.895775163063828	335
-0.0457847701985099	0.509451950210503	335
-0.0430855223162701	0.505592244745112	94
-0.04494681321942	0.508107179378978	5
-0.04494681321942	0.508107179378978	5
-0.04494681321942	0.508107179378978	19
-0.0457847701985099	0.509451950210503	19
0.03815634152993	0.908738098430751	19
0.03815634152993	0.908738098430751	19
0.0386776221603302	0.910709981607031	67
-0.12274817282674	1.14140143044286	5
0.03815634152993	0.908738098430751	5
0.0354147638191602	1.35443488573663	94
-0.11898949436438	1.15388574220209	120
-0.0457847701985099	0.509451950210503	5
-0.0457847701985099	0.509451950210503	5
0.04037059125571	0.891303375953094	19
-0.04494681321942	0.508107179378978	26
-0.04494681321942	0.508107179378978	26
0.04014920442259	0.905358338381949	19
0.0420373143714801	1.37627490321266	19
-0.04494681321942	0.508107179378978	67
0.0420525211301999	0.912767194101794	19
-0.0457847701985099	0.509451950210503	19
0.04586624300899	1.36228999211391	67
-0.04494681321942	0.508107179378978	120
-0.04494681321942	0.508107179378978	67
-0.11635413756092	1.14509330793447	335
0.0428013364637501	0.909738976478558	40
0.0420525211301999	0.912767194101794	67
-0.115447554103	1.1629982468997	737
0.0408929082303202	0.893189000939162	67
-0.0430855223162701	0.505592244745112	67
-0.0457847701985099	0.509451950210503	335
-0.0457847701985099	0.509451950210503	19
-0.0457847701985099	0.509451950210503	19
0.0394136436320198	0.910104849618887	54
-0.04494681321942	0.508107179378978	67
0.03815634152993	0.908738098430751	19
0.04546873567792	0.895468389189146	19
-0.05661357380661	1.71259831328261	410
0.0461951971327199	1.91952526027568	40
0.0422785387016602	0.907773563954676	50
0.0430262975062901	0.896790191135745	67
0.03794114284642	0.907049051234415	410
-0.0430855223162701	0.505592244745112	19
-0.0457847701985099	0.509451950210503	40
-0.0457847701985099	0.509451950210503	40
0.0386776221603302	0.910709981607031	50
0.0413028256986001	0.910658827313972	40
0.0330252147729202	0.894061262220547	67
-0.0457847701985099	0.509451950210503	67
-0.0457847701985099	0.509451950210503	67
0.0427466606481701	1.37768198268617	19
-0.0457847701985099	0.509451950210503	40
0.0330252147729202	0.894061262220547	40
-0.116658360138	1.14113681845223	26
-0.04494681321942	0.508107179378978	26
0.0464459712499901	1.36796680848871	19
0.0416109416562902	1.36471275439718	50
0.03815634152993	0.908738098430751	19
-0.0457847701985099	0.509451950210503	67
-0.12296181464189	1.16050551939587	50
0.0360019549948101	0.880692158492025	159
-0.11342582147111	2.05952523553966	26
-0.12296181464189	1.16050551939587	19
-0.11523502057661	1.14062482992833	40
-0.0457847701985099	0.509451950210503	67
-0.11450947682976	2.04296589657688	219
-0.11423762374368	1.14386244940576	54
-0.0457847701985099	0.509451950210503	67
0.0612090736383699	1.95373521383059	40
-0.04494681321942	0.508107179378978	67
-0.12342708290457	1.14986886870732	40
-0.12149673354971	1.14652536839631	67
-0.11631100009031	2.01908855515509	40
-0.0457847701985099	0.509451950210503	67
-0.0457847701985099	0.509451950210503	26
0.0432428031397301	1.40353108325968	40
0.0386776221603302	0.910709981607031	50
-0.0604608762991601	1.69261774006674	40
-0.0457847701985099	0.509451950210503	67
0.0428013364637501	0.909738976478558	224
0.03794114284642	0.907049051234415	224
0.0400299717895001	0.898018692914653	40
0.0425335105331901	1.40207601959015	327
0.0394136436320198	0.910104849618887	19
-0.04494681321942	0.508107179378978	26
-0.04494681321942	0.508107179378978	26
0.03815634152993	0.908738098430751	327
0.04037059125571	0.891303375953094	171
-0.11777762962843	1.17063051098099	26
0.04014920442259	0.905358338381949	224
-0.04494681321942	0.508107179378978	19
0.03717101979414	0.899628512532504	1250
-0.11494877835272	1.14608307503056	40
-0.12454322922486	1.13118874547878	40
0.03794114284642	0.907049051234415	19
-0.12296181464189	1.16050551939587	171
0.0420525211301999	0.912767194101794	26
-0.04494681321942	0.508107179378978	171
0.0430262975062901	0.896790191135745	19
0.03815634152993	0.908738098430751	297
-0.04494681321942	0.508107179378978	67
0.0361245573801199	1.35402292735796	297
0.0394136436320198	0.910104849618887	297
0.0345153598322399	0.897055391856771	19
-0.0457847701985099	0.509451950210503	19
-0.04494681321942	0.508107179378978	67
-0.02241103802189	2.20495462602059	297
-0.11687131935868	1.15487115555768	137
-0.12224783916151	1.16164931515351	832
-0.11985880961191	1.13779288350702	50
-0.04494681321942	0.508107179378978	67
-0.11498281993276	2.04926025982593	19
-0.02764327558331	2.13955172095047	137
0.0420525211301999	0.912767194101794	40
-0.0457847701985099	0.509451950210503	40
-0.0457847701985099	0.509451950210503	303
0.04152989522699	0.910786081538073	303
0.0432428031397301	1.40353108325968	50
-0.11991564462876	1.17167030495076	26
-0.0585800894555	1.68398209264607	50
0.0425943087903198	1.36487772421177	19
0.04152989522699	0.910786081538073	19
-0.11423762374368	1.14386244940576	910
0.0432428031397301	1.40353108325968	910
-0.12224783916151	1.16164931515351	40
-0.0156919534031801	2.30580439635517	910
-0.0197224266556799	2.27029813927613	40
-0.12174767843217	1.14467229471242	1361
0.04546873567792	0.895468389189146	19
-0.11799054404421	1.15721785899934	19
-0.05603126463395	1.70460610572719	1361
-0.0156919534031801	2.30580439635517	1361
0.03889200409726	0.908135882767002	19
0.0395352781444598	1.38412365279954	19
-0.11848993299096	1.17460510750634	19
-0.0457847701985099	0.509451950210503	297
0.0395352781444598	1.38412365279954	19
-0.12367614719587	1.15613240159717	19
-0.04494681321942	0.508107179378978	670
-0.11920260530552	1.17496009302982	297
0.04055225453846	0.899937562541978	297
-0.0546935234028501	1.71876147446531	348
-0.0457847701985099	0.509451950210503	297
0.0386776221603302	0.910709981607031	19
-0.06781863316299	1.66629394248704	19
-0.06238559268212	1.72011751007864	348
-0.11615924914583	1.16124663387153	297
0.0428013364637501	0.909738976478558	903
0.0386776221603302	0.910709981607031	67
-0.04494681321942	0.508107179378978	67
0.04152989522699	0.910786081538073	19
-0.11133162274453	2.05404740115266	19
-0.0457847701985099	0.509451950210503	303
0.0446612644256601	1.39472986809399	13
0.04546873567792	0.895468389189146	145
0.0437387769077802	1.38174632095541	19
-0.04494681321942	0.508107179378978	67
0.0386776221603302	0.910709981607031	1722
-0.04494681321942	0.508107179378978	303
0.03794114284642	0.907049051234415	19
0.0462335740978799	1.3936849474287	19
-0.0233443445228601	2.23651728146825	50
-0.06687837462652	1.65450135085354	143
-0.04494681321942	0.508107179378978	303
-0.11498281993276	2.04926025982593	19
-0.10809131511185	1.10032572196914	719
0.0413028256986001	0.910658827313972	1201
-0.11374396674477	2.04794008600577	13
0.03815634152993	0.908738098430751	13
-0.04494681321942	0.508107179378978	303
0.0394136436320198	0.910104849618887	19
-0.0457847701985099	0.509451950210503	303
-0.12474131191617	1.10022158098914	719
0.05032257200169	1.96018586288433	245
0.0413279284532302	1.37095812211669	26
-0.0457847701985099	0.509451950210503	303
0.0441967916377499	0.893879868083904	19
0.0394136436320198	0.910104849618887	67
-0.0619399982555999	1.68597284981594	13
0.03815634152993	0.908738098430751	719
-0.04494681321942	0.508107179378978	303
0.0447200720062702	0.895775163063828	523
-0.11117073911415	1.12494850528418	523
-0.12257399410709	1.10557571993088	332
-0.0457847701985099	0.509451950210503	303
0.04552525050548	1.3896631328259	599
0.0441967916377499	0.893879868083904	599
0.0384055522821898	1.37168138205158	303
-0.0688317608890501	1.6797099239647	19
-0.0581759018160399	1.72650538200198	303
0.0638367832934099	2.47775824997436	19
-0.12153422266457	1.15977339621003	599
-0.0635946578012401	1.71011686844888	19
-0.0430855223162701	0.505592244745112	303
-0.0631014638170999	1.71288317886522	19
-0.11737059339054	1.13501263528539	67
-0.11870305398975	1.15754799517521	67
-0.06532946035044	1.70846765837319	19
-0.1077907396497	2.05340795382984	67
-0.11870305398975	1.15754799517521	13
-0.1203585533226	1.13706821684966	67
0.0413028256986001	0.910658827313972	160
0.0420525211301999	0.912767194101794	227
0.04546873567792	0.895468389189146	67
-0.0457847701985099	0.509451950210503	13
-0.0174666629561699	2.26251113987426	19
-0.0457847701985099	0.509451950210503	19
0.0386776221603302	0.910709981607031	19
0.0413028256986001	0.910658827313972	289
0.04152989522699	0.910786081538073	13
0.0420525211301999	0.912767194101794	227
-0.12174767843217	1.14467229471242	67
0.03815634152993	0.908738098430751	289
0.04672933718774	1.37232701339037	1156
-0.11920260530552	1.17496009302982	18
-0.0611767619291901	1.69324947544864	67
0.0400315140938798	1.3629964993836	897
0.0413028256986001	0.910658827313972	289
0.0447200720062702	0.895775163063828	848
0.0602257035369398	1.91518289278041	1156
-0.0457847701985099	0.509451950210503	13
-0.04494681321942	0.508107179378978	19
-0.11727840322905	1.15340032829861	1156
0.0411148072731899	1.38587543423159	1156
-0.12246149245708	1.14355834060127	645
0.0420525211301999	0.912767194101794	19
0.04055225453846	0.899937562541978	1156
-0.11348369480547	1.091366848622	67
-0.12367614719587	1.15613240159717	897
0.03742022069456	0.905095447212576	13
0.0390388733087002	1.35903616495332	19
-0.0637405287966399	1.69294540222537	90
-0.04494681321942	0.508107179378978	367
-0.0430855223162701	0.505592244745112	13
-0.11707684502056	2.01987284724324	263
0.0447200720062702	0.895775163063828	13
-0.04494681321942	0.508107179378978	13
-0.04494681321942	0.508107179378978	13
-0.0200403222161201	2.28880593277195	118
-0.0457847701985099	0.509451950210503	263
-0.04494681321942	0.508107179378978	13
0.0559479292868299	1.92142415310738	13
-0.0457847701985099	0.509451950210503	13
0.0513606869928101	1.29929159489115	59
-0.0457847701985099	0.509451950210503	13
-0.0430855223162701	0.505592244745112	13
-0.10962150771171	2.03097673602673	13
0.0449452826701302	0.893575174020198	59
0.0406817585702601	1.35122756443563	59
-0.04494681321942	0.508107179378978	59
0.04078037146633	0.908687603642423	59
-0.06539818113998	1.66092167373792	59
-0.0457847701985099	0.509451950210503	59
-0.0430855223162701	0.505592244745112	59
-0.11937398399208	2.00080329516419	59
0.04762299671019	0.871704908495224	59
-0.11848993299096	1.17460510750634	500
-0.0457847701985099	0.509451950210503	157
-0.0457847701985099	0.509451950210503	157
-0.04494681321942	0.508107179378978	157
-0.04494681321942	0.508107179378978	59
-0.0430855223162701	0.505592244745112	59
-0.0457847701985099	0.509451950210503	59
-0.04494681321942	0.508107179378978	59
-0.0457847701985099	0.509451950210503	15
-0.0457847701985099	0.509451950210503	15
-0.0457847701985099	0.509451950210503	261
-0.0457847701985099	0.509451950210503	261
-0.0457847701985099	0.509451950210503	261
-0.0430855223162701	0.505592244745112	62
-0.11653267692818	1.99807279859097	59
0.0555062578632799	1.92280570747056	59
0.05840417874759	1.96278312131639	191
-0.0600984718008299	1.71648015773199	191
-0.12292707029901	1.15060834135645	261
0.0413028256986001	0.910658827313972	59
-0.11687131935868	1.15487115555768	62
-0.12062904902265	1.16397615887243	62
-0.1133304848754	1.10703175064888	539
-0.04494681321942	0.508107179378978	59
-0.04494681321942	0.508107179378978	59
-0.04494681321942	0.508107179378978	59
-0.0457847701985099	0.509451950210503	189
-0.04494681321942	0.508107179378978	189
-0.0457847701985099	0.509451950210503	189
-0.0457847701985099	0.509451950210503	1570
-0.0457847701985099	0.509451950210503	1570
-0.0457847701985099	0.509451950210503	189
-0.0457847701985099	0.509451950210503	189
-0.0457847701985099	0.509451950210503	62
-0.04494681321942	0.508107179378978	62
0.0398375938972002	0.883172041800319	62
