x	y
-0.427697440501799	0.312756172361905
-0.286835035805966	0.266686796732642
-0.507962659419603	0.519365532742879
-0.064868422149763	0.0584882022870962
-0.430052857201937	0.602732186810565
-0.272120519592813	0.188790807774082
-0.548661644369558	0.560287368242972
-0.115026160343265	0.0561750245826586
-0.450169128719954	0.529417738057578
-0.318308463611758	0.395155535284579
0.43667670556357	0.450832543411818
0.215922335287695	0.152127213561169
-0.548899965068141	0.988953476799052
-0.511639671258332	0.843998759362592
-0.222387008491247	0.216358065018564
-0.238773714815551	0.227648560293573
-0.339697015337348	0.285213206699558
0.0637166244182484	0.0310340022024343
-0.173866835144712	0.144217946403674
-0.159150813283466	0.180016675426062
-0.263989281743572	0.446867887657778
-0.189480341088909	0.220611320510718
-0.792763451579463	1.01558424899937
0.344717718268137	0.354844270338375
-0.0762570766435523	0.0793096824786449
-0.442528088971864	0.680751919962539
-0.189552017748746	0.171050554511121
-0.571078061380202	0.726893873970416
0.211495493531376	0.148887755776297
-0.260300581374938	0.174642708053899
-0.488456578821835	0.34429575853869
-0.393563356549877	0.872564183835814
0.654379889959765	1.27172050273461
-0.364664466121268	0.43364262297205
1.03229624108401	1.61001682185436
0.0968775798407934	0.108878909245818
0.0304963345510817	0.0366044012054045
-0.350164595166309	0.442813134640797
0.465554100023419	0.636388629105816
0.0915130962948475	0.0783690002343564
-0.0230682796540278	0.0260215362867763
0.398736147208688	0.444303772900209
-0.210859524089156	0.34641054588353
0.0882994638617559	0.106413961904525
-0.0706051156269116	0.088401036231932
0.318004944854239	0.493309295354059
0.704681766049642	1.48044033763414
0.0609532032651154	0.0813338991441992
-0.209396487080108	0.296712181670512
-0.438468412314769	0.617133347187217
0.0139328771807073	0.0125392672551382
-0.0787544740788942	0.0763519545344983
-0.829669809192273	1.97507580647873
-0.115003048302624	0.135433678062864
-0.22236660515274	0.233491675624706
-0.281798849192026	0.432822979870987
-0.409989215483696	0.63892316843754
-0.244132034820152	0.385702973966139
-0.380882419545741	0.601160426392967
0.0327112611980429	0.0343894744225514
-0.0565921363767168	0.0742140027218685
-0.856293960068085	2.21089997929177
-0.0667909934506399	0.0795779740633419
-0.332226420411122	0.421475206308715
-0.024237827697915	0.0242809324760444
-0.354914108106549	0.502353811279214
-0.142556469522836	0.172723463431184
-0.1771750528337	0.280538112695373
0.293072234970668	0.427062541488766
0.428823362561142	0.703279073877206
0.391134318843097	0.543895979268088
-0.415830890787188	0.718532116840637
-0.40770308414552	0.72085091527709
-0.815900345982755	1.6178844690683
0.122595563163617	0.148065919516519
0.13185625092353	0.139309670939219
-0.20488526478742	0.185310506395382
0.0845249764581889	0.0718224808743984
-0.885786404310911	1.31704798187224
-0.36147764915278	0.53742350874349
-0.161347960056394	0.193039604507207
-0.175811087937897	0.271137026535542
-0.0599759333858969	0.0754044464518635
-0.232371578217127	0.333341884792891
-0.0293649851581906	0.0352842129662779
-0.39301880472441	0.527423650473404
-0.0135407745390602	0.0124682742262682
-0.333703436191672	0.483877826038426
-0.720425055759543	1.27939165515349
-0.284367945111245	0.269530560850075
-0.633122106948864	1.32507035697348
-0.425282800461212	0.799830108921798
-0.160615305737447	0.225074714907357
-0.35585642019823	0.66794589877932
-0.00671252575892711	0.00621210671600888
-0.789691632183354	1.25392973382392
-0.289999640588913	0.307624561092325
-0.343882078918752	0.492111989435513
-0.0886554448568498	0.0913143043808998
-1.12512638551284	1.83497504399431
-0.0708667944103723	0.0966511202865412
-0.280290177889803	0.590584758332503
-0.0393229943023	0.0352831750941601
-0.150462907138206	0.124530061527331
-0.315995101816894	0.337633885800907
-0.147228695819401	0.136352705836879
-0.147462527742172	0.176590701930141
-0.317153087462806	0.357251976439244
-0.199576384773771	0.236834339183295
-0.238144711077863	0.30635934880089
-0.204732935647721	0.239483473599766
-0.21514472385017	0.278126070593076
-0.882153379008356	1.54577862724496
-0.182190546682567	0.177639828114286
-0.0802171784105926	0.0704096332885005
-0.151610586896451	0.153083908495227
-0.323464827592782	0.300493701139151
-0.242022406456464	0.351753184789194
-0.293841042885476	0.351708013158225
-0.110089308953137	0.11104135032984
-0.106451645676659	0.152677102845296
0.183910985393301	0.230156514544259
-0.24925810937229	0.254765881976044
-0.43341706011067	0.53777628835476
-0.517220682324885	0.668682721591672
-0.21157642906574	0.265042837421632
-0.154496477254836	0.170782935156654
-0.277959952443363	0.317504044848291
-0.179898602627043	0.17563324311052
-0.386859097621039	0.559743500137432
-0.039382649012467	0.0407276077374161
-0.269908973815006	0.2947896281072
0.105849478594062	0.10469116419438
0.0970946370471245	0.0879374945141751
-0.117480166481155	0.121203878283524
-0.56411089818355	0.836865177045018
-0.853647699102968	1.26139975003643
-0.182515117005924	0.215487430518386
0.111959997027371	0.113380061800755
-0.24386919713768	0.301051789066113
-0.236632120027146	0.321378319732137
-0.289192316017038	0.346473428192228
-0.0415110792973992	0.0289730195078126
-0.0192530741113491	0.0188506897984008
0.263896331871389	0.315247292008584
0.218212708331422	0.259114704193329
-0.13779893955944	0.128716351116025
-0.609439400918046	1.04500790609465
-0.233470598450801	0.303588455644856
-0.178646312246571	0.225551739735455
-0.111544121079071	0.127287954642362
-0.853099377780734	1.61845490446827
-0.274319630909483	0.408010400717113
-0.135386315817897	0.222257331101922
-0.102305355108922	0.157507458945668
0.505391535398033	0.995211883861863
-0.761972086147135	1.40506650065854
0.22564405108157	0.354064372426768
-0.0354943370714079	0.0469850288129499
-0.159758555289377	0.252789394574537
0.329686405294071	0.455070908956407
0.0149830758773959	0.0166482823572028
0.145589186581991	0.215581119492426
-0.287710310825712	0.526182437204905
0.0309436284621918	0.0367746663385588
-0.151640838477628	0.205887839579724
-0.339855059218095	0.421951757077261
-0.335724558036244	0.383268135062401
0.468763414429512	0.76581982328227
0.183592956539117	0.231071028085857
0.379020348639547	0.562331235320586
-0.110742203912578	0.0852926647881441
-0.365445271150123	0.702282810235254
-0.312740281214387	0.519405755002092
0.658103199002953	1.43563716238632
-0.331259098429178	0.461059851513519
-0.123610979236154	0.142712611387376
-0.18276644542142	0.268488838699993
-0.304867066205685	0.555920508179965
-0.0319115127776475	0.0266375992294388
0.365508542197082	0.353287423021219
0.142475958658662	0.171191545210826
-0.371642872534422	0.505211147472918
0.478404920539476	0.709406817589864
-0.992516625966357	1.44285157096674
-0.0856582418341493	0.114539897955837
-0.546342556690201	1.10431154785678
-0.181772504406387	0.254130643950187
0.189204123757124	0.209931280138571
0.0494743660817549	0.0497937779371724
-0.0572264694617891	0.0754220532493227
-0.264383561021826	0.40416483825705
-0.177603707168055	0.173513856573311
-0.12566124866914	0.0951084967646284
0.13862711411113	0.158371124333371
-0.0153576589851547	0.0163415497166212
-0.26990724775209	0.333446854063268
-0.0254478765462802	0.0182265762706716
-0.192948132804727	0.291783389160742
-0.0971263737417282	0.127968018939871
-0.363381621290999	0.606685132863191
-0.0772363266413603	0.0915771308404781
-0.15674082178167	0.176188239522807
-0.132376991460731	0.183665271367286
-0.409529425764786	0.747948249710215
-0.477687984458431	0.920890912324484
-0.221898494839767	0.197666394971602
-0.150719144814955	0.123071395075169
0.757131259509861	1.37485948996795
-0.245211931912538	0.349786757969161
-0.38723840308145	0.841717111037706
0.116647571120896	0.083565420392443
0.286451201058235	0.476566432631379
-0.21188041615816	0.356963943970736
-0.498444440162928	0.927314889686343
0.134496308997549	0.160459298843587
-0.358082731723887	0.630940808590926
-0.142975432225233	0.222623842820031
-0.153710329986085	0.222023349245277
-0.0600095830511009	0.0669458467644356
-0.0788400526112143	0.0849616037793555
-0.0708698919992984	0.085437981739106
0.183865649333053	0.221810561259691
0.0672798535851279	0.0758311610371102
0.326052407627843	0.488863155086595
0.0687778298273522	0.0835596802650347
0.0682054891714102	0.0669856856390549
-0.175893867812092	0.270308816921578
-0.801917066794977	1.82849475359454
-0.263124099934859	0.402749032757338
-0.0196116512047981	0.0162762515047856
0.0723162895815542	0.0996595975188153
0.0798259360013456	0.108948000970817
-0.0843996844812531	0.0874596347227817
0.131571604870322	0.131286348292249
-0.398741846055775	0.550245261427623
-0.241517440435824	0.439568589336411
-0.38805535111091	0.665257428185733
-0.497091524133139	0.897693004928017
-0.360314842430701	0.435414617480799
0.850556228539947	1.618556609433
-0.158702639233677	0.221353076047743
-0.214332751029069	0.252593197805175
-0.407772878846145	0.364678114453813
-0.131666880925306	0.185499868169455
-0.140542275429669	0.192269203502039
-0.324328253351025	0.445678533604537
-0.683514988935403	0.859757108429537
-0.101561846940242	0.108655014891613
0.132745259441666	0.181661564143948
-0.394883355513628	0.546290384663554
-0.0319054468880388	0.0315250048237701
-0.403058771173982	0.417071156103089
-0.466228004819708	0.678595064593224
0.0231265772498369	0.0152292470929146
-0.150389453022007	0.207804809568544
0.042609782321302	0.0518259054702726
-0.0278535304114672	0.0345833431097777
0.0519937164337331	0.0522758033246033
0.00455937822301867	0.00412526455171157
-0.204149082499219	0.183079245882742
-0.918198804558914	1.06347989875212
0.0415414228421979	0.0450314306355251
-0.291500165481569	0.40889294084737
-0.197023646935421	0.270751950209625
-0.103366548925508	0.112635201387096
-0.25192834351078	0.362386530740639
-0.473291912939052	0.750756237223404
-0.0459906669712494	0.0479188409207047
-0.357470638678007	0.407988841324142
-0.0579548364831828	0.0559849300614805
-0.000785769960415051	0.000915099150606698
-0.211552798598932	0.243023677624498
-0.354320945717369	0.519592169777467
-0.216848374223618	0.277353079556916
-0.0549124095810983	0.0581838955780254
-0.224787002603381	0.385569275780298
0.0349161726139697	0.0419077133267325
-0.192556332197184	0.276367691226856
-0.436229461238273	0.649602056500973
0.0819676245871187	0.0919318092564346
-0.144467479829508	0.16649432815661
-0.0315437037107106	0.0360904644141414
0.221531806150489	0.28637717666407
-0.0640013583635905	0.0825518822499027
-0.123797089655137	0.164709006148211
-0.0400048258524262	0.0504559986824772
-0.106742213749366	0.141556346467002
-0.502452400622282	0.902232624779771
-0.448311336583635	0.806801963169132
-0.397835052767468	0.709857227180781
-0.245193183117056	0.331225609594276
-0.184824332285439	0.254498263075399
-0.604803652480831	1.30486432030372
-0.213234237946341	0.305643386046058
-0.775728466352011	1.95460668426709
-1.03282129216421	1.56898163351483
0.225180598479928	0.211107869615514
0.3711669143179	0.446211364815417
0.466033829008696	0.601339809668855
0.262052367236239	0.299977191813791
0.2975826124999	0.262335356421541
-0.119215968252954	0.164103713951235
-0.579243466545164	1.14878931094274
0.139914308414236	0.178155527235213
-0.154659024587082	0.223293486226959
-0.26131615432178	0.334649978859606
0.0326755428940649	0.0368938071570394
-0.689559165957824	1.41322161497121
-0.186740558952121	0.234953657060818
-0.451470205762248	0.785234056189355
0.0189041539271694	0.0199299454366598
0.0812300547552171	0.109225412973472
-0.0701167877769596	0.073218319804672
-0.112716398197514	0.162689010621883
-0.373702076172495	0.775418946752701
0.194172419081905	0.300430051518182
-0.529262796642667	1.30848675423487
-0.271816101959073	0.33532089271664
0.157206577861672	0.145055446105951
0.0194388574862464	0.0155969076202073
-0.0486516896252371	0.0518749135269194
0.423095968922097	0.612573415124082
0.0136766390122937	0.0131869230593346
0.00191045211990056	0.00125504484183491
0.289192772224334	0.440763481818733
-0.0538276763314976	0.0717948442190613
-0.131673574936343	0.181919695846213
-0.235598479644187	0.285959615369101
-0.0284153503665406	0.0372643447938433
0.192824293728468	0.308544211219747
0.166433787451867	0.23731586835285
0.0995584865751688	0.126645348006019
-0.247970656320101	0.398868784070256
-0.147682942406389	0.18040506160471
-0.06006570302036	0.0670758765194885
-0.164646897926839	0.216784266286761
-0.178181089838783	0.23313509979008
-0.494578642357711	0.875737292001802
0.0438667723704624	0.0597881287968437
-0.257527065541551	0.245366172555591
-0.176161990811321	0.175068105471094
-0.00691885951858833	0.00849426459041359
-0.375779830795326	0.82293471988709
-0.380515469361147	0.724706469350497
-0.0407869988129472	0.0555245337383998
-0.226702463358571	0.371299662275213
-0.2017863473404	0.235043854716036
-0.49638597530908	0.434521466039553
0.503370080501036	0.552152588055279
-0.337881958831323	0.376188649026244
-0.0593870727935933	0.0574706443692562
-0.173995300219565	0.173053341379344
-0.301496811806417	0.258765202001717
-0.291544827284812	0.392060498237707
-0.0883110599015572	0.117347375277866
-0.327451056093786	0.570483971208586
-0.277627305180599	0.340498885228543
-0.363036503685523	0.453591898227313
0.28153275866761	0.436809369041972
0.178198362483017	0.252395413549353
-0.078893258696694	0.0860847242059954
-0.0363146785788986	0.0434886989343157
-0.222558229102454	0.305852622756597
-0.164367364440536	0.224267131431763
-0.164444174089656	0.226392038680211
-0.256383093891542	0.344134550434041
0.103639752873517	0.130025145313657
-0.0836889834517729	0.0917972482110219
-0.252041085781476	0.443239121223675
-0.113240844794759	0.141674488870993
-0.149483781770739	0.234419464885796
-0.0335990307672964	0.0457999426928237
-0.0167569080824863	0.0214903599670277
0.0950967803810623	0.147028353069901
-0.193578211027401	0.340412662571402
-0.293547266889018	0.47576424782454
-0.0633988216467686	0.0706149807925155
-0.0805415956156875	0.0857694593670484
-0.54143185726305	0.925839272253276
0.158314901526674	0.202345456783129
-0.476546421611706	0.551316654607619
-0.7075243087702	0.693947556709975
-0.097020077222633	0.101244693018243
-0.486565843174814	0.782207804804545
-0.445751526288104	0.639601016985248
-0.578364735691224	0.544097155392985
-0.0056827776282223	0.00619900788251478
0.178913010880084	0.274006328525358
0.273458629668714	0.481299512599174
-0.464934951605559	0.659211833169936
-0.086198693638646	0.0830248073796092
0.096020231129474	0.125540022264216
-0.115107553391719	0.160848613791598
0.278246655311745	0.444670436254159
0.0076687691393483	0.00965895210847888
0.111257338047474	0.163722158560799
-0.0742439398725986	0.0997280134279032
0.391111632760462	0.80501434063629
0.118442083505856	0.161431612079823
-0.321696425971506	0.500717174511602
-0.303533799079555	0.53624134466932
0.250209998583906	0.336509913595509
0.126558325369665	0.173118499329717
-0.386935446788893	0.748078840543607
-0.045046378347513	0.0595940872642486
-0.0568677017397506	0.0814179850524064
-0.224040364542877	0.436072158410522
-0.0845688610837172	0.125923890859781
-0.155820839470792	0.265608948154783
-0.104684432025008	0.17731283723607
-0.0777057828080954	0.115734677510635
-0.585487425565611	1.38643859837614
-0.19002263148606	0.281712971627936
-0.113649607301072	0.150094370084202
-0.125236126895721	0.157836254651707
0.265496981116898	0.344389955167271
-0.289154818665944	0.291836198984134
0.389526227032731	0.363337245269628
0.387971760259262	0.537953812374008
0.00420260560803572	0.00470417598129364
0.149757020103065	0.181866162314814
0.393349230560018	0.462813937837237
0.158317729123979	0.229697610119197
-0.0730401047190876	0.0920382004745018
0.0185114547701195	0.0263673125619208
-0.380954549191559	0.552138037105516
0.013510108523944	0.0135961397684901
0.302054473112577	0.487337585169628
0.403936228566596	0.762133301786538
0.0587759673927792	0.0798312521233414
0.164168389684585	0.252035144903779
0.00665329482797396	0.0078640944933655
-0.385851377137122	0.719864843532199
0.0879682184132526	0.118614275037209
-0.0812912078763807	0.121556048420478
0.0538523151096698	0.0715777472849244
0.19107864650686	0.292854332571046
0.124301034602517	0.157542449543338
0.0934110222927619	0.12582489142759
-0.0537861338105979	0.0666620071970084
-0.262545536629322	0.39735094745999
-0.0344895448893364	0.0463140668553671
-0.368542673634188	0.736876749665903
0.1843022436136	0.309114888047098
0.214769254864939	0.336930543847882
0.270533164292377	0.479337972531819
-0.025578936541158	0.036983003289397
-0.00611361130981007	0.00779199045967528
-0.0209134298309551	0.0263030201446868
-0.296570638832675	0.419735767270056
-0.119604457372817	0.151964920575351
-0.369931040195978	0.510425137835467
-0.172029102626186	0.227484986964655
0.0151499360731983	0.0151444124526323
0.219405010058735	0.179142744097996
0.0856107745547292	0.0728661581086951
0.221377360385889	0.241721412554883
0.351166697138178	0.486052594575517
0.0315882400477029	0.0291994231176069
0.0519807914180393	0.0379852691795915
-0.314888251571184	0.473505254906199
-0.00413969662815044	0.00476708521730496
0.0624157715270471	0.0851953823995114
0.0180230988431797	0.0161312759000297
-0.098734135922326	0.108124592795285
-0.232780617481074	0.338134611284299
-0.140731135856443	0.193184624659322
-0.190857940966789	0.292846392490332
0.586494203389682	1.10091562259914
-0.172208151279372	0.228177798177638
0.0542263341895167	0.068496674048612
-0.0731280936165216	0.0878370319636952
0.149585566145743	0.187448435758952
-0.0279549790157063	0.0344306181656083
0.482843459374623	0.882735538303637
-0.330788194235485	0.511708865101515
0.0320201073194702	0.0365996577244462
-0.0399055842168529	0.0470225647544707
-0.120434148343491	0.151160161134732
0.084599259210229	0.103501809596753
-0.707460638628259	1.51245652050456
-0.180187430345564	0.280596989515829
-0.347813894504887	0.645423287844918
0.0408222069828022	0.0514967303316716
0.00622972819078499	0.00749061542844906
0.155326572429307	0.203615175649378
-0.275731286707795	0.522587089481206
-0.127541244944633	0.172560178847164
0.0961102928679471	0.133133150373278
-0.172315555121782	0.207465740420067
-0.585049689694688	0.806589624004317
0.0370318291161123	0.0312972312135573
0.0222485500472952	0.0222208670292255
0.0247378047018227	0.0275028288654207
0.0688589536149566	0.0859072565223669
-0.214747676049509	0.293097172336361
0.32549715837407	0.495369878655403
-0.0588116580010952	0.0667811167359777
0.0864333922675064	0.103508450187358
-0.130939915844391	0.149803620167914
-0.191374634545857	0.168611773992019
0.227262099080383	0.293477759492574
-0.132599368899063	0.157354124539943
-0.529966159124009	0.844542744999055
-0.13512792884103	0.135184807327984
0.488503837099151	0.542662724759941
-0.728392324483433	1.53329558698633
-0.111515998647804	0.15673221421482
0.0311291914238447	0.0349475193932519
0.377157064642795	0.553501730323772
-0.107017706751903	0.115218929424985
0.420071741020398	0.715767007790974
0.373137375575583	0.638260794319968
-0.200992106058573	0.287500610983306
-0.094028244484863	0.116138276484669
0.171486797940259	0.242640738516544
-0.00769306521863065	0.00837619913585842
-0.683225366064926	1.30135650387472
-0.196027414779692	0.246755936185107
-0.196063587609492	0.220172802040891
-0.229185042461514	0.31000405281572
-0.165264331337054	0.19556544623661
0.651519139350123	1.35468206159242
-0.0948171117417415	0.127238007007829
-0.0992437151896086	0.12796854519015
-0.350079286939264	0.575144522583783
0.594599906287494	1.64578664915793
-0.108930717873008	0.161439333633051
0.193232067739775	0.306994148462732
-0.222859355154752	0.340336605672962
0.292673610846865	0.503044616900237
-0.0954434114092172	0.135396617009453
-0.225397281217015	0.377507516560794
-0.167885212213382	0.256922948759657
0.13532411526433	0.153728859640878
0.494698021941448	0.793075672328274
-0.159814550420646	0.145720203543665
0.47617082868331	0.898389435582634
-0.169288653330859	0.264570163651965
0.0505968604132556	0.0667553054829661
-0.230476758785688	0.299569646581393
0.339543162444515	0.512125153426821
0.738557957940107	1.48881358390551
-0.0085592855035485	0.00984399973202044
-0.376587884743285	0.635044767062071
-0.131771965644146	0.130543280809433
0.207348741373911	0.177317240820595
0.040222571064157	0.0441021845038746
0.298467950177298	0.418597539016025
0.101559152477762	0.113406080246748
-0.112065290723725	0.0944141773448568
0.188525985605709	0.292999826654926
-0.0178269883220003	0.0211444525710781
-0.101194401494906	0.136132479307451
0.542235736902299	0.906836754036254
-0.020013686988002	0.0195911326423507
-0.662178926403686	1.47896118266052
0.146717287412496	0.188221496528042
0.0302611930209142	0.0343747404846309
0.0756986711833656	0.0846840681847363
0.562548039721802	1.06432491390211
0.354438235820267	0.589075105107296
0.299793188654958	0.433691811450722
-0.313818927884031	0.489278926467184
-0.505947681793418	0.991354836439498
-0.410961587083297	0.660649427108199
-0.509194069299676	0.90027648158041
-0.15439400690929	0.278333935884404
-0.217451509363934	0.347606576922671
-0.124922271908699	0.225514500010872
-0.199507024916831	0.322661049992479
0.284864875039696	0.507120784734026
-0.5197861709731	1.20500568277696
-0.0633915911534483	0.078338224400957
0.312335123160991	0.642567389902152
-0.182112005395651	0.287561632223917
-0.199625542125777	0.35222513146559
0.244232771141554	0.34081444988465
0.151570752598399	0.188240478932532
0.437560151203394	0.519883701364265
0.279118304072722	0.465302934009372
-0.183211326697084	0.29633488416694
0.00317873041946399	0.00440114422106808
-0.129745916487586	0.190267006741118
-0.0283630158878316	0.0286151170537205
-0.209814838134197	0.28969733935128
0.250278600307964	0.389868077277911
-0.271827529285264	0.395333498230972
0.752791689703057	1.18495993019354
0.266364101169663	0.278762156068383
-0.172481021999763	0.205457743074344
-0.566911940214836	1.01065901059757
0.360158943444463	0.561112215362987
-0.026829909754403	0.0220366864454092
-0.215190343350385	0.329677092323204
-0.323900503579514	0.565811990691229
0.246322241620897	0.425329802715583
-0.0223902795365697	0.0235062790920711
-0.269868824679973	0.380373033302725
0.0973687924490837	0.138057569159964
0.00848322442122643	0.00965723458831694
-0.00365787677314224	0.00371147143230259
-0.502295327101644	0.73951731151174
0.0292171469615604	0.0311806738256505
-0.0758937755930198	0.082469232181167
-0.00027816236515756	0.000245682653546659
0.146783660606549	0.169194934716751
-0.195273379805401	0.278039268228605
-0.063182677921564	0.0691775946902551
-0.556277762356513	1.04726005581163
-0.343529366486376	0.793661867849308
-0.364919285339879	0.853301751051899
-0.0986192881288212	0.129196229560492
-0.273219089676571	0.41793184034178
-0.0282875910285423	0.0355006647527304
-0.171647918683958	0.266563053394788
-0.482850092297618	1.06411469959071
-0.0676548533236773	0.0996959541295111
0.299504763661947	0.53781774428493
0.157565826005401	0.211872077939857
0.386250116714323	0.525989002545539
-0.398064414272308	0.767272859266991
-0.196932681508463	0.359113942330334
0.0269393451724082	0.0357103487483543
0.0128314954030673	0.0154921447763804
-0.356529885299816	0.612057921536216
-0.0767087398568714	0.0953327209978582
0.00131314613790923	0.00152819756880131
0.30131712535544	0.549086839958936
-0.470770635282567	0.705798826061577
0.942931807134201	1.80000567541798
-0.0212844730989377	0.025212068514735
0.0814794245419161	0.103996207120256
-0.110073737774424	0.1281035748842
0.63244262708331	1.01931686664663
-0.324403453242233	0.653443909306362
-0.137663609748697	0.203064482370575
-0.132127655795429	0.184561130044736
0.243085604636514	0.350559525271096
0.284256307845748	0.418048614499439
-0.383461607709818	0.794534457978212
0.0536055801860029	0.0673586544377282
0.023473871860232	0.0253909340564785
-0.0874475188048535	0.0977664350795033
-0.284933686367547	0.408691486958225
-0.552354489789739	1.03757431490234
-0.424976556800682	0.545503467634548
-0.760219341903216	1.43022732817411
-0.194408643469247	0.232876185640659
-0.0751866800659094	0.0835385015774715
-0.077939388965729	0.0756208479921661
-0.279085926479918	0.33907474550293
-0.329672662630348	0.438139149301699
-0.510615753245812	0.959369015363971
-0.323624158016002	0.491018284814825
-0.392098147844032	0.491757225063524
-0.0470191213314422	0.0430098784887774
0.104701082281655	0.0961681971206747
-0.23758688088795	0.245804368654438
-0.369102486798415	0.530933599771885
-0.550170337192077	1.33186445665889
-0.319384373465716	0.641964361847141
-0.194029612727641	0.316211915000708
0.452680258385805	0.892927170668865
-0.19947716341498	0.287292471017833
-0.454549231332673	0.803236212733042
-0.295329354238964	0.415829867616765
-0.300525876259886	0.36829130403109
-0.0669851238591729	0.0594447985728459
-0.883338266820399	1.66521981570728
0.0336243328620704	0.0390697324150373
-0.0662403986365351	0.0836297302020644
-0.179949011604213	0.283060223411446
-0.354749450942199	0.493613811223909
0.0999720487105828	0.0919367224748397
0.209685599878214	0.279054931475515
0.107715292054185	0.14998544968177
0.612161263832924	1.22821844023307
-0.51241979212335	0.72863598710545
-0.98073459360598	1.71761154350016
-0.037000314173975	0.0394915248760757
0.249938659167042	0.351152933149128
-0.747304688708241	1.37434829162493
0.157660318963766	0.154752314177296
0.383966955493888	0.353877516780131
0.318124207936573	0.243477153205609
-0.101888512751451	0.0678230651659935
-0.722455381000898	0.757587215719807
-0.493472821349209	0.545520828329022
-0.237201620765763	0.243552123489108
0.119503175778883	0.119362779977849
-0.161824911935016	0.147892460797112
-0.706027580928419	1.44817194478417
-0.00701056769108534	0.0052440599015209
-0.0665943863071368	0.0648831366762963
-0.130667608830309	0.209844642477989
-0.179705559276287	0.30978324969682
-0.0124581596714913	0.0175248876297313
0.162511438597097	0.231653958693853
0.189760028341216	0.235829696792648
0.775096599941438	1.46910806564581
0.510700581937188	0.921638835639781
0.0551928677646338	0.0510736225988951
0.358880560925101	0.446828400532726
0.265657765883851	0.317826838273767
0.336891861786593	0.45504698819654
-0.293797562790607	0.558500726790234
-0.343599284184337	0.702957347329842
1.06253401114682	2.30985885187875
0.0782308585848254	0.0636293713981279
0.264911298183081	0.33317334984267
-0.209117830118268	0.343564078811585
0.331322805765333	0.461555635202668
0.608704129348489	0.857965389199505
0.680010829206218	0.788411878434989
0.314479759105489	0.481255484599174
-0.447599649866657	0.80963657851117
1.01905503091802	1.68823419160015
1.22810900571764	2.13268461338757
0.91794937665588	0.934001354327741
-0.196292843794976	0.118288688700225
-0.0106490659818546	0.00875393121228453
-0.45285608594499	0.496672135856352
-0.0683745535543278	0.0369649844419226
-0.427094903893884	0.262351569755327
-0.47411419514803	0.453023446462286
-0.2278708474127	0.448609269021172
0.187999350032581	0.349786955293722
0.0132052186485986	0.0214752578103375
0.0992511017203783	0.121961560871114
0.883285285054433	1.88916931451558
-0.363753259205068	0.404438034603638
-0.413740895904874	0.587799217362307
-0.111219013006308	0.10528401088683
0.367032569238044	0.356110008260953
-0.196625126649932	0.175032612044882
0.0608183015770893	0.044319455743387
0.109559913559951	0.189172265155987
0.296477661950058	0.655082852330301
0.264501407564249	0.27272079043035
0.756743801450324	0.639307984730624
0.0232957010651627	0.0184983523327499
0.0132014622392053	0.0217750932836734
1.09592613949664	1.97899252811865
0.0152902497432511	0.00962648561802948
0.869091397437878	0.789846902539076
0.518365962462898	0.945253657460861
0.336988365420462	0.552782765034582
0.32223491593992	0.247366055734019
0.776332974025138	0.759039462560457
-0.890556031603925	0.75890206927747
-0.578412464237253	0.833186724339436
-0.429190601305326	0.716850246760526
1.01166583354568	0.57873217898196
0.705772793304819	0.404926512088884
-0.687888173721967	0.339725328119036
-1.05404546744503	1.98305240264082
0.000515836965023369	0.00042891214663764
0.100378134580826	0.130268981763157
-1.13762213543891	1.17741173980991
-0.337396763105916	0.171428148581009
0.982438503272267	0.474408567160278
-0.131173045272431	0.0855665043429558
0.118152798015156	0.0784819591255006
-0.64091214197461	0.412209805801674
1.69544433485302	1.19067893533036
2.04259430879032	1.36487772421177
0.00865387537611094	0.00898280262175097
-0.272134409998938	0.330768594685009
-0.476684814959228	0.209040469092827
-1.89243933716736	0.804675402643418
-0.610844161051857	0.242144246321687
0.272057560949235	0.435388902109901
-0.696422799179728	0.338724929543705
0.72806445995059	0.297186557793273
-0.150481894056055	0.127030413904858
0.295131331459468	0.257849990987292
0.598885107800078	0.186151919528385
0.817083780017577	0.423725009236392
0.100176454711653	0.0251782250448321
-0.678216160810859	2.38172620807249
-0.205081189614096	0.521034740442062
-0.407624926186129	0.601739258065287
-1.09498564850907	0.991298740450891
-0.129608272195226	0.249343411045013
0.050717201069699	0.090413340849572
-0.0290963906092272	0.0387176479630542
-0.18365426085472	0.245458093401399
0.309277668383225	0.390196970176636
0.0819259111179673	0.0904332530631247
0.0158070394901214	0.014477025553844
-0.092920414772254	0.0890479448137373
-0.34187119145006	0.360749342265502
-0.97937433105598	1.78342922232241
-0.230058753289162	0.470109924361618
-0.07910855393479	0.127007988399065
0.0121783548428904	0.0106982878945232
0.449389852877686	0.454215776167513
-0.721096998418126	1.12112383918528
-0.281644480010077	0.637206082157108
0.177706938121877	0.193894122579521
-0.0539643558320474	0.0378876083799414
-0.786926105412619	0.871579729029241
0.0193958906838946	0.0203517740876732
0.134223330444507	0.208457767705879
0.462863404385171	0.533818675099653
-0.530734591193378	0.57801649142534
0.432769849152823	0.340740213241051
0.0552339592053992	0.0876700805434495
0.284778020228436	0.538032639429061
-0.565231538528346	1.27196957157718
0.0165322107411443	0.0203108988397408
0.347170005185435	0.59175613454299
0.087837608239478	0.10967528843962
-0.307503492762146	0.526194740617389
-0.00874059282075439	0.00999714192667246
0.306871873429922	0.528363482170196
-0.0451159473367029	0.0580154624601177
0.00296615961879139	0.00327061934895076
0.25068185426329	0.351506175413361
0.0974109238086335	0.10973232248465
0.460073545220062	0.932280324299109
-0.208866169771421	0.310932512212937
-0.515965861040987	0.90846288692689
-0.0947935263567574	0.10015512200318
-0.0570864883802713	0.0720941256124873
-0.0376174565205474	0.0432688591354177
-0.0335092938268659	0.0363006267758609
-0.357783845124719	0.516104347616303
-0.393884023871925	0.495176363578432
-0.385807940535239	0.532408039567283
-0.354147645481906	0.726657264014281
0.0218819490904383	0.0330956348121174
0.240063269770146	0.447182404978314
0.0580701764096245	0.0668399430210215
-0.426171611129444	0.85885860326008
-0.0468749101024792	0.0559822471265148
-0.855378079465074	2.40225594842501
-0.0781805937671295	0.115643858624348
-0.161283751557417	0.204633570213052
-0.444432330937025	0.554089260284393
0.333417633031157	0.624349712209814
-0.239757819299724	0.345866827011501
0.210927167860464	0.28239818708264
0.373572639984417	0.453364481443988
0.376131167266576	0.764250227972067
0.147646580932253	0.206842661362713
0.405993613239475	0.718931044259137
-0.00250438175293901	0.00249458476565665
0.261794041165977	0.356294085630723
-0.0401177185061675	0.0519506142142256
-0.0634367951928023	0.0722423151667028
-0.285462624544564	0.362805310315706
-0.0947914596020364	0.150242286603706
-0.461287513146978	1.1748377179975
-0.202408485296671	0.254010997522886
-0.305597809384946	0.71966436728217
-0.176697567407047	0.309551574137417
-0.0510978700088399	0.0642848251059719
-0.77848082281518	1.68730302032859
-0.349081196824768	0.610042988855785
-0.0604346490717187	0.0741087272691712
-0.287750638301813	0.521038745722986
-0.0236511799070146	0.0270604270251136
-0.234507831110607	0.279572793271438
0.0280855343594792	0.0348838857340388
-0.00947982973412441	0.0102931485603807
0.0796222989749451	0.0905460750109408
-0.0464235371577683	0.0374929158609392
-0.249160230326755	0.408776921762985
-0.470493491261173	0.819445403632937
0.11598847223533	0.155915967679719
-0.243666956453834	0.2978187492553
0.281452597928691	0.40036344067829
-0.10619665799535	0.132355955184934
-0.0131550096991324	0.0166522894569938
-0.0931090646290162	0.108433411499477
-0.408524999017112	0.602726138471639
-0.15477677846598	0.197782604397778
-0.591490384728522	0.925595361128849
-0.293517902352447	0.357405083855543
-0.0715643683055062	0.0939076842992444
-0.293825593345629	0.63481651411818
-0.200732206617817	0.359919079795685
-0.197634215628029	0.320021584928527
-0.195206264386392	0.293244466944216
-0.442636617714881	0.849303203897178
-0.722945675549899	1.61554727057459
-0.35100750254617	0.560914877000887
-0.303978139997584	0.528512674863995
0.21400113722132	0.303446281956103
0.0502139490318571	0.0633616422574737
0.0180791301376517	0.0213835422812915
-0.13568237589332	0.16827310124598
0.131752841553324	0.174421795323544
0.214464954709304	0.29264606446739
-0.122110041465373	0.174520091401317
0.102548406950039	0.128956918735944
0.492416041729053	0.88144506535994
0.0823590648598144	0.0958573885222165
0.0432744136723026	0.0537951652118071
-0.392355858067819	0.697723413261708
-0.752863969874337	1.86369565590471
-0.00296417830185137	0.00303102014832197
-0.231358490521152	0.29918541743216
-0.0508261782447518	0.052928550602884
0.302900809723179	0.367706258526502
-0.260538353782575	0.332479699098622
0.379396644595354	0.445105541941208
0.047485162798602	0.0422820412675588
-0.246571982916579	0.251708159611651
-0.0455255306489061	0.0519462256435262
0.201612676251972	0.328260624913385
-0.185941461195318	0.359997599254142
-0.258710803402328	0.541796182805713
-0.222710284596655	0.472092424041865
-0.1799123910054	0.318465286764646
-0.203412029653319	0.329231267671085
-0.12569849632513	0.176684835826757
0.0986858913346785	0.139614653418594
-0.713127921054734	1.95305358899141
-0.439453080669074	0.996275480009182
-0.388814509194124	0.640315584478892
-0.0865872862592511	0.0958305291197021
0.0162038711160098	0.0195770328966205
-0.154371079196813	0.186210180225478
-0.214124205709558	0.284517161318172
0.169726318413329	0.184272330444674
0.0898573709535584	0.110218913599777
-0.171319849466759	0.228151887513069
-0.422696727816342	0.747967205224838
0.55794050338489	0.896631729494494
0.158809995642845	0.206636907602455
0.185093596213087	0.295185198547914
-0.0979905135808697	0.126151295174494
0.0668147400730649	0.07005680240948
-0.170744412240434	0.174489087867372
-0.0816985136400931	0.0841674908977319
-0.249950652478858	0.289521217516039
-0.483949100332547	0.533033757870468
-0.227485752809157	0.294870959466682
-0.209408344869716	0.2614168821222
-0.314040612864114	0.413233685603407
-0.265341955456402	0.32431976747092
-0.0477023675542915	0.0436730162101368
0.10622841165232	0.0989244861597633
-0.290364128387907	0.289767330567782
-0.299670126698452	0.322434991357085
-0.320174259790988	0.21385975959313
-0.253679012601191	0.199527320473858
-0.566457703802904	0.604476310874142
-0.203814978032222	0.167029003757872
-0.405672797168899	0.568756715291691
-0.294486206604499	0.426397766974314
0.384987835379411	0.540925484395696
-0.333216748192187	0.401445277167772
0.378085798038317	0.446904523253432
-0.36599125730523	0.952116356935324
0.322033449150077	0.777126818919292
0.374446675314964	0.460381385693392
1.4493772306844	2.14419961454632
0.150317836336631	0.139214201300323
0.10296384895567	0.196272200982216
0.491247251602515	0.713652106319444
0.678390788519733	0.781752147841145
0.360105292008249	0.345854829157505
0.420280600469242	0.797426553202729
0.332019502759437	0.656439360749234
0.521165499789597	0.545335910421058
-0.543709989987101	0.557119083369156
-0.0495350387750408	0.0347845995309168
-0.0137125940416202	0.00824127526419771
0.218075838010639	0.151872226563641
0.667445083856593	0.608140414730753
0.0651385979437128	0.0295930927121616
-0.426621334244752	0.314322959614772
-0.8821297508028	0.582508314566768
-0.384185373159802	0.551139227516656
0.176971675028137	0.183262087554669
0.458821290360503	0.55009211371714
0.900738119744049	0.676469579757243
-0.0253532690056776	0.0151140732079084
0.0932154992406806	0.0588073438675462
1.50515449903647	1.92452278021194
-0.543404536482944	0.547695812321304
-0.33661308052976	0.286521675867285
-0.577776537589761	0.546922608542038
0.155788531104047	0.167072434400541
0.0432358469460636	0.0367161696928098
0.0954186907053163	0.103196609272528
-0.137352676914339	0.135773379209342
-0.220857337837586	0.285994681073644
-0.112629099902984	0.128395766572729
0.13389787759181	0.175811794729817
0.263843604758719	0.395349270562769
-0.0390573285897729	0.0533092111111577
-0.128473496338432	0.188241048715791
-0.26052793315377	0.353752919895069
-0.302757150939253	0.328252781194132
-0.0300831035610027	0.0345742880675026
0.471984609362468	1.21589616617745
0.571303021622134	1.1470201424241
-0.0831300702613605	0.0918455496620174
-0.0876530723392958	0.0889027007958456
-0.245915472708767	0.438331900555848
-0.031736433707122	0.0386596601478906
0.0067712917829858	0.00645851955194573
0.502831621203015	0.649472977422347
-0.115398853848787	0.100017177879744
-0.542166621888224	0.626865458544145
-0.518158785264216	0.491487265266042
-0.119965166793987	0.10170341176455
-0.791664840536774	1.02940905041824
0.579769865339295	0.665114476184566
0.283382892355803	0.259204827546875
0.0185070309359555	0.0201395597981558
0.100835569354551	0.114590690632714
-0.834962417007031	1.13803586620843
-0.0420034432408266	0.038602492888643
0.46021172382441	0.446108770717053
0.83465248471276	1.44932885355248
-0.673561978915051	0.804604071140824
-0.419353480058248	0.489767137474997
0.218504795509855	0.212663898242714
0.167429751535258	0.164781931220382
-0.63076778090512	0.906587323868413
-0.049132474105565	0.0870185027828792
0.00685128054350039	0.00833639587006229
-0.0690225880915307	0.09090773846715
0.888226965624	2.11372256969745
-0.129405456618268	0.167731917938612
-0.293637020378493	0.507085151217315
-0.0807391245952379	0.105046877261645
-0.148313230609321	0.204041681221857
-0.349889704245055	0.635455449056446
-0.128421933854419	0.180637809502297
0.347355961691707	0.487151378148004
0.605185283275424	1.07031313661618
-0.358849001072959	0.5582063910484
-0.525018925676282	0.875749368656704
-0.0357968394922408	0.0384096038651666
-0.325377304106381	0.361398056416397
0.172519571222413	0.26566407507373
0.282770253591403	0.447139054837915
0.640909158944826	1.27128395565322
-0.0690612215057775	0.0805740316848407
0.146729504892224	0.172757365739986
-0.416334747187998	0.735790749937934
0.40365664917676	0.705481415079193
-0.0277983743979271	0.0251421324629958
0.226475584120245	0.248174200656989
0.0865601065790644	0.0699163953784738
0.408889079764019	0.472019635102628
0.515365359549376	0.722197947538099
0.167319636472946	0.172799471306191
-0.25548966178382	0.297862578974264
-0.068159524756644	0.0651725150614208
-0.225978724618221	0.280819375685747
0.808969621797381	1.24798079288
-0.240039875700246	0.277463049224297
0.1099419595785	0.101982299348605
-0.351140619453889	0.376845902863921
0.371351785346663	0.367954749896065
-0.479087345154487	0.462646445160787
-0.0749292117311888	0.0657877097309501
-0.139513475516654	0.33692986350356
0.00127831055469293	0.00177989129309775
-0.0313207434248173	0.0417132878089897
0.283758592036539	0.520703404282197
-0.0362235987498508	0.0473875559736063
0.349098390599742	0.693277728998544
-0.258877487614502	0.471807442481721
-0.119841105209656	0.216880276452679
-0.285243191025558	0.592410863359957
-0.096348552345872	0.136371436055053
-0.19515420415636	0.325322324879338
0.251247483804506	0.431618185594773
-0.112442973209216	0.13890523523482
0.18140761569401	0.211242343015399
-0.258722227751467	0.367138602312894
-0.159321346283664	0.182404794756752
0.271287405995756	0.410016949640044
0.377841720202468	0.435766234812008
0.195405231679991	0.330689430453822
0.175092190352788	0.26051164993647
0.287559328605602	0.460742794220134
-0.37544719792725	0.66027490650312
0.0524633634552479	0.0583139699381206
0.0184612083410374	0.0228335626916518
0.272823687223126	0.452764245260753
0.0978620080281061	0.118314380395952
0.275514060652831	0.303387532363299
-0.101867735933614	0.111155741784537
0.232056523556072	0.283503897954591
0.179085958832705	0.216885738406525
0.0142241617421548	0.0144628909157952
-0.331285454344639	0.507422349766843
-0.190382647322456	0.237934258791661
0.258758303380957	0.320046271059833
0.615961807177433	1.39794886545336
0.446991331665439	0.626309395907943
0.639558053172303	1.10107078252652
0.0947337071358628	0.107389410962244
0.415826292436547	0.610526499324037
0.0782427374964206	0.065228496478206
-0.132209711217032	0.132936010060102
0.000252491955142481	0.00038019762908028
-0.538091472455576	0.846560320652507
-0.173819272556918	0.412115324689234
-0.180022417812254	0.278814154185288
-0.0533956801795316	0.0607808152089999
0.0334940347199021	0.0398540302682083
0.105800073892826	0.145483683785647
-0.0861787880172473	0.112737851753953
-0.170145923498671	0.285320667432655
-0.237524968655264	0.38332705731959
0.000877672427295255	0.00110078147536499
-0.281459101023376	0.482857142891977
-0.167451848689146	0.200961292062526
0.351149985151436	0.46877966750648
-0.611804158316421	1.09420424330085
0.256616964679006	0.320736060442519
0.032861414060785	0.0336507547993455
0.442499501676021	0.546813961694551
0.0446120002401876	0.0582575474767302
0.0595955913435889	0.0693551072665951
0.175863181020454	0.203519276250375
-0.23577518592923	0.300246546075775
-0.31488316252543	0.412965164339252
-0.171340477713771	0.22769852792439
-0.256411870942921	0.357897279813601
-0.385735199052506	0.578821089541722
0.394311924096254	0.442329211520521
-0.315346298773157	0.33122145944114
0.211414235800212	0.202143096928911
-0.263228060293096	0.251176332863053
-0.20869222274791	0.2022409397661
0.481293830871909	0.632470035959959
0.281199633071245	0.348935391031661
0.341971757835612	0.364069847395952
-0.466638594092519	0.625476313553918
0.0208936659068055	0.0187050822828663
0.0350670358318928	0.0303270780590704
0.0258107387633114	0.0212545728502937
0.357032611948015	0.349277148578777
0.454564833756826	0.540893026837871
-0.00919240291049698	0.00684637904815027
-0.480495897367092	0.624506156430709
0.135839923821403	0.116621963316495
-0.175737407518536	0.382126008996679
-0.47681884262805	1.34334306188627
0.412544002764625	0.560959641249733
0.27803621488774	0.284295260787941
0.435857616065409	0.677324620576908
0.161706454049479	0.330271746372426
0.122547024162427	0.12765568400456
-0.602002691951978	0.729593633672191
0.478919709586977	0.532988851202893
-0.345446007074275	0.63164330841447
0.154738987018972	0.236916991562161
-0.452635322333349	0.548349004321158
0.0121083235740924	0.01085015310016
0.494413396111743	0.460270735314888
1.05320496082006	0.99985184408049
-0.368896046204828	0.238364541075804
-0.788924425390451	0.682206556669778
-0.329881076653408	0.279740429134211
-0.011360499522131	0.00692593731233073
0.665897795547269	0.713961021727348
-0.148565481857035	0.187203615454615
-0.0571837409034329	0.0552085148324262
-0.254619449343971	0.241400701937282
-0.327722851621828	0.273973151452257
0.3280478641979	0.236627408649557
0.630680328053562	0.681828886878127
0.455135457159869	0.346086812329085
-0.332370207187111	0.283192062816698
-0.333303774745749	0.307457634549793
-0.735728099071855	0.90944132865957
-0.406815913964289	0.366915356983782
-0.551162065696431	1.05328844772074
-0.0950353201495781	0.158322275223498
-0.424237265354931	0.782159281673671
-0.453221266793704	0.796235470567984
-0.165872223245478	0.274950829895518
0.0297597255058236	0.0377310799270266
-0.179771698633598	0.244548622652047
-0.0968874073727104	0.100951611394526
-0.505954009978886	0.75260665517331
0.302218074920485	0.520403027828253
0.0520280841846321	0.0639330448623767
-0.249772477776424	0.351665629970618
-0.754733098883	1.26909590457912
0.39788598396001	0.587656716498756
0.54469935679996	1.17185243573719
0.0734435698975194	0.0788483487809766
0.218027676550804	0.255652401917617
-0.0749930329390638	0.0766610934887367
0.382418121616641	0.350765523508925
0.150593470012971	0.137365112431772
0.443495643395119	0.456354506479263
-0.365167784231857	0.359479168497964
0.16424674368949	0.169382965714836
-0.239846407118062	0.241875032524568
-0.491554159440492	0.75870935163491
0.0344965183528302	0.0341250331113121
-0.0715523995436663	0.0636343696705661
-0.041335297269071	0.0342084780156953
0.36322492674576	0.356819707711697
-0.278890711267531	0.297594416199972
-0.110000493308244	0.094477072306383
-0.117349464382858	0.0882218441213106
-0.379277773515233	0.926818146490042
-0.049756664245454	0.0724169143187628
-0.195646474629699	0.309466710990833
-0.594008742152608	1.29241055772554
-0.10332704953306	0.13625731886499
-0.387793113476495	0.64019986501906
-0.114751521823209	0.160379858315445
-0.312163100618275	0.540748800388097
0.227564047677443	0.342932670067969
0.04891639858639	0.0513999322736644
-0.268548657512033	0.359790917877876
-0.0861161809399593	0.104621557705371
-0.058824663481968	0.0690819779670384
-0.230611810411634	0.326663262146665
0.250256136288685	0.333838059830033
0.262150533004619	0.328191842851392
0.425624994283148	0.624575297381753
-0.214466766005115	0.329945331736309
-0.291192795000302	0.444104862393029
0.0390912679638977	0.0376432844647322
-0.100621592643409	0.0788801275921182
1.09741099276506	1.98049309180877
-0.143331696157999	0.119620709037066
-0.292194926110657	0.314880765500392
0.941516247900342	1.42705534867344
-0.127870768279456	0.12076324271042
0.15052150228567	0.162746541342399
-0.473958254295068	0.786153447141493
0.378577278377049	0.565308735214319
-0.332552957211389	0.38155629201079
0.57436309805891	0.833366359347946
0.703641931992083	0.99054563374596
0.473638717073353	0.534832539099272
-0.868394879750522	1.26478647138011
-0.31416820289247	0.673743574665432
0.144466974271547	0.252522839772483
0.134344722923534	0.19813202882289
-0.00145309003996701	0.00224471207983164
-0.156710513366481	0.302223042934566
-0.686874629297394	1.55420624062354
-0.0757908077983582	0.0881294971324799
-0.298089878030933	0.532510892529447
-0.862294087414608	2.3567215473258
-0.36935805561677	0.56766379863125
-0.0162387733203079	0.0177976491152735
-0.138142561039369	0.169738686419479
-0.511782275362959	0.789799855531357
0.0363513299604575	0.0334746544648527
-0.0313115467124163	0.0417182816643758
-0.280681229831378	0.444780658713959
-0.271856914348744	0.401448943791542
0.385132564663986	0.536840750075415
0.0854162533411763	0.112030273998218
-0.0145896800449238	0.0170045565191755
0.296336606505082	0.478491409896505
-0.405475451590877	0.614291510156851
0.0173957818892561	0.0156948794921602
-0.229781362146224	0.220919829104781
0.356505032529906	0.453944199783705
0.08124183110665	0.0759091361808686
0.213308289498721	0.213897721129927
0.0428025089755914	0.0428317136392171
-0.51372215049285	0.778580231341429
-0.182681748498706	0.227477910315563
-0.420946881172358	0.663436055290783
0.375518926306657	0.433982589735997
-0.057883499036715	0.047110717198917
-0.330249008107242	0.430415337322536
-0.539520567781979	0.608489417780259
-0.824892850504029	1.37704051907391
-0.246319144014337	0.286131725129926
-0.112886020539944	0.149759922988355
-0.143134244347542	0.294669310380694
0.312829734821727	0.795538479783331
0.0576456201754503	0.0947767308535653
0.646867823103413	1.99036887988348
-0.207993768201464	0.400613218661292
-0.441657989384276	0.824210676094198
-0.360233814448121	0.606727886212721
-0.360025424319507	0.493967385830276
0.0182269348343979	0.0213589605127281
-0.130574216787313	0.139076194825307
-0.149091885621534	0.169271812600054
0.622537356690222	1.48908121144517
0.035949958954523	0.0476713947992919
-0.00498031282693137	0.00507893438473766
0.00845880878205839	0.00883141074708028
0.622653929079038	0.924719823886928
0.155202590496203	0.140446299832253
0.30728631278075	0.339455427974726
0.545284408740888	0.74288215189259
0.0208204520028283	0.0166993335623507
0.224694112898934	0.237182345488343
1.19501969482657	2.32134503849196
-0.0687888947264997	0.0738689640552625
0.664410326871475	1.18934942245037
-0.606368006188562	0.883288981568106
-0.226750521538587	0.232288925750966
-0.438748838362181	0.456795794941833
0.149700098148408	0.140773093814228
0.358556815158709	0.350834196402334
0.0902347943782377	0.0796260927643786
-0.194582348391807	0.263680092777703
-0.200388661599452	0.285586468960339
-0.112429283130093	0.188205677791891
0.0496336294521219	0.0929202112406984
0.0586961705143831	0.106860259246266
-0.000511400186533	0.000791079149116092
-0.310508699527789	0.77180885676109
0.244092985490065	0.509508942834571
-0.432220461322258	0.897927879021426
-0.253930439372173	0.413518013200943
-0.465669501988454	0.889999684431775
-0.969718563157838	2.53880396753089
-0.336271143845622	0.740594357931234
-0.102341275944969	0.119971422643776
0.677567792927641	1.21593636359441
-0.320328990912921	0.375776208881559
-0.281450535228006	0.484817664807978
-0.083514854268632	0.115681539608656
0.275721046848768	0.409249519887423
-0.53741602562377	0.975416318971874
0.354394981092786	0.36482378475059
-0.17627613125839	0.130576239180075
-0.0439539233919612	0.0386276346891338
0.63882379444222	0.678861568281451
-0.288797512362563	0.27205283715383
-0.187675540954255	0.182637059753845
0.403189331991734	0.526904446357395
-0.394550135586071	0.658121107866849
-0.0798177174182241	0.0877060629509625
0.573260648615663	0.829603721905507
-0.325568990987637	0.370410458874872
0.156832701006345	0.134815159430216
-0.0325124829127551	0.0261128656270134
-0.135455056776714	0.113094412382023
0.215151846117212	0.180806125056019
-0.296632196485497	0.574472111077528
0.00706048528786535	0.0110125643425227
-0.0374636930325594	0.0712408954050884
-0.201285705187051	0.468901825791815
-0.178797708862177	0.334993319793809
0.0833271696359278	0.161724987943355
0.18056579464755	0.387157397751738
-0.239477257068334	0.441480564635913
-0.0226502095093852	0.0314529534119168
-0.0259399720530071	0.0298791654576596
-0.299778000543342	0.500743685226273
0.463289056744795	1.00109309236781
0.383913134952945	0.685754491002349
0.472220012082276	0.773789814714445
-0.438020433177327	0.848038143998359
-0.146426874403582	0.21120238891711
-0.0916057473195508	0.114116600047541
-0.0708894650329823	0.0692745429386453
0.357900095537286	0.456440308915859
0.0894040692961454	0.0786421351371606
-0.130430913459166	0.119338369953496
-0.139839689836631	0.144543597683155
0.151327973784649	0.138501671055886
-0.187477354762516	0.184500128570255
0.752380131911694	1.17354607639632
0.673907916744204	1.20963116995952
0.350920689918458	0.552479664559802
0.0599431175595649	0.0556413219077868
0.483418992026461	0.638813497733877
-0.0400425128046484	0.0324416110062015
-0.172744264281256	0.178479868050763
-0.00628317656186465	0.00470636924398337
-0.107753279422222	0.239748083381298
0.116064631025316	0.256389382028741
0.129453831962877	0.29260865227155
0.225925588448906	0.537394272945123
0.436019802805152	1.23223506897153
-0.142389186259634	0.238911363189616
0.00526090855103688	0.00684037724603304
0.191598563660978	0.312330974917406
-0.306281737660178	0.430213941270072
0.0478733335755574	0.0549655946231609
-0.315814665381244	0.539229318137415
-0.142065307123418	0.162435221925942
0.174031885515258	0.200928910895463
0.0668321250995514	0.0944959878486731
0.565924262451229	1.45959673700387
-0.42436528312782	0.719844282687025
0.241307942876237	0.330818102306279
0.298886825453101	0.385807672855147
0.214290787181027	0.178637500120459
0.227383984580747	0.206228177181898
0.58989633820494	0.811489641496785
0.214680773573956	0.201930382258565
0.216594538963233	0.157899145728354
0.9943979723465	1.7867004361583
0.335758699622205	0.549017793108336
0.518817627318817	0.81398588962901
-0.166896591375223	0.164914675857906
0.951579842661604	1.44709622484213
0.481017822305749	0.552782444839097
1.43731499189787	2.08145213607259
-0.451021090569129	0.533834315493123
-0.674449874445805	0.764666414116678
-0.0350589152782865	0.0285554282873654
0.191563897589105	0.422596067182519
-0.0117687504248144	0.0190108079990411
0.25565141979083	0.583598725944298
0.00572505726026423	0.00941944197100713
-0.256898362736984	0.730270853410215
-0.342461747945237	1.00965238902687
0.346718498327743	0.931789026226191
0.209728308285567	0.413721120645632
-0.310487877310792	0.973349896975868
-0.0512144545893335	0.100580844120608
0.35643259503602	0.902081271340152
0.0663782700865368	0.10305859383076
0.0364973405119075	0.0528500393362707
0.0381363940795108	0.0486624347867834
-0.0289453442268803	0.0353939241946209
-0.16796658057393	0.250148905003406
0.151281717828002	0.221989355922877
-0.0337407858831091	0.0413910917530952
0.285588668039169	0.507330966739746
0.083004999228851	0.113977131589589
-0.154687293105192	0.242058157082845
0.377689441628967	0.659420019576946
0.0936312763623833	0.102251655466815
0.207978751590004	0.263097314378409
1.01747786021925	2.18906189487455
0.0799915187884188	0.0844425537047836
-0.189834924232421	0.226287719327975
0.935401222902739	2.45252245614142
0.521953919078091	1.08894251426862
0.346203030283452	0.479315612424666
-0.137109434332592	0.175938106391954
0.380552144217457	0.558624341055397
0.209513628515173	0.227418591059088
-0.218103828832234	0.242831196463254
0.261886353962554	0.289248589645789
-0.602205739214144	1.03850792865995
-0.09247312837138	0.088351972680352
-0.465413561122617	4.50584933373592
-0.651824219273671	8.17337728289493
-0.652658557530345	5.5929933772124
0.0386077145482382	0.0544338930919103
0.456517972656376	1.09404705293687
0.0960148157628145	0.179925387567767
0.00574278401844665	0.0115351469592197
-0.095385252297341	0.199714261552371
0.0908595926410122	0.196319733082319
0.102885009647369	0.22297180919746
-0.0657693335836583	0.117738192746774
-0.0978389688804948	0.162956003923022
-0.0277694271884618	0.04132448566321
-0.413959496175366	0.948659693869387
0.0125613336460403	0.0160984292204853
-0.536467479609488	0.980234354818239
-0.299780109727665	0.500377575705428
-0.182412068020061	0.299862397630005
0.00936452358276412	0.00984146705894944
-0.417343798431342	0.717661599224199
-0.214811033033885	0.387856654179355
-0.0925471210962248	0.150395846263041
-0.104192283836856	0.138891414481579
-0.115716332062158	0.162697081320801
0.440022256546579	0.562078433712242
0.273417764565771	0.28391357801989
0.331181871014747	0.374270105222096
0.272242319389604	0.320462400635992
0.546297199680604	0.823913762760871
0.068417408515099	0.0640305577449407
-0.00394133422442305	0.00363542194703933
0.0627611870718465	0.084866830401978
0.641253047614132	1.26079333479308
-0.162753562746482	0.212011647776792
-0.448221384933802	0.574791851678841
0.493480402906719	0.638104801304806
0.54533097061717	0.731953067452125
-0.294879488660375	0.297345108411353
0.328629105129942	0.352915224964113
-0.275364287390514	0.301705866377627
-0.137505394737195	0.139086403003139
-0.462206429655364	4.2051162619815
-0.53266016885174	4.49393002214701
-0.43909766633671	3.84073177101622
-0.0374502421888589	0.07929170488126
0.011454153365865	0.0224533941150428
0.143095902947515	0.373886777455265
0.0417251996367396	0.0905964647041488
-0.448922574940631	1.39150410925983
-0.00712484744421488	0.0104104340069612
-0.0771056476783555	0.107255630904134
0.0580880517440121	0.110498095999368
-0.0392461662900938	0.073213069298834
-0.0553329616796182	0.101623105141819
-0.229988774271733	0.35110305967768
0.0176789558345569	0.0177885421629785
-0.159846795233769	0.244028005091634
-0.126086354242463	0.19186444278107
-0.06638993168971	0.0888874876816491
0.0600509521763209	0.0639628579010688
0.0181662774857582	0.0247923942016128
-0.129002869676788	0.212105381551017
-0.353152368518833	0.701933832365013
0.159414190521601	0.230747363578534
0.251267772211594	0.423246152160963
0.141224971121616	0.215808288305939
-0.062535275807374	0.0909317762556372
0.418242786228439	0.955573065145598
0.0626719847438947	0.0717137342366457
0.332629513749701	0.622155197543907
0.327746444301347	0.546451437416533
0.725390321377332	1.86400127711844
-0.0840810234941376	0.102015008763708
0.00750612555610664	0.00888573565588859
0.0949929508014996	0.1254876307341
0.170456238429821	0.239948934074077
-0.194530716314878	0.270152213024328
0.0432455966807946	0.0514742993535594
0.132303957770809	0.175560153168771
0.0530664122496399	0.0611996221356046
0.118100319089827	0.135969438490251
0.0269541359739059	0.0291799352185952
0.421610503529546	0.637939460584031
-0.0328378370194072	0.039505196504303
-0.413503670992287	4.80238949920871
-0.514067453135643	5.56773669530212
-0.45943225523172	4.69764506607256
0.0686567348793315	0.159989800051458
-0.0139867571306344	0.028371337816021
0.140938124289836	0.389589035621327
-0.0344321664643237	0.0758487165150359
-0.269548713875055	0.72651764516831
0.0808707692925835	0.140318684116413
-0.259757371170236	0.40924021811974
-0.933471253167744	1.65242105398618
0.355417921992989	0.752701383474513
0.0750862789436856	0.105884446847552
-0.0435653113588323	0.0555784367029362
0.490890272047043	0.695805145565205
0.162384821412498	0.288569253715887
0.42081229683248	1.08790219370996
0.143307956341546	0.238331945706116
-0.044139512459923	0.058459337631099
0.477736166380464	0.983193249342605
0.159007470018094	0.275531136320619
0.0966744640205522	0.163918735504338
0.0768698059902926	0.11100745711392
0.486879779407436	1.09130034021459
0.855688450085597	2.372436705561
0.208597313419395	0.314259754888949
-0.223068933684457	0.306106264492482
0.108621241901233	0.143885941729139
-0.000318896773188493	0.000484660570402958
0.481243579194546	0.852894303869239
-0.0689167727876154	0.0831714296423083
0.0854970715051448	0.112810890204894
-0.278641546404287	0.467825168506547
0.218557998406278	0.298197618319632
-0.371372897443717	0.641040000683553
0.327334505200511	0.526646676653196
0.39406030228235	0.631411095417888
0.626123203934421	1.21336949266754
-0.222064153492281	0.32819524601819
-0.21185774363127	0.30397929426884
0.0189134457610907	0.0917275003380929
-0.127777475651503	0.887353591353902
-0.0924374027556502	0.412113801647252
0.182976265509886	0.370812831938828
0.416191288193986	1.17337584126364
-0.0040799621330355	0.00633805542126889
-0.00988770367631558	0.018342445660414
-0.14071222554706	0.225284330951245
0.168033612581336	0.382291856937635
0.0205041522932001	0.0336998540154058
0.117305450857977	0.168142603397462
-0.0577928770866334	0.0712616907489795
-0.0302091782375507	0.0401908297895712
0.10723669719096	0.204814443238311
0.23664361472227	0.439895740099251
0.475134360278227	0.901629924053
0.124641658319948	0.160468511494799
0.223820097892326	0.423103923044475
0.135670877251254	0.246350960267344
0.028137323046799	0.0340418501761783
0.359653648170322	0.688186772557249
-0.314601592377574	0.382901289790351
-0.0102023649683666	0.00850628417001392
0.258378566103511	0.326512796060355
-0.162930223847044	0.148390280949834
0.184078524290274	0.218184122267912
-0.151029452064486	0.161578739155498
-0.0845005703166166	0.0914607199140308
-0.0562215084875284	0.0713840897801912
0.125580884456855	0.153092248784562
0.0231150856605117	0.0252669360167397
0.432646613911858	0.544174414660261
-0.267177618611959	0.320091188452511
0.120326615729656	0.123429211672036
0.214508095324586	0.223439701113512
0.378150457615642	0.466883499336533
-0.134388536614454	0.133506481228598
-0.303672181781127	0.348378131934763
-0.198605932789312	0.208707559763854
-0.120359538731883	0.113400557552461
-0.235729524433078	0.253153266845177
-0.103270458282751	0.0973974888233964
-0.0240414296849318	0.122027984372666
0.0646607244811585	0.308949808513018
0.217389575456513	0.45169192461318
0.772348596840414	2.7406254147815
0.102662825325287	0.180581051576177
-0.0206048475637711	0.0390631978181026
0.070743332712702	0.0990414371554485
0.0558768579870302	0.105043609354272
-0.0387740093428838	0.0408641037270156
0.113012973635185	0.164151077428838
0.250331624831663	0.629619940478697
-0.0841342520178236	0.124293215060682
0.416247782570976	0.692032818114597
0.284189205602571	0.406235675174178
0.0442291406890921	0.0647790454841265
0.393593055158689	0.989227253262777
-0.0464635369946	0.0584647062294227
0.0108342779051374	0.0122002824483216
0.16342401445631	0.171841914418774
0.169923414506327	0.171011284524294
0.0998938179293813	0.0903413311016203
0.502617334616528	0.638695857998703
-0.0843727391628242	0.07518441700034
0.229285036880176	0.207778584412625
-0.704081957944905	1.04008655500608
-0.161275731109667	0.235757916036447
0.536460434925003	0.969791886441915
-0.418418919628937	0.621299167789805
-0.999535390013627	1.74281354437979
-0.427980112113554	0.439836774110002
-0.0674219168527899	0.0645162117089834
-0.373938341196304	0.423236257533738
-0.146866627875467	0.124851964489159
0.280908524993391	0.266212697571062
-0.186017178536804	0.195587478860213
0.396954840361291	0.441120204851068
0.0628148519069607	0.0635371380958019
0.0294733466037781	0.144358846604227
0.178441529047529	1.12452579830493
0.162890338211816	0.674145651718705
0.0462989726822	0.123464519990142
0.213996642882353	0.796568328198732
0.174566794461641	0.589566116931928
-0.0649708840902485	0.17064032534507
-0.156132324736061	0.51734994372123
-0.0746383308708413	0.161146429289663
-0.0614621796591468	0.0888562710165395
0.0860499438021932	0.110380957215463
-0.280680639186172	0.489385793597507
-0.0695873424939162	0.0757695516621235
0.064816959188585	0.104717123600114
0.0354907929644266	0.0528112781530572
-0.028989380993866	0.0420694493572698
-0.298867723167237	0.590752650386247
-0.119780228478409	0.179424807416783
0.103887827054405	0.176037065085264
-0.142411209239765	0.255446286960631
0.475003006791325	1.02565933233926
-0.145087477431186	0.200599686152078
0.332662303103282	0.575732496017329
0.0865577559044165	0.115430332753902
-0.117141427001828	0.156837791751166
-0.473724246997128	0.803613245058082
0.3823378710807	0.737455978591147
-0.0914850254850761	0.125810616169768
-0.207483856745531	0.321016885853355
-0.130294740804384	0.18778908202009
-0.0343766906092875	0.0408924639980823
0.227224814008813	0.305037543676322
0.304963850117515	0.519586371452639
0.149586665230437	0.187655922470391
0.299044693784531	0.413453265671338
-0.0427030254589878	0.045321351677394
-0.104664070423686	0.139326503183156
-0.250303832763205	0.394695007681074
-0.095473376639156	0.11766414602172
-0.0673116681050026	0.382831598940385
-0.0235080573697528	0.0961643103264699
-0.0606083969899411	0.224399022590881
-0.0443110631516455	0.147244261816903
-0.0522478826540409	0.167816769955275
-0.0343031307825022	0.0997060277768482
-0.282227621442949	1.09202205000099
0.120109053282185	0.22915384454984
0.0502627725427373	0.0803513130411871
0.0634951191683777	0.0948666057068802
0.0614658382569322	0.0592627953103912
0.0964816841613695	0.151135498581197
-0.176990221604406	0.333367497305378
0.280498510381717	0.6774264827013
0.271410205724004	0.439208238769767
-0.112115039551501	0.139709117595619
0.148443763626249	0.253144646952316
0.293994821145342	0.586604158728177
-0.117107803918573	0.188348187006542
0.160662100684373	0.288789335142394
-0.507590555078687	1.36773636567748
-0.117286146969269	0.195854934853085
0.116057294150204	0.185541936278516
0.0951445555789583	0.15357877533324
0.00866291283777982	0.0122624729381096
0.544850135423359	1.21903885952377
-0.438228346085288	0.911297908792037
-0.090958169618153	0.12680991353664
0.337111384708753	0.665590002476262
0.110014445582409	0.174157627887029
-0.0736569226119781	0.0950701414864053
-0.233544946795856	0.378058117133182
0.31278700216532	0.530420928743348
-0.0937476411455438	0.135862282523085
0.0830763783889601	0.122247148920517
-0.0908187994813806	0.141533368920706
-0.486119604642094	1.10260363390213
-0.0834648629828299	0.0910329839566936
-0.0180101369924877	0.0852919639214715
-0.149739698896338	0.968282668239434
-0.10888781575853	0.507790838636953
-0.123227855197202	0.555707565948945
-0.196214627962173	0.919842144975633
0.0337376393748951	0.0785287603731644
-0.163247939687333	0.174516184755634
-0.390952881668824	0.815883453041018
0.147503900944839	0.2815267360756
0.189541869185855	0.402385515059009
-0.182861301347006	0.239391650366857
0.0569265164395573	0.0675165933607643
-0.354945589341103	0.746183338965328
-0.139886500330619	0.238056857965637
0.114306660760928	0.212026276312552
-0.0336277704461534	0.0535092106678606
0.144406943715211	0.258608430735311
-0.239055585942395	0.49711369853736
0.123497061068003	0.21803527420043
0.566098399784438	1.7906583179485
-0.103006358793813	0.168644009960607
0.162111385165781	0.249270392513999
-0.517662914361392	1.24855147637524
-0.10553354145708	0.164173638597771
0.0240618592655992	0.0323987065104578
-0.0819537524388564	0.122825833491925
-0.240813637783548	0.416928143609546
0.0579390563258923	0.0789994951944012
0.259498127738498	0.447435383805779
-0.123142542956173	0.177705763847088
-0.0943163912467192	0.151773307930761
-0.0415538612675261	0.0578751767424043
-0.068369577972508	0.0991250082730321
0.0297772027735514	0.0383989131053891
-0.460125662083589	0.842104433610782
-0.268524402802	0.482757575452809
-0.0687952617404729	0.0924122195229071
-0.133015009882533	0.196221592628775
-0.759583843543063	1.49959214033558
-0.058617943188049	0.326049756115777
-0.00426897193376012	0.0162754283553663
-0.088159283427055	0.378967773695897
0.111914420255059	0.449886649085097
0.272194346585066	1.13909067245299
-0.310853132145211	0.616456426423732
0.0826168188374593	0.13731992783135
-0.0763987933872103	0.135818775746504
0.0369570111158286	0.0429089900972413
0.272014754410949	0.424738997341715
0.197604107771632	0.351904126059191
0.218499558836241	0.41193892028952
-0.214987813288399	0.424222882896645
0.300251853920133	0.695262039444
-0.0951543647488346	0.166029681544272
0.00341664564023709	0.00509622511930812
-0.322121427654391	0.689333721724155
-0.0765639428390357	0.126749123183804
0.283501921119861	0.630941825075681
-0.287267134379232	0.523877973487822
0.1239667672943	0.170793948592724
-0.312268532627776	0.57217517520279
0.260632958022672	0.483482438865305
-0.19756957589731	0.353426334898247
-0.182507864602483	0.313624168211491
0.180035066514614	0.273814617099271
-0.539338250946576	1.18378220411924
0.413901432222394	0.91147750690963
-0.0388771004026987	0.052149608205503
0.0339290048757595	0.0463784108833467
-0.265040309782644	0.470544835219312
-0.027485615665676	0.0382898433686194
-0.35639180897522	0.657100229283002
-0.255635218827495	0.408210415481613
-0.080668887850558	0.0999063776086644
-0.0119014572569864	0.0144285865051922
0.153743310947672	0.246590951189739
-0.168154425393231	0.211630804836464
0.0175100321760924	0.0821573118489147
-0.0539776434085545	0.257086285585336
-0.0711715673958265	0.29250448387528
0.0374517723990377	0.105859489334057
-0.527682631181366	1.53245279136691
-0.765420725773128	1.27547536525829
0.0868977680094438	0.133426297036027
-0.205788909139103	0.400410885452418
-0.123671891423743	0.253131311281938
-0.0742583542801161	0.0981579862817117
0.112422112193022	0.138803898116285
-0.0378056862337466	0.0541731637870205
0.341662706684897	0.793308306784795
0.0576107150581483	0.0931488947851988
0.0313551357459693	0.0482879031045498
0.328656658614467	0.822468433815623
-0.267868514707854	0.608414134365626
-0.23021615316499	0.485540491814622
0.180972780106343	0.339269565322316
-0.0754889863428877	0.120532941381135
-0.0219963138650316	0.0279954048456085
-0.199385556970895	0.324977582347378
0.152618180588896	0.250073025217218
-0.103515491619677	0.165884039896811
0.196372389167873	0.34801836801392
-0.500038077238106	1.11138074157792
0.0741836364043962	0.103018581464521
0.510686803617788	1.11776748386452
0.14290713187408	0.241629726947206
0.19666367108677	0.375649519014807
0.068434893269601	0.106326352511082
0.19235877272111	0.321321259996284
-0.0468237438811743	0.0667686346151697
0.0565341188238503	0.070424436594925
-0.290517980530969	0.488710993662895
-0.0718955163947587	0.102462083658663
-0.25586407765198	0.412510766211439
-0.200350123236657	0.342419950175391
-0.236841791649835	0.436016951771584
-0.103780826863292	0.123995500267229
-0.0610234786571448	0.359354036537432
-0.0114589002549668	0.04536501663818
0.23888614636792	1.32901682975547
0.409537584137702	1.93189459340903
0.116165250051314	0.23292854874893
-0.0634386027791251	0.0663714056925865
-0.265124994198953	0.305041653035884
-0.4219825491581	1.04054304971548
0.160301917432498	0.336756162136411
-0.344504418697461	0.988450271313152
0.0791794309850595	0.105694607479619
0.221412394079106	0.341695711773596
0.147378080777008	0.271594538958856
0.32150008341174	0.762765446338792
-0.353237519381752	0.930453160259661
0.243024638610517	0.529738420109415
-0.00323786880112154	0.0050285088854337
0.340523567172377	0.890592167815865
0.259969369991098	0.603842734258474
-0.0601759739810475	0.104797285170505
-0.534706765745072	1.69087638855444
-0.0180721097708351	0.0236216832775047
0.0863232433282662	0.130052185191969
-0.148921329588305	0.246904445268218
0.149022782741643	0.234693755911983
0.100865502041562	0.159582138913665
0.20739770126129	0.405387264290579
-0.0080650294562695	0.0103479896063338
-0.00253474309284623	0.0034147839468033
-0.115579748955195	0.178157037687907
0.0964129396249914	0.16011525876647
-0.0752305686162143	0.112404431773773
-0.121778190352624	0.191399272290828
0.16021194870987	0.272522914690046
0.067718152186234	0.101390449836312
0.134295844650457	0.205846795601944
0.0401470004345258	0.0532043434246686
-0.153012669781813	0.230108567943702
-0.0637484830187044	0.0883329375846895
0.0133440155268458	0.0615693312266999
0.146854073086527	0.889344045725024
0.202060477214976	0.5759750601204
0.0965082423742031	0.210058112390698
0.0640646722814803	0.123689936596705
-0.146060695246352	0.28153399832329
0.0117640709333255	0.0130556192974736
0.621034461416181	1.07297928093636
-0.34421982114405	0.716700345293576
-0.453487256367182	1.16725588805538
-0.140105761969437	0.301041500550254
-0.116026174205485	0.219470100822419
-0.0888160369907631	0.116000711155756
0.399204443044662	0.630078852930374
0.123894592806152	0.220737594351862
-0.280330770221076	0.63232653834348
-0.0824180481895657	0.152079849618792
0.345063806032686	0.828659247188891
-0.181189677597563	0.380417097937297
-0.0498400799743728	0.0787025571026313
-0.0883855709701742	0.14870224577534
-0.305128320355896	0.710469027651544
-0.563341901512971	1.61353249076866
-0.284127763428815	0.578076324724722
0.173681129870926	0.285802641222798
-0.0231504010156875	0.0313432203323146
0.0884682197009579	0.132630157898624
0.0750115092506353	0.114273066087783
0.00852585646124421	0.011282181390378
-0.209147079900047	0.330695970509941
-0.00992696558496224	0.0127106486836468
-0.272981802819872	0.484892309719899
-0.575276870435881	1.60267508115983
0.0171251362068529	0.0217354048409734
0.346250297664278	0.670479351024935
-0.216314145870866	0.351871765101814
-0.31619052234127	0.589744356809059
-0.0354638899303101	0.0433536667138888
-0.242246320656272	0.388082945392398
-0.0241159092074373	0.0300229842619022
-0.312769916491511	0.494580597399722
-0.43679347202705	0.941394362659615
-0.42006120190893	0.854114518490032
0.0480625272593138	0.254959699236714
-0.0259972493737944	0.1107785927226
0.0938017686561686	0.438198541830352
0.0233336965828172	0.0690670535173497
-0.208293875087146	1.29582724380637
-0.00843452113873834	0.0246169481665487
0.0775529414036361	0.239595820524087
0.112283514307177	0.308356408300415
-0.15999370373728	0.491287400584638
-0.112079873890985	0.268844978273027
0.151970396467244	0.368031294157813
-0.0757169733876944	0.17186542744284
-0.445386966189071	1.15529084141435
0.292040150797099	0.519136967953248
-0.448599129692454	1.30623407790766
0.0550321091208394	0.0860987378441303
-0.176510695658677	0.333638998473932
-0.567838267851623	1.14459223746057
-0.30492456668368	0.723560466780563
0.253340149034074	0.587361584621737
-0.331148922450712	0.783169028951291
-0.154735150324776	0.259858268013395
-0.225686726500519	0.433709643362668
-0.238528944766043	0.512729727221149
-0.128565915513507	0.24665376232115
-0.652634839424595	1.78051243810819
-0.0919582370671223	0.125325588962085
-0.250218880590106	0.405881139242374
0.093609689904523	0.125419854474012
0.227044319029488	0.366473536374343
-0.335569737917275	0.52668612894729
-0.224646975090471	0.378759368206896
0.478857300839636	0.996696785188695
-0.16678395086368	0.251802756860163
0.0930969771042134	0.131953399031358
0.155709810442741	0.221127412378934
0.0647900691090228	0.0860188233985
-0.466083242189548	0.897833594624611
-0.53265454977597	0.917345767468925
0.0897802448966952	0.0948618373267644
0.114909788853239	0.139946102246474
0.435044065055339	0.772031904642857
-0.0648070372660326	0.0802681986646182
-0.457722701685326	0.804372107304563
-0.0477147315680147	0.0545168894752515
0.0426962159560474	0.047064789332831
-0.229079516621688	0.333037329460285
-0.0989939471557175	0.107585136489041
-0.545271357416809	0.971517431888258
-0.46194489619098	0.794602840751294
-0.556001917435223	0.959518923133005
0.0397986097373527	0.2208140576633
-0.0748074394866849	0.438637976307627
-0.168187107549424	1.20452403578057
-0.292661965160439	2.54466169297675
-0.245149713536956	1.37806350831362
-0.0987573983905297	0.299735899550446
0.00611001613486704	0.0133191465494359
-0.239533563953599	0.79227004569517
-0.0554380529116287	0.111112412762522
-0.0621723270169932	0.125596448479891
-0.118368263246206	0.274836075234762
-0.109030487516651	0.282859141224917
-0.0191727534665895	0.0390506431835833
0.111619608341294	0.201043532369765
0.017769243158145	0.0237060526722659
-0.241629431737112	0.470613237094008
-0.212221328776608	0.569333452940534
0.40195312830463	1.19237297691
0.385256427628942	0.851033071075303
-0.230223634339927	0.392812743735388
0.0266801989313796	0.0412830677312735
0.032231773407589	0.0536200968337869
-0.06540782131748	0.0938361516919854
-0.131839791039322	0.208882167836558
-0.211997143640494	0.279016628878157
-0.162876597615431	0.16334694841429
-0.0419878751640069	0.0417331422954641
-0.286059764559447	0.342777525811574
-0.27260243867337	0.310557701880651
0.2792182187984	0.310288422295065
-0.470580507069699	0.672451893088884
-0.0775010285663227	0.118752502787142
-0.212882413264509	0.312684343029045
0.230171555910212	0.327312215455626
-0.261021323839035	0.284554142141649
-0.322914792706432	0.346573394425672
0.661479079949511	1.25980608246625
-0.0926647311931662	0.0894620078182718
0.462492198870899	0.630534330235968
0.163114936172796	0.1639614351859
-0.289355317942524	0.36452645992724
-0.393278024244612	0.491123923516961
-0.57777616287872	0.878170059285167
-0.0675654169236677	0.0597087657420588
-0.0263536220121142	0.0246057336148018
-0.179494749850939	0.186807153654376
0.263491706407626	0.293721510523267
0.0144437685711245	0.012971464456689
-0.511199267808608	0.90375275876282
0.0325530268598998	0.174817269543364
-0.0868511637298769	0.552572610731474
-0.321968799639548	3.14430653770996
-0.17703130336109	0.849403362093344
0.0397117024111922	0.104640707047461
0.0687070489463809	0.167858082296735
-0.0991526181641163	0.260253595962547
0.0988303931484432	0.209671445654588
-0.020905930970236	0.0384197171597769
-0.108945186915465	0.226222915032699
-0.11857524625712	0.313559161967627
-0.159311075259415	0.429911072387113
0.389174892560322	0.942417402283606
0.480003759869369	1.01345840251628
-0.034216007736358	0.0479629500029872
0.0435500334109848	0.0840359276369451
0.457058194481093	1.21597651031841
0.799232933988927	2.14682900351183
0.355532428212929	0.695130944126721
0.433702571323305	1.13529428646376
-0.0486362898003834	0.0841956243787319
-0.280583276319716	0.508170258085411
0.243275893648156	0.416992121680965
0.564933061356677	0.908635314316901
0.102871400756459	0.0953048554310559
0.823262102866086	1.32892868704594
-0.67737085862434	1.01191807531259
0.612336726745073	0.91036025646698
0.424754515029408	0.523284523872238
-0.0200000101710081	0.0184268465270536
0.0914165045741617	0.118215099459479
0.184728370617582	0.244995334536412
0.0405129016251562	0.0424127285697319
-0.660618841616099	1.15471672029971
0.39151973398725	0.435853530735507
0.142923853970009	0.131460163419877
0.149908446314545	0.133970268495909
0.71391577507285	0.902285658283066
0.21766905238781	0.223725009495967
-0.748012439924471	1.07526392178768
-0.373680704020615	0.489889621810107
0.0852884660563276	0.581432960435043
-0.439405941430346	5.92016619688451
-0.477202343098129	3.82107084790546
-0.175116092970913	0.568283441677409
0.0488102825724876	0.111725478339854
-0.228641247112523	0.723310308833713
-0.0254593391389294	0.0395641113730629
-0.294995695272276	0.677526076714229
-0.375422363559237	0.95797752844009
-0.0191770747166065	0.0455300236989203
0.230959546877356	0.784971042294288
0.566077609285303	1.66333953394049
-0.266627290744139	0.374614951334397
0.176228089374996	0.286069306652467
0.0199210852234055	0.0407635784880507
0.217515801177256	0.391767298307047
0.222341003046605	0.262950590282743
-0.0163111115099656	0.016004483593428
0.0379200635317975	0.0629494708111792
-0.0190640613174735	0.0326319822718053
0.665292457637926	1.44567601344583
0.118402662545415	0.132088936361314
-0.602983381256121	0.730626462800707
0.207363822628237	0.175967420972273
-0.252840698620033	0.200848431503099
0.533441682640465	0.554138549248793
-0.145587486890558	0.108874064298182
0.299811198771245	0.253556315657789
-0.232533288619168	0.238286447462081
0.158161777043997	0.232568860606831
-0.338141645090595	0.484558743222043
-0.150085778536598	0.137994169769818
0.34152119004629	0.346728734698088
-0.786587080946474	0.880352101227727
-0.00174822380909162	0.00140176606523073
-0.138997797012359	0.0889516705450502
-0.173891142142753	0.142579181691772
-0.438023526320653	0.42395779964491
-0.107597353209647	0.758345775375657
-0.0813577197383406	0.423456226664958
0.0724835536305861	0.287795126325819
0.245864396774326	1.17662344347885
-0.160268939083236	0.591781401457508
0.169865950508087	0.575477030605741
0.424725789378076	1.9904682676129
0.0853349028515016	0.216545434534865
0.0554593646627553	0.127584968454831
0.143259792789787	0.314286632286387
0.173900829200105	0.384033155984903
0.370624602217647	0.93518386432033
0.061480887046163	0.108424462737715
0.151519794927145	0.306370916379524
0.288461517220817	0.781726521051709
0.316989061624679	0.718680528766619
0.19625110856927	0.37007959238075
-0.0608972242867909	0.102225494584345
0.114192345596222	0.224475162600822
0.317257109447174	0.766807158531425
0.522709022528089	1.31936694487114
0.184995982270726	0.257361578115684
1.12144674275817	2.97325639545437
0.601391800004137	1.21309920956634
0.735401881185336	1.65809122480196
0.235487606232454	0.274008060112226
0.040148258794005	0.0435501650304769
0.576468757828848	1.10745230534622
0.164131607683626	0.243431445836534
0.0434233681126775	0.0547599506377795
-0.172789787027181	0.224799628054533
0.018454368347435	0.0203231738524094
-0.357977520388636	0.505994943877348
-0.0341464885876383	0.0359653488392022
-0.132281746399721	0.11236946189854
-0.0264907053489217	0.132516421883047
-0.00999559164320564	0.0394416230895946
0.00188913014857745	0.0059691850148829
-0.5071027293241	4.71294744453188
0.0862307019748553	0.277450728281044
0.0298993678744188	0.0797424704452505
-0.0845127496711127	0.251311512127609
-0.219004631721538	0.670721988669492
0.238494606934489	0.614439359521454
0.181540969101667	0.428751816035213
0.0954340601357031	0.184923825030202
0.186211350579528	0.454825299822228
0.182884600418291	0.364487228104077
0.268251635782286	0.822411705048802
0.15425752790265	0.351125686092467
0.0968724744298353	0.187128977052822
0.124478258776895	0.249555192888449
-0.179437008840428	0.361149766234264
-0.0618836434459124	0.11063664628037
0.311420170636526	0.721291240134227
0.0931880452557619	0.145418647089628
0.170037484036437	0.262373790593198
0.555603836024444	1.2972345742871
-0.198767280311407	0.322731581342665
0.376511301672685	0.734274309311936
0.26316717733744	0.438991970231789
-0.249257550918927	0.428405527007036
0.199770943934291	0.292007413145353
-0.173107390561933	0.263860670670901
0.0783928448636202	0.111569914822485
-0.323977015904102	0.560624982641327
-0.344436484372286	0.551355862484826
0.0249039360139623	0.122338106391273
-0.103054722627869	0.463970768481559
-0.524484308368328	5.57507207984334
-0.0445008292571267	0.147689313343186
0.065521694996547	0.206644942908319
0.0759209209312084	0.231162050314062
0.148551259032032	0.387092218683537
0.415935718273732	1.28820521590631
0.223809379212657	0.602461282509229
0.422439440411502	1.38760912421361
0.0965594627473264	0.200263321098785
0.397989348834117	0.909415060888638
0.161108248993085	0.413316218655191
0.464454191995371	1.6941194742529
0.146334190704546	0.339627528108722
-0.322943618474185	0.795074183300011
0.130965261330366	0.230964311058892
0.112321056720567	0.214264845865379
0.144253786010497	0.29699070689629
-0.0758454868157438	0.122428336913573
0.392581081097632	0.888892305752081
-0.15708897422709	0.260725752411961
0.176645367102866	0.294580274842078
0.299994235978326	0.564421303013433
-0.313824807125692	0.580787689745088
-0.0137944965247408	0.0181991290917956
-0.373919597451412	0.699234277305355
0.231788061098691	0.358607939027353
-0.432998161564667	0.930794296771263
-0.24604647309401	0.418360656697519
-0.0560537798830948	0.309629724583902
-0.251338374685322	2.22342667763685
0.313864244100298	2.16868300040666
0.283345444410966	1.47866209649333
-0.01028773996746	0.0250706637118152
-0.0743172903173001	0.177721651810773
0.615364182843287	2.4929922732016
0.556042667339227	2.22594206912714
0.373832026269108	1.06427586310829
0.262543465553722	0.645406274914398
0.253301440708565	0.566206630158235
0.217765438059409	0.574378358982321
0.206307852338483	0.505892864327744
0.131194741111543	0.274191051360811
0.269327194052705	0.576381616022086
0.185680318791087	0.349866793359479
0.345187592162001	0.916273116242755
0.0371135288084528	0.0558949731308927
0.539144695987729	1.4361450456761
0.204714078160981	0.369773163091732
0.305566942314354	0.576201607627888
0.337430115408008	0.64593195591943
0.597438863661011	1.32427118237982
-0.186138067386958	0.285245685376375
0.0717608802025158	0.105978281014413
-0.038697013596252	0.048360922074405
-0.0774619644551497	0.1022268034931
-0.14800180392737	0.219455925457586
-0.0458545449127023	0.0585839868688826
0.0426957779219239	0.221485767793623
0.308590252985244	2.77398720252074
0.214569419464894	1.15664284654631
-0.0408906596548019	0.119517631266976
-0.00698319613777277	0.0160722292256616
0.666058184622319	3.50569046841419
0.517105589305012	2.17021350960704
0.567162846704833	2.1761104984993
0.249800427311487	0.64867629871486
0.208691499516971	0.483813065909357
0.335768126895102	1.14280884691757
0.442714179136529	1.48053847440307
0.36211951053403	1.06203114136314
-0.060357385541537	0.102786278281858
0.23688712005472	0.509124666316013
-0.107639529053044	0.189396119150596
0.218751579068026	0.474110443110869
0.0248936246630344	0.036145717414276
-0.00849235936422222	0.0114341049664945
0.344159311852425	0.655372305235655
0.0955903776095989	0.143251023356359
0.526788397957081	1.17918707873641
0.111668320270599	0.152340161190603
0.00994107500281718	0.0125325584946556
-0.488992112209368	0.975495985762963
-0.0775319823061318	0.0996585463995175
0.275718108705286	0.411532043899516
-0.467632951498859	0.908877105403113
-0.123615298761718	0.158296685451748
-0.00430017928570615	0.0181209117201484
-0.215468417968708	1.55761593704286
-0.41937754168397	3.27562569066316
-0.504428146493344	2.79396020522427
0.585990071655192	2.84203838885325
0.250311933651617	0.795884882781139
0.447839584709624	1.83949659207372
0.219412405948856	0.597280542729664
-0.244709206390109	0.511647632736843
-0.0130735040348576	0.0256715071712226
0.0613662487289432	0.123550053293219
0.0965928243006228	0.189159437238502
-0.0742426656926594	0.1355566170761
0.148895642704413	0.283334410639181
0.0631787264423047	0.109065783403714
-0.0426616148758831	0.0713581951946999
0.284875896852703	0.54516567254121
0.565353762253684	1.49997975440377
-0.100761866163495	0.137505671412186
0.0478098891675753	0.0606740410327106
0.408109931686044	0.824225855233368
-0.0728915234745843	0.0955504251295296
0.231491914427371	0.370353348544373
-0.043966868831034	0.0529287776304583
-0.412462376465381	0.780983519858226
-0.109819432775537	0.153675166722202
-0.0548332993727957	0.0614048633420185
0.0568206933719149	0.304614855820845
-0.0302188269603509	0.116449176368002
-0.244984773669187	1.15599650282504
0.478395311887457	2.37998536570076
0.557172990899549	3.52190624619056
0.527786187322787	2.74126260562695
0.182366411056273	0.571886552117818
0.113255792874234	0.240932540351134
0.316791415869159	1.33372634958389
0.262262094182237	0.819376681004144
0.379175905499647	1.34465320035991
0.228366601785072	0.580180779825124
-0.0522753904162104	0.0973618843157274
0.393153227859283	1.25425341594451
-0.319977944250612	0.81629726116131
0.196493635826775	0.379275466683434
0.330710638089413	0.609365412687905
0.0413700981043996	0.0572094260303749
0.0677826465509989	0.0895838275006859
0.224379909885468	0.358697921503999
-0.0619093268866899	0.0788407104392775
-0.0865313352879208	0.118917855488524
0.052670530043892	0.0744051234309091
0.222534032645056	0.335639341845376
-0.0657133505905384	0.0816921958573823
0.435520498049389	0.980738488636573
-0.266855072755331	0.392972360306337
-0.271777997595147	0.378397434739796
-0.241037931841881	0.328350349492664
-0.00679509782399816	0.0291934944589277
0.110178834249542	0.571035955744634
0.672427816434224	6.09675561440096
0.607202230250095	5.60070315160823
0.501478403554958	3.42117521041376
0.0687188812926148	0.218926431963849
0.235799754018722	0.68088328443727
0.13848934509017	0.497401133035692
0.21304667366643	0.722515136066541
0.418407578716803	1.83283567269571
0.0350240154508257	0.0715268456089783
-0.120803018760151	0.285353108592155
0.231085774049645	0.659709287229291
0.159740528182431	0.38997018515556
0.18120812638463	0.320197662207741
0.225265210905505	0.396273466349244
0.2118159703334	0.333720140347758
0.746930063915725	2.08169066368986
0.617453737425503	1.41532107824747
0.157018837598455	0.209106034377612
0.477996674296971	0.948116207698627
-0.0724539401406191	0.0968053561772123
0.133306444775907	0.191461796386107
-0.2354106867684	0.361090798844675
0.116992791403158	0.162086374779742
-0.234922830423651	0.285528878120684
0.225133024513665	2.35888771084077
0.297185249285752	3.2632729423868
-0.510961763918059	5.77290580369014
-0.088369474198153	0.292447332116526
-0.493903668231333	5.1352360586987
-0.730071814583559	6.75031861740827
-0.403438365755366	1.62093114480065
-0.520437901432523	1.93811667622963
-0.346251124500724	1.69829517281024
-0.211518891157634	0.800070431080514
-0.284773670282419	0.723606349021185
-0.0788787875116119	0.138544819975984
-0.283693802710613	0.494720220411609
-0.162184564106221	0.192990225923492
0.0784873790216507	0.0796811102838192
-0.285147566999226	0.323943012375064
-0.564941430789155	0.85489876996757
0.181695153863543	0.200314987762395
-0.474803731387411	0.764070705260694
-0.015448581353786	0.0204797901873503
0.10192135401652	0.135340992858803
0.190929570125505	0.251921706056889
-0.667078004265341	1.25499911646174
-0.143855671578296	0.134834278795066
-0.55075369628925	0.707994120801214
-0.018141625407605	0.0880843447317079
-0.0805104008004254	0.42938377563495
0.309478824940611	1.84053973532244
-0.43729620367933	3.24026384118667
-0.259253354647567	1.75857207278692
-0.0973995464350841	0.316386554499122
0.299944086510501	1.01200171899338
0.430210678519884	1.48932932963796
0.107282025492182	0.327726227231872
-0.0147794023987951	0.0358598003470703
0.269227970139092	0.608137841724121
0.15689517478991	0.317148088977903
0.453898915809943	0.806293547663108
0.799482578061563	1.62681588988108
-0.240059383841926	0.330317023256317
0.348993810874205	0.477340014740142
-0.266700762568498	0.388586881084213
-0.147328709405681	0.144085416835105
-0.1033540081857	0.120431694392542
0.242024084764194	0.446544976817342
0.172399497750566	0.242036585143948
0.361854612854245	0.534659568287745
0.0798124130171952	0.480086505798463
-0.0649976252892851	0.288072259120158
-0.560632100921476	5.48510324553181
-0.299237002577634	1.45365340574844
-0.398084766932508	3.1218099772133
-0.163146341067441	0.622702956071925
0.0632249730827413	0.166645327994025
-0.00141476983294815	0.00313286227089045
0.0102420345710204	0.0228179063495317
0.172413357204938	0.454875654311188
0.287675213202159	0.90583680195984
0.268531217889969	0.668361867465816
0.370643722364072	0.825074580189255
0.232336876877929	0.44710803484703
0.197246323279028	0.326687490534839
0.0707338979533956	0.0918729316063477
0.051535413935039	0.0685928251892089
0.0733347658123678	0.111258830593729
0.0107212096318696	0.0144929690511488
-0.0898709690555206	0.131954940130106
-0.255630164930049	0.453852265951577
-0.194340222298244	0.290114647167221
0.055909040142894	0.284020870952657
-0.234809729783348	1.56969800593937
-0.140688298308601	0.453753267412618
-0.0658528697769516	0.253270409322194
0.200626892274626	0.999964652025629
0.253137441275778	1.1448705582293
-0.0241423744163245	0.0554322725040035
0.0437865388878114	0.0958157849224131
0.0609761862601916	0.134858020679252
0.182259466133774	0.488854339192452
0.399254178936818	1.14752236889539
0.792473207437914	3.04437437918259
0.349051388119748	0.829344990690463
-0.0134447826407257	0.0193918832717188
-0.00442123637287238	0.00604684185529731
-0.145181303302832	0.229595988786728
0.041565445181538	0.0547366891891568
0.0681070300336025	0.0991434352320374
-0.00366443933591689	0.00447507940732006
0.040510324389399	0.0481949896464473
-0.0527725224061055	0.272869705222516
-0.0837680744596698	0.416102774947434
0.0270176869215671	0.109129425911933
0.311438780683151	2.18205823592148
0.289728824670683	1.5096360556494
-0.0733860392351823	0.226807583737812
-0.122077908701702	0.369854462040382
0.296584975931757	1.11517769557758
-0.161522689984276	0.441881558358962
0.295377634376253	0.767195320848781
0.466247926280846	1.21570882587221
0.236885661963256	0.442677872831503
0.540138379727158	1.53453994449124
0.33682333100134	0.66468142072642
0.0164913170391067	0.020356098726317
0.562058462772554	1.40934159185985
0.203329175916975	0.36019681600895
-0.25898176940762	0.447219239937462
0.628236469948512	1.49763231619302
0.0551896897590953	0.063998738455152
0.0234122746484764	0.118439713275031
0.337743784835115	3.5413191120983
0.373299936698844	2.19854111499191
0.0184399066027713	0.0385180823744158
0.0211053029379008	0.0587073912178885
-0.0983619268282068	0.349813445791823
0.449124838213405	1.44465563600153
0.134629462560122	0.28926443665776
0.591329795113512	1.29681759597222
0.992515861496489	2.57237967059899
0.502840451080017	0.880227785545483
1.06492588839262	2.24891860222494
0.129188566263598	0.132706736306128
0.271088461445642	0.348623010428513
0.136679722171715	0.146258453783122
0.185776931535702	0.353285027010185
-0.231374172208548	0.440348645548796
0.44708610384833	0.769642696106738
-0.31033840323008	0.392379652607318
-0.303763730344016	0.261989559274297
-0.170025683517824	0.156774962397449
-0.672981916421182	1.05417473436908
-0.0687835123401336	0.0539600998235742
0.089371320558042	0.074610926958813
0.148660713964506	1.21569849795021
-0.130467265043079	0.779282591404532
0.0000209544523718518	0.0000551636644240228
-0.242136352206548	1.2800544424976
-0.182871026266916	0.817234034225798
0.132051852272827	0.477125910597565
0.0820484211848664	0.244327711556121
0.323374088067676	1.17235084144326
0.529252946290037	2.15215131075593
0.436728358409535	1.42171494615608
-0.0226918429274223	0.0390409629064916
0.431157034086519	1.29147982180664
0.424318300277503	1.17318806963631
0.228906118854953	0.541691235868784
0.217179744942189	0.444269558270123
-0.108073823362048	0.195349894715121
0.113899019192148	0.196885842363693
-0.0498386077373004	0.0742826572553768
-0.147921427803789	0.217074776088108
-0.183783546566607	0.28951706029647
0.27656844898919	0.532388430223575
-0.192721454345477	0.321801283887562
-0.293509620578163	0.495646466413297
0.00921140197943209	0.0123756809665596
0.203455183049591	0.304718644068067
-0.357525656805878	0.623342888101467
0.0723954443233538	0.426095659697682
-0.0438693509870989	0.19649478862835
-0.0836571366912633	0.312339642132992
0.177083472510376	0.736292980637341
0.31994840785041	1.74259235923234
0.307286997490018	1.53221846570662
0.63375852460978	4.15438938947596
0.685842684944641	3.91017783753918
0.492426854733698	2.0978304664838
0.25087890102723	0.73017288168044
0.0351477025226718	0.0640260234733846
-0.309658653264774	0.88918754761835
0.325498755717571	0.879428742829394
-0.128606535575262	0.245504565925139
0.095806421828993	0.166254789672139
0.0727771417457076	0.129038599862681
-0.0551899676152484	0.0879265317799601
-0.436982588665185	1.14540161939265
0.0246458412217919	0.0338270752256041
0.0366035416195609	0.0532409500465986
0.0699143518757008	0.106300821557184
0.175518102737806	0.298260968721028
-0.0235133860834998	0.0324385257000779
0.0757202510573644	0.108494397729666
0.489427754419688	1.08460848665681
-0.0497118338535443	0.0620520290130595
0.0702039401057101	0.410013920662872
0.228625251423144	1.66916907868551
0.571368013714153	5.75539091231797
0.559598296647629	5.37623589723159
0.282246079140501	1.56551095440311
0.416376413673212	2.31320982193177
0.357299076564465	1.61023372903926
0.28154648666283	1.00169812625745
0.147000628489632	0.378488905954266
0.365163025894206	1.17268302937516
0.235774836740319	0.655019947745713
-0.112843046467367	0.241836772922055
0.0450514714245179	0.0767721221411341
0.204843295525649	0.449979828785006
-0.253336671509713	0.623796392418944
-0.094668471992427	0.175732957017901
-0.192215818486857	0.375302142533935
-0.18602735950502	0.343223878964788
-0.0804119413701397	0.132817930640291
-0.242280793931843	0.502724464885747
-0.270223833863168	0.587391741184573
0.143124012291552	0.269230608540729
0.23973814494046	0.451291631810151
-0.167489190361529	0.280056500615135
0.240473085894553	0.435703783844812
0.582605912976384	1.45364205013716
-0.359307760337787	0.643287159751345
0.158576028010527	1.27898252983027
-0.0981799880966087	0.59366396307618
0.20721603032696	1.2134966269134
-0.395789769691854	2.86731609438748
0.0706276778582542	0.179501275202489
-0.0161928307547787	0.0310231044114096
-0.0177521250149482	0.0319197082709114
0.0677519857168945	0.123707363405391
-0.131088007515485	0.241984688441705
-0.841221710643477	3.33759970908483
-0.486762937037632	1.42402958675208
-0.355468667289987	1.00736886868749
-0.213885092538205	0.468379417017086
-0.755765991651164	2.7564591736256
-0.80436092447729	2.90017656583331
-0.0391890064281673	0.0527453747411664
-0.0685831352781211	0.0970160175144373
-0.210049748892479	0.304617611695999
0.10258582439813	0.13717883595426
0.0567167401663958	0.0723365151352749
-0.206910539538997	0.319016081157439
0.278074176154358	0.467089782909113
0.0153364027680816	0.0166441160295975
0.00250026723605145	0.00274995777659864
-0.21530735278836	0.264215582631864
-0.230578342921495	0.319407315183505
-0.24531382130138	0.336731421945563
-0.0360722693443649	0.186728468040529
0.240458241580336	1.83375394137226
-0.483479606783475	4.32488462698187
0.0670674747359933	0.166296621500666
0.252716405608528	0.753349348482491
-0.0441156519713749	0.0807097335929295
-0.186177754672792	0.425638945303892
-0.448383626779488	1.32621352880053
-0.0951947724223644	0.175637031305204
-0.31682231322828	0.775617836937548
-0.291700069634041	0.898698250620111
-0.395702596652441	1.13868363740941
-0.0700455668508664	0.121407902506317
-0.22590212026607	0.428224150631593
0.214648448649704	0.308285132961156
-0.120707621679726	0.185159967214182
0.429055619416693	0.780491829117987
0.0824659461788897	0.109079010326549
-0.151832254904227	0.221634557730024
0.653780121129412	1.55284522019451
-0.400771848481258	0.780469045352407
0.122750743971632	0.149594683164291
-0.245428856481358	0.358512720493381
0.134531828923321	0.181419686808781
-0.307306240937132	0.460821871336381
-0.0159630826851356	0.0180586720795751
-0.295300683543632	0.412454340050893
0.0661946843231426	0.376226749250548
-0.168863004317662	1.13168163901566
0.15073794693817	0.648890751159551
0.231263995786617	0.934987417900251
0.0530965355362374	0.12630123114832
0.118803106265418	0.301927535724952
-0.27750031461998	0.897679890348994
-0.0507415145615342	0.105311847050803
0.0575678727442308	0.123505751330135
-0.270854439992823	0.766659003895828
-0.254365699476783	0.681351175064845
-0.182495908656548	0.458403535002223
-0.0399797079119246	0.0738158016571182
-0.128366825960102	0.248889981234511
0.0152081820051776	0.0239191339544946
0.226623309836252	0.460813262642752
-0.06522458762777	0.0996896181932592
-0.125889026542664	0.200750958976898
-0.183603456037164	0.337493623188507
-0.123505414709989	0.211016807609504
-0.19662201572184	0.369174529063194
0.241857241627466	0.448150989832276
-0.42334418126394	0.974589181093515
-0.0588293287877642	0.0793621972579834
-0.0798947999415692	0.110452711882704
-0.315180544138128	0.635976248726302
-0.415499499060485	0.762065313509596
0.0422934367738952	0.217969589924304
0.183570964121182	1.18406968921298
0.579545625296536	4.97969273614807
0.335041552845269	1.67414045292722
0.0474423740826842	0.123272638166858
0.121870979946892	0.340440398286811
-0.547531065718247	2.64528558003882
-0.435660790534951	1.97865333589489
-0.171545915838136	0.447297793590197
-0.356410144856434	1.17568854291356
-0.520788448148209	2.1516917763691
-0.0896387103855407	0.194873173235511
0.0723744986376737	0.137224955576902
-0.380155049920951	1.14766312200062
0.0279133110769994	0.0430299711943729
0.112211878387188	0.189543416978696
-0.0998454018008457	0.180785004656138
0.15682285698937	0.295483900666509
-0.314553405204645	0.643031719211559
0.104474673160771	0.177121174594046
0.198487724389115	0.377340585101722
-0.0770548855831788	0.11850773348903
0.144763758946094	0.220810576453266
-0.136183258315729	0.223934489401138
0.0186183772152917	0.0260963608148586
-0.306747158957487	0.592438180426109
-0.358990777408907	0.75608774608992
-0.480525975642866	0.973247932016174
0.0651122304657687	0.361300325465336
-0.111781934417761	0.600822475693725
0.00728347173983838	0.0214317150409825
-0.190883234563592	0.829826543474561
-0.614319525245701	4.29572448314486
-0.43066674925144	2.3133003924857
-0.284367534313735	1.10124942457177
-0.479829959715733	2.02183821253281
-0.357173473749806	1.18592636366054
-0.356841765172592	1.19632842271263
-0.552082443546055	2.58533855059428
-0.311341611485277	0.924136974872862
-0.024704080654311	0.044923095976708
-0.117515423767888	0.215170007548245
0.356540692272313	0.97551875185316
-0.0358430547535951	0.0622923982922128
0.0692008664990682	0.126673285309692
0.069133590544945	0.128255175668195
-0.463035185052345	1.31867349942001
-0.166802589975526	0.313024782302535
-0.27322573719629	0.545419977909383
0.174741063977292	0.304857229433582
0.00169936806660506	0.00236261103577897
0.152899824786467	0.285613610482191
0.0382260821567289	0.0527077825333661
-0.245945808491999	0.472777720017575
-0.347407790652994	0.772380666567498
-0.199887302803396	0.379920790190718
-0.144246356916661	0.22419422956832
-0.229054506686702	0.362670072192579
0.0675816174249123	0.383508170855103
-0.089359596437448	0.451443195519029
-0.115990384449215	0.492695248972222
-0.477753176118734	3.57019312507048
-0.553373083114843	4.07201755793315
-0.686131372822577	5.26705150251402
-0.307044580142187	1.14428247984304
-0.537648587821358	2.51103652765777
-0.41839824473058	1.80025804990687
-0.764530011763104	4.41879483438045
-0.0781945734318007	0.153399519818567
-0.00753959853417169	0.0135209578704194
0.0701500854368533	0.129249609236507
0.172392470117322	0.393362926905946
-0.0624692687502477	0.114977111245051
-0.067193800075591	0.127112058159468
-0.141411632172158	0.304363353008214
-0.172178924590521	0.342271853440483
-0.0129503321259683	0.0202780238576414
-0.083326917387346	0.144005596246887
0.274797968308614	0.577489803252035
0.0518076926888568	0.0740537924693215
-0.172971095837024	0.319684068551802
-0.692849268034479	1.88806536798635
0.0564055169574421	0.0849047960322601
-0.208459388646814	0.38517935459077
0.132950299958394	0.228846793741885
-0.11262894784899	0.170111306121242
0.0316605163254797	0.155161996583509
-0.062683077559077	0.293466869633674
-0.188284560465112	0.969303792690863
0.0120301658787233	0.0341857951894143
-0.292728717908327	1.45587054773011
-0.19149644223656	0.615129194231059
-0.382276474901337	1.56540163345536
-0.481303331732576	2.27388570854102
-0.342188009560187	1.28061484629584
0.00651930311735101	0.0124770915202428
0.248840182166706	0.759253162675381
-0.21932299619516	0.537259961274755
-0.320509736707579	0.897777324813502
0.308788304143903	0.942606361012644
0.3144899376267	0.926920835117563
0.112535997450944	0.230678476343581
0.393271671659451	1.06065325857853
-0.000401658750885773	0.000660615615379767
-0.129775852943251	0.225291052090793
0.309080850161157	0.722150409909474
-0.23058277339375	0.468202032667266
0.0915763890508275	0.162563441858162
0.00820690348500893	0.0116584252144272
-0.0657351318373064	0.106493435225361
0.0662494752264826	0.108219645419338
-0.441418778892037	1.01770280748555
0.0683725439518173	0.400552054330362
-0.12369262473905	0.718566715999455
0.0725005929725047	0.27111918341716
-0.0289579439889736	0.0869676292275583
0.181848835374058	0.61967282409841
-0.169393579025948	0.524520731270705
-0.0714643541197215	0.184886532985683
-0.22078990913071	0.752080443093404
0.40006729247435	1.70450187322081
0.396034603633391	1.60281873204014
0.270529041653983	0.782679548776285
0.00648223066473462	0.0115839783882516
0.169553954477666	0.414443075664515
0.0768632130217366	0.155085462954754
-0.271083154874276	0.755222438389362
0.386075466115944	1.1433374024694
0.244435501280877	0.601961210120614
-0.489089374956514	1.53278741331549
-0.0728700703837904	0.122615305775272
-0.139129297196292	0.251079245637011
0.268291869615552	0.597608920342761
-0.237550498856191	0.474496294786718
-0.206660278322821	0.433600618412086
0.0260749163640631	0.0378173748595919
-0.194709250792965	0.381884345469612
-0.161295695562578	0.267885943139053
-0.206495518530047	0.310656774366343
0.0622016257840656	0.348886850858889
0.0588095999617573	0.267609317029958
0.224060505479773	1.24843882008902
0.142366449500488	0.484636326234028
-0.261776586553594	1.12813394628429
-0.0789476069026416	0.212033080237384
-0.0963258913645047	0.274104936160627
0.332276104565038	1.27866560146817
0.113015703239679	0.291232013784498
0.228410006827638	0.64466094069875
0.0752478418868976	0.15714814304708
0.401813456424575	1.50308449961799
-0.188159277043834	0.46394984408182
-0.0414619644600882	0.0779944489158661
0.271681490243397	0.64466621604096
0.0963571578061845	0.187369034971741
0.236385703914466	0.511185028603188
0.21679994748838	0.419347568143538
0.256920043124414	0.493252489240168
-0.200435644945439	0.421926907923774
0.048642459032608	0.07177743970232
-0.0833472462685344	0.145717423176748
-0.0304537252298698	0.0453554432779575
-0.246794681227083	0.486453895451442
-0.366696406299897	0.741238606722329
-0.180272640332959	0.275480381567009
0.0815100117999448	0.494838770736596
0.0821447176242991	0.41720227750707
0.0231592598130779	0.0701526207386475
-0.0657676285504221	0.209165147644688
0.143503131222216	0.538928462012322
-0.125862734554086	0.442671722893135
0.449522442755972	2.34239860316924
0.564359832362406	3.2556878484817
0.27407544277518	0.892958109427259
0.13304891303729	0.325971278696131
0.128468060869323	0.309187076776229
-0.0183753203933135	0.0341693587491958
-0.130461484664119	0.304504306831358
-0.255420218142851	0.669626459634855
0.0502380497564836	0.0945343434511865
-0.0444079000450129	0.0789678724978485
-0.166237175230774	0.337641985811628
0.518597515496355	1.52481331854867
-0.433914482725792	1.25015210197547
-0.103392279804901	0.175228053717273
0.0672895128732156	0.108486733201034
0.0807360637816122	0.137967344890865
0.173791660688221	0.324677655677338
-0.294199882509268	0.638546023801831
0.0708268336429889	0.418897451466831
0.0125734850271296	0.0476714539532669
-0.0973894840974732	0.429490858114583
0.201523532539857	1.06145444030096
-0.00987672602195328	0.0278883937502202
0.174817885533302	0.645601402722165
0.297286851725741	1.22798816286705
0.311084149690167	1.10503417047901
-0.185592454958161	0.51019604198791
0.130930530235793	0.326632987157301
0.00642785167126225	0.0122333723705238
0.197189341374722	0.54070793646113
0.240366349209859	0.614002514967499
-0.36172038553131	1.12607755962967
0.109769477217369	0.211571302673995
-0.115372440233459	0.209899710939922
0.224017512630666	0.50174831751806
0.141397781621986	0.295933594722709
-0.036212467737585	0.056396893838185
0.118670468254641	0.226485966639455
-0.139852637654269	0.291122844343517
-0.167067829133332	0.319452616224283
-0.00459045270282501	0.00646414860973711
-0.601494391327826	1.43027039964308
-0.124543541051991	0.178726094573682
0.0124761306789985	0.0570198273060278
-0.156927745835006	1.08341455472
0.273159363186745	1.87604288912752
-0.0567955243330189	0.179215819677477
0.339270330777509	1.52323005790516
0.00280331821488589	0.00587827925834524
0.0404581830433006	0.0840416204255452
-0.001086856638255	0.00199399228092334
0.0245542356596613	0.0465899651885601
0.183007736332145	0.433382462641123
0.124272506511324	0.260808593124018
-0.177345918243597	0.383233017918023
-0.0828869658238147	0.153729626200316
-0.0903418071016888	0.166021026373631
-0.250935940946874	0.536515823864654
-0.284764090256783	0.630410716320422
-0.169391663963441	0.324304342309908
-0.220284347168506	0.423109088103529
-0.207849856245249	0.40036183723268
-0.767150977566057	2.51071661529447
-0.245027734761912	0.485020083287369
-0.149235636325949	0.25039632841676
-0.308639204139751	0.542310465236263
-0.26160116598685	0.528721024717521
-0.246020619795153	0.45692883075911
-0.154268204592361	0.246952842557734
0.136561065859568	1.02365814507418
0.0558747427115917	0.257637314443629
-0.182240181008073	0.906016189016384
0.2932591396275	1.30154375693892
-0.0681736392254697	0.169978593411654
-0.210946351593326	0.654116361388951
-0.0848678407536012	0.18870497795075
0.166333402032776	0.427584312133297
0.0179813339457683	0.0341686583872264
-0.139651019393792	0.328418067670076
-0.289129363121149	0.765286351989207
-0.0744097550641848	0.135270842148349
0.12985367540526	0.25168184028301
-0.807975139470341	3.08893184116868
-0.267267911953461	0.56132965296745
-0.327385946141342	0.794593403311479
0.0725694057305451	0.110800524785571
-0.36548059225833	0.813315891406549
-0.415998502040189	1.10097402868396
-0.600165084658803	1.77751294513923
-0.850770418521964	2.94981774337434
-0.172527446846201	0.273170476617368
-0.399350915237298	0.960796735453701
-0.108003126753677	0.152257525012467
-0.312829383577679	0.605669017191837
-0.211048772344513	0.327110182841301
0.0535487862120966	0.286409931237966
0.142172376223321	0.8299990488331
0.10348332032585	0.376568753916558
0.2487379053893	1.11858253510002
-0.0128902496975261	0.028328076329294
0.0607090126479596	0.14270353787191
-0.244444830281679	0.771155116563644
-0.0211885953380155	0.0420800467348693
-0.0668320932316288	0.147372290941707
-0.217096919925781	0.559576509365541
0.189444560625299	0.443093999057123
-0.00981743480021198	0.0161314567120178
-0.0871006740836766	0.143454011923459
-0.326619798421262	0.858845133136746
0.163493532551292	0.343773675258602
-0.0780075460913037	0.129434571698849
-0.226851328021137	0.46648877221561
-0.341308994071333	0.88032668980516
-0.503292788536836	1.53896700379601
-0.295544952259741	0.671612731824532
-0.360115223140996	0.755624010044372
-0.645182470789562	1.65388889492261
-0.723481717811481	2.22258387772579
-0.23255918514046	0.418968531761163
-0.367472265801772	0.6944124974976
-0.163156236742821	0.188274538671302
0.0844741239119711	0.504883808093643
0.104243303793566	0.539144071153554
-0.0305007706749737	0.0979466547841913
-0.193524211608196	0.760997590367557
-0.150607832993917	0.498444811119978
-0.332174384824392	1.39342012990796
-0.15592011426836	0.485402875683541
-0.450570595788772	1.968088170291
-0.150462369615445	0.385756558123545
-0.181170209357757	0.492373144125147
-0.453833516485728	1.63505413971353
-0.554161243198432	1.79875873611277
-0.210864467404605	0.498925618447801
-0.127630761543914	0.266446315286004
0.0388773476876275	0.0638563317825029
-0.504255785056277	1.50605039063651
-0.650151698834385	2.41268251605857
-0.482058060915464	1.54800422274645
-0.474378138077586	1.30757218098045
-0.134626048394686	0.232838606318709
-0.583142952523751	1.46962959104003
-0.576103246981892	1.32988612942153
-0.674263097943262	1.63303103598336
0.00336744914844043	0.00383976029199427
0.0590798518536035	0.317558747402436
0.0042397244107688	0.0154570574821315
-0.021449516964352	0.062517832059435
-0.0910842800059333	0.293335931446729
-0.0872887583281097	0.259930355599717
-0.273200001989888	1.14208560730569
0.0409833970982011	0.0954836514527775
-0.334617935219445	1.19168438093207
-0.332066735967266	1.06491959651062
-0.132026707252859	0.313260826659301
-0.0615217510217558	0.115487575535733
-0.272277490015703	0.707418005617254
-0.546342959205034	2.08765234385906
-0.328998742292566	0.811778578824193
-0.178136335397089	0.387669768086041
-0.679205133038811	2.58277659350339
-0.443057903976545	1.37881906534452
-0.359816908452071	0.877632726226421
-0.0492052698669803	0.0727027632412264
-0.350035066004405	0.705072660365293
-0.133302998286242	0.178296744458018
-0.407324418598577	0.751992827415925
0.0453528811937198	0.0499933840539385
0.00259370237273981	0.0022572664096395
0.0883579414719289	0.544047380536419
-0.00816585063983333	0.0298631863395565
0.000639815624295014	0.0018708449533001
-0.0689545065931434	0.219558709618051
0.160213989125044	0.576642528571824
-0.0776167357595854	0.215113649324947
-0.439646081240458	2.02477817232111
-0.124387826586408	0.33507683228994
-0.199082389515791	0.565729468820125
-0.275112124075312	0.822561480123918
-0.297509069834786	0.849218376749103
-0.0447256230476054	0.0889880911021997
-0.478739301085455	1.61666728526625
-0.144462434682102	0.315256261215353
-0.178460050209868	0.418151298298345
-0.644688218618591	2.78692755276935
-0.520307126211984	1.66822926481756
-0.172733661110888	0.32137805833203
-0.277684539758958	0.583447654905713
-0.33050589606972	0.675367892784987
-0.333380927807923	0.627750457915797
-0.0170477089195508	0.0198194769997641
-0.120685653425271	0.140315843908417
-0.0347658859080345	0.0315816291966275
0.0953281704491342	0.582602403744818
-0.0825757005820356	0.395188146345865
-0.054295302486907	0.184647169363413
-0.0794122339537112	0.24731205190218
-0.0637229161450177	0.175758617806628
-0.280689502871471	0.998105856347523
-0.344356529147954	1.30682467814916
-0.48118902176247	1.94908175477053
-0.162524561599603	0.388470284824015
-0.309453601851632	0.872966828412054
-0.186846693508028	0.471275097186929
-0.283160554606838	0.696656128782241
-0.384668667359791	1.17010559322997
-0.432360928368568	1.4127204976212
-0.527320216760672	1.88425552799662
-0.354909821925652	0.852454876811926
-0.381788760962821	0.86348033968171
-0.320416597623667	0.661878591702536
-0.761948863552973	1.92747351813216
-0.557369533306295	1.17421037605304
-0.217995508951308	0.286002337820996
0.309150438590107	0.403407474326151
-0.459897036037643	0.540672664682253
0.0439990605204463	0.223303986037983
0.0539333694887039	0.24030846214212
-0.106037441660472	0.439535993066775
-0.0758105638844561	0.241141095951157
-0.115475970605065	0.358618625611754
0.0486841807541064	0.119216077791682
0.127540908830059	0.350863628043625
-0.190605847598258	0.532704187572198
-0.0573801975146776	0.117554235983692
-0.0508021521140001	0.107125359103641
-0.26429106163453	0.708940883514206
0.0276906475459969	0.0499922045529198
-0.398231264803147	1.30350639012034
-0.0834318290642564	0.167472097099309
-0.206796708266395	0.404997071751217
-0.187739918154336	0.326516019638356
-0.321612431951301	0.701973970092176
-0.159864737249817	0.249588337876635
-0.445734686777107	0.962463677116099
-0.574073206416867	1.25532797121481
-0.38244286964629	0.545309716866005
0.215337329083175	0.228027864907925
0.0887070659543109	0.552327886098519
0.0102096116067899	0.0393927123583553
-0.147025567988722	0.70666480852885
-0.0884340073496318	0.288213832005259
-0.164171047218613	0.601540308252322
-0.249741995622013	0.98001079565638
-0.268266503082642	0.969591716711043
0.146937034795233	0.403582547160505
0.0490129798438007	0.111036941945645
-0.256005956978621	0.730567386923803
0.0329021900399585	0.0668366643471987
-0.438182069626274	1.78188335907901
-0.429373921630601	1.5657234837465
0.143008011525977	0.293772338028887
0.140213162742029	0.252572818631818
-0.408472888549808	1.12085699529401
-0.419763684315239	0.912576126960705
-0.474763808545886	1.06621511523838
-0.126688459284926	0.170528827039696
-0.246031616042805	0.346618139139359
-0.177786537520395	0.198383297817654
0.0703637064143034	0.418060525258207
0.0597481249046888	0.28482003505984
-0.0928162702463129	0.363184763186861
-0.138784988856244	0.557890642199983
-0.0767035536141035	0.237881121117085
-0.139398709498055	0.435176931630488
-0.0496099193439744	0.117487718084992
-0.0508984768890473	0.122500817757618
-0.323795121621023	1.15498995704545
-0.135110881630873	0.346272388810399
-0.501375531408346	2.27663406044416
-0.330804398405498	1.12668512490065
-0.309063767158529	0.958678992635851
-0.459065202840055	1.4563698389614
-0.362878345662425	0.98850930696391
-0.470701628317928	1.32178843198544
-0.888556743166638	2.86326544292737
-0.291510327813408	0.557513738466977
-0.706927545374321	1.6335513062314
-0.0294427255502853	0.0308735479919338
0.0610959562051005	0.34818863388074
-0.0101282472972564	0.0387884209653838
-0.14236578625061	0.677607435803298
-0.269903157148625	1.47192968082871
0.0122466566021338	0.0297984328052815
0.0318859184314981	0.0754039617221529
0.105208336550104	0.313566637644044
-0.168307827365023	0.501796551126064
-0.184114743809733	0.566481874976806
-0.333657824372684	1.37428720674994
-0.411494626574069	1.62449664983619
-0.228393593860645	0.599736161546008
-0.107096261882954	0.216246234008824
-0.316568814437774	0.816986337001701
-0.605825307969997	1.7628798824479
-0.112432833047013	0.18714820179659
-0.361955657302136	0.784777348849762
-0.0201276355589906	0.023951037464641
-0.00322619723830309	0.0137166709902342
0.0209599673647808	0.0822010799074419
-0.134888162001163	0.589547493012483
-0.0601545370486496	0.173991694102566
-0.352245913629326	1.67493382033095
-0.391064819279543	1.93901547353365
-0.167175681354672	0.487961240278846
-0.125972322013294	0.342582906300596
-0.303638344393879	1.17631772358663
-0.600001760408741	2.86296593105042
-0.0601577619275114	0.113524677447831
-0.408540363315171	1.15193501405724
-0.352605166066327	0.89426384384399
-0.159711873050935	0.303217172649159
-0.447081454123406	1.11837319331514
0.128082211247066	0.191802211356925
0.0212238492012592	0.0230392381897981
-0.392705213918534	0.564020225413631
0.0953067499109582	0.612521712636501
0.0527360046862388	0.235885429812073
-0.190235611629594	0.960545183896519
-0.185122585302356	0.780965247657663
0.0932457798002558	0.295036589784607
-0.306921215604655	1.2585935163309
-0.276000107411282	1.04977462531968
-0.384136604642773	1.74226727888264
-0.444157095295728	2.06015284751927
-0.190898964671872	0.527092210750403
-0.225761209853958	0.557103695472105
-0.515412459299587	1.83467099473453
-0.551476216472032	1.65818865290751
-0.363896719125481	0.890571302784989
-0.121865814921635	0.210769491765269
-0.0484705618522396	0.0593013896182793
-0.224130480970358	0.278164386429563
0.0908399925330029	0.574878226462453
0.0000569247617788197	0.000207623336606219
-0.0724404850334602	0.265822010524218
-0.230789837568142	1.12373078654548
-0.0205674613585959	0.051528225085439
-0.255516470674326	1.05463630010464
-0.376146482633451	1.82980965899003
-0.135405853808437	0.39111759292059
-0.197688817416854	0.529579721564866
0.0337131221892494	0.0605031743033154
-0.307516695231504	0.883733239487097
-0.747158750923797	2.73266589166748
-0.307650396206657	0.743789356495847
-0.417179709085557	1.01406534851273
-0.124982579153624	0.17127167602192
-0.326073930842468	0.521224784487837
0.0828894463791324	0.489441388319731
0.0130789740966982	0.0481050844237252
-0.213938914995135	1.11003344316665
-0.262305844290223	1.24582238970247
-0.262585721441454	1.11543480142989
-0.301490072764898	1.35796263814373
-0.077358350150953	0.197381832213342
0.147020029216433	0.396138825077321
0.0229579005926468	0.0401245217867531
-0.58241042278201	2.22607283627433
-0.158680010547905	0.29742773264441
-0.497942979451443	1.52638032647546
0.0366916196909681	0.0575328063048775
-0.0505269162032519	0.0639033328187099
-0.355853736150094	0.586503668883863
0.0349277515803099	0.172638367813194
0.0924306073647056	0.474559577672848
-0.00650445619712833	0.0190572766363243
-0.329285593519661	1.89941334756011
-0.280938230108198	1.3588871966958
-0.0144188209028874	0.0339296735133667
-0.00400408480603615	0.0081746427269833
-0.214467533421602	0.583890190343091
-0.467792505543199	1.69445826797858
-0.268425817303007	0.636190437055311
-0.459585019330988	1.44130707332091
-0.0827684867940949	0.134405516404279
-0.114261794076743	0.163956594586903
-0.558955423184925	1.09672031498062
-0.636218773955339	2.4510158491251
-0.0555092005599223	0.093244571466545
-0.0974691781709601	0.137337706454847
0.11383290082603	0.798762330491177
-0.0330861298751319	0.137279388647803
-0.083307467030469	0.342005490277506
-0.210869539661803	1.07690133592819
-0.101583078786904	0.341210084386523
-0.125049675018108	0.371912423012335
-0.0194698662918321	0.0417408495534373
-0.169634604544196	0.442803915004076
-0.333962311529649	1.00645685890961
-0.330882249795442	0.976285285549461
0.0958954503246534	0.166896001290308
0.167449075352586	0.275172438492186
0.0455104562097085	0.0558141411142618
-0.0706545792172298	0.134330676364753
0.0328033248849272	0.0478625631124458
0.0810079319674008	0.483055827743748
0.0288964600263265	0.119343038465992
-0.296086494354177	1.95042685340057
0.155833587812871	0.632583325056105
0.0360962014816395	0.0892143307201416
-0.119588445619502	0.305294132454187
-0.273378620651883	0.834005961921397
-0.126336916285876	0.278466336700995
-0.244143411779503	0.617722551989135
-0.0520252289434472	0.0898791689688488
-0.418319140631627	0.919800748935653
-0.413209387912227	0.852353389785273
0.0308478953824131	0.052052321361577
0.0974014225572818	0.13469170075651
0.0768578779629396	0.113832113910309
-0.00328957536159388	0.0142712987547286
-0.0450547467746098	0.200494956923187
0.17863310043128	0.897748030727399
0.13769416774256	0.504032332727418
0.0559866408917793	0.140790862282706
-0.134752843919677	0.372144331172604
-0.0891986500748261	0.194640759488578
0.318927539358527	1.01273651504217
-0.504203381646829	1.82277823665712
-0.0849036968630008	0.145132091313217
-0.303500912630651	0.503827648852826
-0.274665939120543	0.737932724425865
0.142553771775415	0.24883500203175
0.0642804565743533	0.367538127331329
0.149039920582502	0.915832570161275
0.230538349618374	1.25736736349021
0.131729270355413	0.449667775812307
-0.32418991626408	1.38986178579451
-0.0951475032090367	0.235941866365388
-0.0125186689213312	0.0258301730482604
0.185397093205024	0.469949554742343
-0.0899224913267078	0.15566514283
-0.129990550575808	0.222291424277808
-0.131357581490993	0.307050431271502
0.093556707858282	0.578031860882608
0.0148062301553359	0.0561860083827435
-0.12169048911429	0.480317882200208
-0.233945274779367	1.0194491916119
-0.273397698315473	1.08520623052806
-0.20441193425561	0.614688351885584
-0.245277263513206	0.776103700536457
0.11961158166117	0.212764543070164
-0.233239350213166	0.445458532918043
-0.0295000580515164	0.142878272681264
-0.149568675704476	0.925005684943133
-0.259701615876415	1.47274173965963
-0.413166134878697	2.70018191706442
0.00306733371428131	0.0077639593834349
0.0317037103736823	0.0787050195482575
-0.173534698858877	0.474221092454637
-0.292603777156698	0.885245901853607
-0.0199427559758439	0.0921187463554314
-0.138396382095256	0.787851801377726
-0.253424774585022	1.61080874542646
0.0896640611614803	0.332954703434199
0.0463359043320588	0.138086600387699
-0.0373863651519769	0.09018208475136
-0.275624207344075	1.176656094678
-0.0466515616401466	0.235844830127414
0.299559738279217	2.64864718869758
0.44407388761638	4.27826843238639
0.306946415961633	1.85814207631401
0.269731801485372	1.05174604800251
-0.0627365151434277	0.136901809115001
-0.336092723539025	1.99468202687748
0.062213930800898	0.373983467536741
-0.0580670546994478	0.295949395822731
-0.20001411103057	1.42916226704376
-0.282883154537173	2.21937332621147
-0.638126197563096	8.52799345944138
-0.694973727306898	10.2097649426891
-0.0109772261949104	0.0486700456820766
-0.168072194958666	1.21395175728388
-0.0641040246065863	0.271293554755153
-0.409824889100149	3.58704081495455
-0.199987823545571	1.29945323117451
-0.0463412587728726	0.251559761704871
-0.207581975205591	1.80596680234979
-0.430691380619876	5.15443073550652
0.163003468619195	1.06169330626036
0.00850968801786238	0.0373664152798848
-0.155068103599821	1.18452813022627
0.0318661000684735	0.165490462314731
