x	y
0.354225266080985	0.374607453094853
0.600920611004612	0.487242811438753
0.164787330475744	0.158630275836091
-0.166089228275203	0.214191207284397
0.321560765969778	0.416477536628726
0.327046168880317	0.484675928510767
-0.0527767782805586	0.0658173476314739
0.0384316790713604	0.0494028211213193
0.102559667184596	0.129762281885686
0.188900366743575	0.248552532601935
-0.103078837477567	0.141293358388683
-0.233792470479823	0.378879992046278
0.11040275708107	0.173414714914903
0.229189102263849	0.36683863204709
0.00856447296886951	0.00918331524135388
0.079048118685376	0.09186008061258
-0.668121479140159	1.8129410388971
-0.455157229072142	0.946996673859135
0.138953701385702	0.187334201266597
0.177658614314014	0.198874568252033
0.226017784726733	0.255825189478006
-0.0382664077295025	0.0553898930516067
-0.280589426003094	0.488306983044484
0.157223513349003	0.264180118939557
0.274803934282512	0.436079594483041
-0.189064686745771	0.330555306556146
0.0842209827124131	0.126444388741936
-0.388376147348312	0.749988495422322
0.208828097174946	0.285605433095447
0.518311640834627	0.772066891407255
0.107747739721072	0.15705097337947
0.187403282990816	0.246484061507643
0.66237597974911	1.32947364255353
0.223793048278111	0.206487627799138
-0.0857035131801466	0.0825061330021737
0.00699649261246843	0.0054918208335921
0.330497448844495	0.351328423264827
0.216769751246776	0.213864933223701
-0.307891129077391	0.459965893719737
-0.297667862760441	0.45917836092382
0.0978065174320672	0.1379827607655
0.37042905042686	0.761520538584364
0.0421620764061743	0.0503072796361364
0.13712808226166	0.202119686027194
0.170422100144588	0.253103315449121
-0.00379642918951868	0.00414988556349523
0.0838564013374899	0.11702900024814
-0.0196376343076529	0.0223540534696112
-0.0107874366252834	0.00914262806172766
0.411965295147005	0.24122840150577
1.31094569210176	0.966241238974895
0.435873932679729	0.364883872329853
0.171983353399704	0.201648505116509
-0.251263007866937	0.35299231480996
-0.0850879189517196	0.119175244053392
-0.232051779944565	0.47339191791844
0.0476369644515394	0.0706559889871556
0.107202242938202	0.134180242106755
-0.361023470722774	0.746898578671369
-0.248647726180057	0.422794542947204
0.00298094250143934	0.00377572325026878
0.00191649587087727	0.00248728577043091
-0.166634992097738	0.211199664296436
0.238548836547102	0.354635133795029
-0.306178992024356	0.554022387009945
-0.139135348270095	0.212603133241777
-0.0355395236292022	0.0416648993143171
0.0216672746471067	0.0177956376422295
0.560151799960079	0.367207393541816
0.111125013669286	0.103790496493864
0.304210701525833	0.129783465197827
0.736146243832611	0.309731576171906
0.37264486388784	0.452491939721653
0.293052441464933	0.434043167011176
-0.260198914030837	0.446341278234726
-0.371660394132639	0.883398189686645
-0.136110735102961	0.154972633544478
-0.09014857910445	0.099991604080254
-0.0443155462962645	0.0597369912590172
-0.0360328604012146	0.046442848207263
0.396833421566568	0.78558855994777
0.414519152328286	0.825675498725041
0.0761992533682831	0.0973527165240024
-0.0866664974689671	0.107366597058947
0.032194313763423	0.035820427418339
-0.099592486719768	0.134545251250167
-0.486240537114208	1.05723796478598
0.0581495388521856	0.0706629738672744
0.588519446240361	0.927860395481684
0.356316424842209	0.237616278823719
-1.09922386481143	1.65564703826769
0.409504111488258	0.242576898831495
0.112296369744834	0.118792491799736
0.433761200556498	0.701237327408877
0.0712026461921322	0.0970178272529539
0.0970137880034342	0.146002715926099
-0.0569521465391652	0.0775222135589139
-0.0328340469305331	0.0407561065846685
0.287077616292126	0.541887326713059
-0.130628350000788	0.157903725936631
-0.0166071848621383	0.0177316662520712
-0.796964863195445	2.28363703311481
-0.592528400822632	1.66007926888069
0.185052104881887	0.291175360221509
0.191065397875075	0.289307441967396
0.144029683674601	0.223135139697356
0.223638666605469	0.376419554760616
-0.361661079341638	0.614829914012505
-0.551913692992381	1.31457155655382
-0.116951823287491	0.170575810434252
0.183601497610123	0.258864609960225
0.075877736147956	0.0617129799118501
-1.18590926566179	1.53439174322888
0.336524997537659	0.356941100142642
0.0224139250438647	0.0148629867981352
0.26625767049615	0.388369419185286
0.0854712750374701	0.114086448097009
0.171836941558396	0.271787658667487
-0.160744966405181	0.243332676198515
0.424464986641545	0.805150803481635
0.314735140203866	0.580494896198527
0.369230452992206	0.774820965958435
0.109061124571433	0.124619793614253
0.0585997340672807	0.0730453385441794
0.159176108573793	0.253581776535724
0.25608507088163	0.463730336388299
-0.586426663490387	1.21702269900652
0.334009067927952	0.642094664419703
0.0443002753488188	0.0563287306420609
0.011288216493753	0.014986193681214
0.0272083549684383	0.0306489400691647
0.529272813674819	1.02634455713818
0.0514343534005343	0.0711315057400184
-0.370935011961252	0.673501920122122
0.566770396223914	1.21305562927133
0.216214308843355	0.237054445137623
0.215348657227971	0.151763054644953
0.0282848832319484	0.0269233162824863
0.243258750123115	0.325134230349486
0.188777947563747	0.285377664142342
0.367676650470457	0.734395475142551
0.237808732020732	0.375325850332059
0.43664173660032	0.709685274911512
0.48508454875576	0.887587358968613
0.413447537088505	0.457946353791961
0.0407900304172533	0.0574513383269102
0.0397033855839387	0.0516312862725256
0.000738675408881748	0.000822262938675897
0.440071727608252	0.899878363356211
-0.175214954773264	0.257489106653275
-0.058635284589279	0.0730605512716692
-0.0557022407883628	0.0643104985972857
0.186233116128299	0.277008022550808
-0.105884755102192	0.147143610506479
0.6042775836033	1.47910677469991
-0.0186874232227142	0.0213719673010159
0.0665214337493394	0.0632684437146161
0.275554344203417	0.256275833868021
0.278262271125913	0.281615699138735
0.110953294953028	0.0790556854215049
0.126223069850304	0.150408207526558
0.0337088252551847	0.0428175147285544
-0.364786507823238	0.654246482605783
0.406457463507908	0.813633417421657
0.328858651334234	0.462716476479231
0.566769381772194	1.20779712254712
0.00639738761120335	0.00703677663106004
-0.599974292241038	1.09614799095781
-0.196704184704572	0.205053111244494
0.330893928829136	0.352075376820461
0.0791495502623295	0.111641721276445
-0.614925009463634	1.50145223444189
-0.165678098311303	0.243963686111979
-0.109394261432658	0.142804583218127
0.0549306431410662	0.0714177164268778
0.160905044629021	0.241124763012965
0.310469541028087	0.471650752225264
0.216309756672232	0.335382270701099
-0.0551323496670862	0.074561672116297
-0.252787168343711	0.410782942717999
-0.300486182690323	0.502898220294475
-0.0774532897045297	0.0687748390729598
-0.838301815115006	1.08618104966488
-0.177647001771344	0.201137013301215
0.778500459282478	0.866505480765347
0.684284980610295	0.700067333672947
0.5925159664459	1.03925280730337
0.224965808885876	0.356207785857258
0.251528821880333	0.459275288139002
0.000278980782895851	0.000325123978802731
-0.170182595779358	0.220403711891709
-0.127758824361759	0.16433918234604
0.280438362418685	0.284215654334816
0.354322926579556	0.515800891396606
0.27919389118263	0.508666975660979
-0.0919731871173175	0.130148797707871
0.341377883935239	0.583641367120684
-0.125844312634992	0.167538637159643
-0.16082975251113	0.219334082648907
-0.130823474601045	0.192664070082093
-0.018632201265189	0.019474972834554
-0.128406027835326	0.163533571679791
0.0708230630314221	0.0904562196407919
0.138215208473852	0.186872874519206
0.0816192850072427	0.104483831040772
0.163708718649334	0.182189100554609
-0.00219540297448943	0.00162024602731752
-0.37568162343404	0.544621195348163
0.126033033303879	0.0908479012301073
0.485132682956072	0.358567025820131
0.288041100805636	0.399412325442823
0.665051633412886	1.19388155490844
-0.434308667956008	0.807358762807956
-0.0589670595414031	0.074374122317318
-0.00569141378374708	0.00659225383505929
0.119758402867472	0.16801534478086
0.201925849409814	0.259265893649814
0.154535111474942	0.228630821868556
0.301573860598819	0.451082845779842
0.13746059481545	0.173805105306496
-0.150180106596241	0.188147594351272
0.0667809463467701	0.0724319107248087
0.424110941383294	0.794675970013324
0.70935741587595	1.90169261407564
0.111240011283161	0.135343434996565
-0.161875004489197	0.205128761241976
-0.0573919442946756	0.0717204712551958
-0.173887177853142	0.237310837937484
0.0854730048886534	0.102882156085342
-0.124573758735849	0.166694445212729
-0.0351616006763582	0.0425044024605711
-0.29658810475058	0.443342400218245
-0.507955333696483	0.898700722217945
0.220707871730708	0.283218722831791
-0.913572358967738	1.04830802423454
-0.444944249459155	0.552937298935839
-0.480786834438221	0.342250498148972
0.418923880873262	0.247175443976774
0.205260383091235	0.12612424589006
0.246409360796454	0.404058021253777
0.432239192882592	0.687692103452887
0.251497315487667	0.334608567430934
-0.089193446967768	0.110470491904153
0.133554503352307	0.154718818256028
0.558597260491126	1.23259049260212
0.730702315933665	2.02987471351166
0.246777701478862	0.389591058905757
0.213761097524116	0.279448546859081
-0.368727365894871	0.636726473026981
0.249215244995226	0.416087941165146
0.0404975008539565	0.0485504067399375
-0.435557061582275	0.748690106207665
-0.0491658218756601	0.0556458710590034
0.00284329210568514	0.00289119460601028
0.405705389086997	0.423461919526765
0.418909287509252	0.828850958785968
-0.136781556123496	0.174201483973087
0.619769145833297	1.32617967343034
0.134553486567276	0.178367949445232
-0.154007541839277	0.229589468014971
0.0486043436467804	0.0572098230440318
-0.159447751830098	0.221523736339521
0.329861803855387	0.627235410105983
-0.421842005506053	0.761040661680559
-0.63374282623859	1.31753876249065
-0.103281326824811	0.0974396738771044
-0.501684738678049	0.438963210208595
0.172188626433088	0.196779893201393
-0.318228664685826	0.212104286616791
-0.552207762192539	0.371769520944366
1.13955279546212	1.01656152608266
0.0146300094772753	0.0175462329616191
-0.206987551064882	0.362655273500564
0.0344659841641578	0.0440033791463316
0.370626210920255	0.644840706053565
-0.058153313286122	0.0662659692108623
0.534921707185989	1.25037207030875
-0.284158677565723	0.470863922160869
0.578788205813109	1.25253119385493
-0.0466069228118221	0.0556160941525285
-0.0311186762235029	0.0353991330094607
-0.27777167461783	0.422253492633708
0.284892044809539	0.442486937419359
-0.205802982613715	0.309645709210116
0.165469631325109	0.239390621879827
-1.13019957242779	2.91953565005867
-0.424814280797382	0.704594013316081
0.237518294230579	0.364006888521136
-0.21081704557743	0.309973925231755
0.109288609811741	0.138941032078712
-0.170102457001776	0.218179078526669
0.00465406563467223	0.0046681954682046
0.0383758818789868	0.0328447867792957
0.0323286898236207	0.0272319903391622
0.16582019230523	0.174952928296798
0.295786158053563	0.40981219301133
0.290170334424701	0.402023612375852
0.30315495664001	0.494710190056798
0.383985921427722	0.786229735265045
0.318617616502263	0.551970572577786
0.151092968213364	0.200716085580837
0.02731799782538	0.0355007134504096
0.245034264113096	0.436315454793706
0.386654474897005	0.631660901453793
-0.0938003567804546	0.110488095221181
0.280808288794962	0.467943048911784
-0.0171827216668245	0.0210291428492115
-0.228935643973267	0.385711018042623
0.32123841390202	0.464062487887453
-0.292103549186873	0.22785917050859
-0.910111349690773	1.82370060561455
0.21333624318808	0.190072172631198
0.460716415067487	0.247806711362038
0.500248377432739	0.469379694027869
-0.0080798076502184	0.00943315414355944
-0.176348035342591	0.256019780218127
0.376345030191722	0.713622890138173
0.46219854440425	1.01115867823444
0.43520391407046	0.762273418933566
0.238846773526786	0.340218139392184
-0.0942350377802309	0.110749871983178
-0.210909267920767	0.313723943516548
-0.0178603094648735	0.0195502572791079
-0.0816812412873144	0.105633647083059
-0.24591611755139	0.332559053944073
0.460356161447996	0.817289499140961
-0.333134174215309	0.582325577199663
0.0926513669625224	0.13590195056059
0.303605676721236	0.490778338720818
-0.452184420827207	0.799179619443013
0.406105142109269	0.778357880920642
0.0122007323093722	0.014228592725795
0.270823152327141	0.462170604814779
0.00863816237366483	0.00949539229414256
-0.451137110635105	0.828971503698895
-0.0866462517927202	0.0988738402334953
0.210705636821129	0.226113018284637
0.0485751639743075	0.043970925384929
-0.0366073808493819	0.0363070946570494
0.247721031001526	0.325907373432692
0.172583574348254	0.225357886938709
0.4548638269995	0.964448501431357
0.537447463788554	1.12763919040088
-0.10830205531502	0.146529012555868
0.282734464193099	0.437476098406985
0.136681909909709	0.172549106046243
-0.275861352171709	0.462293269095427
0.392757847296946	0.693505075795016
-0.255618539787202	0.353169214473987
-0.294613718766429	0.444822050257283
0.165050256375093	0.258398889375448
0.15717435081763	0.22679782948869
-0.725324768279431	1.52960144085677
-0.263319744969521	0.363395084897163
-0.562289725141597	0.866194522905305
-0.424998464828333	0.628878417920316
0.103418965924097	0.0936310359552975
-0.14000173377952	0.089384825788282
-0.590155874557344	0.698435392832644
0.100925083241027	0.110825176635534
-0.104473823057556	0.116115620041072
-0.281025176254517	0.44566084997885
-0.340916638197832	0.577406426180808
0.249588102370167	0.366077549670418
0.189965843499278	0.274877791744551
0.112941071214864	0.146654380580014
-0.126916399459985	0.167357090027455
-0.196809473873329	0.27116085790448
-0.678805769960517	1.42162916673859
0.351763798830204	0.453345926047237
0.223957676958951	0.312591751297963
0.330015178533208	0.564779197660552
0.451402380939375	0.847940020683383
-0.109686894751231	0.140588659307722
0.0803486561128224	0.0961206306370893
-0.224574409742642	0.338151855935417
-0.103419051221104	0.129373639558258
0.102201873709617	0.116364208100382
0.236000520533483	0.387154029846389
-0.0551631905736876	0.0579832446496041
0.0912834227786904	0.0994153894422943
0.325350903582322	0.43926319469504
0.130968193435459	0.142573887414322
0.425079971798547	0.539266188030784
0.176439622565692	0.209884389105505
0.298750119903576	0.401343821065951
0.269726661154664	0.272083119355095
0.405451333758656	0.548194199034667
0.228063161076432	0.356296161645388
-0.366129273955925	0.739558221624492
0.00473571083190225	0.00570097200102135
0.296478592102485	0.499071288576832
0.541814935442741	1.20511586603985
0.277174166548649	0.437593795102619
0.00190656618219137	0.00216013489558817
0.867378802899281	2.14035595315318
0.433795997209766	0.852493165816506
0.250064501200847	0.338365556934612
0.316330600169225	0.492209325196751
-0.212830298584838	0.351119092775826
-0.34127815860999	0.54155395243785
-0.192980966846208	0.279382462951796
-0.0926029908754828	0.0966709950694195
-0.0960104766022785	0.0979486311165298
0.230747346220299	0.297344812873308
-0.710723413834165	1.07129381380638
0.272058165176982	0.274448880888192
0.0966476302086639	0.085143319373057
-0.0102051296279567	0.00956916605976273
-0.014920952905919	0.015049970629472
0.122829265553931	0.175729269395727
0.159442402321272	0.222578997943292
0.262781263781768	0.395651393202131
0.0759803020454797	0.100050603120038
0.238618910915353	0.360068077177101
-0.0146067581166532	0.0146278710206232
-0.240886086710978	0.323446769047736
0.220529346674414	0.267498207250503
0.158351517956628	0.20829994649821
0.334313394586621	0.597282114727373
0.422441643063117	0.869218927740952
0.0778107566989724	0.0984273244117539
-0.496436134478836	0.961361960219512
-0.239745069486547	0.368359796291501
0.160021976698069	0.222664002907335
0.0149296161187168	0.0177349725122965
0.00759508178112478	0.00812685674985978
-0.108739651024634	0.131927309296114
0.500163180292664	0.79054522444188
0.305189703701607	0.454657370703518
0.168148430858328	0.177961921340702
0.518717132098231	0.652291804659282
0.38280842888066	0.530456999180187
0.357660985815552	0.748615301570791
0.221148505830431	0.383767835364329
0.11934847875893	0.176812630484959
0.135901011636745	0.200473892127974
-0.0184359117960998	0.0230450511203641
0.0136957831168687	0.0167725854640566
-0.000890992756496026	0.00118938495483705
-0.398003709716812	0.709378698470777
-0.401629157671605	0.705541630788685
0.187111523420022	0.285895190485188
0.305028861887609	0.543026391410849
0.842629166348107	1.74133699100033
0.31507027905436	0.522662856867512
-1.03621659354006	3.43229778063819
-0.428883107417125	0.805985474407288
-0.502844730868607	1.02082849649817
-0.0259613881165882	0.0279186293286731
-0.337913049078182	0.309112248065561
-0.329818435252292	0.45148116619469
-0.200807101166909	0.144383371934056
-0.483426496974915	0.340918455488608
-2.05396434770737	2.54274104436008
-0.503766851012161	0.822188917588784
-0.790699484577015	1.76581957085232
0.285632864440898	0.410408102740304
-0.244420752174794	0.461366979476237
0.176310253968506	0.259664035824628
0.326909311158148	0.556801338993443
0.252820976093282	0.342477434199861
-0.0643453426742696	0.0769690366454753
-0.171614504062293	0.214572647396533
0.304774536881102	0.481170949381303
0.404712505491985	0.847278760199188
0.542571111721933	1.04345727964739
-0.464066559870979	0.761874615877769
-0.40976925310414	0.737403641882811
-0.317947919670933	0.581982159113549
0.255637867032227	0.404808136837362
-0.0541292837351572	0.0703230067980176
-0.166207838419532	0.220614908809815
0.242715130711384	0.338240900732998
-0.0639594732603851	0.0761085242456743
0.277056607728415	0.287490634253071
0.0632108124470042	0.0600642990836826
0.38755861226429	0.456949295096933
-0.0289090714422931	0.024066237804967
0.336994083415625	0.385254500443158
0.192181922722543	0.336969597376475
0.393101678129723	0.805129535804609
0.0595802064379202	0.0863409418838872
0.465178665549578	0.961799595175405
0.280828020784556	0.502529797045263
0.167560538564378	0.26068010840692
0.168678332805042	0.229108394077522
0.0297774871488953	0.0397135950607212
-0.0273411328395581	0.0338853949829628
-0.119348573983568	0.154168578293347
0.0816705579917106	0.105707724022436
0.288269492634057	0.512911853074025
-0.0301354093698415	0.0352356199096079
0.268605279853999	0.438619825510958
0.0391284570128254	0.0492234070008776
-0.230260582995455	0.384876093650003
-0.253296301247541	0.39213745396866
-0.0249309125737198	0.0252806536780396
-0.123073708763855	0.105099362251922
0.973963753855832	1.95003949698196
-0.362172155247956	0.295558859152347
0.691214577880854	0.503960332802497
-0.290565439359645	0.224506981384336
-0.27790280493722	0.367662394469417
-0.0312340343210995	0.0393963409721404
-0.060212563186494	0.0874034178048528
-0.0463699816730503	0.0650432243430464
0.215012210423036	0.332557303779998
0.144902443090938	0.214426475824571
-1.10453093417534	2.91520009050694
-0.33158708019492	0.558736781115587
0.213245752213084	0.27878308428588
-0.10719234764382	0.144266611397353
0.296076849819455	0.527848936754531
-0.0330887310130637	0.0429788330813394
-0.169504058253932	0.224291831914664
-0.0307690971292909	0.0336679196222821
-0.407915143743616	0.747292300018498
-0.331309286775933	0.639870303885176
-0.0321421308735957	0.0417775696862707
0.354636872140384	0.688900956274884
0.254009277721427	0.39223693480163
0.0842891962084251	0.103456121526362
-0.155741618076591	0.174054983399803
0.10743206538054	0.10429652350096
-0.04708082347851	0.0329461409975132
1.07516849543746	1.67226075028278
0.318775801012954	0.365087327842027
0.332628635168248	0.3617443170328
0.567934962696207	0.836846343044679
0.514991213332197	0.458474853993234
0.338945381743244	0.237188151574669
0.350236077470481	0.620767731760591
0.585249274732752	1.28250229318116
0.626003137162846	1.48555471673142
0.587149856944021	1.34372823888486
0.318789584752924	0.509788426485178
0.170289508739413	0.238236041138034
0.086769308709136	0.109003318336437
0.120616642130503	0.145430804988809
0.0874614574700068	0.105475289628597
0.39439379147565	0.673805607531759
0.29473097544572	0.424918752800896
0.040984480280106	0.0477658228421546
-0.0510534901448553	0.0542310394429253
0.119618304550944	0.159873056066336
0.0459793807127959	0.0543827699552557
-0.197107683969479	0.294990903543309
-0.61329144984826	1.28042176383718
-0.0271301445241362	0.0249317278728298
-0.557220947716351	0.370414869461472
0.346237860933911	0.372181469220154
-1.18405361746995	0.822869757934254
0.432259206535164	0.343371750160062
0.379747037352413	0.241989492434611
-0.725791363771567	1.20539813101188
0.305139237994914	0.376046852998671
-0.111273860864821	0.13977936254859
0.111986852959591	0.15331019058053
0.331338101314267	0.505519531694493
-0.0162603256205107	0.02021908532709
-0.12892261982676	0.164303923369791
-0.266544540484658	0.387281077618766
-0.396742394630182	0.536175699265825
0.620296522568283	1.33597659264031
-0.195588358647266	0.302889399546463
-0.431533283385178	0.865733513900028
0.109064672098667	0.122155308093316
-0.657680472578714	1.29739567929347
-0.0713096395166216	0.0878794407486268
-0.0532755280661855	0.0604903063432867
0.463203070991388	0.842196526466279
0.45927810385443	0.90854581654516
-0.255516405161745	0.308359632286253
-0.569249539243049	1.09633806957048
0.270135275355064	0.293800331646266
0.134650569617152	0.10095640171752
0.457157129738085	0.354016521993857
0.415797584276458	0.539763253306485
1.09530109137143	1.37430098839094
1.16275100693672	1.60456784914997
0.20822160817147	0.135897986308858
0.446869956929299	0.159929488283419
0.852316042335173	2.04525679542299
-0.307735354938607	0.519512532577392
0.119274923242073	0.15939750260927
-0.0472227419430343	0.0574953881674691
0.206752854865718	0.291862515776289
0.107331870100768	0.133083068840053
0.322521277487256	0.514734508556014
0.552210077752978	1.22702176872952
0.00552710112516019	0.00609779301327876
-0.0116260466055626	0.0117839018878055
0.149250531061218	0.172961833353367
0.225431935961503	0.26869468855895
0.422498381967226	0.615328611342478
0.334614417185729	0.48788332497423
-0.449689937985877	0.825302851345031
-0.287059635519179	0.443029343629306
0.104830325278871	0.141844913392469
0.242520064041989	0.336409111417074
-0.0939741399849787	0.0962627526017644
-0.121717829468558	0.16551366554859
0.0759413673961246	0.0985298179181837
0.186039408425056	0.234170715648415
0.168581609504061	0.180550978723087
0.124496397195257	0.0934311751652553
-0.395389569057647	0.441594908224603
0.905001868852505	0.693854638439868
-1.03925794828963	0.658415048391349
0.403385510533257	0.346805227117402
-0.42963997035181	0.55965040816083
0.267784055312972	0.355735882963908
0.120597052643009	0.152544215479632
-0.147430131408874	0.206439469739731
0.291474777968673	0.437124568162317
-0.0145622896898015	0.0170034409664561
0.0629005203350322	0.0684273445894458
0.265983737495492	0.378184269630441
0.464571496929114	0.707627668065272
0.446560878254798	0.785277618387403
0.131916397348253	0.167961644584007
-0.27074598101836	0.408272182551649
0.488564791795041	0.80876538960459
-0.45091373611779	0.793866890692932
-0.110450382785417	0.133270894583968
0.331270735663333	0.548262352821273
-0.17802252442272	0.230856028585067
0.122570115095829	0.147399153322668
0.179661433983883	0.21190760469829
-0.284781547282125	0.328857346247427
-0.153795935790692	0.127989292156366
0.279887660463383	0.271794728562527
0.411356675705802	0.529407435943161
0.318601628381273	0.2643856090378
-0.0739178800886371	0.0405818576157258
0.672686451358688	0.614828018219375
0.37172353589119	0.449223457525187
0.309617724398224	0.405499195352086
-0.152114651696326	0.151159578674051
0.449465057219998	0.776967839244281
0.325517991243351	0.260752749616499
0.51550304275565	0.355348035274137
1.31752090845513	0.943157096188096
0.522284565123828	1.03881324260156
0.064553793431229	0.0769793479545248
0.18325362944631	0.307402205496089
0.426529663846804	0.919251369204561
0.132691938765077	0.190122436800857
0.111537765446739	0.159744823073654
0.146521612109495	0.180803702487433
0.00454149646759585	0.00525620126244911
-0.0123186848032716	0.0126082538866234
0.678626071255152	1.38402341417381
0.48894787177443	0.900545102265343
0.462938743458193	0.837799899598461
0.52714929119908	0.887446078449841
0.0509721550252619	0.0544623540950505
0.00372885635955611	0.00369551764025311
-0.3541494038599	0.569656641796941
0.154732288777902	0.224390575601948
-0.117835872936701	0.156553536787908
0.0840881985082959	0.107901541737461
-0.0614605131620295	0.0596654141069997
-0.112355259095575	0.0873118381388357
0.0514782447301013	0.0527808756984154
0.29855683646056	0.271076456117608
2.05136068699281	1.29929159489115
-0.109524030422106	0.07322121032522
-0.0597041675163848	0.0588875171090142
0.296204861577523	0.408182283548392
-0.211147582124116	0.343581086213554
0.0365390511520181	0.0476098845342865
0.0250834205986515	0.0314017304216837
0.0650352674603982	0.0749407590958177
0.193368892403848	0.260952372560875
0.131958341276656	0.146554373578993
0.156962481179027	0.201739543379468
0.333065751398816	0.485589557571711
0.346794082423485	0.553418687551354
0.722913860984123	1.91143491477693
0.0402007189141332	0.045808376061937
0.584034372905923	1.21602621370819
-0.290469255461778	0.423706454247872
0.190216513614369	0.249903106999535
-0.357827424352993	0.600810627530131
0.336601324642008	0.491219511464465
0.455240103273409	0.865518456248764
0.332861872208615	0.49919123439605
0.487216234875835	0.786123334508834
0.0870288044047067	0.0740976769914587
0.172672329858312	0.198995573103492
0.155896998694967	0.210823885744308
0.161430425374166	0.19705412252686
0.0280798134272119	0.0299422380493021
0.209636068346064	0.222617771224993
0.357595413291665	0.500868761756396
0.0785297833061347	0.0887286198886255
0.27149401755224	0.287783291908418
0.156707146206652	0.14551057264771
0.619576475599762	0.694921822142574
0.961778241474782	1.16570834513727
0.444077875357264	0.359233280214277
1.18721188492722	1.74384899873029
0.157946381419779	0.227483318876523
0.020328264835221	0.0232751642730859
0.543070418531843	0.890642013283966
0.738586199127474	1.40892717322904
0.465177922607713	0.696326442501432
0.403117575360456	0.526285662209917
0.338467246907901	0.465703278356105
-0.169243651716489	0.232818944507234
0.255249446482541	0.314372469298854
-0.0479835697938364	0.0584017764764769
-0.150831838208228	0.19164104148913
0.226732086588966	0.337574843521676
0.0860954622387175	0.117514828531776
-0.00516940037431494	0.00593985305563318
0.100040859288369	0.135226583308841
0.0502202699107737	0.0670804642489309
-0.000512240493971406	0.000647206555933676
-0.0718771723034501	0.064512170179639
0.381623136636476	0.638616862696531
-0.251684655708307	0.407393488216338
-0.00117895155144115	0.00136552233652992
0.032752516001774	0.0378853713985852
-0.232676418287704	0.311701538168698
-0.300612058554244	0.455896630648255
0.310961563323364	0.422982929141735
0.163263406420029	0.22877337484451
0.744167186235569	1.26687193638247
0.480153072539324	0.70030325743096
0.570610196341767	0.818059604042367
0.813038179013617	1.33343741323725
0.310989526673873	0.403918981082199
0.0498749282791978	0.042622519904226
0.34777671880399	0.445158547155298
-0.11380439436215	0.126505308174659
0.61783149100156	1.22260113192606
0.0577611522975105	0.0695813670157364
-0.445330192409009	0.759046036025426
-0.035377086414722	0.0351190773013996
-0.253401497484976	0.353353676034899
0.0226235768390634	0.0204180357038699
0.395171472077736	0.535344471599186
0.387059373128689	0.622607406571654
0.19122282611498	0.245879983027647
0.216752000208076	0.290511721789924
-0.0426953364339429	0.0482394404821889
0.194807291659266	0.223558025636028
-0.1085759090605	0.12670457756681
0.379573635263187	0.458767847542163
-0.335102992560695	0.34885865469189
0.211155077312466	0.166355268469939
0.341178290884978	0.250529848803896
0.465001611475057	0.455335902413589
0.905495637674507	0.689645706434088
0.362719950978406	0.348331608999493
0.190713353703862	0.277474563646872
0.282213587655026	0.414100365651627
0.407118009181701	0.714567307303712
0.739910441737656	1.83429324468245
0.624744182803109	1.43414115971708
0.603779484042942	1.17119754337679
0.339675957374342	0.548168862518157
-0.578903907182301	1.11773658175451
0.158313591186838	0.197177546774842
0.180330332999694	0.256591167029602
-0.169245914976786	0.270975762675899
0.0518399442333528	0.0539756148807852
0.201759665557806	0.277771234014532
0.0972517898516717	0.0836508810587126
-0.671168614157317	0.761530654660209
0.215158804725838	0.230096554795204
-0.335319608891937	0.516434988348069
0.369529025188976	0.684085662928134
-0.00578992425225397	0.00693954007126406
0.154662530241571	0.228229017596032
-0.0591873270361237	0.0580146182057737
0.00161234493472609	0.00155146742309484
0.504874754418428	0.778189539710271
-0.344606972319705	0.544865479772392
-0.0299421635263854	0.0318714703896724
0.625509875896524	1.252130495132
0.567759563436673	0.800851438175468
-0.259558427221545	0.258127021811729
0.00155208680620528	0.00149948459114552
0.372918413506865	0.645449045176293
-0.489732712249904	0.725869899002245
-0.0474237736780146	0.0592704204627735
-0.196449827955361	0.282153401050248
-0.127677642610869	0.149308199187966
-0.235478538044328	0.280418509829782
0.0887240664054759	0.0944040865587119
0.431124373673662	0.541405484805294
0.211038579919742	0.170259645524661
-0.357010036013942	0.35376445518263
0.0865039884815982	0.0753759139577518
0.263899091411004	0.272072977627341
0.146995790441169	0.175055329368075
0.0314969857659241	0.0307179114608017
0.281894613010468	0.273766206884413
0.216212005466871	0.169520451197195
-0.0426505803238891	0.0298564661230085
0.903440859622112	0.688078084999991
-1.3471878698669	1.25582257016871
-1.40796976183319	0.883387728205674
0.32735265935539	0.23594415076634
0.98132658373808	0.466685281479529
1.01871423365514	0.822729226909651
0.595101344152268	0.184320559845232
0.416432066337361	0.245468819179924
0.359831707816266	0.240696361250334
0.81873655272146	0.433267716079536
0.397098782339755	0.645086505803856
0.157161314149696	0.210772745022377
0.256367703337859	0.386920824488368
0.214470695555557	0.335364741047351
0.0683579349665326	0.0771682629081388
0.533992179603132	0.917193209367899
0.338752493811407	0.548184638902061
-0.0427427423685757	0.0521428346351074
0.341103873312238	0.54614674040925
-0.184758052681785	0.2852711397404
0.764968629155826	1.56113360525308
0.0647470747440331	0.0722698226261086
0.0721321129144864	0.0709042417562148
0.115030059883569	0.0805748888627687
0.413076518457058	0.534252167630398
-0.41079453398887	0.239012096101935
-0.762040709906602	0.541394990721303
-0.166876840246592	0.106024179335787
0.457031223967904	0.34875936872973
0.340612089250852	0.515506850666028
0.409948779006136	0.695235699113731
0.499701948239631	0.938533811822772
0.848404612361	1.43364664765214
-0.461662550680473	0.865758939243201
-0.148954175142853	0.200420275598666
0.155426203209147	0.184631339900729
0.190013502197906	0.234986394257837
0.010946670377302	0.0107577448220375
0.102205049633172	0.113974366709412
0.16220693791705	0.216523855918968
0.143449872748783	0.169636846915735
-0.0243639612629551	0.0223590878946656
1.07433834426754	1.6604707941703
0.638621936760152	0.860872384302989
0.650571198126128	0.775798143611095
0.356890938275847	0.455040406838263
1.15205737271118	1.04475339310726
1.05678189436289	1.09407676464244
-0.693796875969288	0.348020437086465
0.467927814929281	0.360954536556208
-0.227103455532702	0.0843376326247057
1.23673828808217	0.524422245390467
1.48751508748305	0.73295722024931
2.2777082979413	1.12958686793875
0.567487878474238	0.639236109781427
0.329663232849728	0.351473086869923
0.607510778220198	0.826964964804748
0.593845850386442	0.594168227884881
0.562865157757961	0.372428965328323
0.232918686453852	0.131217380568738
0.516831428878068	0.258196395723826
0.411918576099386	0.799315680715659
0.36063043473321	0.478494021427338
0.331882684192061	0.492242898074855
-0.110475908822966	0.139440714005971
0.2984627636624	0.446771527338683
0.208197334462163	0.338031806427254
0.460159090611595	0.943334317372179
0.225114053722373	0.326801120492618
0.512898519372593	1.04724171774691
0.167278553016464	0.207149349557969
0.593922148159885	1.05606017571964
0.44353236860877	0.773752107254429
0.330669074023533	0.583233231260795
0.288531510860043	0.523374844231671
0.0328653268820057	0.0365752859423381
0.315925259133232	0.503242073034605
0.254785022637441	0.380182298815174
0.29181277676426	0.512558277772868
-0.213801588951555	0.296069109029646
0.41001693818919	0.658068955043603
0.904251832226766	0.905976103943461
-0.828548637246766	1.04350941261222
0.353897663918199	0.232927312581825
0.273342071731944	0.130955216573096
1.07196743132668	1.12154402997884
0.0374559360988525	0.0354187253551332
-1.21393608834319	1.71014262371411
0.149705672616617	0.151313703417794
0.0891721077012349	0.119830314434895
0.231600256670767	0.348900162619372
0.62121814425806	1.23328871042163
-0.613586264362871	1.33758518323593
-0.0182141752059149	0.0206400959895881
-0.112384570985812	0.110720615404962
0.132109013402023	0.166292726327931
-0.0127410588928905	0.0134877479822671
0.251697458391193	0.384274806440197
0.365780666334705	0.468931810344181
0.369283367838173	0.344922968126693
0.555591137225686	0.653956238515664
0.462945435278788	0.593977403543414
0.398241573278232	0.567904802005279
0.603111889567366	0.481765656705504
-0.114385905603831	0.0558880924173053
0.235913631191395	0.132462254153266
-0.870766889340173	0.479084220511949
2.04494528267013	0.893575174020198
-0.140192676653036	0.0627681452538138
0.105571162939011	0.0264299797824484
2.04068175857026	1.35122756443563
0.215911626507531	0.187151486152496
0.423090506217005	0.453823952439398
0.895654184635328	1.01344346098223
0.114509696017888	0.0798814119948844
-0.333577947080241	0.171479911837417
0.997043282058071	0.570224987873145
0.526328301196904	0.263196363006399
0.276926948323285	0.445882025593162
-0.147150657483245	0.227708844680101
0.0716422864087806	0.0934800879269329
0.181681429166896	0.208926055701249
-0.579063574583765	1.1328281292581
-0.20052964449472	0.292664779035543
-0.125062191480059	0.161870894277993
0.357846700631325	0.713261972152472
0.248401510243567	0.408979432051171
0.369286069736833	0.553750492211407
0.543529758843879	1.23279540822143
0.908633885936119	2.62576495022528
0.137391161847376	0.188672628272832
0.268517269221232	0.440217515930195
-0.325056524472795	0.499508409310552
-0.258218947443612	0.364098133648474
0.345168897113669	0.482378917787485
0.214512942961443	0.355995247996971
0.608204015485062	1.34856057620349
-0.0440044451695823	0.055357995972301
0.083918646493776	0.104788212748226
-0.44765997446596	0.735008798452615
0.0350630736370488	0.039523945314461
0.1090978334316	0.129431242031549
0.394826348941747	0.465961242659952
-0.663460622658767	0.485942912015022
0.109191208198604	0.0991978033813328
0.336368765006228	0.246101391697729
0.217613202540731	0.135194504906737
-0.594354607932523	0.456020467467888
0.519145395241644	0.852259936879491
0.66231307310912	1.6055335199521
0.368474437811736	0.74250623364446
0.0914693989161539	0.110259178764359
-0.039243194532404	0.0354885199375719
-0.193865970862618	0.156391380504646
0.308104764856065	0.355094097305202
0.337461196396096	0.512006488783791
0.183657050645642	0.247682388314016
0.00318250707213962	0.00354896373558653
0.302949616171587	0.521534226533654
-0.0400713855500521	0.0450780426763384
0.156221768210979	0.198923821443424
0.181085596694224	0.215818074254216
-0.0947677058257296	0.115325862317702
0.145278441914917	0.192816520267201
0.231902046363646	0.329006079674814
0.266576228358862	0.603103090367978
0.35056579357556	0.982420759861672
0.753415330856602	1.21612550627963
0.442921014736135	0.158939977293702
0.364420275646785	0.145165237431976
-0.643274402841559	0.411079483976591
-0.698128062946592	0.343723631864504
-0.238416851497591	0.0886824214131493
0.511015737442676	0.248829736428259
1.012836830462	0.718683860059441
0.127521612144406	0.0952853351468173
0.764540257335773	0.630338202739831
0.358719927202324	0.238916127933103
1.49420963012292	0.725417634658058
0.813544078976911	0.764794756429504
0.65874892961767	0.4943897861119
0.497546995932135	1.02692180537842
-0.0167881084954338	0.0180423277870195
0.12121743861112	0.153783895226337
0.0492401629312901	0.0627511383802303
-0.0524720586303771	0.0613283728203866
-0.0010712735991425	0.00128970639643573
-0.13196904834302	0.206521410654739
0.00998384447957295	0.01084753949052
0.137768766657606	0.208205109582232
0.530097132720401	1.16472552058084
0.247514964321309	0.375505743626069
0.289722396247579	0.4426378517978
0.569896988252218	1.18628247691243
-0.0504757231222511	0.0679861616045654
0.3430668457343	0.576810525006055
-0.229660889769547	0.309115876144308
-0.564481028955719	1.22234890279753
0.0323123588387599	0.0400712608317532
0.0583634088056803	0.0697117171843145
0.117330775502698	0.13754109635121
0.215189088620339	0.238380803592792
0.282076488174116	0.267017761909985
-0.0464950349149283	0.0458535507899627
-0.866117540389053	0.808539609282879
-1.74388091441248	1.77062529652419
-0.0650950834561805	0.0451931583657754
-0.0431753822961727	0.0443663000374031
0.00438745222720613	0.00460714382695908
-0.386330969651448	0.690614273954731
-0.118003732914265	0.173857477874457
0.00402795463474059	0.00461829837289771
0.0227294924944424	0.028234195691762
0.0167558647094881	0.0164049848983867
0.127465862741338	0.162517041016149
0.259332802045066	0.392003412123292
0.27194561034997	0.396147583646396
0.462878148274474	0.773634623559777
0.542839378718435	1.14359771568213
0.0506737089204618	0.0632191103400615
0.117493983990173	0.146766508222796
-0.436364603225716	0.770024796638367
-0.461730770545192	0.710185385106019
0.00286403357522697	0.0034606971685437
-0.0232725442141231	0.0249663882626039
0.339092260360025	0.596351797357842
0.388189308852352	0.871150047988268
0.136669027807932	0.262087315702002
0.34401826085454	0.897582393249909
1.07478732410004	1.5294773476655
-0.0421870055017056	0.0240412215749574
1.3865456160367	1.29618859685161
0.195349461255181	0.327733087124643
0.531588380952746	0.545518382466147
0.0938171184326394	0.0596627673563847
0.079780007123061	0.0233730073635865
0.485813022479513	0.358579496191064
0.755832411719142	0.639631527951595
0.362425690208717	0.144068305950423
0.275247235891951	0.131570856440644
0.0790478768938316	0.023442645076918
0.0665424847567379	0.032738263472037
0.652125142723943	0.773019059424539
0.0106655820766313	0.0067487350450174
0.41843946245537	0.247404153030787
0.736898014348799	0.309812124917511
0.0756177651802482	0.0400987318727033
0.0471222117222279	0.0511815403081557
0.0316267148762694	0.030114391207522
-0.00765001731433558	0.00769101788666982
-0.119254683913411	0.147390321003607
0.416317763328339	0.726901318543096
-0.1366279769316	0.190831943021547
-0.153113836916106	0.251218246637333
0.172108339316213	0.276270895877181
0.209026736621686	0.313393073090975
0.00725585889141	0.00873105605104121
-0.0241652102360847	0.0303161489635018
0.447941769041044	0.8421822399159
0.423969032849984	0.782321053346056
0.125600200018496	0.196660484206373
-0.171075726492872	0.25854478573742
0.447232699598725	0.85658257400585
0.218262733403561	0.327243665616111
0.208876143196392	0.345787793701033
0.17179195551995	0.248140675098176
0.581771362935556	1.25173461984779
0.52646840375357	0.796838938037151
0.446018631441187	0.639994816268889
0.324155324505013	0.250482251810337
-0.55745914408468	0.380013992854992
-0.517487120234657	0.491693468544306
-0.459161419494007	0.594700419583717
0.188934681189037	0.223053245980937
0.017062726342021	0.0202560385815067
-0.0743553354395962	0.104228629992952
-0.0671392355789065	0.091624080864896
-0.0081772852811665	0.00605899044564287
0.413995813081676	0.558338227996828
0.367093090511125	0.352566309745527
0.207434159964269	0.317720322161165
0.172087455664288	0.258345596484085
-0.0469675774689042	0.0529098662158288
0.080954541726047	0.0960104157249934
-0.0171718748131381	0.0185826026262842
0.326933118594835	0.565875819071819
0.473901762323327	0.909042669560086
0.325495085642175	0.571155049066402
0.292803587565803	0.650052840893629
0.291718734434869	0.718330044836112
-0.0313333584140422	0.0223468419528132
0.392414351320219	0.359811317037311
0.00511074969680319	0.00329059968437605
0.645733248552615	0.499414028476374
0.378531398438941	0.241145817243149
0.138585388519351	0.211418244504903
0.166946046771056	0.267728911025422
0.317555775459579	0.252930262002674
0.755370803318027	0.635266088447526
1.03107988369534	0.830778738627794
0.912278504672016	0.687890210736434
0.351049047137931	0.228925176894587
0.0699774696492183	0.0286426196524174
-0.389578659202146	0.185760493697248
-0.302958949013538	0.0854169640836963
0.596564868466581	0.187568213950597
1.95505318678058	0.508107179378978
0.403535107683793	0.454740644482641
0.307170055160538	0.398524982628066
-0.203850810574977	0.147444959288375
-0.739210763742965	0.445167364979464
-0.0965341995729902	0.0502003047077641
0.0810779509498434	0.0461868436415497
0.215912520144545	0.302067059923555
0.076143599148781	0.112647092497658
0.467173083464734	0.858407884030826
0.00991616934454846	0.00891520374735302
0.267095553027754	0.306750906988151
0.294639697154142	0.584600736133581
0.31705036447601	0.595767738736832
0.287489079111554	0.399666376863369
0.000513721666497122	0.000476738111758046
-0.218935813893196	0.313892323668485
-0.0480901799710073	0.0580583857312919
-0.379912828981316	0.774130577257818
-0.179401298085102	0.270694666918878
0.0515568621274145	0.0678712077973999
-0.0128018042364657	0.0160344778402381
0.342206984420067	0.653126911580003
0.300679442626137	0.501985732145247
0.190288391150466	0.314762783917097
0.627538485882146	1.64388527678066
0.428111325036551	0.759464481585108
0.0941689460627695	0.130804429376059
0.178217574536358	0.246036747565601
-0.135005148267153	0.198563016818443
0.362349553667895	0.574044937502641
0.191331408008262	0.237129560711592
0.454443241083901	0.346055589305846
0.458198230450709	0.249426463354532
-0.075586598777493	0.0505417062057714
-0.37374112105286	0.519050423044407
-0.193762057269561	0.270262841654107
-0.311043656340411	0.543012017199431
0.032227881678792	0.0421389878009141
-0.276982093135652	0.49387046791806
0.2967087140778	0.494894051183768
0.0534937956112999	0.0579615651749638
0.256776199616221	0.397649761141549
0.0654731189170024	0.0886794280782734
0.190387424624735	0.349268411739547
0.355814189886196	0.880087057417904
0.305632821688978	0.800421033662006
0.453621292375527	1.11752591975041
0.0777984265610462	0.0231215208123738
0.281780313956793	0.132598767260016
-0.544772420006833	0.465453315085667
0.116224880514874	0.0836756375164745
1.50119569184462	1.93402310279251
0.814424592788618	0.641634508792105
0.447589920303188	0.362775382875531
0.289891939696736	0.490783503347846
0.220046177799742	0.200785203401185
0.328640111221376	0.250610873083985
0.326008483787856	0.24914106603556
-0.145279455970902	0.0651932468664419
-0.872715043720002	0.492110289848334
0.811616367460323	0.42275650318415
-0.85014043215519	0.385033890455238
0.0694529187999197	0.0314467786573609
2.27540819272723	1.13789016138216
0.981930721740399	0.473695788471337
0.218415245917708	0.171866043547704
0.639658736595365	0.687565052177586
0.219469477577063	0.228951474443369
0.117538969009151	0.0850590013739236
1.48300404530119	0.728098379736343
0.0857258093670744	0.0693482776932653
0.338945381743244	0.237188151574669
-3.22192668045857	2.75272259763283
-1.54546140887359	1.39332326592758
0.0709759750849082	0.0349113346834094
0.514773948887595	0.819230286163844
0.218382753256996	0.365587741961834
-0.0348153712875293	0.0396486387794396
0.048815565470106	0.0628531829248738
0.635976329602376	1.27782264479863
0.140400074986494	0.120710031376468
0.398131509634054	0.467240725787868
-0.0379493246069769	0.0513249310126285
-0.58255195287751	1.26793497444637
-0.288661490582429	0.425131129518761
0.363110654610389	0.578909856946288
-0.448424495682714	0.773673835661254
-0.164602291742053	0.226025600692593
0.0935817138958074	0.134869874192846
-0.150116105495943	0.218147485554717
-0.271355859096013	0.429983996068795
0.368177538663273	0.641947943061976
0.24877930050917	0.393558172662176
0.205993611899587	0.301263432488985
-0.0663050852622249	0.0688930568539559
0.22496625353812	0.346130537633721
0.488089648006372	0.990947067073119
0.427873008588607	0.69855534250704
-0.00643481912773422	0.00398041887361022
-0.0328956389532696	0.0194065031334303
-0.613089244339239	0.926663682463758
0.0931179444799536	0.101967495364197
-0.303677825146752	0.498874816098068
0.304656856909776	0.542744050966121
0.261386942767438	0.424644794943023
0.111890051550522	0.154418596897802
0.381643998316278	0.606928583344457
0.213441668803408	0.32748799623025
0.242046885521667	0.607531604206427
0.201770648966783	0.493282050252771
0.370742099666744	1.0642329354761
-0.0052249522103147	0.00387154854784546
0.313142653263567	0.264214409517782
-0.173417293826351	0.143185769300141
-1.29641385130266	1.50276734938723
-0.0624263429219453	0.0339638460998726
0.987039645041863	0.470679028164138
0.511241723528881	0.251596741751325
0.0712299988507819	0.0383483489412752
0.23598453083812	0.132563102517816
0.253100244678242	0.428406978145399
0.103341004249991	0.145907332331008
0.28983312974979	0.485723748495744
0.0871139399873402	0.085952018955532
0.827703614071732	1.14791363728109
0.776186037282214	0.856666677371933
0.560892776568647	0.371470864138401
1.00448816665083	0.582875656659332
-0.244362736440218	0.136885621446621
0.768832391416603	0.524518769483162
0.620626993487549	0.37970978655922
0.982573238763497	0.460389856312919
-0.421758626072738	0.126395145580207
0.982438503272267	0.474408567160278
-0.730284662783328	0.904953142543202
-0.0502455759802568	0.0409680029268591
0.269180149952556	0.32754568442918
0.510943856023699	0.711698827496676
3.23541645577478	1.11007005426947
0.107604302685371	0.0944989179905113
0.389340113290247	0.358650356689919
-0.0108587237360928	0.00661726546320063
-0.802535128249913	0.28676063179581
0.280580085815114	0.134342885536934
1.06865668206708	1.13909839558331
0.293537919028322	0.427729896271562
0.131996075915439	0.181358317846877
-0.0292182236597507	0.0400455167315778
0.781349021120324	1.52001326190403
-0.00536374519042367	0.00544479919968232
-0.0484768635601529	0.061460371141726
0.238927888078443	0.392324528834322
0.155837090938606	0.219791220073519
-0.0573039234297284	0.0592756697711265
0.0114868870026161	0.012421694489579
0.218105147110891	0.292670893770718
-0.540862478295706	1.12335776224335
0.0362251528888594	0.0473670046257861
0.169839018510538	0.254367444374648
0.0331509876389161	0.0393595238865336
0.0448058093052173	0.0556505739767225
0.00656013638793155	0.00741306827752486
-0.0192960452224275	0.0234233785552054
0.255284868644595	0.424780444685906
0.420181771588534	0.738217503372557
0.312385381692503	0.480349030904259
0.00201652663846638	0.0020833774162417
0.328549952282565	0.603596209602553
0.374248372544451	0.572677027744718
0.447371937592368	0.603601222471013
0.224073447226123	0.150370241010169
0.824569367394589	0.661613387820654
0.219209059452847	0.176245555284794
0.123663398484899	0.129957776140048
0.155814658752777	0.195708567214626
-0.078535875189817	0.105160879829066
-0.0248958274940366	0.0317982964385615
0.194559852082059	0.302596010871366
0.0664894173064851	0.0654292511883249
-0.262480455250671	0.385727282085891
0.218229452312238	0.25939156716077
0.642477550987744	1.12216740006333
0.3427792141078	0.455821165430478
0.513505282098469	0.777369858499514
0.248518687028999	0.421344077617833
0.312699853795835	0.548225940225523
0.0396451900915011	0.0492590653911693
0.465200397335377	0.861983780924686
0.729955079949094	1.49101093305848
0.182468870544361	0.451248487365902
0.196656501438533	0.522349616186618
-0.17939161775532	0.41082481202434
0.447963909245403	1.35522332501046
0.354208867091908	0.844211525551782
0.50810738719138	1.48391669708935
0.0775238641978265	0.0905508951087186
-0.435407961394672	0.749432731036103
0.152072646482263	0.189370538320305
-0.31421566872585	0.416984663123021
-0.102669955429371	0.0964323550279199
0.472778277467475	0.731754557265349
0.834929886817447	1.2644458456355
0.167575566326604	0.185105507296502
0.219473301175004	0.276620483716806
0.623825335699133	1.4455938464457
0.189459853293091	0.271114719428841
0.0500977700384822	0.0641072602048087
0.0105814846217003	0.014072835578002
0.26139445743436	0.493331656204768
0.55810232482071	0.668814419236862
0.759537353587547	0.895074702305608
0.590659516390137	0.738067749582523
-0.030791492169873	0.0220775419692878
-0.422233115846239	0.471312336927619
-0.571723260126685	1.03094440480941
-0.00131944324788556	0.00138627941188912
0.0458320845113509	0.0552144657270284
0.169898843670514	0.188933392709314
0.238681750663185	0.319038796833551
0.0519124010041417	0.0642453693056589
-0.126143677710638	0.150774782301587
0.0982269251811469	0.116794445152494
0.171183370608166	0.18897031369754
0.55967859536305	0.834932080688638
0.150111026337844	0.13672871442282
0.340379429195801	0.562178251640457
0.235815058044158	0.412925644944806
-0.0573221357880179	0.0726711291428323
0.242699239402313	0.398969117042794
0.0717922483051664	0.10630482423841
0.0657950884899059	0.112448675146827
-0.0129993749556819	0.018727954374731
-0.0761840689539417	0.10933023127849
0.147975734233314	0.227822595693977
0.0580821486215522	0.0808856406195876
0.242433045045898	0.399767788562628
-0.0978692961415282	0.18251542408379
0.247376828131746	0.437441913348332
0.108487136804102	0.172648425153651
0.226250267714204	0.319870042835762
-0.0073548868853469	0.00889307187503432
0.0530299966836128	0.0701066961777251
-0.130530709554522	0.23226439752198
-0.0164424095646444	0.0191383477907345
0.652867841061352	1.48648616506039
0.037212407891775	0.0454300498801988
0.233220937274545	0.373462049969431
0.631356642902344	1.35165353268224
0.272004972739509	0.326099917952373
0.586117854658265	1.22399698593727
0.19354820176763	0.291389176973601
0.0707583087818422	0.0838096523238396
0.148633867225552	0.186470638181324
0.598623026814013	1.1627409972544
0.178498452075516	0.210100030843301
0.0837049271021676	0.107745667837326
0.972602541812975	2.37460308954746
-0.146792152778075	0.244933415042183
0.0734239395931509	0.100451072759022
0.103184209780748	0.145068519400999
0.151273678177127	0.232682237032509
0.0443343395823065	0.054179920755679
0.560779971031543	0.981131033363747
-0.240046297160699	0.308695287814495
-0.0611599295363899	0.0705228071878352
-0.109676876475432	0.161501512552379
-0.0171429986189306	0.0175950579081927
0.525988061758662	0.891001460295448
0.253985342478074	0.341811455585804
0.28305188555952	0.463359738570814
0.0784431201736399	0.0908508033529251
0.13391235594715	0.180794697944751
0.326109754619251	1.18939227961421
0.5279654897043	2.21723544551905
0.206257148618612	0.54193925550288
0.275973903360746	0.73032282576971
0.266334462886864	0.66047388347081
0.170915494857109	0.371602095187068
0.266280614517094	0.710714384837887
0.254293405650692	0.506963176417978
0.301299141192984	0.816696792393979
0.227469057246114	0.518520432131439
2.04078037146633	0.908687603642423
0.43810724830559	0.351915334402413
-0.187344495112261	0.15501038725261
0.158494262896072	0.15928306895987
0.443411232616419	0.351581552688216
-0.696152237748649	0.570244784657712
-0.574914576728973	0.311754206563525
-0.168064209038349	0.10686819512079
0.570837063177243	0.476528273896134
0.464376835281369	0.359950123714607
0.215102360715335	0.162161825838746
-0.0045435582914593	0.00526910287823969
0.0574014109926902	0.0791337167129375
0.486531668995341	1.13868387917145
0.14425893224847	0.223986191933597
-0.543257300019901	0.993693251388108
-0.0382316093214306	0.0311515503675688
0.309567612581178	0.384738698906513
0.534265075037512	0.81913359862134
0.712191174749941	0.618572220731722
0.844292370617842	1.08122880809313
0.701458677354851	0.396600483117232
0.819117693094877	0.648430865972513
1.87210847872533	1.13175488337154
0.0801834165519795	0.0458321300589002
-0.854666696494442	0.394157076908828
0.0647098173592653	0.0239954913785074
0.60067592703415	0.659197913631623
-0.612349220256508	0.784582812374438
0.219991265421493	0.227616209635018
0.0140374519161618	0.0125975830681402
0.135190550209662	0.111807912021269
0.572078099635917	0.485289965251763
-0.0751680671770663	0.0412850121815346
0.623663967928356	0.384807934051037
0.996701857536374	1.08640342591383
-0.0610133832475279	0.0678879214308503
-0.0920819693380914	0.15048975270817
-0.0571420809043237	0.0786498709210111
0.0807044099540603	0.134104633095878
-0.0210358148827946	0.0308770043137645
-0.290937178797418	0.3890118555489
-0.298027549561478	0.411352467976216
0.0852812969660776	0.0838528994308282
0.0434820224118115	0.0633701085892259
0.0627039041371261	0.0941566060897888
-0.0146844355720576	0.0203860308208073
-0.466374863474255	0.843720278616852
0.229560978866756	0.35869671016481
-0.207776934137061	0.347089779883254
0.20178897399601	0.314155866664984
0.287486722257883	0.540280248337605
0.258673573360359	0.492614130924716
0.0277372306299642	0.0314539743176539
-0.385386328453411	0.813021130278295
0.268920524669588	0.527020341909116
0.0235627571208551	0.0302388917515623
-0.117877197412365	0.170222901064844
0.0304107398377392	0.0390075364230574
0.821089349587259	1.88452260065706
0.205740034658978	0.332677829693926
-0.0468796240366512	0.0585433982159858
0.0698880125002257	0.0861975010279636
0.343357365880264	0.66237900769215
0.257167354279029	0.414188884127256
0.17035419671488	0.263605264327684
0.410076098196644	0.694152350218461
1.15545639037253	0.900951571506789
0.454633383231147	0.344294080021777
-0.126332894939185	0.137540949179385
-0.13618574915379	0.172653169524456
-0.360023122345896	0.713483757230201
-0.136213239720345	0.210146154002261
-0.08967783983714	0.129285691024754
-0.0556263821513837	0.0741591274810192
-0.103295099809422	0.128356669998978
0.113414245252805	0.0790144693771871
0.350554757230137	0.474114936257392
-0.116073721123787	0.146596032459787
-0.616460532639573	1.12704058626169
0.0954984668055782	0.118535765902129
0.120158375645276	0.167702373959754
0.223521436460116	0.334618355772963
0.122128967390438	0.144963992173676
0.253803748439955	0.396798438811874
-0.101721654261342	0.146569323562691
0.259725101417797	0.457615230804947
0.389255457867183	1.34767179147511
0.7275083832122	4.04533753495314
0.374832542345761	1.51563029014879
0.461476527428348	1.92350325343696
0.287713437224514	0.862200270857944
0.219003572544177	0.511560970096022
0.174911060573903	0.414278649156492
0.75208592995984	3.1674895069699
0.218647990008142	0.508273403640256
0.437213651258406	0.345200656613227
0.123054583679299	0.132922376604206
-0.313475576183271	0.563700983569555
-0.107369873431761	0.200149287946388
-0.164796077324567	0.329480904466104
0.905076701002675	0.240729555230401
0.22018418587497	0.140587353064314
-0.862640574257685	0.888535412023618
-0.594226427588333	0.718197286548797
0.36008870315982	0.240596118747862
1.93460181886002	1.66092167373792
0.309267344053044	0.135515521348088
1.18907770151885	0.647455627277659
1.15224338182383	1.16008162183442
0.811616367460323	0.42275650318415
-0.585475061074795	0.671904571906248
-0.527097479010816	0.873514599741845
-0.155869046462606	0.219267638901885
0.368831090313912	0.758670699787489
0.00140152953757853	0.00183372370018154
0.414126785081088	0.835620764554171
-0.146980040241341	0.157670178333792
-0.236070302299669	0.244109160186761
-0.195128734515412	0.172119444879686
0.501707910222675	0.631503840630952
1.1640037806735	0.773679826453404
0.443160440226769	0.15916220103121
-0.394067013057395	0.188934642324748
-0.416648263203396	0.299942561306362
0.350150835222845	0.355348118565448
-0.0778700824715137	0.0863565435998211
-0.0718677571542214	0.062729494178105
0.868817067426284	0.798481398538602
0.771828992059685	0.529733466670431
1.30791755570025	0.948990873711076
2.44260328079531	2.16187716129656
0.34137939883674	0.239559685932978
-0.203999473218422	0.265446913577001
-0.734254976706408	1.9456784692722
-0.0513688502891747	0.0699103760387063
0.0698820056823194	0.105388856829409
0.132384311323467	0.223002630542
-0.0252465365630966	0.0315477358848466
-0.187847790676648	0.21812103976181
0.274642066233825	0.297431333399928
-0.04544090338006	0.0399786312847678
0.175138865395752	0.19922405760159
-0.5616580865756	1.43236626485277
0.271923874569722	0.531428392340499
0.203030954351871	0.317150278858033
0.193462362467428	0.245014537038537
-0.38065865739067	0.657877329252589
-0.238489980350767	0.365047570219137
0.0398972772290777	0.0506829382212693
-0.114471002596925	0.162573618106321
0.0357920913937558	0.0501890110132646
-0.136982010191179	0.190178830987692
0.221411128514879	0.367192833686183
0.102877298105065	0.150702353024128
0.456863173110358	0.973092288600809
-0.2234119944872	0.375148727769004
0.228939098066575	0.358822413483459
-0.0031616449311231	0.00368458052851363
-0.242850691022882	0.335515767733998
0.211160105194695	0.315521512038779
0.211584946470495	0.341867842363755
0.252437007528621	0.132068487370778
0.552076195065439	0.81377747998382
0.414264665926845	0.615591106809272
-0.10587655086873	0.136516833340727
-0.181970531355028	0.29324266277692
0.0389003130594398	0.052034956157154
-0.0280272130134018	0.0312417641738038
-0.0342559063627489	0.0246108333848053
0.734657218531099	1.0900811712595
0.343984401967744	0.363742738724198
0.141761359947783	0.172816808516273
-0.0344826342943179	0.0337878749195648
0.301734416698695	0.463914712007464
0.769127206227486	1.86484395704225
0.490363361778391	0.85684711153044
-0.139629829574683	0.192370611060991
0.824670093236513	2.04820575567234
0.403665823267855	0.665838701027531
0.199123682047857	0.307634773791956
-0.0911359894751963	0.0942698334293897
-0.0145561891079423	0.0174044807995017
-0.14801878539658	0.203365572781561
0.338074607328892	0.565770696748913
0.166370977212376	0.37990043389408
0.603725537124169	2.88665920773338
0.58329817062268	3.13969522383806
0.360332529958405	1.59254863796777
0.230598897530089	0.738576679419638
0.577408025366239	2.96533956864625
0.551841675563378	2.34664501555018
0.516784280308058	1.90956722448056
0.311057714920695	0.880480143044479
0.334081869560348	0.991969158629635
0.202294320701391	0.506538661811721
0.841878819190013	0.96789737339583
0.772207930483055	0.515792096395427
0.358712000332974	0.46785265553042
-0.348843146293179	0.750731175902881
0.229156087809654	0.543150961483509
0.244161316869505	0.533987558681241
-3.7923014047842	1.55447505277176
0.410944173538847	0.239359518603589
0.498068046270153	0.461924729858117
0.405054235591391	0.439212098733366
1.14600507589208	1.0420113760436
0.940495117691847	0.825989940649296
0.461438597550443	0.251554630640348
-0.550024731887034	0.373067728048822
0.0924822042634906	0.0559964210331176
0.413123264785308	0.244492717216816
0.224009557131478	0.228958055102593
-0.294943405686378	0.413748512752492
-0.439530498176968	0.940284470150401
-0.13264124595002	0.222083282734149
0.48007498286669	1.0861844746472
-0.0977998873957354	0.143314023038577
0.432824688690312	0.690764641096863
0.508483199996992	0.633730600567304
-0.303520793462211	0.281703747626603
0.132923098434119	0.144057124769828
0.2010952759362	0.272384156591916
1.19212660298387	0.653285378424928
-0.479747464244589	0.210978657045579
0.356095018383987	0.141331686878719
-0.872958863857926	0.489608160208097
-0.520579272995806	0.412424887317018
0.40978935057671	0.446028229206139
0.00455634173783605	0.00461610189607818
0.754614743548223	0.934921641212751
0.452692892615991	0.637039723228065
0.332539732900034	0.364821516007942
-0.221478134034861	0.152196405720251
-0.0726343368263667	0.0502695800629941
0.82223167499218	0.428932841365855
0.0667875546718275	0.0273749779988955
-0.744857360204721	0.442930943707297
0.216997451786891	0.310489216569193
-0.548820885421048	1.39938344855571
0.433656100798806	0.976964134604702
-0.0410467738320171	0.0617462266721139
0.0537874769102543	0.0850544779616299
0.627677683415671	1.74320721917149
0.20878823191279	0.414667850582026
0.291889325100032	0.562296176867777
-0.320765147098039	0.483090576276832
0.136145877649133	0.117355135265323
0.0790119609349555	0.0760092437353825
-0.238611738327381	0.324905128428531
-0.295483302343005	0.520645537922082
-0.106298248882896	0.157727309976998
0.189553167749828	0.321896546781333
0.0955753530187264	0.100924596975587
0.13807501441791	0.192105689017864
0.120457194034545	0.173663027234408
0.150906083194973	0.224995981634525
0.0590204460145304	0.0830384016873408
0.627221846281226	1.67880431257545
0.452421876760434	0.960552263222052
-0.152455374768617	0.237945494026945
-0.13809771091956	0.221365636301083
0.0887715296960201	0.123119013403548
0.10893484727563	0.164918530069331
0.155914435912101	0.239409995240662
0.764029614326377	1.73794095381248
-0.252771181732783	0.386376932078377
0.624762844784458	1.47493450460611
0.781200497176835	1.42387500139297
0.400005484513156	0.832193205737354
0.602322240203921	1.43360489655152
0.060299390167822	0.0794249162629519
0.319744351829031	0.557144383253084
-0.101016325977695	0.052321912358788
-0.48608346905992	0.343926186274318
-0.181558610942971	0.201454924976818
-0.110877795266639	0.125882228649955
-0.022375051661551	0.0237832246018672
0.0656636696235319	0.0944099448266587
-0.203060271064826	0.32848320049248
-0.114316232187012	0.176584097084465
-0.0208976833301755	0.0153244641905205
-0.144971418000977	0.123330912787477
0.00456964475294198	0.00338462835113706
0.595520749713589	1.00803362853056
0.0172687796803405	0.0211419528393932
0.377135834050109	0.557931459723783
0.018702174756041	0.0255133719294603
0.0577237432193576	0.0759463737111962
0.0167878475049855	0.0199243734796999
0.317309822927598	0.557893347089007
-0.0554534288633692	0.071056369699874
0.00744396520166754	0.00795906701458839
-0.0531984661138077	0.0691765953454124
-0.0059030683439102	0.00641333352358354
-0.2082850341868	0.326182054444825
0.121862915843752	0.175943565890659
0.435383647758134	0.898045326030871
0.29098402751783	0.943908537729492
0.314914558738082	1.15650229782899
0.480128963168665	2.35886922580099
0.728467131084664	5.4747893356486
0.510968836565086	3.16591151104028
0.788571921235146	5.60017384280068
0.57287075258232	3.06713689026548
0.379203018529741	1.50884863805833
0.388619592088474	1.37654813662852
0.228444322810934	0.601549299114649
0.158355868528294	0.392042740156184
0.347049012921862	1.1354064468576
0.112608446413342	0.255625701189408
0.709720846063837	0.826343491916044
0.458632342925029	0.356689700805747
0.410766694697198	0.688571530017882
0.147477779651311	0.24782080556969
0.354570262157004	0.954511844247771
-0.322599441018953	0.890944910561236
0.521857654759395	0.261178248145785
0.337464963725632	0.24763601413859
-0.279558095863435	0.240962346759137
0.217272895601357	0.18803396374631
1.17250964177946	1.42728681418639
0.0594531843383401	0.0287125247108785
-0.150153179439821	0.0678176240507091
0.107816379544327	0.0714577630160748
0.230899853157816	0.129422458077581
-0.184621058585079	0.0759855302740691
0.273475727593712	0.245379108491953
0.215615086092097	0.326417587319077
0.0653154237343196	0.0916053968281686
-0.117970500929909	0.191137170946847
0.12848306728688	0.206497807714349
0.100145378741128	0.160306912118835
-0.578835999180519	1.05368287020577
-0.114443273478541	0.0990868488511575
0.709654769673049	1.22652311278146
-0.133732119357824	0.134010415093756
0.217438776243938	0.268112077200371
0.324891055035178	0.536803388888548
0.99375683520044	1.07510817277881
1.56690691936956	1.37072357953241
0.307831760433111	0.134525460806245
-0.0965341995729902	0.0502003047077641
-0.144560999953025	0.0650668195028046
-1.10873854882541	0.466123984152306
0.529266171070584	0.563313409939139
-0.127864821835962	0.127729839231355
0.253194583762068	0.342661650219422
-0.0192168440456716	0.0158544339316502
0.211627215490159	0.2091909970072
0.261978419504365	0.289947583604389
-0.470877122450382	0.372712936732718
0.215829963813408	0.156385730955887
-0.610324082420882	0.241467939031793
0.355351594551534	0.140594332367926
-0.145039499715486	0.0654847663087924
-0.684823449537765	1.56684219219853
0.00542981330108425	0.0076619809107058
-0.22271687668266	0.434936017614294
0.4357939028117	1.03361675770748
-0.2089671741846	0.391034416211631
-0.147203266393918	0.267166897711103
0.118841946123991	0.208514874058496
-0.0929699425840877	0.138588923380762
0.489885184651503	1.00087957708462
0.336387008283383	0.461050048844108
-0.569673589970699	0.893061731444793
-0.119365481791885	0.155789711907278
-0.168503645672527	0.306237434857269
0.0161748520185554	0.0241074747615589
0.223830251236624	0.346472914823863
0.505350716725531	1.19965034371383
0.280495418738966	0.510005546140495
-0.190309538344948	0.35830276883568
-0.0403686076452362	0.0616371097074508
0.154677928945354	0.221146607590709
-0.159988290362121	0.256503692280538
0.111948128255608	0.177954243114271
-0.0736776172904298	0.101577561831614
0.362775033832653	0.769630173702945
0.347433343238094	0.705710129007008
0.32799904438973	0.5886802348464
0.256879933183553	0.454658241164181
0.288698781560826	0.452061283713931
-0.0170449837864073	0.0172193870051374
0.2534773293495	0.424409614290185
0.117632929353337	0.0853480388353226
0.229463821509338	0.307244725550503
0.220809003932411	0.160828801372588
1.02459298303084	0.839560680129954
0.459863098076076	0.357446632584114
0.0340369603317062	0.0357082563535387
-0.251885329685466	0.377589584673946
0.174274421709182	0.282094468907587
0.213209745802347	0.17229964907618
0.634667900269552	0.928210051744188
0.0131621638407297	0.0160431830354821
-0.209554822600899	0.287874187869488
0.00135386988311977	0.00190737997187188
-0.199386997211749	0.32867197696579
-0.375820249979103	0.758446170718539
-0.125909083278845	0.183460888106636
-0.171199022978595	0.275860452600535
-0.0507168076326056	0.0672899072807895
-0.127389635653021	0.176043038206644
-0.0618570006630189	0.0652884593058144
-0.286385390789908	0.495576473799124
0.089035826953032	0.122240123448137
0.524029544648943	1.24670355153312
0.446686220462071	0.875389145735208
0.203206039111075	0.329805858302841
0.340476363979419	1.70973408549017
0.237244116510252	0.837301141068634
0.511371643264825	2.55790503681869
0.493125386765055	2.47738120171221
0.79218352799435	5.95395315779903
0.602009434938407	3.99843372037682
0.787150700785644	6.4318902964208
0.71275083693137	4.89663972410578
0.68033937392811	4.05805927180516
0.463621079509757	1.86108058708765
0.206511859094712	0.573017199294341
0.0750688412587386	0.149697542651777
0.0592428211480232	0.119146216008441
0.123974025530565	0.276189587036031
0.0559714853529295	0.101428524426382
0.0885351414197657	0.17764087232119
0.245579014651548	0.567859854710575
0.133826957983127	0.268867553285893
0.595847506257372	0.467925591834458
0.0919990112878965	0.10129416536823
0.271188968744499	0.586598768320973
0.158306523087857	0.350018822699604
0.173496349522521	0.382646341173807
0.597025640672294	0.184872498080192
-0.600224890797391	0.454931621980061
0.145040575938003	0.130068433788468
0.00537329191281029	0.00419870787054549
0.209433317892433	0.145308742893548
0.86732688469713	0.55467304124138
-0.417271688382183	0.124296578948584
0.324632947782907	0.250723852935624
0.0684605565158703	0.0282776065873947
0.240664050938755	0.123621265414629
0.770230833549822	1.02122407492503
-0.0516312654345449	0.058276857238368
-0.229677500421832	0.392836907234159
0.284228419500186	0.52906709691857
-0.0660110523514076	0.0978653422355886
0.368954478931718	0.704298180483626
-0.225118757642393	0.291695501855001
0.616728268598205	0.7722538466554
0.0627535146782282	0.0573385697038932
0.0941474319823126	0.0825473895547576
0.108300486003484	0.102898617441992
0.771710841538339	0.531567354999494
-0.740833302227885	0.450300848014273
-2.71321743023614	1.71368097029677
0.0683100607493241	0.0332635573557339
-0.391827337469523	0.186551553174687
-0.857547819409999	0.39435087274521
-0.346755067465606	0.34754082248894
0.872668139506521	1.57086214904205
0.599688230985165	0.480719749078491
0.549783248882162	0.481965193842775
-0.168765374277773	0.106521923083657
1.75357579179299	0.683127350616262
-1.03217916441668	0.636168030526708
0.602249634902177	0.476898246870502
0.0523745500503337	0.0606009913319176
-0.105995804506242	0.163379938256133
0.179611481091391	0.298076384534907
0.00634342800836324	0.00812442484272614
-0.448028078828396	1.1408868653153
-0.102001470283833	0.165079168234535
-0.188058745426759	0.3566040379883
0.162335167906799	0.240540128683605
-0.113305722097177	0.12949438211
-0.108128021875922	0.108217299274703
0.070630332096622	0.0687779928760892
0.0894330176257824	0.0960332609976835
0.245104063472267	0.366395086605962
0.00409674142509846	0.0052734541174822
-0.0890836024945634	0.130541943534224
-0.106171253283088	0.158345131709295
0.159359726300805	0.221233377856966
-0.0526801636367832	0.0756658392270293
-0.0107515940599146	0.0132425237204978
0.374788530706891	0.705987424054599
0.0451845149088662	0.0567646179804409
-0.219357489140818	0.355939557487721
-0.0463401761353169	0.0555065115730811
-0.294382486332994	0.455030171037511
0.23560626236775	0.346150472330106
0.848333686677629	2.12290491088722
0.336655227228987	0.525558209932126
0.311185924275169	0.525022219241641
0.749598841885869	0.617221147428149
0.229297007265044	0.128116316791165
-0.326993895681125	0.250166459176995
-0.399684668308789	0.529565348647775
0.377615103987687	0.617909824747109
0.695730881628103	0.726064404576834
0.0103145296658588	0.00897893515067449
-0.0245512772296661	0.0244163098331954
0.140441943645989	0.208885204095617
0.02465760415586	0.0287833179772168
0.0636562678388696	0.0838306872326821
-0.289886417562427	0.490609335354979
0.185806418253049	0.265165079138973
0.0231277776053388	0.023696776120488
-0.0447281847160578	0.0529968094576247
-0.216246181469555	0.28154137638549
-0.311207153071099	0.559354302476233
-0.0255302719662925	0.0349208569730914
-0.0823981610233967	0.10366125930919
0.0555202460589191	0.0586006270897382
0.343638145109899	0.564074130063016
0.279449883546469	0.478635140431759
0.373374291897287	0.71849438202484
0.251637896847843	0.377449490826448
0.648732030031486	8.13880705064661
0.368900174341681	2.26525706144034
0.737560829995322	6.27720776712274
0.296397991076873	1.44059663628499
0.663916747146036	5.02249850086214
0.642171938469855	4.50715982523152
0.634956961959981	4.40575437768468
0.223123804538352	0.739620556794252
0.304954526361009	1.03920347653207
0.287011072084107	0.88710060162257
-0.00496050526424519	0.00851648633099778
-0.0253564974273575	0.0404101237272846
0.197116825223656	0.401726249855408
-0.146341022242025	0.263736875480948
0.0291305646662291	0.0423566308427764
0.0747887432418985	0.118495739049788
0.564706187223349	1.06009566188973
0.0663686913387958	0.0947743995169264
0.0467492734046943	0.0738981823966509
-0.479923080089338	1.24810259791188
0.960595216283844	0.356972992126071
0.483542918686419	0.356190710706984
0.722705880469826	0.731768441762831
0.448233308963568	0.444164554472951
0.254515964303228	0.133034695681859
-0.140679949372487	0.0631044238663278
1.68785069668066	1.2172757459707
-0.881421769381194	0.684101615339019
0.124965574783461	0.0901171347164553
0.344153086735449	0.243201335280149
-0.167451214481176	0.177235241631552
0.1270574178626	0.16138454373117
0.00958207703991379	0.0107522606307308
-0.539947726709836	1.2187373934943
0.115560206791387	0.16312763841724
-0.256969944547627	0.419463566507364
0.188717923424077	0.23370503625258
0.378093704221399	0.455519299632887
-0.272250071325176	0.314389730971007
-0.626475608203582	0.906577594869081
0.114859395430788	0.121384008484981
1.24577204482165	1.32514039794252
2.48898970217858	1.35788422433587
-0.874279994451582	0.473609956179139
0.0687118338011687	0.023044626669583
0.0616480321228254	0.027814879575448
0.216610318286943	0.164784036844987
0.226589089757597	0.233723029188665
-0.422395138725896	0.572027548016833
0.256430734831189	0.348257336684224
-0.0149279679120038	0.00899321755781962
0.336228211772676	0.255502527152211
-0.609048591361829	0.241347421637769
1.94426405492777	2.57470463891868
1.37304899694089	0.831972986923788
0.543794567128201	0.990131524356054
-0.244429154587278	0.408787833201748
0.0379897190931044	0.0441279764343309
0.10715339611935	0.130117697306312
-0.0978585800894046	0.129670800316947
-0.111647620523009	0.158908490899861
0.512530290178566	1.0833979810273
-0.451944307578762	0.944895676888458
0.133387710432216	0.175964320716086
-0.149793660173487	0.170668247405702
-0.259635480263416	0.385419516213293
0.148775332175209	0.210395097835046
-0.0417439144087994	0.0479844178717798
0.178494207944669	0.274420219192824
-0.0548956979126077	0.0662730524202839
-0.0438757518662671	0.0558034929648018
-0.439831788602626	0.829537793471215
0.605138128571742	1.21791729151871
0.517378127055232	0.988736135812874
-0.265101310096243	0.385354441197477
-0.342012432726085	0.474374772628172
0.450831614529302	0.714216612172197
0.360298942259348	0.582927397380478
0.142587822510967	0.168440074837488
0.0174392454945767	0.018284692934153
0.0563793220899359	0.0652392465118785
0.109758477878447	0.1045323729478
0.286978129300422	0.278897800968755
1.79172118883281	1.82346394157294
0.949852147169643	1.06896966537964
-0.251960569693379	0.291833163006994
-0.557511053232256	1.03776601975159
0.0379124992854275	0.0487527939975914
-0.0836954424311647	0.111844184404798
0.551523050918941	0.557619019922111
-0.0403261935083501	0.0367544865085208
-0.0465040552031558	0.0324129657887967
-0.0811230112892276	0.0855845540995497
-0.351891079054088	0.485794333052755
0.158949042143029	0.175871451929032
-0.0272578983864151	0.0273620525358614
0.182339141900973	0.228009670516825
-0.441155025946029	0.548004673086709
0.396916620280558	0.60131094333153
-0.488842292045182	0.955239328300422
0.0647687772899414	0.071949528663699
0.731735523760447	1.38806778464763
0.291149498674072	0.400304276112044
0.186497163477368	0.230693005367827
0.18523537010696	0.222277924968768
0.0404278519601309	0.0442072643780358
-0.0236526511814931	0.119312101181929
-0.44488557898735	6.61106084159996
-0.0903450824833384	0.487500697692069
-0.227043323058799	1.74462935983036
0.23273587880757	1.22937338327277
0.29435252213196	1.12502710916177
0.0984376864771747	0.267477826325069
0.146921094835521	0.378941067726466
-0.0023184945292101	0.0043395267195818
0.0499546058932052	0.0639600574578338
0.12028047094125	0.262925176164994
-0.245793318570832	0.357689137971164
0.299258231561128	0.501762861388165
-0.131766542415814	0.167605543418269
0.102847411331877	0.0254683764967494
-0.543804171739313	1.48140303992833
0.0024809030656501	0.00375134233703071
-0.057131549145924	0.0845861364388586
-0.162860640525693	0.257182194838076
0.00913419396074402	0.012736087938404
-0.0278889203373762	0.035854414603438
-0.609092979431552	1.69350578375338
-0.27970584151326	0.573622611960896
-0.525333211451684	1.34020882169292
-0.117895023220671	0.195793213696949
0.00693616241088504	0.00838226521550985
0.0576562581418464	0.0533303563746104
-0.975844955048575	1.94266246064728
0.827479407146314	1.58607723313706
-0.0395224741801262	0.039342512074381
-0.0745978923651925	0.104493354736351
-0.00828957480260704	0.0134160824273595
0.175609770784296	0.290221222335309
0.0723768174484814	0.114512023014587
0.176006737485028	0.314638374044069
0.00601663984031328	0.00636529306523322
-0.132842738345141	0.170973723895462
-0.0977146802409527	0.100456644021424
-0.124963171024464	0.144712083824305
0.301776086226309	0.414985033259088
0.029666406149175	0.0403622692941697
0.00309758198565711	0.0032594259752245
-0.0919429950398292	0.101678676388763
0.392495943976954	0.629659328567253
0.108287538932781	0.119645106081837
0.191532610282176	0.245958196753807
0.192422178823713	0.335286834688575
0.0203620017054314	0.0231598704768849
-0.172251174619222	0.262670012049761
0.575456684461792	1.11696953795344
-0.0521539948633107	0.0822941507332087
-0.237519119413226	0.437708388019995
-0.0179066823072879	0.0179189848585196
0.273897710400437	0.303842603926359
0.126395698715351	0.131994929468135
-0.538563304738024	0.78160898942023
0.138014112143235	0.146544492520097
-0.18355761222526	0.231116824938796
0.147882773424695	0.246904990901913
0.0945472917771808	0.170582131364616
0.150885185089113	0.26542427481578
-0.108660422246974	0.182882520064109
0.48530547342454	0.78059533113819
0.524913465655489	1.40119518385107
0.0260850045945014	0.0252549543379689
0.292112777402765	0.35065681017519
0.210440906201704	0.237076707968767
0.483784491357721	0.816761862275957
0.441928032566763	0.571186339485713
0.432578586869935	0.456388445201413
0.47704429262503	0.625892602204856
0.735410873444499	1.51244101605234
0.112172463825722	0.214890677527663
0.216612127475451	0.272042270214635
0.0996456364186754	0.0881225813539427
0.216334251022218	0.208245396159014
0.27765453686537	0.270037200856072
0.0878924903839162	0.0914190192502058
-0.18246847995415	0.18807040987534
0.852126390457831	1.23586826015129
0.0799552616084191	0.13955524241219
-0.0434823731596436	0.0628937196732742
0.0866498548034418	0.116694938672905
-0.156800747765366	0.186631700861463
-0.177413950455589	0.210240996683807
-0.24534377770806	0.288310034536364
0.0302415847263255	0.0284634149372148
-0.151499679048476	0.247558179745783
0.0102613976618158	0.0147974323528987
0.617806460792234	0.766554947661712
0.392557234542318	0.561172237818048
0.0849963086990678	0.0827834735592844
0.166281726077979	0.169687231394073
0.342026196915322	0.372301829868659
0.502215175302015	0.600770698372896
0.215911037428209	0.184110901227392
0.0679513414928324	0.0650907329603779
-0.31543975516662	0.317003570066994
-0.174200132975035	0.168022653527942
-0.321523540440432	0.60596207944215
0.495998130945681	1.00823331771238
0.467193004574082	0.456440043808292
0.415428671359697	0.428931005808477
0.48679674203863	0.528592565218725
0.633358989658082	0.860703765249335
-0.136141402586039	0.127336035738742
0.483023934660314	0.6412466162902
0.186862766309318	0.248216727943057
-0.00448796153308186	0.0206404667246945
0.10738674303189	0.699993756146623
-0.264870746411593	2.32190861341471
0.437392504669248	3.43461531675223
0.575195431832739	3.41583546848025
-0.035831765370381	0.0826434201730669
0.0282503996271054	0.0535471649327119
0.501195270389092	2.06703286456267
0.0889010597417444	0.169716174884246
0.2801854049718	0.701301631145663
0.459389458904909	0.793531890801095
0.246187038086272	0.394201417426499
0.0215461910856732	0.0269667309126265
0.106304201462902	0.0262736030197679
-0.254476043553138	0.498309786955217
-0.308245128033806	0.726696339868367
0.107338134531247	0.16187309115881
0.109574541557768	0.160700762709241
-0.258262525650736	0.457261639903912
-0.190522148167894	0.283574889068557
0.0988844061279136	0.157610252477846
-0.038782395495685	0.0524913693583402
-0.530990935645169	1.40858312460488
-0.142518026682167	0.24332241172907
-0.310972650802324	0.530967484110337
-0.238977557067917	0.266575600971177
-0.0190680669632589	0.0193194009445476
0.00531546526784392	0.00527674150765305
-0.23519897477864	0.253930100663205
-0.679792924740882	1.5700116478102
-0.121954731201245	0.206220255263907
-0.479483509551009	1.0423246825725
0.337462429441053	0.679958349381844
0.0619858199494308	0.0872135178119128
-0.0679723880476705	0.0804296055791326
0.326138465453841	0.489367962765423
0.905339665535703	2.5087634269602
0.222145917573691	0.30074593151295
0.213235056162233	0.250152514366108
0.0971027498555042	0.105488047193884
-0.0292608402816844	0.0310939767724723
0.361574503031135	0.46331401559533
-0.451931727149668	0.789145534716859
0.137372684217133	0.151392166165806
-0.27473799517487	0.485150773979833
-0.0822209991730553	0.0967946672364516
0.0980395299350475	0.131123907806562
-0.233955626646159	0.394117568178563
-0.232076108391189	0.416768265856228
-0.126181805012982	0.202526711154848
0.176376570167433	0.199358391052343
0.69577612467348	0.977933458515635
0.131316100206686	0.148574527119123
-0.0437392512413578	0.0422964658803644
1.19467575228402	2.72867473577201
0.478646103054956	0.701525319901618
-0.00656036280160129	0.00821734250758744
0.111270703200067	0.184710650478151
0.134917078665683	0.221645981105809
0.147631987238887	0.231880805796439
0.924878400399353	1.34268001486241
0.549672167926693	0.812951734980911
0.856600203304651	1.59822908645519
0.958846519563984	1.5479553822055
0.215476771953008	0.236131138094863
0.405397474394358	0.562241976831096
-0.0839324896442679	0.073134167114863
0.401084453942708	0.442578831686598
-0.128919519814603	0.149266070835651
-0.0201223887619027	0.0294983301839012
-0.284717368443003	0.34901376315172
0.0403884511620641	0.0402907952422425
0.300946531733807	0.360526711919594
-0.412186767452368	0.510311901606131
0.121474747704896	0.120659322310865
0.085045387583029	0.0688808836686346
0.499739885564467	0.713669356682961
0.439462804489709	0.454065668698023
0.402030989449382	0.882382181583785
-0.245904417274312	0.413284785294445
-0.145813348393329	0.172252693870084
-0.199111534194706	0.20903357062843
-0.177597781735126	0.173385791868077
0.212995250220738	0.164305434314049
0.693888032611755	1.06091272342598
-0.117003601709359	0.11880934909996
0.378460416722931	0.457525704200713
0.627903418687023	0.945921319785962
-0.518537419580116	0.682394929413386
-0.551946506191614	0.557183190638369
0.0800592523269776	0.0654685662651158
0.218911959633199	0.228286171826503
-0.444245362977417	0.524019742805068
0.352374319961823	0.577177516929829
0.544573129919349	1.13333395869714
0.0536427112609604	0.0379561683185093
-0.0553944669633546	0.0451511861456065
-0.179198140794823	0.174116251418047
0.273978990811298	0.253913019476383
-0.904135720193639	1.10485506126933
0.477180010286808	0.641544158950017
0.173674803846827	0.200524777075451
0.00234978675545443	0.0108396208126397
-0.0826690001618105	0.48114529671236
0.534526283920093	5.59072998099788
0.473882664055313	2.76697916455806
0.302976616474341	1.33690446085172
0.135750473581059	0.352495803820935
0.0925669625230475	0.189987218612566
-0.49576551621606	0.847667022341403
0.11733237938539	0.164963078191779
-0.642375765643232	1.48336166618911
0.905420857145439	0.241046379590989
0.0570661450984532	0.0880493385318832
-0.167221146243198	0.340568840301115
-0.213327516868903	0.375626912712186
-0.193933460536469	0.33760045314306
0.174408439771507	0.283902789481334
-0.531132962991628	1.40705049452528
-0.245257944513115	0.489485108042053
0.088606659035264	0.134194995920342
-0.0751594236245299	0.121717822180266
-0.228587976736357	0.470042829267653
0.213096954850424	0.32441971704396
-0.207390289007913	0.271975228268162
0.0606337899978696	0.0632884968960708
-0.0508238292273108	0.0494919453457429
0.601029342628913	1.15031551547745
0.0577734312403963	0.0784633210505718
-0.0030327933970185	0.0045836865361005
0.281565046196539	0.575256071751864
0.157079375938068	0.267776265519138
0.461786489778704	1.06326951428908
0.524334367748855	1.02153254284741
-0.0164936139367805	0.0169125064004928
0.38420217720723	0.700930938079419
0.336596023868045	0.531285454495049
0.614138254994426	1.12992113388365
0.0129403287953071	0.0148345224643248
0.135793156689822	0.19729004473085
0.142265473320286	0.216666031303439
-0.220947485938577	0.269786727930164
0.221136312492686	0.253021148836425
0.0660355079152005	0.0749748508084637
-0.518171571525367	1.10308712653862
-0.5576032213772	1.13167826133023
-0.0900656124443827	0.125712003942364
0.353252618083833	0.613931696733687
0.0548119156582817	0.0862225019312543
0.0776027003634861	0.106429824488473
0.137432372392584	0.163196536541017
-0.0640797167870636	0.0605797663602862
0.102584952067818	0.113553596809143
-0.0304820033863908	0.0300958948475975
0.406452319396487	0.616371143626613
0.194570116191534	0.302045085390059
0.32128355931811	0.487782064148537
0.364428713575428	0.45932197878996
0.311009541213223	0.357495747262153
0.358796381027075	0.463591355097119
0.0851700554962857	0.0744142387891875
-0.125933661727283	0.126999996448166
0.0670458879470729	0.0641694806804853
0.152851585614279	0.300442525239126
0.454429299061287	0.728785732236745
-0.660698260323066	0.862002673514663
-0.587480653941944	0.783138328152193
0.609098485511482	0.855102788802275
-0.172444738186309	0.165374049051985
0.75393151740718	1.18506880950417
0.056586585213566	0.090626885968708
-0.201476903074036	0.299584502677822
-0.296282988456606	0.428283438011711
0.327121446346262	0.393110596823652
-0.134367878130473	0.133900024743526
0.483241746941033	0.638229615125732
-0.0356275714769723	0.0462565912862568
-0.0879682370429025	0.0820399779890465
0.0685963830172442	0.054270615691643
0.85614611621295	1.54892559184807
0.316805527633099	0.385679923116978
0.153732699100506	0.129385916569995
0.143411774646841	0.128020902338262
0.144356174180097	0.115755504090966
0.518620820607557	0.650952357002758
-0.509546108390583	0.646092782656345
0.342981776817727	0.373630735628837
0.400927791233744	0.725145939361961
-0.146958390666627	0.165331129204287
-0.179941558399162	0.163348355136701
-1.05112798772427	1.9616407446612
0.671674878256811	0.877033692207628
-0.105613463831206	0.0992147030266622
0.0998535523545207	0.0908519889352645
0.0220700470079234	0.0225155170979841
0.381670882240467	0.608532482236284
0.125442183029953	0.178974083087744
0.0739211382126208	0.0826056575199061
0.148572067444418	1.24246720467434
0.1304854290883	0.811197085089291
0.261668922948597	0.763677138082154
-0.0865579479706551	0.18267881273983
-0.0855247282628967	0.162463023386162
-0.0196967700504789	0.0361193668385975
0.0310538693909403	0.0384058997417665
-0.133437765698238	0.213879968873107
0.334415357838521	0.689775144348528
-1.19448214269812	0.373652093036025
-0.449971303965711	1.09940555598091
0.0622713412677794	0.108929620915089
-0.2607813715192	0.467113890896897
-0.115211245293288	0.163250568391143
0.27383757061664	0.567670968096843
0.182613107590379	0.318503809764101
-0.138528745300244	0.208427887729827
-0.464825923831654	1.08742565378482
0.148789431629701	0.268599074315972
-0.273239390210838	0.579260233682264
-0.101255603932802	0.14484450943278
-0.355934667495563	0.508967462481287
0.577654447807391	1.04721995316267
0.494145344132979	0.769149481503653
0.184277995754421	0.226634474600751
-0.224174908290656	0.408332489571751
0.112185600639321	0.229432336275188
0.182598462838337	0.298570676799727
0.0358943738532942	0.0496322414116563
-0.142254024767645	0.228157297241512
0.125912705210841	0.140752452335706
0.325384119866859	0.491594218958984
0.12024252408031	0.171483626577033
0.594685423315324	0.978870599070884
-0.142229136709425	0.175200623044949
0.102050724635557	0.129639714656439
0.0438322450464743	0.0560936245489852
-0.297938213390475	0.379051770315618
0.0190407845329978	0.0192320716032191
-0.983024549424481	1.98794994881111
-0.352576157397171	0.71153700335681
0.18068115735224	0.281816385622543
-0.121731495723862	0.196561857068201
0.360614360462395	0.670017689660205
0.147560663818345	0.273244262344971
-0.0859347495384352	0.132880983755873
-0.634598876251728	1.10314736596499
0.0872585023120044	0.0987386401579218
0.44342622653976	0.747525259822545
-0.952887264455659	2.11024158078075
0.0542463035067743	0.0556716276603764
0.264799073427493	0.439128862538535
0.220888349692583	0.221329183575023
0.430946536720485	0.540003839704991
0.214150820126825	0.215509246899063
-0.124416427280362	0.125187981995057
0.217494948485919	0.245338709639486
-0.068231499724906	0.122315473006825
-0.0449079875150062	0.0469452598967912
0.514274222685509	0.745918385490374
-0.134573795312971	0.14546497465788
0.339991311499346	0.376792117864686
0.672072711864892	0.936734442861534
-0.149108637930472	0.312988201247838
0.145697922530981	0.24168535562556
-0.0998031214790471	0.176676456357324
0.115900631360796	0.195726496701685
-0.213361915846455	0.311673896777283
-0.13912282197997	0.176841506547192
-0.217719061168934	0.278254914716203
0.0240205252845281	0.0221076444032966
-0.301492141889447	0.338503088470825
0.101397719400353	0.141914876463196
0.111720777651602	0.111309154549662
-0.23364052642669	0.219688161985292
0.209709911937438	0.218989851795914
0.801877815061338	1.40029099609158
-0.0781539169340546	0.0686319012144435
-0.115767413303864	0.108129757903214
-0.198260958091109	0.161312796690511
0.666860078718876	0.962616344699024
-0.24061280336471	0.280165187797306
0.271580149984289	0.301072486609174
0.273527044807436	0.502645671810809
-0.405051685825408	0.712746418732495
-0.916134109591311	1.3114147186839
-0.310941338292929	0.306332673773515
-0.264893795140545	0.270892964542271
0.452941537094529	0.537397101036867
-0.316331804547247	0.335618413668186
-0.759914455789275	1.41130997120841
-0.406544590462166	0.743828517499162
-0.525835631448296	1.31545726291082
0.0390590641690749	0.0432616418193794
0.0096884062040317	0.0431947543316066
-0.0758086761107145	0.365316930572237
0.443803829593021	0.863230665240435
-0.107142342288781	0.109047296402555
-0.10991061088824	0.178050287154744
0.0610033987017444	0.0914530697237651
0.321113268224147	0.801850341806209
-0.0542343075166752	0.0863434575511398
0.438372770836382	0.156441275503924
-0.149062863683991	0.168509225807295
-0.402262890252957	0.689594165648317
0.0425946987247407	0.0467509218256515
0.278506976303428	0.294822249195996
0.550548629608039	0.641809178828181
1.36529111491462	2.04552949015565
0.450494324038728	0.546342354745124
0.417176291126561	0.550523633254734
-0.0506415176439148	0.0500666629262195
0.181200517611811	0.21425717131354
-0.619381010665472	1.40605632829844
-0.732881897689053	1.66694567888413
-0.100147871739997	0.140514813148425
0.213017956224591	0.307049665434272
-0.658905616401424	1.35178812271504
-0.895060579278358	2.3527305209911
-0.586273988305271	1.30067975499524
0.774230612734606	1.76884691121565
-0.333695723981446	0.593990096937524
0.0829970352421334	0.102208034207589
-0.408057151777663	0.660854509899727
-0.0696729895624572	0.079007677768481
0.632965919629246	0.692440923372816
1.07142711238408	1.1220939557509
-1.02905537542707	1.11373674442278
-0.0205807255785769	0.0149899760991511
-0.00842079873807694	0.00792876800051342
0.0582069964821724	0.0667978223691588
0.0193150843764535	0.0187020907416256
0.245722234918935	0.318665269420669
-0.386448476797673	0.530962949608194
-1.01848687719653	1.85176484920256
0.366003949474671	0.439038133681563
-0.17320166145862	0.141442003313941
-0.591033952892203	0.586827830777735
-0.0834245410562194	0.0906396850650335
0.150277576412786	0.226110653280604
0.139767212123037	0.21248829933327
0.382719384024572	0.638853039265719
0.416277098535802	0.797579452891905
0.170044642110058	0.245680384154996
0.101027806587123	0.135005742077326
0.1482174936987	0.183662985028781
0.127697815480668	0.169912682201174
0.256576390870791	0.437494999088577
0.425078888226139	0.771114449249398
0.450293814434255	0.783413667984127
0.522772023178316	0.813371347831734
0.343780677965835	0.46352891134254
-0.186931391208721	0.205521148330401
0.487240817596324	0.86741669584251
-0.202214922346992	0.352824851849593
0.256956675242619	0.38175029546476
0.425066293374735	0.727044232898314
0.250123822176116	0.375184080049549
-0.491157204091189	0.637189207619542
-0.0527922185957545	0.0560566349133082
-0.0859764804998201	0.095244666862613
-0.207337017216381	0.256144400286213
0.588774688135989	1.08726072421049
-0.440694583896651	0.508870926613578
-0.144560674373472	0.131488871618078
0.181118231000521	0.207870919987084
0.00016485683093349	0.000153588955630329
-0.105329601579204	0.136585993347108
-0.00963713504900998	0.0122465129582974
-0.122105350955222	0.167730479801786
0.0754729636019966	0.0962407394999013
-0.170506370476405	0.200337209391003
0.119753878844591	0.123070386804627
-0.549101080234199	1.00756363845247
0.225380633863347	0.261922222810347
0.1403376374513	0.162127054987048
0.327565710924967	0.476456012456241
-0.115897619383363	0.123615546759552
0.375684743601849	0.527221318037255
-0.0682227111142878	0.0693569248147769
-0.1402305755331	0.130815797819306
-0.0328227812198618	0.0333869582926725
0.0162051474325602	0.0164857264669987
-0.0260283005725756	0.0278809388547443
0.433689793371586	0.665227538497707
0.152898432922769	0.20726906492263
-0.0850563127111401	0.0809424432091646
-0.285843272542621	0.422014564403346
-0.275610190606118	0.397035105683822
0.428959667129578	0.614481293573369
-0.187188414147654	0.184701753263593
-0.282908944068294	0.391624352962419
0.177893116761925	0.191409306363368
0.26609200340281	0.357812543817831
0.615063945946692	0.764247880532685
-0.0326812830140394	0.160212807443956
-0.107504307035565	0.6110931373825
0.474017071978741	0.466103071246604
0.942116432152139	1.06462440940152
-0.0343415520521661	0.0416201947795366
-0.234235443596626	0.453940968473498
-0.259545692212907	0.59225976358655
0.258700631097397	0.596280754843814
-0.232248492579771	0.0879699430977816
-0.624337245227897	0.690632027814393
0.0548237411515021	0.0405970964068392
0.214641262549476	0.231814218460169
0.0997256922875514	0.0635514988716452
0.717599594690938	0.628642298349227
0.622938906039505	0.383088189689937
-1.24612269322611	1.10162257937044
0.331439055657054	0.236420404596132
0.864889262725607	0.790427364693465
0.435378608556789	0.548979012482223
-0.0846621758662187	0.105545576904427
0.199263071542497	0.313915762023702
0.28154493931721	0.570286271392349
0.188638303394385	0.32535647357704
-0.194265142162574	0.311632406734671
0.331896230441458	0.477869887425995
-0.0391156744633055	0.0393273961135102
-0.32769116334136	0.393357961329706
-0.437542001046531	0.665166300712167
0.957480390549567	1.81411063205675
0.151246293512521	0.206215268213416
0.0685908696403208	0.0760811687479317
0.0666866847687339	0.061220748690567
0.379005753485439	0.241632994822048
0.337490314094767	0.23482898482767
0.460723559940697	0.252546253341484
0.0592861880578097	0.0222753064209246
0.443372066037689	0.156694122489307
0.78308021633683	0.523961184950674
0.0772923296585381	0.062776888021889
0.0868764460677998	0.0864232135512538
-0.016549854274383	0.016813365225544
0.379479473476735	0.346534700128091
0.0792512085385318	0.0662534282309436
0.0703572528188401	0.0316203292283854
1.95421522980149	0.509451950210503
-0.485855104635769	0.593344750522506
-0.288050035471283	0.386764237027862
-0.194860044956911	0.188443246355777
0.414223698417917	0.360782531324016
-0.206295319374313	0.147742014600785
-0.180025368858162	0.0737713050666735
-0.670832880568364	0.493111120722591
0.76857505510597	0.529783160511132
0.0230009965825571	0.0287654629847062
0.188747114784741	0.290894416847471
0.294214710466917	0.532188629542187
0.269274487215593	0.538093984177096
0.134826365571321	0.197249898129012
0.187356978810361	0.238834979343685
0.321838922100832	0.392149461568035
-0.00227697025582733	0.00243998321145032
0.196974394183413	0.290814820634594
0.145631390101319	0.203139796329884
-0.00776730544645504	0.0100302300076238
0.193989812342087	0.293222504141042
0.226227898411298	0.340698816197709
0.625328903628072	1.6739068373325
0.136267997898779	0.196818722345236
0.0781160956835298	0.10051663213171
0.561030311768789	1.18701764686362
-0.585830199384017	1.21542484942433
-0.476901481079032	0.880611904564638
0.143191270281149	0.187900330475738
-0.62785489733625	1.30794886707527
0.0951013453509532	0.116187781229844
0.196162848706709	0.28736297317153
0.286312846616369	0.498144095932075
0.0503492071547071	0.0616014719776437
0.666322940803735	1.50774032658993
0.157595148319063	0.228840565990662
0.101113812487727	0.128022278616771
0.650286379254328	1.62607335784601
-0.109751331400399	0.0850612187965326
-0.0227484342659377	0.020945185006817
-0.838433556393821	1.00328445281804
-1.43187672664201	1.19601905201424
-0.378017322469824	0.281084502248277
0.0647857264065349	0.0700986218735274
0.129293962576231	0.162524928203251
-0.0391860056281846	0.0500006080667463
-0.551817648248286	1.25858373525825
-0.0765177648378524	0.106057984469096
0.0576474417303221	0.0723732237666684
-0.422554222936527	0.612582947785902
-0.402929678493485	0.781781383080461
-0.253056811013558	0.360391957930963
0.0551521264933128	0.0666002318573995
0.324501339240794	0.511070704905125
0.142259665307292	0.203036822156953
-0.606553050715314	1.08072023514498
0.0577046731389318	0.0677345987505425
0.210839529796955	0.24685925315031
-0.208651972116483	0.28605926717129
0.0504074494754535	0.0688247022137177
-0.32250453784379	0.528082691085627
-0.180165062219469	0.257592484940311
0.277480536561629	0.404142075841544
-0.0323537090604447	0.0386948370752963
0.452795295154198	0.842984340045241
0.646860197655372	1.27972114548071
-0.0392303101805629	0.0468231365886302
-0.090236157566551	0.104947083196979
0.384319858646243	0.534624289714618
0.0993360300635898	0.0875895879956006
0.607880624336608	0.670720216089457
0.357750864449897	0.473224241423633
0.3334488378488	0.370631087428311
0.684220370465564	0.616306126308058
0.0780185497928601	0.483293161029939
0.0731774969089067	0.366815209198689
0.0200379675992884	0.0674716410026163
0.0143389056230415	0.00892109372149917
0.127518293240107	0.166055205922982
0.583295137471919	1.78132458612401
0.205632072071581	0.530549060357588
0.473157803599279	1.6477241621937
1.75737498149978	0.683744401124337
-0.0471280219413007	0.0329733926420957
0.0496458390574099	0.0433057534518291
0.161716084241065	0.174574709287243
0.217433254100513	0.179620590742823
-0.0909181153718191	0.0616517892215693
0.0820706443382752	0.0459806225014363
-0.0117929452198951	0.00707564984183606
0.551189149670438	0.478121826314463
-0.160209528745683	0.100851011801782
0.116091297907997	0.11908670009804
0.257075211680515	0.424859779373359
0.518149834742515	1.2670143853876
0.251787933628183	0.480134069864033
-0.367837809389984	0.83450005701946
-0.133454419353628	0.203807594478753
0.357858905604405	0.553098895907124
0.172532583377884	0.18903303623859
0.051020393117606	0.0516615431565774
0.929613733500887	2.14161606251227
0.0130277566205282	0.0126085442978932
0.34660637844007	0.548267621229106
0.661234752000605	1.44533215044093
0.302936710441933	0.38730437276935
0.0822977886947851	0.0672162250687038
0.221783806548333	0.140903388650915
1.44040484928404	1.14293514978959
0.646412927900214	0.608486683089091
-1.41717257468266	0.900581011653564
0.458687273687556	0.248553339644028
0.0593347365313317	0.024637086125594
-0.364454236623165	0.231918032421538
-1.03350740827428	1.57442132265113
1.07020131454666	2.35732748568331
0.14111456924424	0.161400069562921
-0.0360456337552731	0.028633816142966
0.213978873272111	0.132325580802793
0.127645812237754	0.0255315531572439
-0.566430829994332	0.712306270524742
0.170095410980469	0.198776281774412
-0.456303845381254	0.583293650100774
0.154884820031794	0.126481328690302
0.221660305427594	0.173186661700818
-0.166335182377121	0.104888485810849
0.625253382123627	0.383584148607101
0.47178343512623	0.345849758393911
0.11939563934947	0.167864401195877
0.2495165422924	0.459853580999453
0.04932835371398	0.0804198945495932
0.0837985177423864	0.127185969137031
0.186365175718146	0.251666928396039
0.428139663224154	0.638181308205145
-0.149946205900983	0.192969030190307
0.205239482184424	0.308474561984285
0.244411974784672	0.425631113193801
-0.260561095286127	0.465561131738314
0.0762469103462252	0.122194743573201
0.0285505137643201	0.040345838477677
0.121759459017409	0.181177786949641
0.736657079521241	2.34407095733104
-0.1561688071131	0.26170413799212
0.284181729984613	0.551463028304576
0.021294746391238	0.0288131308370979
0.0264121199148254	0.0340540777300617
0.493054111218738	1.07122090300493
-0.230563072051049	0.355201325233441
0.107087633463738	0.143068527724345
-0.221784239197727	0.318434774426753
-0.0983353476626036	0.129368393050206
-0.0859667593434156	0.138011759965646
-0.0911126463483703	0.131189463594289
0.423579583467058	0.900605800201319
0.0196303385013482	0.0256794393663104
-0.140579784475702	0.199595749960058
0.378881009167795	0.813776919103427
0.326621805584046	0.546649074655455
0.0790265902137049	0.107057775709022
0.491239506364754	1.15584836738591
0.129503531212451	0.144942028192254
0.635865886914302	0.581201694181898
-0.623305468123407	0.941425108194724
0.0260088555675377	0.0171592096086772
1.6121390112497	1.6930608305165
-0.701000386195853	0.637588050400331
-0.487099506876733	0.931214111141594
-0.314848236180863	0.467518805911665
-0.185341357868756	0.290559278030239
-0.408974377756291	0.944548637295798
-0.0750827186323687	0.11174954452284
1.46022355701695	2.53297768177832
-0.220594983028688	0.355382410689149
0.216727006088364	0.306233919568137
-0.195329344873748	0.281228075105783
-0.0809582186045803	0.105082732547201
0.0118706958272531	0.0150702345585755
0.536435116808447	1.18966912573811
-0.072309758769467	0.0947254789958317
0.589334169026504	1.45649560772955
0.358294653755542	0.736819485581998
0.279676066551056	0.457014106710617
-0.171404890898245	0.271777562195369
0.0388654509631768	0.045536449564654
0.40784215661341	0.781118188551079
-0.0519858592065291	0.0721116538332871
0.334438425671482	0.676493104677054
0.340657654555377	0.595978090058737
0.426753106324157	0.847180410661642
0.416908142327553	0.74549215156331
0.0182504057661912	0.0240596643055323
0.411262474491138	0.774327665343945
-0.0998609730618226	0.137186398758974
0.390141942546638	0.703459140979863
0.151285631947131	0.19500410917484
-0.164868882160721	0.150011530792328
0.124549525087361	0.125834145954983
0.131669179157156	0.107291056396505
0.0683075326778553	0.398415329828494
-0.022998987721144	0.0926405896081243
0.0160839520464217	0.0493998572698389
1.91354578490964	3.23453707602907
-0.102473286419973	0.124669421232676
0.114712065608165	0.186817670713053
-0.0389572061095822	0.0696209325065068
0.45570088298411	1.51803793031548
0.105890524878761	0.0264349398300663
-0.468943684205532	0.486554456531359
-0.261332858698654	0.247121503109074
-0.412420836071803	0.514529469645385
0.843908702274069	0.983613666118511
1.4208710283942	1.70024489553893
1.01816409902154	0.722177426337817
0.334759344789516	0.245304408747377
-0.171353861190707	0.107902234436029
0.482186966295972	0.358213811040257
0.278229276363593	0.297937946215075
-0.322449726254175	0.499528448528671
0.082238027427433	0.108277666018279
0.24423139211979	0.464188967942341
0.359487256031464	0.763634728464042
-0.260840081075696	0.447174863229041
0.267330594176651	0.335968204803832
0.138274888413963	0.152271798382732
0.00594232079947333	0.00503368392059433
-0.139410940508434	0.170533563161309
0.208957442703111	0.251332365377751
-0.174299637960253	0.217441682749285
-0.401370232227522	0.660353048114563
0.211922024680863	0.225126487947759
-0.503022955540654	0.62166738018238
0.868528632370353	1.31476762533318
0.704647867437981	0.726877767963445
1.43906614208712	1.14009605311862
-0.515495563288895	0.39630792266522
-0.16743129679788	0.105226019611976
-1.06831911370573	0.557442474984567
0.559590006053466	0.372115834577807
0.447399940278579	0.160249311030023
0.249534073612635	0.129361537298002
0.00721645668302827	0.00537750898057604
0.0785911616477787	0.0749652375957172
0.180157741264554	0.234468569216884
0.881131015178654	1.12121278487073
1.14896396846847	1.02585714121874
0.444723861610978	0.461448172440491
-0.624607092016716	0.82631475152583
0.701627122547339	0.401549119940006
-2.59042803651223	0.725580173516583
-0.673848896955641	1.0821211644105
0.431822902334546	0.603207755215717
-0.00414772619652518	0.00393047888260379
1.0867307191153	1.8741085454687
0.114653485614953	0.0823585891727919
-0.585193107247813	0.440521080069493
-0.130462021392469	0.0594095787778287
0.102331344589264	0.0681374356433527
0.376533241146986	0.657444055410366
0.0860272715888949	0.137257300071754
0.141472453840024	0.232358328370341
0.431359483775445	0.989156572399446
-0.465622493842669	1.12535962192633
-0.186408021935034	0.232956320525876
0.648156485994291	1.04868745469679
0.167041868758268	0.176212993011025
0.062680634296836	0.0657988931279413
-0.00627644294317504	0.00799217015061836
0.359693300869706	0.620328089009067
0.11132001958869	0.175843618443544
-0.304388417102712	0.50937659663585
0.770161048814926	1.99814339591698
0.0508195542421661	0.06974294773023
0.126863404266141	0.212557050668335
0.425774367751465	0.831210616127912
0.260091141285509	0.502468747408098
0.304190612493387	0.567270401497667
-0.0287734468267748	0.0307696185566275
0.0430946328739826	0.0495553261538658
0.56348498284269	1.21069965423937
0.376591049872251	0.64298590126714
0.267181977914175	0.426044973589424
0.272695781004504	0.498067582371932
-0.202752521495976	0.350223842192646
-0.094585915320015	0.124349510452088
0.438500066503965	0.78804439895555
-0.229017885206757	0.372023833347848
0.0516375889674005	0.0623851385613935
0.127302277929407	0.175688706089178
0.376851278911052	0.610567242574927
-0.151765795452724	0.25291578313757
0.0620342390743824	0.0843116026331817
-0.0603303785369304	0.0733219486321133
-0.662383397294115	1.19268949780379
-0.10053873376177	0.0765440724153246
-0.529634213661032	0.737643389925401
0.219832972962535	0.177954112921005
1.69046177729191	1.94535514346847
0.100450143728121	0.0664350376110491
-0.692707742457456	1.31616200523381
0.267658338096639	0.464146796382283
0.174367910328814	0.282241469911948
-0.273857156842721	0.505498003252961
0.140608635861432	0.202441060099022
0.00904444341647078	0.0116343972280802
-0.0514890735932931	0.0588267784882549
-0.0810392314505517	0.0620769103442517
-0.0422659014252339	0.0514516271733487
0.279721871018468	0.412032688879359
-0.415344953554312	0.734854506311957
0.230513582541453	0.38841518507604
0.39447757436296	0.777615889923998
-0.204431546630808	0.313263332273436
0.658837669362931	1.44535194562838
0.094282333523017	0.128624620633999
0.190182562120544	0.257516528313166
-0.0729096676845263	0.0918642063506787
-0.0608139198603135	0.0675121797188116
0.339171497404151	0.59089877792079
0.262600474827122	0.41024965164754
-0.130265319448812	0.196482445683011
-0.29266360781454	0.479144095222613
0.00540873084523769	0.00613659430280472
-0.0562502112813048	0.0703024061822501
-0.154802280042595	0.228564106696187
0.680257536927327	1.78814234449047
0.0879094578864199	0.103764746547151
0.386020588115966	0.663670919632484
0.183838215375764	0.228655237689157
0.141342123267614	0.127755991017899
0.0433158418695556	0.225990528896289
-0.0363781168529084	0.154231683316274
0.0835472769000214	0.221037672931546
-0.0228823415979914	0.0165612491339774
-0.0739331726407677	0.0883332724095583
-0.111621316350892	0.189656221090303
0.159938649752792	0.34446816617991
-0.126882605272676	0.268387294272829
-1.58358023269916	0.585811377580937
0.520136732444161	0.453524949919807
0.224639004791427	0.164391988502604
0.734249145574827	1.09838772523891
0.310796188012769	0.262608240802968
0.974441516574818	0.946736868964292
0.210553259961484	0.132604078376486
-0.464395036934776	0.376106373319413
1.32025229230425	1.65035137848474
-0.782986888621355	0.738367132926971
0.0729502234422894	0.0677113719574004
-0.156697243918388	0.208521060044734
0.113427116533736	0.156648699424277
-0.150341521087149	0.24568311446486
0.317071614065821	0.677002139254708
0.0148413160581715	0.0196359042639551
0.0115476630446018	0.0120904703845601
-0.246382608757922	0.272222403261059
0.431945391915996	0.556525558093191
0.739632794295888	1.35122226805315
0.292546511846443	0.365724372887552
-0.33656230620353	0.539029191869175
-0.328847635855032	0.471507814505177
0.150768004242026	0.181629072132918
-0.220395612074023	0.196029350785147
0.629811957599026	0.76768206913902
0.642004904119843	0.600813907747819
0.276461473602482	0.132162512129185
0.576230968150487	0.485740668274179
-0.0303781993614045	0.0179639137204071
-0.118581605608028	0.0573978698816374
-0.853154243166793	0.391944166923911
-0.117441415115975	0.0575673601739143
0.460498957258394	0.252049383257526
0.212148890337855	0.202390499632604
0.21455577097212	0.211376929134648
0.0942492031956315	0.0567084846074013
-0.111676611861707	0.0858432006691197
-0.412545053445202	0.458471973597159
0.865457888538721	0.557323926907344
0.100905654258452	0.0250362031444007
0.263711972818743	0.275712671563415
-0.895791487411407	1.64259541430813
-0.44944305476272	0.612595463324935
0.413724640905341	0.443987540345114
0.0410074675550575	0.0286715329194098
-1.25203596685393	0.704871860503057
-0.0653720672408638	0.0358192401054145
0.81899094680364	0.761618685630613
-0.203086619961159	0.275456427013869
0.380157502192675	0.765527889044867
0.121227594080791	0.193531083507496
0.285326854942357	0.581255612111683
0.241690849959745	0.465301918176276
-0.290878781074665	0.597263810445091
-0.592924032501479	1.4577453693001
-0.354369746387729	0.569339075227425
0.179791621502368	0.222705214032378
0.506225974617794	0.862761625406155
0.371792794234168	0.699776404805978
0.355083208382144	0.708791894732467
-0.292978296941633	0.546917651458893
-0.124259308978141	0.173584456149016
0.272769246949632	0.516825517635985
0.104743546062467	0.158848707617818
0.0203415285942111	0.0248468885199206
0.0954928856338914	0.132433812908926
0.192702951276386	0.298023936904213
0.226001730695751	0.325529556822136
0.0741169250629844	0.101529413080568
0.3049588393135	0.560422647089132
-0.0663968309515617	0.0788306509465819
-0.159030371359617	0.199138650653847
-0.0776407993473318	0.116438622697635
-0.061344099893361	0.078369540938075
-0.115439256143003	0.153018285469595
-0.0745063435111558	0.0939129841055419
0.110406469327638	0.163533477043153
0.0565362428042646	0.0773785958964067
0.15082580476859	0.214854647124491
0.356111165828404	0.688006269270955
-0.0255762188009052	0.0345338758895014
-0.217987877493482	0.34149077171712
-0.235025740405513	0.342540728919271
0.28963702625445	0.402735015164371
0.0149243957952299	0.0116074432796638
-0.0534762966556853	0.0584075803205388
0.218820908736999	0.178180689587835
-0.418977502678893	0.257389236307028
0.505469461606707	0.552752108249671
-0.469061020747802	0.729407722715856
-0.132768984466625	0.160189866857928
0.454924806364732	0.958351740299073
-0.173684688177882	0.282016482151923
-0.278323694129225	0.527163385800636
-0.271802484723334	0.464721687589546
0.145820599189223	0.182435089020255
0.0742014716617117	0.058889502185401
0.243305053041228	0.321697313551234
0.098247821800261	0.0865876423570151
0.0562454763125887	0.069776515931849
0.141469087984595	0.165877367291819
-0.151859750748448	0.231611710412684
0.301246161611413	0.542220352321567
0.0469700149895132	0.060315849793026
0.0134464010568766	0.0164209327308397
-0.131835469466422	0.189009833102753
0.145140220990945	0.194831569512718
0.402836919155214	0.885415628289469
1.20493180879787	3.18118654987714
0.251164872134455	0.41369739008456
0.117244719079368	0.16252128133362
0.0757178923061506	0.111950118442312
0.109502652356609	0.144746333055173
-0.228250880762143	0.350721700932847
0.0748005315536369	0.0988408638573388
0.21632611748922	0.348064385647595
-0.252724664718747	0.409667083216466
0.363648993642105	0.642100362000059
0.216772813416809	0.316839981492603
-0.119419055119947	0.148487837213927
0.280947927747306	0.288163924884992
0.0539716960146481	0.283701688037265
-0.0505311544009847	0.215987284309624
-0.0980909443758207	0.366493080176572
-0.0924084870397525	0.314372226256125
-0.0404600863547551	0.0926058738331324
-0.00324755394673239	0.00247096565898992
0.461046013036895	0.878489577211705
0.00937475612917324	0.0124944719184939
0.350843921544554	0.956614430120989
0.244771069888949	0.56017293237458
-1.19448214269812	0.373652093036025
0.215433504585336	0.176201717443084
0.0216040414795187	0.0176799569820859
-0.0769972792583909	0.0685266699057489
0.606444786405486	0.582821963574962
-0.685865177565658	0.564201663135111
-0.591838858242545	0.453967591289474
1.05289696791497	0.991790927738467
0.222272607922986	0.155593252683013
-0.885599944765389	0.681488151028116
-0.237267826850607	0.247029474643517
-0.11393683194592	0.146335162751779
0.039851470543721	0.0514712047349637
-0.446767979080145	0.982561496752295
-0.538249140525644	1.24419392612949
-0.0300405083742208	0.038175099822961
0.103956901918616	0.119682981817997
-0.535551730164284	0.648766330451665
-0.184160773750163	0.194283859136894
0.587542684107887	0.967939114265183
0.512911154992336	0.64330723229996
-0.0154308861885466	0.0167831924117238
0.339766915296623	0.48460133354464
0.206768603418167	0.21588776509553
-0.411413664448201	0.40238526560903
0.742934382822983	0.835706998839836
-0.189322275700138	0.133953686557792
-0.775068228362257	0.543290734872774
0.313606401234538	0.137490867773465
-0.480202458680948	0.336528996324504
-1.57426188984028	0.827577729580186
-0.880016824586908	0.668446396624387
3.23705358947669	1.12361051044471
1.30316146780988	0.92804648375565
0.212938210327587	0.189687177702821
0.163061005018457	0.160967654165193
0.117769050448178	0.1257737782164
0.217133334136623	0.237745491426826
0.631967778422858	0.688813412424957
-0.202484969539049	0.123371790631004
0.321839774066357	0.241718136181712
-0.122034114747636	0.059591370769681
0.082854937633096	0.0693991000379972
-0.684663360832526	0.865365552221661
-0.0999252100067809	0.0515385215489523
-2.59469838589568	0.726362558293108
-0.0580612167583704	0.0465223450094083
0.031383305404513	0.0255686741512314
-0.25744485517479	0.280757774440451
-0.000160652035141701	0.000000455915166938721
0.762379683490334	0.639627960388077
-0.112315280571478	0.0541038261573286
0.422949017602185	0.355516097378426
2.82936160967096	1.86775783629497
-0.200252433339203	0.294275395640629
0.015898503472807	0.0195565273118679
0.233309877511216	0.405572920962566
0.0843916686843038	0.121851087311583
-0.0339361925093552	0.0441040981353595
-0.284845648523084	0.567284039063505
-0.477996471151672	1.02291613983287
-0.324178281477208	0.424564358086909
0.119821806738916	0.116200645259022
0.390860531654592	0.724138334773981
0.543772577905335	1.28420854663276
-0.242281944901923	0.382257615780167
0.1904275532807	0.295724610001739
0.392819832675578	0.806161193525138
0.453837787551093	0.927277694286999
-0.135773519495575	0.19132522843139
0.604768674514583	1.53713575529172
0.549180892626649	1.04100503477638
-0.096688799115422	0.11904648998268
0.0900756575630712	0.106542948138015
0.144086781419241	0.177972717371286
0.0692840946951197	0.0770536958042461
0.146153899218343	0.221836504244605
0.404222523626036	0.759984580175824
-0.0611190537048722	0.0718146831449297
0.511033713300323	0.982283863461591
0.534830849861024	1.1562762057987
-0.118610710387152	0.15948756378499
-0.134094958649092	0.176795611228476
-0.098384318608977	0.135621298719599
0.0566712632886334	0.0837331860653134
-0.202403836374961	0.290560657734628
-0.224819627434895	0.31634452543973
0.0611966273666644	0.0629041649339233
0.0194721574425511	0.0157020973164469
-0.209136660732866	0.231650134412679
-0.852724648111267	0.933737623439971
-0.741804547741185	0.452831876923235
0.220423427458498	0.172513479653748
0.302530174492662	0.384986734748222
0.331648049459833	0.464985104268244
0.0926964521437513	0.130393428847995
-0.301891550622799	0.520052229072286
-0.12022925505366	0.173330012780628
-0.00720810111076688	0.00823184667901001
-0.118787581146927	0.138637126235651
-0.90507435550315	1.10749350849805
-0.0938648016908031	0.0897025857953604
-0.0456234503546799	0.037048231078805
0.0447456644188408	0.0585687143987102
0.095997787451603	0.12207212629922
0.181570767496492	0.227595187603293
-0.0154913067607932	0.0187597156546071
0.0300294192052145	0.0365825291397483
0.436804539765292	0.726302124159982
0.249239716708888	0.371648480707464
-0.0992911671717855	0.105245908145611
0.390658475137461	0.633521490204393
0.0735403833729345	0.091545128609394
-0.0573296556107786	0.0712216371976852
-0.462476670450334	0.828553344413476
-0.261326448095574	0.388341820025361
-0.239796121383744	0.363919940303683
0.0448972130148848	0.0577353954556873
0.261488835125126	0.401016095629426
0.306345302738304	0.49981055569565
0.339382630078198	0.493421260278878
0.401490411263643	0.572400023640624
0.038447949052276	0.191416786686313
0.0111122171493325	0.0412555033105323
-0.0332428015367094	0.11183274170479
0.0093231035341107	0.0252867059297428
0.181785642896076	0.628917622867166
0.142528023366434	0.17406187321388
0.274051822576687	0.282321527621789
-0.150332852839769	0.112715776588061
0.402890952332376	0.721286603900452
0.0856169266530581	0.136895260798238
0.328279208597455	0.926948482559455
0.28656234388035	0.69956422508556
-0.313843913668959	0.105482001943903
0.214249636492822	0.190787366263555
0.0784473094104917	0.0616864986940555
0.117984311137424	0.11996108365738
-0.127198690230619	0.0953199865258731
0.112984763700734	0.0749511095170047
0.366484313301633	0.24183661442433
-0.293260492490668	0.217166646564008
0.229330300070504	0.127972606833127
0.818367131856667	0.631415830188037
0.00717126727967116	0.00559591292126419
-0.620775305773626	1.06746649727352
0.11082864229108	0.160346256649055
-0.00620975826223426	0.00785018363631712
0.132567317030692	0.213462070600268
-0.276226763545662	0.493556678346478
-0.0351173103193084	0.0347270746075847
0.400293461532449	0.442161166211119
0.960735298391303	1.56164028074081
0.749640695715321	1.15750747893495
-0.233584013635331	0.259608902534197
0.381951392494224	0.557200823963026
-0.0479439334437261	0.0510692430411147
0.0564542605488817	0.0503994611093288
0.502088116162339	0.538218372376891
-0.104808623378771	0.0693181206431348
1.16246463647908	1.42957501984966
1.44451283650457	1.16600388604071
-0.330922100649047	0.169589113161638
-0.325155379642077	0.216121593995066
0.737648969718431	0.308634402337749
1.30931039936373	0.956887211391174
0.0777984265610462	0.0231215208123738
1.0050931196883	0.596031234171923
-0.662709980483185	0.710587194433796
-0.50782181389176	0.674905406621344
-0.107073424528407	0.109152079165519
0.0810926228051167	0.0656217433759107
-0.190196108260814	0.151949186906456
-0.240509529910826	0.141233649369099
-0.0584607418326823	0.0401440374793913
-0.0300394483870253	0.0177438120685032
-0.787284803578814	1.13413025641396
-0.740183964417149	0.974500016574823
-0.18051517677027	0.0742640869835129
1.95691447768373	0.505592244745112
0.218434464877888	0.213576584463963
0.0810551666465683	0.0714049050611757
-0.562775690106757	0.785306127457297
0.729435913459385	0.74487656820848
0.869879027783543	0.793679833726554
-0.277255414969946	0.149913620322561
-0.764000612410388	0.536848180557449
0.523642405689019	0.264519924522589
-0.388521886091083	0.562297257037291
0.192739544527643	0.308620799415945
-0.124451807567958	0.167319098121374
0.0617509749281001	0.0797486072007913
-0.135014859863259	0.206782677907457
-0.246146312995269	0.423749937569661
-0.0130575290505796	0.0176338432319629
0.395039135870281	0.816695412422817
-0.0178350325419586	0.0176692682787214
0.15532441897004	0.149419237573942
0.17013973468962	0.265943109965757
0.108853909373442	0.154244344974415
-0.485296277433876	0.995640902239006
-0.131454755504888	0.2179702779788
-0.00528617132754853	0.00652096314729495
0.911471000241251	2.59217863277137
0.180468900453565	0.271538495149577
0.274797082112424	0.472153860732362
-0.0370716979105939	0.0416367169599446
0.590798185567189	1.20034150220128
-0.0266060397578981	0.0301362334128281
0.00644580396175696	0.0068389995816362
-0.0999645780798035	0.125487059968933
0.368246437915651	0.705895947573514
-0.0869819145276272	0.117937731455179
0.197107001700427	0.302696509955498
0.0678469432321246	0.0829132510684852
0.36000813245978	0.664741610934254
0.188107788041113	0.292251316470645
-0.159411714938632	0.221608759664072
-0.075027128772724	0.0935578583725503
0.250617875385194	0.374983914489029
0.10653929326651	0.145609363231838
-0.50182246061614	0.914987678391571
-0.252752636431921	0.31229984680983
0.0581492638849005	0.0450561165531659
0.489134375377863	0.795227215216208
-0.367360145385862	0.275844429955943
-0.385890988754084	0.181141731384712
0.407198076976116	0.352171646793338
-0.296211877484853	0.339400945230823
0.414672452925532	0.754371408637355
-0.134335522302658	0.181224966596124
-0.120295983298428	0.171277839576461
-0.0576718290162441	0.0769770312775916
-0.450583297241612	0.965452551317062
-0.961101034157504	2.05585362613703
0.0686011058923871	0.0526382740647166
0.420933464608019	0.535888358849173
0.569806540118552	1.31612354825908
-0.135685135318409	0.169805925382601
0.0488259372864409	0.0604416370003819
0.551019982771061	1.1894658875668
-0.0430467182561175	0.0493169724203277
0.399321277107315	0.704001752727537
-0.206936095856745	0.28767366170944
0.266182894745725	0.343118975905509
-0.149427067788261	0.213532596252639
-0.238232647003257	0.354100452563084
-0.135109649454864	0.191298276307954
0.334770544533522	0.539741687082351
-0.193506774721476	0.281346544196561
-0.160723843525108	0.230296536951877
0.201521366725163	0.341244429050701
0.0792389916834052	0.107608089241704
-0.316323189041099	0.465589735459936
0.602730276496775	1.15534880957294
0.44048838958773	0.685825276497034
0.0769264818593326	0.44561574171297
-0.0230229774714445	0.0917106713065251
-0.048606276788973	0.162983415327529
-0.0819051045135593	0.263199895829011
-0.0319752810481025	0.0843596314164277
0.197925548095502	0.399943745541854
0.461203741160546	1.38780547902687
0.485266149308511	0.788165701411379
0.184678991414659	0.211322166964802
0.744096753529646	1.11263930258834
-0.456012149859045	0.853747174450773
-0.0046231810063938	0.00644741358596004
0.304627144129887	0.829576780768502
0.0895701651750551	0.16451269597659
0.0823608699696733	0.0240636894646111
0.357184699582859	0.364454059511043
0.653546893017337	0.695446694136731
-0.355032686217456	0.420636218804805
0.485854036001283	0.541485227689098
0.570339897973422	0.480296870257588
0.235717298847369	0.132363865433208
-0.0435143788398971	0.024792845046408
1.3415533965024	1.5676789743108
-0.449455679916514	0.397542221253289
0.215947442495344	0.207006350563279
0.0317056449976211	0.0377550216038881
0.29406568150026	0.524865274973148
-0.25278426022736	0.472265074060283
-0.282206383857189	0.50205867785582
-0.347509255066586	0.60582200935679
0.871906897545366	1.60914608103816
0.325388109468267	0.353300712759381
-0.116866903365788	0.117383295740047
0.350286280720887	0.456952063357615
-0.791816914295462	1.28404783786575
0.137719549482761	0.165280696677711
0.0225420779951117	0.0248135100762273
-0.396170403607354	0.490355376787341
0.138544419976783	0.117086736193427
0.556074461023944	0.555581743362752
-0.123979686385249	0.0928208592449387
0.0618044900178815	0.0257721293890061
-0.316290730306034	0.208199315298456
0.622330754402839	0.385309932994195
-1.5831042752867	0.578592391284284
0.267742077275765	0.12661503026962
-0.186423544908454	0.0771896160274795
0.231942035224529	0.137687424587375
-0.584556251977581	0.675522794348515
0.982117526558172	1.49050412485541
-0.139532457226605	0.142132911725569
-0.440528501507147	0.425984811864432
0.290420638296092	0.270121674566559
-0.24292550197187	0.140975959374665
-0.440083478303229	0.426187864728397
-0.717888261782614	0.704977611909325
-0.387185737760568	0.481409396717533
0.72348084601323	0.920928171187061
-1.31107996939115	0.98357412673374
-1.80076792480235	0.442524207311945
0.343810346376946	0.34227476337872
-0.467279612406266	0.628662244233942
-0.256319636431181	0.279448704092222
-0.290642692515484	0.246732420280815
0.0213640830489787	0.0140659693731747
0.232088481138745	0.128935260821049
-0.032352871627177	0.0190086987048594
0.710060700943044	0.62241425212039
0.0458993818576847	0.0470260642816949
0.165983856403443	0.238888624543719
0.136101563600899	0.186240300480619
-0.23713281270951	0.353704486753293
-0.478864160686041	1.04628786555924
0.337065405883511	0.64072903132673
-0.0814937847257251	0.109743270993858
0.292943592398288	0.53936937355021
0.058038181076377	0.0661308833037901
0.396832832048915	0.464925547936898
0.377556340377023	0.785339330447947
0.247973212010391	0.441298308684113
0.213521712542289	0.341785273693953
0.131070389070004	0.196545459624309
-0.291962182765386	0.528393590630175
0.133553168352127	0.19316088474365
0.127173834976826	0.1973221273781
0.286993471422531	0.522958403976583
0.260252024995095	0.444090748484685
0.00361839973604894	0.00429400033698291
0.231702563345004	0.384087137502699
-0.0474605797410354	0.0542276936613512
0.59260793862185	1.2263367139185
0.123721420954638	0.15286084052102
0.0235257803287636	0.0256183243415901
-0.25010593140253	0.383205611110807
0.0759872535224017	0.1045257904408
0.346339831316701	0.576973243032942
0.362205231657401	0.65078447593138
0.707480313303621	1.82699209933351
0.162011219463937	0.24123505417277
0.163677035384199	0.259762297729073
0.543459072751285	1.10440947024382
-0.136974122122641	0.189018505496671
-0.096508911186137	0.130705550214579
-0.592018139924397	1.16181794222029
-0.559287405107299	1.21390683170539
-0.113466604702685	0.131894426118595
0.205026866231596	0.151786583808501
-0.1312096855673	0.132351599491183
0.218968921312905	0.18361873532968
0.348222468738072	0.244883366957408
-0.192642480464212	0.134949948475944
-0.326873862440188	0.457799882264998
0.402198028858171	0.641569671597064
-0.0877342699395669	0.124149814294306
-0.0275496251741156	0.0370368830728013
-0.445594646356062	0.87407616468384
0.0436297337077299	0.0581254659567058
0.0579971187219964	0.0628524442553833
0.0429018788899829	0.0307533409529852
0.131780678005371	0.132818455061912
0.458754332518131	0.690328782656812
0.129936537287004	0.174238335809082
0.109749574671439	0.127277809543495
0.535011995259415	0.94073407667859
-0.275789510588622	0.404429286126206
0.462313299498341	0.850458707214958
0.305902931697918	0.439464644546746
-0.00406856994652928	0.004464888361899
-0.0247470368813831	0.0287381346486592
0.631478155050027	1.5335418332166
-0.163622697920304	0.196180169360746
0.0689893897870478	0.0841242037799713
0.520504531509711	1.16431282717482
0.163616972732193	0.225937820139799
-0.570177879053459	1.00460919362292
0.219940757155251	0.290303470642622
-0.0612506096855836	0.0748183374982773
-0.0250483736585876	0.0309216607797314
0.148717621666135	0.216220393865516
-0.173603807650217	0.229280810053203
0.814395202254463	1.54988923773193
-0.523320143974577	0.956563162462034
0.466666444138389	0.601923504657576
0.222794064040613	0.227996483979114
0.060366389964113	0.337914380780977
0.0536886643459784	0.246252673368087
-0.0634107074707149	0.235751926506518
0.359231780416447	0.581706796292318
0.310014972337613	0.393587606403394
0.211654207080654	0.182932056352475
0.180364949515897	0.256204823178605
0.153738506549279	0.292889618495203
0.14980658317941	0.369780692967088
0.128279691980202	0.286969129165074
0.819673983475498	0.428700075147689
-0.149640600236773	0.12713971693021
-0.437808634036564	0.483563530613129
0.329084386939212	0.381330244303098
-0.467855176226265	0.486087007392885
0.673739762252018	0.610599450093004
-0.998971579499085	0.811234457321048
0.130840732464861	0.0986181949190034
-1.09334278338614	1.00441262348884
0.219428758115275	0.153273901665675
0.35202949942763	0.465512059766193
-0.0237377330489403	0.0282058118115872
0.158293830272418	0.264530365521144
0.080470262497956	0.118089575608844
0.342851846915235	0.766631264513068
-0.27799940503148	0.5387647617144
-0.0813408753960357	0.100577398438569
0.269303586224789	0.368119329970277
-0.197084962494977	0.233610786315654
0.736901999574434	1.23724575674635
0.478851822905214	0.72309579498916
0.110741899273806	0.14900331163738
-0.069326434376396	0.0819557600018039
-0.268051732908546	0.333980478773856
-0.247069242702972	0.215809773578139
0.142436114119747	0.118053981911158
0.387850133406937	0.356532455223552
0.0737638696142694	0.0413577359305787
-0.614591162896924	0.524486509117956
0.0662170039030565	0.0326469875493885
0.0828795557782595	0.0239724848334902
0.212460810052511	0.123964990972985
0.0700740682021773	0.0562222707190806
0.265472212970409	0.284160735817958
0.265301568570046	0.327417016902347
-0.0583599814201669	0.0524056032588067
-0.329295273687949	0.303390728866628
0.0897473668239242	0.0541457647546188
-0.649539350630256	0.651337788757931
0.896387462718554	1.01706983442978
0.0745524721850782	0.0739804587444915
0.0208541264973965	0.0182444148246934
-0.149394467383986	0.0668298045428996
0.127904097157768	0.0255858011311334
0.0186630345219746	0.0171001552234587
0.720704015281507	1.39467653468792
0.467838189199818	0.525400651523847
-0.0574356674254125	0.0466641155828685
1.85781672232943	2.66200858605456
0.868038717552698	0.556494411455106
0.865533045404367	0.550014192493455
0.700613855730402	0.514191512644833
0.237860163667132	0.332075358284369
-0.0498561303489102	0.0710082146141571
-0.313661979108563	0.628239380498241
-0.281952295558309	0.570466196873311
0.147034711479944	0.252968436008521
-0.099778083787429	0.154793304695255
-0.351070104304102	0.776303750734493
-0.108917488410771	0.176935845549499
0.393279024001943	0.585068944844319
-0.143054076848591	0.164637382175773
0.572272247093496	0.945146475532445
-0.000352987583427514	0.000374312268379051
0.35043596497956	0.731697147820235
0.255228213984716	0.48692023319378
0.251570422227656	0.471805834040403
0.103803450971974	0.142610398144423
0.0326387827632494	0.0424721377510855
0.146387121927164	0.226304899278658
0.211131997935819	0.412941411083038
0.163282341354346	0.28315495988574
-0.0697620352677782	0.088077906741244
0.00182663398855849	0.00241853949971802
-0.140849076729564	0.233742516735313
0.116822285765579	0.188497060576611
0.104347206984549	0.162643487723989
0.174791346525592	0.281821691782183
0.387814273861111	0.641638324553481
-0.0488576949811762	0.0599564915082747
-0.0728611555015212	0.0989222942257849
-0.272990636162953	0.419567812231157
0.147051864654844	0.22047961128322
-0.121782345617087	0.19080965559443
0.487601958052662	1.18946926469583
0.499446512900485	1.01693084865539
0.498273283029157	1.0466829377685
0.208767416046123	0.341442731100104
0.102930386029296	0.15622776027345
-0.139637274840347	0.188097324167827
0.281303792830143	0.536916739440969
-0.0999957714777646	0.14986457034323
-0.224367647354976	0.39074940420019
-0.140692939595931	0.210457457179478
-0.383405010231566	0.574941995088276
0.387373155006642	0.357813127736786
0.581971491776668	0.88775839426737
-0.471711423521768	0.44514329247673
0.217584776210891	0.139034276619018
-0.109926458086894	0.084875645000259
-0.57044102844231	1.04314191288198
-0.168861663352085	0.236516838348398
0.0269224050315337	0.0338934460217973
0.00460248464436463	0.00629562274760334
-0.174020739111673	0.282515795123944
-0.206321882851866	0.313410295521755
-0.707640455945943	1.09004471263898
0.299302557562461	0.403386494552757
0.219983283415724	0.327796140876557
0.303830531006333	0.557577169965954
-0.143516027982278	0.206702717403188
0.257562575673862	0.390876382018121
-0.251253343063892	0.488932662605126
0.108445632709564	0.16741848938206
0.189939705555426	0.298283298357867
0.0563221618981282	0.0761334817467079
0.0245370636959009	0.0266725524563571
0.373031183424131	0.835083488274457
-0.16742436005868	0.259499779605341
-0.589491833417985	1.30519328828217
0.194935402757899	0.305147052777143
-0.439833944636226	0.841382865344346
0.314489351056814	0.543970515446972
-0.0841984159179355	0.11034774537171
-0.121328791033854	0.189249020242434
0.30252892574388	0.551072070595538
-0.0706532283582106	0.0947797527416962
-0.306419786813679	0.442609923083658
-0.107504289855691	0.112373830785111
0.659508323536128	0.932207909017495
-0.0159106126921572	0.0174153157797586
0.0725183647265104	0.431050350800675
0.00366845790769994	0.0137041303031363
-0.0336868768358542	0.116120563389126
0.0373188775544454	0.100179581150334
0.0132552963485605	0.0325115694768742
0.412272741496887	1.23768782344182
0.150111035203934	0.36870133075033
0.461206799168455	0.889930747874197
-0.0594041677775643	0.0581597197570507
-0.260657151741009	0.247330065762878
0.166686622671778	0.281727568375565
0.0731860179779335	0.122961095169368
0.269751286117555	0.83276795164399
-0.00683255212762679	0.0127731388011825
0.0955811075636305	0.0237442775987806
0.0931169674653588	0.0812750404570242
-0.466605550232378	0.573315984151098
0.295034716023367	0.392684432899705
0.212030228636978	0.210352640848598
0.322453716682726	0.231727137012745
0.233146948772539	0.129437699593612
0.544684180637676	0.473281083363164
0.384121737755306	0.352113828885383
0.00818663123843034	0.00519830248863591
0.669780645916506	0.880950391569781
-0.146520225276399	0.209734423734434
0.0921532035343917	0.144804700153425
-0.250040349922908	0.487352259275452
-0.0632288339124933	0.0952017473074305
-0.0567399988932587	0.0818882742517473
0.662207319055583	1.29181733163714
0.105503027470837	0.116565681794999
0.940185689322047	2.04864048057393
0.157316972974318	0.214450553263693
-0.0642300253603313	0.0669710877754865
-0.0208237284117604	0.0239870305666312
-0.184289509729836	0.250961860906358
-0.218449281076841	0.242600555962818
-0.146395015700688	0.120009423052842
-0.576003151154715	0.542196512388713
0.00311791496222643	0.00206427868586666
0.0706576476839286	0.0320173964615699
-1.10873854882541	0.466123984152306
0.814072500491378	0.423028700376127
1.35306741786572	1.37417237549726
0.0177585131930531	0.0141927146617531
0.481334593609965	0.526492309571097
0.016469269829296	0.0175858281077958
0.578042312427478	0.750647562806352
-0.108041685785864	0.0928615829577603
0.712532972361034	0.620257766392597
-0.712935257789641	0.742040792908445
-0.720805884330042	0.693846442187892
-0.0320880904052329	0.0262644874266216
-0.624540447544191	0.816757037117758
0.699090062836923	0.510538597035451
0.0230517019283261	0.0220664068321195
0.448068846967199	0.644992357776048
0.656052687805623	1.12785223026945
0.0543042227429986	0.040884328429315
-0.240509529910826	0.141233649369099
0.863337639841876	0.535331563192487
1.02614046981648	0.847080509675266
0.0915562312122919	0.0573975403686793
0.312914392326066	0.490628153629053
0.316898577044589	0.624265209204155
-0.349887385205123	0.722068978702888
0.151290156970644	0.25573328954432
-0.0471717743118922	0.0724728086997375
0.380425207464488	0.8512457214886
0.110404901306481	0.18464615536153
0.422685554633007	1.08779658510064
-0.271357440900469	0.407867111262992
0.689006721946744	1.44384835924028
0.125889214636639	0.151183704260385
-0.0499164866620305	0.05852980742337
0.0830259591638797	0.121524525963295
0.0587481155416198	0.0855981530433155
0.170059803400414	0.285802856118073
0.0416171419981736	0.0538283669966345
-0.304466945897843	0.601106598129859
0.0295068415974123	0.041315456039495
0.044370118715461	0.0624230144122663
0.3784444867413	0.796294012390482
-0.329427003745465	0.618850628712484
0.305948668291523	0.600858757234173
0.475627592000407	1.12777034167582
-0.0497707987574452	0.0669038200823794
-0.0239962811414207	0.0314854797622122
-0.105864701354823	0.148675811549528
0.387567624397941	0.788845238852436
-0.018671663466207	0.0224325268424672
0.324755566247429	0.539711096879814
-0.346997227813062	0.600684484954119
0.430936017076294	1.00368616872074
0.067616026569366	0.094149198415961
0.229288361957486	0.348771471328551
0.258755035817788	0.443329666667824
0.431538538685	0.914657005381317
-0.244525802779376	0.422763252503593
0.223371544955247	0.365176354546691
-0.324039758485404	0.583550486209257
-0.0668079694679896	0.0968624060152742
-0.554365840637475	1.2158761166578
-0.0240489560466369	0.0324016468680308
-0.282682651214903	0.399359772790841
0.375689015787724	0.459389042557964
0.108311568565211	0.125006147075577
0.011780364137461	0.00945892174066975
0.223142432973809	0.156970096950806
-0.0242465966497556	0.0175660261238422
0.143621415361067	0.176139292207991
-0.275530119351836	0.443154435495429
0.328761926801915	0.628124752781318
-0.118470356127676	0.188219151668311
0.0201695963449768	0.0266675532420484
0.408204893385469	0.349772453745918
0.350525313534701	0.531322668175625
0.114751639266055	0.156872247875762
-0.0152389410871914	0.0192968616531822
0.249328654741591	0.417858102220966
-0.358782200415362	0.63356861214204
0.0631995927615273	0.0815776871699824
0.0110259521393295	0.0141438541922573
-0.013958027596509	0.016697263401329
0.0805775443900239	0.0997150820486982
0.0712039106395236	0.0941082782780208
0.103080129898703	0.153109423623628
0.131817351573288	0.208457285269102
-0.0490095495439918	0.0586612912226419
-0.188960651725239	0.299447302414317
-0.0900619121981343	0.121649077124184
-0.336597223979974	0.637402467659783
-0.142309232663778	0.209436522875155
0.0622165702812952	0.0848789163957911
-0.198748870276795	0.262268273164967
-0.17312221631315	0.22963784895681
-0.605709504571022	0.942379654927515
-0.0490603920040136	0.0435735827498037
0.122670966537765	0.891115489677434
0.0373351001761009	0.161988039820913
-0.0702583711355657	0.235956471249585
0.26866487352373	0.809254052017381
0.144357492233814	0.317721449600015
0.0755118364480055	0.165669235299098
0.882986430361985	2.58312331662401
-0.0790237986854903	0.0926335287018346
-0.118490871517127	0.102932618008613
0.465015851067456	1.029788165996
-0.170627183167252	0.365916325862308
0.323177900670934	1.01081100931529
0.157005260468762	0.386882617027467
0.957499726958388	0.363918407122474
-0.576655191144601	0.740682234006921
0.302009298481245	0.363820383526219
0.211698900321899	0.243627005393378
0.0602014903326234	0.0447176130626079
0.314859347140956	0.236773028339502
0.946716107968576	0.823315703244013
-0.673649072227298	0.501994939958367
-0.0360976741684806	0.0259342487508628
-0.051270587428643	0.0288674377021051
-0.192243323140629	0.199133396031051
-0.479637726167855	1.01561965538209
0.25206424292752	0.512500917340847
0.12475797857833	0.203979752150841
0.070965256101411	0.119149686207329
-0.475040945411786	1.2412717325496
-0.346778201241439	0.603914846252504
0.214787414206528	0.252370697244781
0.291737810631792	0.394724114473003
-0.683188565363206	1.35685163067803
0.265370218458269	0.330049242497165
0.0120129821638923	0.0135843445847727
0.14409695537197	0.173272465250027
0.187415872951769	0.225197617897274
-0.49079648150635	0.602435582695918
1.07716497613234	1.6534755733722
0.30553539129853	0.251848014257971
0.0584984013335973	0.0299277771924365
0.221683206812064	0.16349975683409
-0.574914576728973	0.311754206563525
-0.297009632816761	0.134187795422774
-0.199130660276212	0.177924235447635
0.367797500345499	0.459431663704792
0.349455776422543	0.459392164335816
0.262126624440843	0.30037847202775
0.0933638407782347	0.0823909406432381
0.441961187405569	0.351524147930809
-0.166359603089036	0.121932724755111
0.00332157530407231	0.00220663981711128
0.0655604848374903	0.0501807748573715
-0.250065248617035	0.233889275655801
-0.495171189485672	0.288093858906311
-0.519085539554016	0.760736678967073
0.255821768247185	0.347048495882434
0.406769049856682	0.554893897083946
-0.571588344056171	0.522827693046481
1.07387398934276	1.22000277379276
-0.117364350718878	0.0565918859231546
0.0803197635226888	0.0477329573088768
0.408857830195109	0.23914115668731
0.189620250277445	0.286272471261353
-0.412846718563442	0.954070792181314
0.0191022387494209	0.0257724572998546
0.129844755470344	0.195555100802654
0.115034349751052	0.202251093187721
-0.572942374252771	1.52983669242984
0.525246305107217	1.56271286168802
-0.0229570946565525	0.0309820703647855
0.667443159439329	1.37515267249904
-0.351348078843125	0.450787346136154
0.368685994072602	0.510414833364853
0.126028235985061	0.153292703531957
0.326881658338622	0.644630872854742
0.287967650860354	0.599609609275037
0.145574553033953	0.241736984322705
0.225901212722344	0.443253764981277
0.306380193345955	0.643052330373583
0.497582284819248	1.20283928150451
0.358002754545855	0.696177532017284
0.377641916951081	0.788914574561118
0.200744265099817	0.332857636974448
0.53266476619777	1.1740879277483
0.318152611488654	0.584743539314119
-0.386944784839355	0.732846467974676
0.248466408049232	0.386327613056036
0.0200329059066937	0.0238681298464723
0.11659518023948	0.190647926972652
-0.363297196969502	0.723878096022134
0.380187667128489	0.716386033898124
0.118810737772883	0.189515132805187
-0.0176466096149304	0.0215440447292245
0.0773821583555033	0.110217151619088
0.581167194379258	1.28370379131677
0.564282306333739	1.26041683542386
0.0109254341300053	0.0140393742595686
-0.204408418693558	0.336124815480244
-0.243194648233944	0.427421871596464
-0.471781666677443	0.70583850273034
-0.477016296197854	0.553001564446547
-0.0931092016091814	0.0964289084190744
0.0068428382638478	0.00437896149262361
0.513807618923056	0.255612296360882
-0.785892008251767	0.970674584875275
-0.0405168282427045	0.0452756891654331
0.405240113987228	0.717757152571417
0.126063428338092	0.197680175817175
-0.0397125098853003	0.057987318203073
0.226873367091484	0.306770249780902
0.0331798924704931	0.0438662422780307
-0.537942079521633	1.09528972489527
0.655896970867733	1.67321449655555
0.105708159159567	0.157193393451915
-0.0425946993606209	0.0583916583364631
0.0472591676796664	0.0522847399354061
0.174369355580839	0.218876238798529
0.38895732926385	0.770834521742107
0.116791272189658	0.177630233569704
0.298031960718033	0.535760547021331
0.583667041740519	1.2704627584874
0.27753342169145	0.469935306639975
0.300570876379165	0.568767021608058
0.11862048847414	0.178630757117123
-0.227652097684207	0.373011326197601
0.696989257311133	1.67503141818858
0.143577954965249	0.178184565018044
0.245818372673642	0.338238067138609
-0.0289416383221789	0.0288580860680453
-0.180808639717723	0.214109262223164
0.00363837594223415	0.00359090510219686
0.0872556833713439	0.556942044908989
-0.0134379023160861	0.052127213882746
-0.0887979532055124	0.365161697789721
0.00131543193442886	0.00354255955178801
0.0507713055022935	0.104290921750785
0.333008485987928	1.0510918617259
0.207669925013497	0.592378829809351
0.0366536830854957	0.0475410902949022
0.314891503558994	0.509524282606047
0.985271399603175	1.4773047380702
0.00119868166541011	0.00158636139915929
-0.0786160760341853	0.145319169452769
0.267089827633214	0.862532997007527
0.0406740773674825	0.0845348470447683
-0.236809020542497	0.0896002539487192
0.482920228498701	0.553258674064172
0.266267712480578	0.322280844824278
0.433817153907082	0.460361480172627
0.0277573072981673	0.0180260613933217
-0.0265518563146957	0.0158037168789526
0.320583284409315	0.262307514683355
-0.28726913046395	0.223491440494463
-0.861363798038874	0.875237257645749
0.208968067246845	0.248090859014467
0.117207645596519	0.161503427156648
0.031733074391813	0.0460255602619078
-0.369300832172737	0.881647690326355
0.0237608528388058	0.0261012189014841
0.478116781643447	0.697750474115759
0.616618012255578	1.16052450053723
0.0281758458730865	0.0294603316052829
-0.111533087848124	0.117807028780292
-0.446908948498215	0.984544205179392
0.0145245082145809	0.0161968895941532
1.15054515949799	2.52046428155642
0.672399111914001	0.789558648105272
0.87410296722628	1.11096250155447
0.46134865363189	0.35397384692286
-1.41790070414588	0.907071232902672
-0.59244025750907	0.453449020393603
-0.689214217089554	0.344079986146751
0.0808853003970228	0.0237013226496565
1.49043284038542	0.734868102104886
1.88062601600792	2.00080329516419
0.00416980359992487	0.00310368914238018
0.255228109723401	0.327685484828922
-0.281596928808325	0.422821274960572
0.119629467204665	0.121616219940716
0.0965844190426397	0.0842256949760722
0.574660082608251	0.485925381222541
-0.869394756073843	0.831491593816486
-0.233905703959808	0.166246752355528
0.222315806416048	0.263295262010797
-0.314972078602022	0.360904094636285
1.0060766624096	0.587238851297712
0.150949992647418	0.134885224366903
-0.17843579016396	0.208783919593463
-0.202673422596517	0.218051590788854
-0.592768927416372	0.737875880493783
-0.542982679897484	0.462818695536557
1.4914651531374	1.48709259777636
-0.151362577619486	0.0682546791086009
-0.324878571455221	0.248193899552685
-0.00444673104355015	0.00486451045730468
-0.0377229679184553	0.0547732646698764
-0.216865911780255	0.357512710062804
-0.0681779153875175	0.108938414393411
-0.080130400256978	0.126639114292676
0.0829408342462116	0.127836355273451
-0.0288502596660104	0.0420828100343742
-0.160606641177027	0.280771539395222
0.172901983153516	0.204983653091058
0.454349680648796	0.789218811601293
0.464857343853689	0.694559506506898
0.0762377542997732	0.0969558357498281
-0.0327939960557057	0.0464387682888912
0.123652149367311	0.206529254678465
0.446542300260667	1.02886936857646
0.265431412580142	0.535402194924635
0.221508196786787	0.385815223021491
0.373079200469711	0.797002292811638
0.129412084517999	0.168218679783744
0.27319150259484	0.4977472758105
0.3862999657607	0.736054416993942
-0.389053028932997	0.628556702374677
-0.0267829572140674	0.0341881944655034
0.101888711611383	0.160762863914483
-0.20463562231762	0.353286484378772
0.317456157197249	0.580952949491245
0.315870452244712	0.614667037991456
-0.00811799525690447	0.0108596519743347
0.00445458965006766	0.0055315219611597
0.0364648639370864	0.0456420819161728
-0.3212795498865	0.523042304100954
0.379811356749963	0.777291818590083
-0.450144411643004	0.989406778989357
-0.451266782305684	0.869509723431473
-0.629457492309065	1.06332379666321
0.219531776394526	0.169682286218949
0.210651819298693	0.272426342562233
0.214894416973291	0.144803337925552
-0.237556836728765	0.140000239697176
-0.0579150779998205	0.0393920868706503
-0.183007790661646	0.248573118189201
0.609506890476311	1.44082625478043
0.0349225319516745	0.0481559023451798
-0.210774733966455	0.397951153643709
-0.12806581090575	0.214275849350477
0.207937744062193	0.396094560163181
-0.12193740264871	0.170464224203532
-0.0585720966414286	0.0795622181897406
0.330579987434422	0.596160553897202
0.361778273572987	0.684535911079673
0.258182315763574	0.47594231214061
0.111662039773464	0.163475969864221
0.376506549927902	0.687119621674038
0.0391054566400445	0.047380881675091
-0.583209622974193	1.43572923516427
0.184879809656614	0.306845317321656
0.0910842727352187	0.133186544313657
0.0324373323158023	0.037613808867104
-0.370078465727018	0.531258047315986
-0.177841706260244	0.184864452972731
0.30588304745802	0.417865617092837
0.0687378921233583	0.390451750086019
0.0877344129136659	0.443808210922004
-0.0217562594690543	0.0695641058270401
0.121839082775792	0.470915759016681
-0.0460103612689316	0.127700423087582
-0.091697653445026	0.269612135222361
0.415915879683884	1.61865812749541
-0.0359465728964201	0.0708851527807454
0.00277250018454773	0.00547921479738449
0.768756615189511	1.93028423680908
0.611134121476291	1.23989842562177
-0.129584391931203	0.110302343919024
0.684939076044494	1.82937624760947
0.244558042641032	0.584432796386085
0.103461029395512	0.237146416278021
0.26279147948227	0.80350700970427
2.04762299671019	0.871704908495224
0.643159203822009	0.690808906124553
0.534245427476136	0.863965964356925
-0.324231185717117	0.248204985319066
-1.3563619174327	1.46735855026275
0.617022096915433	0.365127860031783
-0.0774387425379894	0.0523224784711231
0.725641209351307	0.735371812328888
0.0897217640882597	0.0537665961538907
0.450792951772606	0.621599358560452
0.0708156249430841	0.10998019663872
0.148747089378489	0.268604199122792
0.246857388855291	0.484662383386905
-0.156188696900102	0.179510563464029
0.316132011527681	0.42161964223465
0.0197869922364075	0.0175941556505081
0.408426090606932	0.685463695876951
0.327331821143508	0.461909895097407
0.082288367553747	0.10680526546731
-0.398695076426746	0.683838927347062
-0.235472993657222	0.285127442412235
0.983089254364991	1.28457844554151
0.597100537493146	0.479140585524195
-0.549089276960322	0.472452795487502
-1.35521115512179	0.63842680471341
-0.422616575100259	0.25975584532706
-1.58358023269916	0.585811377580937
1.53395386047445	1.03835201537385
0.209785046484878	0.159069767040622
0.356713224042328	0.354654826818761
0.346834375586874	0.432317988625484
0.0958211761083456	0.0891418390223522
0.064522659756437	0.0490542736822367
0.729564942391482	0.739489181343253
0.493074986471238	0.35927917732597
0.366577020299502	0.244578720443445
-0.0735877803883028	0.0656580962611367
-0.308413236562196	0.283801494064543
0.273556876704406	0.131891097065711
0.678671348873958	0.805594113461956
0.310998880172507	0.397299567994188
0.14753176771699	0.132268967962313
0.222052611005155	0.153398524765767
0.866123094950752	0.551772691019488
0.249665887476704	0.128259189667834
0.829461391133206	0.664265019225951
0.699351902395665	0.509986476168629
0.0980536443088929	0.126323814552735
-0.310984751543478	0.638739017845777
-0.290130732696419	0.517294387154243
0.0304167638224776	0.0404333707748914
-0.268958538442337	0.495923875891599
0.151239603081863	0.232803580824437
-0.516295249452332	1.3728843625802
0.276062513293275	0.510786629075134
0.329494360095473	0.483485166530542
0.0345392465335921	0.0509723370447402
0.178128036193612	0.304099247383117
0.464020400372782	1.04461335031467
-0.0619084767105196	0.0816639923365258
0.290524837659977	0.42236862586193
0.412664418435417	0.740227163377085
-0.140262895716744	0.203942585385575
0.45847439391978	0.726747032398916
-0.148922637177128	0.216435388225057
0.18341323086606	0.305524479405789
-0.0303765311069821	0.0427494625592341
-0.0518987520497006	0.0653972273989733
0.47942039881669	0.96149500749114
0.21759176612859	0.334973054476984
0.265388738302238	0.443971742628661
0.497194307163489	0.975089837651847
-0.163159362460709	0.237405243648445
-0.117821694623469	0.178643378967804
0.223429238645454	0.345812019978613
0.0634143547866421	0.0752820219199118
-0.58315961239066	1.02872113905552
-0.609347333205716	0.516582164255139
-0.216881337450182	0.22607343607134
0.521716318962038	0.559934058019801
0.561594777322881	0.369032209103108
-0.403503300828057	0.321799142019384
0.348655492963859	0.498010133275265
-0.0716406494300339	0.0895098715672361
-0.112327024671105	0.159840965142331
-0.275496140787552	0.509807562455908
-0.104730154415636	0.150078487815557
0.216146203480973	0.298256083944594
0.0787220875438941	0.0998655478443799
0.169874150310129	0.236164246439222
-0.216897070846336	0.309247078197967
0.296481434515769	0.464861219528773
0.0858628797797282	0.114489025672733
-0.0141550630486224	0.0174237387537099
0.266711257234171	0.461596389533765
0.470190747858591	0.723415573391373
0.0576040210060712	0.0737465228007182
0.103311965290562	0.140082876760233
0.0814586224031231	0.0905846484806724
-0.138729838099604	0.154498544775777
0.440545335521403	0.522070864470605
-0.177677214810612	0.160030184882081
-0.406242175977169	0.457071746627936
0.315829770567498	0.262111783644776
0.00823286241985078	0.0362683218716542
0.0129518926538035	0.0498372146511654
0.0386640822422565	0.138083348135575
-0.0218017278017277	0.0652071015952819
-0.0539710792161097	0.158374772535008
0.210023586431568	0.691992072280375
0.498410612882783	2.20151133015623
0.125312528816534	0.32983023687346
1.46365956363403	5.55998733720371
0.716230562316918	1.59296629111225
0.0616215603588511	0.0562835636646123
0.289614148077249	0.559032205129702
0.469905755196442	1.51324774730252
0.268802767276925	0.900054953963456
0.312051200425383	1.14071262898707
0.595602538872684	0.186980939514248
1.2686330646052	2.11225311605729
0.52383669730341	0.47088286968683
-0.989703776137676	0.829959569385809
-0.408037468079942	0.370002604384081
0.721467661104358	0.721239076278332
0.570509229663684	0.484467878171457
-0.0128637673998373	0.0171727554650692
0.0367551052874908	0.0566376097134768
0.143472044093339	0.175436995000166
0.864078380332101	1.42019329175336
0.158653773628314	0.161775111765849
0.305984007182486	0.398981084330078
0.10552727256373	0.119966853447606
-0.475959268282559	0.913985013473122
-0.112904183678215	0.145532380159185
0.219963870045863	0.259644551729173
-0.46460076801343	0.377106039229307
0.326985786150412	0.37007604077094
0.0633977442066673	0.0313779044684062
-0.33189237823807	0.169785175283984
-0.605690300343162	0.243480473676002
-0.188009584999533	0.07692601106566
-0.80511906778625	0.286663621647307
0.275481045477014	0.132031264928964
0.288197624595536	0.259098594468323
-0.293981560161737	0.315273256209097
-0.368943736112837	0.462036124993708
-0.71039321734559	1.04943896611052
0.282750341840084	0.269432064453673
1.37811892672377	0.819812342616811
1.08698779491002	1.25159852915272
-0.491223993214597	0.428065768147833
0.540287834837017	0.570870340862565
-0.00472591955296823	0.00348048392061333
0.0835565382524002	0.0473271461227721
0.90432485141442	0.243833856642287
-0.0122174867114084	0.00898660104023848
0.162657028475145	0.173436595631926
0.557976543957064	0.949139798523952
0.217738677552862	0.17741791093209
1.4414900322433	1.14522818069329
0.26506772311973	0.124577252202731
-0.122767237427804	0.059908369258334
-0.989510234797961	0.826439055541171
0.522404335587485	0.941818070904253
-0.0679512995452514	0.0896158110432556
0.436244224220385	0.932154192942396
-0.388759533434661	0.867778871672362
-0.18459725129056	0.302069297037514
-0.0694100313418884	0.10339220422723
0.0382746438374044	0.0575243011170424
0.20865428625936	0.362190573880114
0.255673885932652	0.402963468589671
-0.113336199751166	0.168642030523325
-0.117781216439286	0.164240390294815
0.107095573740684	0.127283442181898
0.112634571539824	0.153724924457706
0.380476883753502	0.663088043559655
-0.141719326690938	0.172852223369534
0.0660554193529557	0.0807823241835218
0.0408437871337155	0.0574455628026139
-0.197384984453894	0.339296726527696
0.109966776150067	0.146589396017226
-0.350335761782822	0.639357369272121
0.15851842517819	0.239432734301888
-0.32577796877723	0.614778851120889
0.123439117606109	0.164892311605774
-0.173749577167305	0.279098812311712
-0.376003125830065	0.773713695912594
-0.145289226761327	0.231651596089321
-0.695192969244746	1.61659562483366
-0.000507980639993899	0.000352019556637104
-0.254631921633118	0.201896823668077
0.29657159336481	0.359383473983925
-0.693657730853039	0.581477514133416
-0.126118394433909	0.0783657145245886
-0.594034217238602	0.461420645882872
0.0393879949677704	0.0374644619346894
-0.381311979725212	0.64916060705629
-0.480938179580995	0.987680079056865
0.0726605662207344	0.105243283688912
-0.00934330988026055	0.0120251877061369
0.0669063434034733	0.090731906098285
0.0451202460287389	0.0544011604738567
0.205856614892132	0.35587483926769
0.640114740967492	1.53170969476092
0.608811256299135	1.61823936191987
0.112573165196437	0.159639611296335
-0.191605888862232	0.301895535544517
-0.0624328248715376	0.0741352801221377
0.294464347243872	0.544371786152675
0.504010822137734	1.04626391112638
0.0423467417353867	0.0523117724145267
0.985627612130435	1.47143600427199
-0.0961771024797922	0.083617153531972
-0.149300458336764	0.16128757757106
-0.845644848733212	1.08255999962212
-0.0210828752639053	0.0124521786612662
0.054462502565344	0.299804827917787
-0.0221130544832744	0.0909546950296238
0.10587807897028	0.477129637702636
0.049967515484672	0.165538636378265
0.201293797481682	0.740753659913458
0.514007690342645	2.73054857824433
0.543373111086698	3.3193057637276
0.598896876907677	1.76348712564591
0.647812929324879	1.58575642621299
0.945132811909793	2.00658046524029
0.100812828412245	0.158454158130875
0.241957034955745	0.697278647978747
0.145565031951306	0.417749486572167
0.313199634762755	1.22243385326556
0.677927725908185	1.0532365766252
0.496603590370007	0.540259322147371
0.322534280622139	0.24879425179935
0.413124079755893	0.355697368538501
0.764682726552244	0.830460437257138
-0.468126334270372	0.380068911216858
0.140941377427276	0.271412382494327
1.21923650151469	2.60261402038459
0.32286762512377	0.445737621275103
-0.0403890944363357	0.0487501449308021
-0.0720865126826384	0.0709032370476614
-0.104750482117122	0.153030882721919
-0.0872682456433677	0.112577597879718
0.208548789593654	0.266846160690175
0.0899753063153227	0.0770886343973538
0.142835017318643	0.118339141532374
0.0630765204558659	0.026234391017144
0.0788393568653214	0.0447174959081385
-0.593116308520513	0.451738517470516
-0.484117169081125	0.208384949243691
0.268446858689027	0.128080685952454
0.104838404507194	0.0260417581861871
1.53677188747384	1.04598084086864
-0.0143465907032512	0.0105185728480229
0.0210239749409443	0.0189453327000854
0.019262046619904	0.0180415466926095
0.0340581881515951	0.0288177752065964
0.345911653615079	0.252151955370075
0.275243484935717	0.132705659586733
0.128673740257697	0.0256349097748181
0.0381737575759133	0.0379812009914864
0.231109113247343	0.127266084847587
0.224243120822024	0.149081922050645
0.818813170850108	0.648528631154571
0.985102851010227	2.63643760236629
-0.0720296011655213	0.109769000996042
-0.33963692059984	0.724397892480313
-0.0570281013309656	0.0901102798046583
-0.149844318065105	0.266156698345523
-0.153029055331234	0.284986610816228
0.0903482959315826	0.151682110506413
0.139964619791765	0.240284947859064
0.255308680279561	0.484098700086464
0.217595317888147	0.398610283422985
0.17144975012525	0.256703933808927
0.232912282976717	0.434510985918686
0.64286458962545	1.50010970913378
0.0900969217274764	0.118740974637312
-0.0957178034163964	0.128257924138276
-0.505506424480422	0.845403875640189
0.132017225879699	0.157663744985561
-0.0784980558714325	0.11866290697739
0.226647985714057	0.394957589735325
0.175454892109679	0.266499594025707
-0.0809790788432254	0.108300177222754
0.506663127487345	1.16886736239302
-0.269326716994842	0.485459418480279
-0.0191439607843322	0.0229724260773521
0.0397743937662749	0.052316568809971
0.115993262161378	0.18488825632539
-0.029633107845144	0.0375500811412426
0.178844353655848	0.263616017347277
-0.649992192767362	1.14094607776396
0.386852552050741	0.35385703820294
0.294360384240894	0.384268777556219
0.098767392285493	0.0631733808236254
-0.632432981243512	0.408729757628394
-0.490228683878629	0.343267496714585
0.150115346166513	0.179669126046357
0.0783424523981607	0.101349881990339
0.18747175796352	0.299741798476079
0.0134348393451782	0.0188330972886193
0.220051062192447	0.390722192001065
0.400454171441383	0.698746101356298
0.218880116650246	0.343439950976058
-0.150389581405288	0.230242118200504
-0.0101700602197769	0.00938706048316372
-0.054134964462897	0.0536879076808083
-0.196979449614777	0.228056580590718
-0.0617940926465064	0.0497241684164801
-0.320520828473472	0.21099129562949
0.943100335898034	1.04052673245196
0.112461614282359	0.795887025870429
0.210862608803293	1.62774760209247
0.283976736271417	1.96915249843918
0.298681367480083	1.49418141182892
0.693228381417398	5.07957113728434
0.702812026865871	5.74920121354867
1.06132711686335	4.86508150289608
0.417442959133065	0.896588635788179
0.649429897184333	0.940046822734738
0.678481169883202	2.21695709389918
0.0735114328423154	0.155776907157204
0.0719896029914883	0.178973744260177
0.667912540566155	0.604529954868883
0.0670152003264671	0.0351788569784491
0.21775425523217	0.182918942636396
-0.154500920853688	0.115811163996189
-0.0442153511078435	0.0252675799311807
0.647224578495527	1.04752756722372
0.540132454835395	1.11489545339407
0.0246261432320069	0.022618831658298
0.534424331313645	0.846975927589497
0.262772918140406	0.371662728702753
-0.332718226706874	0.497971392966226
-0.228824217966524	0.338425458595763
0.0422960650450674	0.0458266816927154
-0.0385244168955317	0.0429094921865307
-0.17927721864398	0.161849162351666
-0.198049774990931	0.121027237084929
-0.602660646812975	0.239063853672098
-0.48440809149701	0.209424921428231
-0.194856749667442	0.077240220940816
0.699690974048221	0.394720696356412
0.427996825958983	0.537072906986636
0.126772386776641	0.153916696069479
1.53151051863985	1.01211553852539
0.903916047846584	0.241441538672976
0.624033843687539	1.17482066805325
1.07317760181111	1.42174653313606
2.07505143009688	2.50918237281173
0.731513575802203	0.302200351206137
0.223823446310127	0.133851746975391
1.56824311135199	1.36567922103228
0.0193630977038904	0.020357185403017
-0.526307436197983	1.52882152928259
0.0545639870477063	0.0886141720599496
0.189901576465455	0.33814964310384
-0.317884752422098	0.766528112608245
0.0315156592637273	0.0486236092037907
0.0649431645690476	0.102492885479178
0.179102105036444	0.313940807850409
0.282880574015003	0.415287452541749
0.228184883949811	0.349305373788425
0.225236198788404	0.407880405208109
0.0463456500340244	0.0617723835020529
-0.136190870151594	0.221787506884951
0.290300965903122	0.49612284900072
0.207730314167716	0.327620338427777
-0.0809936880120882	0.108916609009086
0.0817667623850573	0.0937106962174277
0.0603559730991804	0.0771023602971175
0.226483451123105	0.440460177698279
0.170292969344677	0.303607560239439
-0.0425577721010402	0.0558242736970948
0.395266301922717	0.776830217931883
0.0785223049958425	0.119279211620986
-0.464810353695341	1.01090144874352
0.388907738377282	0.914438964607325
0.181824100965409	0.262677926740868
-0.204943883896683	0.364004613409716
-0.351600614555466	0.742252563909977
0.432495398813348	0.834693569693595
0.200277291822683	0.22490641885243
-0.117833743670125	0.0877675293674494
0.00408903921910923	0.00361326113035196
0.318315531281984	0.252781650933694
0.26870166202028	0.128578694296405
-0.259921180528285	0.204522958008681
0.111879383692254	0.125507976034641
-0.141986831655454	0.19956913595785
-0.354237859521296	0.803722827350891
0.199831696746866	0.376837961129302
0.0676861019828497	0.105256339490234
0.0507315129385223	0.0621695245706585
-0.0348160448076955	0.0412341375476597
-0.0630217718230584	0.0936388324202389
0.211321800312587	0.359258865431478
0.178858428077637	0.27006835110985
0.389067298496601	0.78502197093413
0.265707520842055	0.450235350562599
0.18594200181968	0.255826796866443
-0.0499301926227122	0.0528479519897878
-0.232132292984158	0.21811717840992
0.0789134542608099	0.079568183112058
0.367036410843864	0.361037646821826
-0.0758479370862594	0.0416917717894868
0.127031950719897	0.0977688732175539
0.0499693776404427	0.0369650855457928
0.0975187378182362	0.641147915377372
0.192292447131057	1.40929081388576
0.413018427342443	3.44351335718582
0.570932486749431	4.69446400244891
0.369946308900102	2.37358024888572
0.875720921120846	3.95185249727728
0.881656613579285	2.63060078361421
0.707308559460625	1.46622044950047
0.629240179887907	2.31174555463634
0.231564738093533	0.31563333439933
1.23016216625725	2.12102392774122
-0.0613658123021967	0.0424708319253331
1.07056138760576	1.13769162520842
-0.370863678804849	0.239449410721753
0.674248717390038	0.865548796409061
0.675383164918516	0.604110669193192
0.0319494820462611	0.0406729191912256
0.571295843232584	1.0788521592776
-0.444409066046626	0.800195044996483
0.144631148055654	0.190823219088939
-0.150290463268277	0.251718849431644
-0.154254286081258	0.245465795685821
-0.174987403697396	0.209837729651735
-0.0802525980555555	0.0758753868357917
-0.198695890445946	0.121903146928875
0.40290071773237	0.343318977160112
-0.735647040075858	0.438088487930457
-0.0421870055017056	0.0240412215749574
1.3590697811476	1.40659217204354
0.0605379806900611	0.0813410500950315
-0.163770256407094	0.299396060626851
0.109086691997755	0.192830342843407
-0.110208044045502	0.19345863842192
-0.418530856651165	1.17278125882495
0.100681115266888	0.168467529854591
-0.264793812295025	0.63925375196884
0.00599287437722234	0.00777644494873212
0.100984944074373	0.13180683498436
1.11277488950348	2.6845218475578
0.234238994985139	0.437501418685702
0.196802547038524	0.297536025848291
0.117495513432857	0.191073249290414
0.319833431161747	0.709385715061775
-0.0878494671603899	0.127585540398747
-0.218194557060182	0.386275623693414
0.120514660642534	0.173618014530602
-0.0981472334498645	0.120035909644084
0.0739761014325702	0.101833632171878
-0.0666823278649207	0.0886550317313376
0.623507829222343	1.23422562233897
0.192532793283952	0.284608199161462
0.0233708147924089	0.0321408325611192
-0.125354077591507	0.201725736063714
0.345248294810854	0.622373419315647
0.0757887988236565	0.10263470012903
-0.165926385689443	0.249040313880361
-0.184664981239887	0.271099933224737
-0.0854841900068955	0.108819244165794
0.0799048418077137	0.110951885044505
-0.138347410460484	0.22189265465672
-0.364210637409015	0.681627505833816
-0.0155099032713187	0.0198669526168035
-0.00191875852182033	0.00194466992487554
-0.590740542512646	0.44472690338542
0.370565108110279	0.534340386577168
0.413430806983413	0.459987189571306
0.0698305379574873	0.0257907324599875
-0.91143947190498	1.03395227018761
0.137859225455226	0.179765150926124
-0.0344578309772585	0.0433432787482415
-0.0385420331026044	0.0545436870407509
0.0258382542427096	0.0330697304908163
0.177184985331105	0.281918480683368
-0.0342395009640536	0.0439507935141576
0.123308108028649	0.128583297086494
0.343598292239341	0.364832886204453
0.221527934892117	2.31955819782952
0.188808406008351	1.43870586478879
0.25979647129116	1.3490912918912
0.0740036977537088	0.319084146408214
0.200409536988529	0.54500078165952
0.463043094966533	1.32207496153413
0.28615656349229	0.98257814672155
0.185026440956673	0.310980612759073
0.286651192500499	0.402896576007577
0.574639871417269	0.844075656001133
0.0370828989725382	0.0394734218399467
0.821792896891844	1.59247050229291
-0.165762625046134	0.180049505695295
0.377265552495261	0.770081178146092
-0.0299278195367252	0.0418710867411522
0.181130642339971	0.351028094939155
0.282286791507412	0.573413381444162
0.0487265715439306	0.0637905713327062
-0.280607293568565	0.391644806035162
0.923222012259679	1.58349256631986
0.635155666760756	0.772221514445789
-0.167015187448604	0.121145201708614
0.596813553922211	0.829996290602272
-0.0143970498217295	0.0215541317021921
-0.417968531376663	1.14534683824465
-0.15587345957891	0.313195954005841
-0.220326148780935	0.425102402251399
-0.609426776470074	2.07600710850606
-0.204685270618246	0.419814413231623
-0.058402013792482	0.0956219985631942
-0.0871716044300551	0.154495248137933
-0.186357362689568	0.330867003022044
0.296516330952508	0.472244750564378
0.0211011977233025	0.0244816163930687
-0.0890742207257334	0.141717244788957
0.414200034687436	1.01950364956894
-0.291341882466097	0.594869723792692
0.00288173999363722	0.00395634752817729
0.105242583714586	0.173094487332897
0.0430334981640029	0.0586868918853331
0.16924498818627	0.279300135881021
0.209024926487466	0.360917731054341
0.130354004449123	0.170329927829794
-0.163614681022881	0.233563363267385
0.124234133384334	0.186931667601586
0.0391691599526137	0.0529873254495987
-0.530380489351921	1.21905475701249
-0.109903250117214	0.167061666617839
0.13855011720617	0.231919065897682
0.269556889916842	0.473678750246905
-0.328318131047796	0.546875619047382
0.17079277527328	0.266588373622727
-0.249804557227976	0.416959428920098
0.255870158087823	0.427456267460442
-0.0126567201949545	0.0158794053351631
-0.358899329365306	0.725711712474748
-0.807365539685333	2.21957958507605
-0.235832066712691	0.394684472303725
0.0401894036136841	0.0491824794287858
0.427997725336573	0.623245269426331
-0.112660592778108	0.146736707730273
-0.545036301007311	0.724841722451963
0.548006209621091	0.639230025641773
-0.210257507855095	0.19680387349094
0.344993383162973	0.688279667923972
-0.160353724395888	0.293313389899659
-0.0186100230367668	0.0272437121721476
0.286149867503665	0.507300075904901
0.111904507209309	0.15708829839701
0.167500024471954	0.267569844471752
0.248816519225954	0.403320536976804
0.040810840700871	0.0548516617975268
0.131538975368753	0.184169707502392
0.439956585977455	0.904382921249139
0.0478818653909141	0.0525891783807401
-0.0599828708667756	0.195311451952866
0.0526908126021698	0.251213481695774
0.187669481621114	1.24926439199846
0.218039168082104	0.571543698294794
0.317998144550745	0.65945966044769
0.0915213807061182	0.157022278438343
-0.0560069192765997	0.080843351675245
0.184128360222935	0.309411723722031
0.312721129379249	0.623936557647693
0.257476408611407	0.578910805845198
-0.0910919678018081	0.130412166995914
-0.256791941617616	0.443422372694275
-0.159070483912724	0.216897944599223
-0.0529751435072069	0.0441617723827614
-0.157905329425095	0.204735662040667
-0.0814201462482611	0.0960547443665348
0.145117981358057	0.274300800833231
-0.181910236629507	0.321472380973594
-0.231137735951197	0.403383273732176
-0.0854705954812847	0.120471502877262
0.0157462333132284	0.021375349549582
-0.124937850407806	0.186363173938456
0.129031357045503	0.212870912215607
-0.407123504674747	1.04669793076794
-0.0301453403782673	0.0447169740763726
0.118991081825972	0.21694270558254
0.331044488198923	0.682041392152093
0.0680731420237461	0.107501333264627
-0.0377690024352055	0.0517731104458604
0.133997258943513	0.206004030487487
0.0553349055281952	0.0718131020606008
0.201670145082663	0.329308827879248
-0.180704018475961	0.287252173845451
-0.245749885689529	0.402634979565387
-0.0330278709725017	0.0434060784433013
-0.274211080896619	0.450053178656022
-0.416029787660729	0.632571904171565
0.0871008527181452	0.112340488045634
-0.0391574999887952	0.0454501573435183
0.452750735630977	0.795826335487475
0.22258832657346	0.302170981674678
0.309822923885264	0.502672073537983
-0.0541503075002862	0.0871202259076068
0.294793077665785	0.454055432472498
0.135762985855631	0.178159648575781
0.0810156926042713	0.10182863344007
-0.246885376827877	0.318517045016643
0.0958119529662434	0.102663455999772
0.283888959718995	0.420264428528
0.287353962758996	0.444824495580599
0.520283325295601	0.874067278142967
0.166305837302182	0.266676963967918
-0.104316283416294	0.140690716099373
-0.129381383513065	0.1640468876944
-0.461372127098857	0.908968775467786
0.0223274199898966	0.0297352772920359
-0.253946371778272	0.474950893685584
0.246677162776981	0.42778305088577
-0.351596159566314	0.748906597296987
-0.422158211799597	0.809079871997956
-0.221366741721827	0.434603844439574
-0.58312478075888	1.8570130011555
-0.257927083485762	0.475717208051196
-0.121422652201448	0.184737581163018
0.173289193467223	0.255589341786848
0.022443870509072	0.0238123458556113
0.457354273645591	0.984341193432964
0.0715268934774061	0.436119565304508
-0.20339205665576	1.74703919726417
0.0894364053599206	0.135589661881149
0.676733687333749	1.88636230052125
-0.0506287880434754	0.0715246245587095
0.301343042878245	0.574186385666672
0.0947993086092481	0.155642873130201
0.190792798182662	0.356000711525069
0.969095309724302	2.31680713797201
0.262112206497691	0.314528131915943
0.0778890979993057	0.1110873401244
-0.364571357340802	0.924903388870376
-0.0651784692057272	0.0914997119318506
-0.121264875231727	0.167102586663418
-0.151651918401984	0.220862952399989
0.0771940810392207	0.106641431203484
0.273111259733753	0.440119947040762
-0.203175121136913	0.352854420186744
-0.290164941112715	0.658223915972725
0.114922663609421	0.181478628399849
0.0340873894004012	0.0439281984122543
-0.0419393265146552	0.0518716556806359
0.223222636907167	0.362077449167638
0.159897336686457	0.213684939765731
-0.0776937345553436	0.0956599419541499
0.197696665062681	0.323983879315517
0.606067833402994	1.64591755482799
0.0259529011776259	0.0290723989385726
0.22413444843705	0.312299031578486
0.42206302145354	0.699626785737934
0.506371388135542	0.872015008013472
0.460348815317368	0.768041527495744
-0.406819992868515	0.528371997976326
-0.369477883507445	0.534343678205322
-0.24571432825999	0.283779521724663
0.119129084748575	0.203304244907388
0.0513756157541908	0.0506672025159417
-0.19020747054971	0.251917921645555
-0.0214997257190856	0.0240198818337421
0.435974063383405	0.598210663917231
0.26355609216164	0.310454681596477
-0.370819598378835	0.573880012365023
-0.295274611736193	0.444237314503825
0.675349957290371	1.13692408509084
0.130649870433993	0.186559444999626
0.514697157143287	0.939370130607976
-0.0497632687162332	0.0566719697090576
0.262757856611045	0.462668663634535
-0.147901047698227	0.24464744170662
0.388624973464664	0.839830858814559
-0.149411855197526	0.228929008610111
0.496652746933776	1.06427252701264
0.235573755567695	0.372158774381095
-0.24173800257436	0.409524740010685
0.0799807247602017	0.133476828221587
-0.18793210921916	0.328365002028827
-0.26459633886247	0.485534710254241
-0.288009591307604	0.471514850424609
0.128272782683987	1.01939063851057
0.347991373997662	0.813264707766607
0.135284696078265	0.22988355859786
0.135897196424456	0.264922103887965
0.0347836692268225	0.0573745191655832
0.290661544845176	0.492276012693848
-0.138601708551379	0.192422930093971
0.594683238241015	1.24603148443988
0.164084388190863	0.300052526496451
-0.108386133140399	0.222981279045847
-0.189731126637537	0.343963110625665
-0.219393081178089	0.389498880557846
-0.497422435905685	1.17845685475957
-0.12243949811465	0.197533844735894
-0.032314635611104	0.0434286530865138
-0.367276990344919	0.889003465893328
0.129566469881718	0.24060416356845
0.0886466413605494	0.142398654013558
0.090427607711272	0.161092759069085
0.042157968301788	0.0632178128227216
0.0312925115001271	0.0446958629842614
0.437580309634904	0.983745107125304
0.211593982529025	0.319193401582967
0.299874443325187	0.569988179593675
-0.354875661216347	0.716880727935005
0.214441149160581	0.413300004706295
0.156240008584115	0.254690133360621
-0.474794142669845	0.882729599072115
0.547415471915532	1.15967898375088
0.411538638459926	0.798812915097498
0.712627682841302	1.60104197599266
0.0273811090413041	0.02863336108971
0.239871378915577	0.386062596408258
-0.0460716491462264	0.0609483716274844
0.372340301555953	1.00762152600831
0.344415122645115	0.65289898712021
0.253418251212358	0.417811341333607
-0.322760500154156	0.529330059936245
-0.122304506563366	0.132371661577338
-0.380888738410082	0.658997336106572
-0.109833092905545	0.131579812923598
-0.186127423397371	0.270527764457495
-0.145886358789881	0.175960665006207
-0.2046137772272	0.316278127704637
0.0499766174900339	0.0647933926006515
0.379137951177544	0.657508196987256
-0.267016343488689	0.460197281703923
-0.236597473197956	0.469733311033575
0.293054655410536	0.583113863037848
-0.04323995920033	0.0648711623033086
-0.374719177426721	0.745507034708891
0.218582069734687	0.310877882763041
-0.506328241396045	1.35335601408466
-0.0606646560695234	0.0963424353799497
0.0891437210187823	0.152804135028401
0.0453905872539429	0.0616880098211707
-0.0246597333716727	0.0338718248201123
0.323928237311366	1.18461240162219
0.234404578735623	0.691979291198961
0.23012497769964	0.56507222083064
0.151449746472853	0.335327322220526
0.0380632985586777	0.0807351397910829
0.103293328111133	0.158558102823012
0.749389586389275	1.275466188593
0.299347932640427	0.278128394793041
0.549409761567673	0.725739964819876
0.0830085878430741	0.069709404979488
0.52483285587893	0.563625406563574
0.137723009474592	0.11268233563293
0.401074597871828	0.79215533975248
0.265761115513195	0.266519033048906
0.738625053981387	0.840595601288964
0.0307101347144447	0.0549068455499433
-0.062385262771472	0.0859603248655104
-0.361923452366586	0.53887735495994
0.361715839464606	0.344258011252252
-0.105093686154344	0.0809187904610613
0.318687798445933	0.358917066540022
0.442080512250299	0.929020970859622
0.700709090334037	0.995878314454593
0.203703776718127	0.171871129902399
0.162607644448626	0.145578995001576
0.380001926410637	0.437401322576657
-0.13869339373599	0.12946644572752
-0.0700350589750337	0.0560293258137961
0.74377035653442	0.837996757886749
-0.0113818099877353	0.00953498817344395
0.382354937045138	0.947918799394692
0.14687593433378	0.124210934057944
0.394905484161773	0.3508471051186
0.367042801303629	0.351086105363257
-0.0286652979453603	0.0168975802589531
-0.550331398361315	0.557899974928011
-0.440522546682573	0.423213162672746
-0.250980780027347	0.241433801529466
0.365290106310031	0.34937525500745
0.258757633246175	0.353902807636557
-0.59850134560075	0.72955023682727
-0.020576651977949	0.014892120811524
0.687886691521075	1.04172341647904
0.436870048392865	0.945802027270656
0.444391272922895	1.52176261071244
0.433257166986962	0.876056757079429
0.0719382024965992	0.135586821386068
0.145339247243038	0.32311566913605
-0.267537970864431	0.751853708421624
0.482179724156815	1.29440187811372
0.48321287273257	0.891776968288766
0.0500566269333513	0.0457600535438179
1.42129677031051	2.25479030235034
0.125749648392828	0.347117852504377
0.190631878201231	0.661557050357226
0.124177773972765	0.089704704480686
-0.413851916910294	0.340509949638379
1.24666286264233	1.36294683012047
0.606222254553608	0.589287694292764
0.105050311590626	0.130525429665995
0.193524036210259	0.371833863782488
-0.33623233195695	0.283744048746373
0.208954986035068	0.156284895614521
0.211582081349251	0.198254646685001
0.0342991990538767	0.0659516144148876
-0.151924369964047	0.199525786057074
-0.32891454950102	0.435272426241235
-0.455212804149972	0.459430556460222
-0.0461295456601108	0.0373611952807219
-0.168370172700692	0.152788561871842
0.484683473801197	0.961080110587633
-0.709025224741876	0.700478517972722
0.064120772005599	0.050537407601128
0.303614240998715	0.249599112366451
-1.15256631515566	1.58932342057271
-0.838058415788314	0.958233648463503
0.434602780923754	0.345573311801194
-0.558113971233832	0.476623643020667
-0.131513704913599	0.0978687978296439
0.0966715872712389	0.157927557895479
-0.084694168449573	0.0657688521667091
0.612109144842757	0.597364398322184
0.124253641537681	0.0861577119534048
0.471406359104047	0.460537712641167
-0.0292306205239977	0.0168432279865725
-0.372664193595738	0.313108509188246
0.225151675077454	0.177470390984978
0.249418688962043	0.130234767866594
0.0987836589084232	0.103808679565605
0.296379281118266	0.266025331247467
0.157939130874398	0.148231970121584
0.0743469270963597	0.113409606901539
-0.182434391988165	0.467298241048344
-0.183947498872592	0.270783820980127
0.192722246124026	0.46723695649241
0.0920853566075201	0.19854597599454
-0.13531037634988	0.350273768211383
-0.033318509645943	0.0499939871997812
0.00522111186229024	0.00558128166220208
0.190624945348039	0.557242659510313
1.07833160106592	1.24168349223169
0.661825028088938	0.704221121376255
-0.485823582171769	0.464441449977361
0.543393092582476	0.573243352331843
0.640361562444871	0.599061466957567
0.574818997798788	0.95491743209294
0.224483159262326	0.378984443035066
0.399526097005641	0.350784882556463
0.703590903539171	0.723779105454605
0.246035004332227	0.578848360281105
0.482444367722761	0.738112740500041
0.182296913123745	0.207369116227665
0.338594261957262	0.251142932012526
-0.516231043485612	0.483073003561876
0.213234324369061	0.184311753657838
0.0474284684640506	0.0528846342267175
-0.367792428085928	0.276072722664029
1.25917472318743	1.23494780738957
-0.408550646228768	0.332608054865143
0.462354877168684	0.35526374766293
-0.0539787026564197	0.030706161654669
0.643498550507541	0.494581026255683
-0.108017723446444	0.0715170892770617
0.514911135624797	0.46361807175642
0.410405507519147	1.03185586277825
0.539887683181481	0.47318699280249
1.01076808401785	0.721594075852797
-0.313122713509887	0.208545275874164
-0.463967273484355	0.376795694616408
-0.279817925794055	0.152904024504389
-1.18074020943467	0.813973621444936
1.31423334500843	1.77169125160291
0.0263837060949347	0.0516002575556799
0.191939845463846	0.464909776815631
0.238848349687758	0.674745662701139
0.0218121842460071	0.0422469012371737
0.232357741433232	0.459803961665207
-0.0832528545036679	0.091045940823005
0.243793358173002	0.451384484835801
0.327598636042996	0.567568792544244
0.234750600623174	0.337651303316944
0.485678968787454	1.05445521647343
0.108670112042938	0.175663716670425
0.392321161370858	0.742683189004779
0.00279177642069165	0.00275733303746566
-0.119512525268245	0.138074916873472
0.290187249937297	0.429653556646422
0.31546285429654	0.667760742147531
0.705374349104451	1.27693655059908
0.01948326264983	0.0196599498592991
-0.0551684351460624	0.0579055042846611
0.246784859350424	0.321007153755356
0.572119494016608	0.910556131495697
-0.0689359692862913	0.0608064172280596
-0.0268820329013228	0.0249670210995251
0.235131669049254	0.306766277211562
0.526598179391284	1.74080497577616
-0.149224175725585	0.171025718329715
0.224656015516033	0.269967796943334
0.0947746175476495	0.101678004856737
0.102985034362248	0.0967702012141392
0.0739244369096003	0.0721627141238907
-0.0790595134096675	0.0757785635900614
0.775803947453931	1.29665963450902
0.255527282366916	0.376009570703289
0.941924250081244	2.31689083962545
0.469842258334995	0.767264491924126
0.115692927072556	0.207289944269874
-0.140673703803731	0.293028642932367
0.281591271401135	0.729480899093272
-0.0311152986754972	0.0540441869282557
-0.187422324204919	0.456389219708559
-0.17954754500664	0.359990004768042
0.293439220085699	0.562311007234389
-0.0400423474179578	0.0280478689097742
0.561416407513418	0.56628110092416
0.508162176013064	0.60677229441922
0.277641061991435	0.276982338423627
0.935097192972913	0.805691674029477
0.824193837026158	0.888667053278644
0.158211499712777	0.269541357724379
-0.0816296047090794	0.11405602374574
0.408853603778136	1.01963532383614
-0.128290919372695	0.189904911954315
-0.15467586533097	0.27573669106584
-0.0749551933410034	0.118619924178044
0.0135904776065317	0.0172479956130095
0.124772672689775	0.179794810419725
-0.0494654790771613	0.0707178902592783
0.114624086611804	0.166199082238322
0.633712008216662	1.5259778459268
0.0982210547185812	0.143399253896075
0.643053982053851	1.28581155690054
0.95723584076007	2.89141653545845
0.267831223423748	0.459340969107712
0.0280958068293471	0.0350263437323336
-0.183865966430975	0.276333269745186
-0.124158882310687	0.177288531636936
0.596969342218682	1.47109309587971
-0.168734079248936	0.246742000586119
-0.330308936422971	0.551168395164531
0.727722800659972	1.93743660043048
0.271733593128268	0.432908385208268
0.0825228941393964	0.0842640471574254
0.047050271494314	0.0588977183495388
-0.032939737706817	0.0438876498500588
-0.135608842118247	0.190834956143082
0.0370475674670263	0.0434269008418977
1.32880011698653	1.49465785966056
0.839957335058128	0.981136979097585
1.30245059078026	0.922791958402346
0.463247861730908	0.525916827851279
0.0748648488269622	0.0981562110063359
0.361274260093779	0.768044114480568
0.0168460644431052	0.0186804910678697
0.0674731346497612	0.0534482035590502
0.213556665468671	0.241582529028042
0.212477639514182	0.211920543182594
0.0664264038647939	0.0822080558524272
0.26802794840694	0.309740517380655
-0.459152543875178	0.554906743053822
1.00301910548197	1.08725740016086
0.132089690064918	0.104997205340277
0.516703851224252	0.5517709572179
0.0460759956882284	0.0963401183185272
0.0875831712094714	0.140664510315616
0.114387766624925	0.214040105509796
0.285912398306763	0.707443339528411
0.0615547077642415	0.108337613227763
-0.0106251565528812	0.0179205963210807
0.257279266173421	0.617605098362302
-0.0536388107292088	0.0815220298328268
0.108999318373874	0.208585958242113
-0.208883214783359	0.435116193792254
0.346655764788717	0.797907525165814
0.307204366534795	0.728042575269449
0.377743386768879	0.955799075520774
0.396271797568192	0.88439919500683
0.695713758366679	2.28109311265675
-0.0545107203056301	0.0807997543642188
0.0388386252078037	0.0566037110859611
-0.279023709574896	0.583888643304784
0.129314171370096	0.25495005472687
0.337390953081801	0.836688812092956
0.176376983108271	0.303152495315765
-0.0417133178008824	0.0663002879292112
0.163068997210845	0.310719436865773
0.099685322595061	0.168318296639061
-0.00656403158854069	0.00865043742401603
-0.0469951735453446	0.0646882764714075
0.00629949454330225	0.00933121689218032
0.140105122626595	0.24969529679564
0.367414872663104	0.744596507276839
-0.0727124168266315	0.101212895463623
-0.427535623521689	0.442363415648711
-0.510755756199021	0.510049590854783
0.186373211371373	0.290910116848442
0.0137536061606814	0.0149079013494428
0.429292758411169	0.452735787451635
0.180748729096461	0.21333060937451
-0.00297693020218066	0.00218424572309733
-0.298423624484232	0.4935619171738
-0.376109561074071	0.585759410039458
0.564913461673104	0.373531550947964
0.420321523908475	0.621653071577929
0.670154665086792	0.884411169770317
0.408228007301385	0.354469387237901
0.703628109149483	0.813577237996802
-0.006601039801951	0.0137066182925608
0.155632251728206	0.400953551488313
0.114346162326786	0.197481463183182
0.0561994509376925	0.099329900898633
-0.239755675803323	0.570108512640745
0.265859609147506	0.70026132646956
0.280305411480334	0.766834440536072
-0.000993596654220734	0.00165571875955609
0.0772561145977923	0.13431339999827
0.188595629905001	0.383704462060543
-0.0112920803522166	0.0185404608807033
0.518000292501098	1.50857045456958
0.28064120205304	0.658373334945131
0.14686432704477	0.27155374639196
0.098256711774882	0.148965338608236
0.301800615471351	0.665982042391873
-0.262557353974081	0.54585603082673
-0.00698169404872997	0.00942126632203719
0.419632536407784	1.00166206185039
-0.186651505155739	0.391811125592274
0.214680623251591	0.465038927992387
0.420832627073518	1.06518280259904
0.322044132143593	0.667913039630823
-0.0766687915414554	0.126317323422574
0.274905990224703	0.538931664519908
0.477340972083285	1.21097233019782
-0.0856073927081993	0.128924507677947
0.407165292456571	1.05427663759156
0.353627419614183	0.830298174439032
0.271087895471761	0.458601341596398
0.1303545361838	0.0257153407808376
1.95505318678058	0.508107179378978
2.73903163838274	0.833291335464833
-0.671952417156443	0.168796242500662
1.95691447768373	0.505592244745112
0.128673740257697	0.0256349097748181
2.74203358648369	0.823056985143454
-1.80062223536367	0.442697734012975
1.95421522980149	0.509451950210503
1.37833596221036	0.835957762958456
0.515017265695091	0.254896914838696
1.00165766712043	0.596204064543436
0.45604939658632	0.247754043090451
0.90432485141442	0.243833856642287
0.44392972970194	0.158875580261999
0.730990720815235	0.304583351463383
-0.802535128249913	0.28676063179581
-0.306041417647602	0.103779653044133
1.39515102136504	0.462154680029554
-0.41375501622443	0.121836953254637
2.73820213311211	0.822889799219994
0.90432485141442	0.243833856642287
0.732487652615965	0.306009385691072
0.443160440226769	0.15916220103121
2.73903163838274	0.833291335464833
0.602163211419419	0.186497543502776
1.95505318678058	0.508107179378978
0.900686718335153	0.237854429087107
-1.35848967736398	0.647560878496966
3.60147889697382	1.40844569793178
-0.672634734032871	0.168778157088256
-1.20396407461403	0.367281439441553
0.105571162939011	0.0264299797824484
-2.59068535304955	0.735256447992514
-0.414001285500414	0.123050718937126
-1.56987253026498	0.822774553015406
1.7604708510011	0.667157165423689
0.183573057523839	0.285141314103711
0.240070876311205	0.403365889165316
0.427251745262831	0.856497753444118
0.400365291922446	0.794802612383213
0.0722902096549078	0.0693468989273497
-0.0713332415624604	0.108416812311044
-0.199396571349531	0.314933138000824
0.115496022444514	0.189040207071228
-0.00997006181109582	0.0106028804771507
0.401461595930852	0.555655784877324
0.819402300933375	1.21656787485485
-0.581572775709242	1.26350092718241
0.0753624013560641	0.0939108921909701
0.274449891110796	0.532553234443178
0.760728112251965	2.05669769493264
0.23001312552412	0.506761835408215
-0.503311335109033	0.995105776282866
-0.452759702659146	0.50286626695756
0.138927771532409	0.108491730374266
-0.935128922227905	1.02712103344803
0.142356527474093	0.117416992906631
0.330287839359013	0.24483653043043
0.0950399106309785	0.0843227303719473
-0.406395775231018	0.981388061399179
-0.0610989068585486	0.0601231726301105
0.65073105396615	0.906935906410459
0.394905484161773	0.3508471051186
0.818943687180169	0.775981424273716
0.464079460198636	0.455933507450255
0.314266586559102	0.446288891054161
0.221412267670517	0.154268509122067
0.600972026851826	0.487712473349131
-0.198581557125206	0.120543544722519
-0.0156147687427817	0.00939301076863017
0.302749276343913	0.257135514625278
-0.371187204251547	0.806828190709586
0.853870859980243	1.00488064924737
-0.0857093678668618	0.0578884348357956
-0.898773117959711	1.21730862914469
0.208732470257613	0.150700177573179
0.0433266528783063	0.02981403422559
0.824979895595366	0.879897011302416
0.0206091337193871	0.0136417175216242
1.15056151361079	1.16897638370857
0.216630497168529	0.254186744159256
0.301351974645186	0.266314033418193
0.0613534191772249	0.100350039390773
0.0877383803439878	0.144669767956691
0.499824124200552	1.24385199415047
0.0151153224587386	0.0150885108885628
0.0120213016145189	0.0187117825197892
-0.23209534163402	0.491979280912807
-0.0789745862380387	0.131051902569243
0.110333607306165	0.14600935101269
0.357937469561388	0.61857830268533
0.287147292795497	0.402654988268618
0.10423918814599	0.167249109412856
-0.44357355541696	1.01842322946743
0.258843212257661	0.570506904619487
0.0353448731625103	0.055744698382057
-0.125050984281977	0.281344849183664
-0.00362048461730759	0.0047982930885334
0.315665339105318	0.364973621381305
0.160918624510754	0.16854344171242
-0.094425875432098	0.0739564948439781
0.202723607489419	0.18652973886254
0.208297798852102	0.192857308738307
0.142739022093973	0.202820053625305
0.185278858901095	0.354030940307615
0.235970940108349	0.475698628673328
0.225299844718043	0.231510497407774
-0.109442405803955	0.218494774209194
-0.548389888794421	1.18086958846901
0.129040593604386	0.139413549193314
-0.182911722680815	0.166461120549135
0.157525574886467	0.152027086598329
-0.058791191473516	0.0532036152437531
0.459784206045108	0.88084991805117
0.981517044336981	1.2737890402709
0.102989387868914	0.0681287665590528
0.00541795499122207	0.00345485221958761
-0.237275756713224	0.244108820613677
0.233296256742489	0.469084367474186
0.121053404246197	0.0906110481986178
0.523229819713859	0.471289155585825
-0.620757027503196	0.699008726517595
-0.443313759581461	0.391891646352815
0.809027670317667	0.878835043110922
-0.576976272455683	0.537828879981539
0.782137927263146	0.950965116259158
0.132153782558575	0.0997302421164382
0.170833422296685	0.183869494457494
0.215897107410001	0.200271637718076
-0.0890120795637733	0.13599813675696
0.351862770718337	0.80476681871173
0.224810207755593	0.441834427917858
-0.156303408555074	0.238959327580546
0.139378234528476	0.211928413376293
0.32912794067478	0.528489317607758
0.00851414022456478	0.00854505282464873
0.189089343052512	0.307299996972028
0.16847330436883	0.295511019018578
-0.430423776777329	0.77856731887722
-0.241252200698783	0.341671220384986
0.492594614483766	0.947966289629113
0.593899850744602	0.185555595129041
0.0876083333518258	0.102626218213131
0.341967490531251	0.560141480035114
0.380702189844771	0.649870229650639
0.222910287559691	0.359574596385744
-0.345556951780801	0.711148385525062
0.155936415800379	0.237014237491057
0.0986135532296118	0.143029741386865
0.134006218026246	0.200235619052398
0.00812138348648723	0.0099225193217526
0.738041744955366	1.35442643200491
0.537024205637101	0.808598852504333
0.743671000955042	1.18569642879195
0.358927029719739	0.446334984859677
-0.0553746014204196	0.0547331205907495
0.114467414180677	0.115875172046346
0.289935273771445	0.433099600324148
0.032080009708877	0.0459531227750472
0.150118889894639	0.225068054475014
0.465038202636416	0.720567512770538
0.444344118446036	0.538602200194685
-0.0106869639033456	0.0146129814614508
-0.323025195560912	0.507883507207293
1.00680190869166	2.42694473181174
0.0641058008296979	0.0503193609613293
-0.0440405151904033	0.0436346250482434
0.812919797682944	1.31818598468536
0.559088986167896	0.914895486789424
0.581506403837984	0.844184646707935
0.263373386140119	0.284737689117462
0.215996407170541	0.170886868036649
0.865220005000677	1.28418924094705
0.413776526809105	0.550958960872786
0.302390019922447	0.570746342853626
0.222553182254786	0.249062886686692
0.153873560584912	0.14372879668651
-0.0842650698961449	0.0794506183028952
0.00199391206032595	0.0016465055847061
-0.200781730391688	0.180542481266459
0.334881536014293	0.364352019252545
0.139181557199789	0.121972796183766
0.955188051798623	1.70483113044511
-0.100580375399782	0.101370236445337
-0.282959758686708	0.325543733550589
0.360463349820255	0.463120794388272
0.0910800547665629	0.0818414570811046
-0.0466604652140615	0.0668329469957935
0.0418245274059602	0.0651120354959272
0.140311086242517	0.287592644144542
0.0874627273232547	0.148071196150062
0.303019049753681	0.661456824061903
-0.316663646444921	0.801868072860602
-0.499143653429609	1.48579707728999
0.0582657801543024	0.093637360412796
-0.0880797679899741	0.166795265290318
0.0187704085379845	0.028410529801489
-0.023735845693802	0.0343400230024996
0.306752214040772	0.401293379553588
-0.204051626771805	0.184306302921425
0.487314995766873	0.793364781994811
-0.286283989368986	0.578891324421242
-0.166102435912849	0.253585550772092
-0.324116330128624	0.643544619546154
0.676883036766773	1.18959342597984
0.150235318601579	0.185757362768101
0.0435113585477869	0.0469137141034139
0.597277807191615	0.187530591087722
0.643520898966804	0.956957091416783
0.273988053398791	0.300983881750671
0.281477111677511	0.293356563193895
0.437844609066479	1.02247749964074
0.0423186048472016	0.0548227610457757
-0.184635858879526	0.329695828593583
-0.325380130871918	0.709324769202499
-0.027242248308699	0.0474047057535387
0.590808876856636	1.22642812227132
0.0236245884838997	0.0154861555953464
0.592281418575947	0.589061066566146
0.102797966601005	0.0684656253473034
0.440902540973946	0.457927547453084
0.897781777294846	0.891863341023754
0.511605842182739	0.561431652398224
0.234686731687317	0.245317165577704
0.673818538932274	1.35223531466439
0.50190064962436	1.16110833789254
-0.205488058096014	0.355584211315305
0.182426468787968	0.204769372143147
0.902535537761125	1.20817884763689
0.128336051182175	0.0996583232285514
0.22041788107357	0.199662492229008
0.339763580350648	0.685577793456425
-0.131718244180295	0.133958305779448
0.285946042090141	0.27873778566134
0.426671356368714	0.357308653610484
0.599403849418796	0.761531314691201
1.2724991452372	2.40420169942755
0.219407274519352	0.277238761515272
0.717351660751834	0.909482625276603
0.370219181760269	0.358128611068725
0.509269243678885	0.445401813027468
0.63363904859747	0.689592176581944
0.503579940188776	0.470027411405211
0.220222099105718	0.180333563985897
-0.448693055298227	0.403143138754653
0.744598910493323	2.02568723324617
0.591146380864458	0.592113632555071
-0.394059213464775	0.377441275284695
0.638704450609953	0.599027373835489
-0.235276732663096	0.16678122542689
0.713186356539984	0.816532591119731
-0.0963008724696502	0.0738185266761033
1.24719074582974	1.47645409217925
0.609082805797661	0.595759625382152
-0.220240919364391	0.195031131200957
0.628442042534631	0.682910413207211
0.211843577944567	0.15909529522709
0.774302383986021	1.02589858620779
0.351433952605697	0.645269142556864
0.0839228328206377	0.156407387183942
-0.0620656094295031	0.095826224021334
0.0344307178825981	0.0373698193717802
0.0636168676400485	0.117989417482401
0.0872832684677376	0.15604258015
-0.0144582853557425	0.0239697109423768
-0.155042998704162	0.356050637025259
-0.0168585863736359	0.0312990718948761
0.0592064758820159	0.106019440392879
0.249035659769986	0.688701859637112
0.0391134326704901	0.0741332945379734
0.191174545557048	0.288352606804828
0.153536260488008	0.130971266539498
0.833054151692056	1.34266465394928
-0.0390091909006497	0.0280277962444471
1.24072116005916	1.57878743964558
-0.458354184389806	1.4330922478102
0.106807878247738	0.175947830413717
0.0470316382259993	0.079069959298656
0.17068747522459	0.244753772237582
0.256417523625666	0.31611480418352
0.259435245669909	0.446296503826786
0.0610498124644727	0.0205565433031726
-0.452734973915859	0.532441629395579
0.669427352137177	0.88306967609115
0.163132015190672	0.152667344925817
0.273791832305636	0.579753591984054
0.157796761511476	0.270737971915987
-0.0437042708461623	0.0808419632025414
-0.168543720049652	0.39493708522501
0.209843904533175	0.649343619754271
-0.204624956247248	0.220852750146394
0.70657274739689	0.622544718330539
-0.135607888371377	0.0879925768179629
2.43990896345841	2.99329061911096
0.0117321986245003	0.00726054688407696
0.513641716864417	0.348183591671537
0.408211159511822	0.239747219406362
0.0290113701880672	0.02414024080732
0.407289289121304	0.676307091277419
-0.0770487232155871	0.113480379487756
0.146993859224679	0.226055897231659
0.0552170667018193	0.0706259376567041
1.35988667959271	1.42484606961483
-0.0699798717319396	0.0384113004102029
-0.311431871378109	0.2085558789777
0.50017870214385	1.27268837152281
-0.816305951328369	1.35222222317411
0.632613837614823	0.688269977368071
0.231254006376823	0.232327486245267
0.064679065629551	0.0316727303894681
1.01395281244334	0.719344285624079
0.523938226139572	0.5647715853309
0.310739503234697	0.57264924805578
-0.163402759233914	0.102390406244281
0.48139216298422	0.354868433461435
0.619639158403803	0.37920540028329
-0.424829975781002	0.261563659061221
2.48498605708849	1.38096768433701
0.0825278985350792	0.0471165561248255
-0.200714830793525	0.119439554255234
0.766343231129428	0.643023338740896
1.36918311954815	2.09299132235338
0.213758800138953	0.133314604910303
0.525159209023125	0.26221018467556
0.409753072222366	0.362864817844953
0.014850385980051	0.0247392399874369
-0.166086937862269	0.235498034908773
0.207219925165854	0.354876997002364
0.0529862736531637	0.105945852363285
0.120374352191129	0.239964844664705
0.101336473759637	0.20293531726238
-0.423042354557316	1.55538481758284
-0.159170994057882	0.429296420750316
-0.192215341532634	0.496433536242262
-0.0521946487236988	0.112613986746604
-0.294378557566856	0.918354485071401
0.149574895198055	0.239226776121542
0.69952414235946	1.23070330309391
-0.0134583707305296	0.00992822237407709
0.703863279519415	0.612954373748443
0.570805882599113	0.667342406985769
0.00516559548567964	0.00911996064973612
-0.234546780903741	0.523706710791516
0.0646924044030641	0.120391772793984
-0.0204356054681363	0.0239490703349594
0.762410392912927	1.4421223030662
0.147612562392031	0.211361458491663
0.403031225370733	0.229650322634499
0.804740180793765	1.2919132156402
1.32314775357011	2.47090907938014
1.39431300571539	2.42991829992926
-0.0785373753729236	0.128886084047362
0.370743906476613	0.90185038750287
-0.226889480032975	0.665881749283918
0.114542241815056	0.268241976154556
-0.0000647093668606938	0.000186633603221153
-0.30759607157085	0.329521602618181
0.766696214390596	0.750339415334679
0.606288449041261	0.486742207721901
0.105111783361934	0.0662484649911647
1.31122100978745	0.94976053768514
0.416517712059897	0.245638330940632
1.01819107965233	0.724989489772487
0.00134051206872393	0.00113495335186405
0.349235532093185	0.580986183123181
0.283372589264681	0.586349481543382
-0.109623017739938	0.167874138679972
0.756446755057361	1.77246389548791
1.1447800788803	0.898879236012395
0.908280405497423	0.692079254344006
1.15492857964746	1.03988001918449
0.0376664056733927	0.0572948337575051
0.374030289992446	0.455172760586518
1.05634073387731	1.09040821931316
1.08483084404594	1.64654159300086
0.602209262243952	0.487273019117796
1.15884718932551	1.16300167224737
1.3084097798412	0.935192176055632
0.0707325216935517	0.0349721903844464
0.251742236579811	0.128500673511521
0.211556002603165	0.140773231930127
0.115155404751296	0.16084830541394
-0.19979819739295	0.121684016951079
-0.0705547282606894	0.0390675397128741
1.143181914518	1.14487966792821
0.613163010398814	0.279366100632524
0.518914382626867	0.262336735125113
1.88346732307182	1.99807279859097
0.218847646952995	0.138812401777363
0.83683565864165	0.64190813852639
-0.03343865871281	0.0616660913699467
-0.166803854517916	0.387387201430202
0.336746255533116	0.962156083305791
0.0236456126524425	0.0397642126013191
-0.783752709493592	3.3331924174153
-0.333467677334385	0.986356997624756
0.353240947485884	0.820530421165782
0.213583006368836	0.305987382273681
0.181982672997439	0.231514341699531
0.165540160314849	0.158496870885021
0.972808850787587	1.66297204691135
-0.0753505515721497	0.13367612660536
0.0094944161911777	0.0137782941486153
-0.298324837248186	0.667602404995585
-0.189514777862198	0.256420153601833
0.545694208649986	0.903738851893793
-0.292759562911211	0.503493729104299
0.961559419998779	0.364852221472156
0.934883042007357	1.69347742446103
0.526312025756179	0.812085872807926
0.580693437072354	0.889254885958742
0.269643844950319	0.530470257623248
0.219452141061774	0.409598711277245
0.0958832482509312	0.181960827906483
-0.0268870730183684	0.0443595735125408
0.264211664822682	0.749040941411252
-0.621122511541047	1.11820249792666
1.23777086339431	1.56843155601897
1.44551166508847	1.5830090722045
0.339926365114884	0.237608524470369
0.400594500797029	0.357279768993267
0.492946206585655	0.362897513709026
0.731016081787807	0.744296325974485
-0.184954948391755	0.182463781081986
-0.0106742998881999	0.011863667198177
-0.109087898683125	0.170201782590873
-0.090862729010412	0.131597748796342
0.15868833776335	0.218344191980145
0.206754750041389	0.160706635555994
0.0360706280579425	0.0247560712750573
-0.590389352755879	0.458881584113724
-0.0717920065159951	0.10469172411853
0.073226141350152	0.0719789073618604
0.250393827275211	0.130080793007258
0.422033500557055	0.353065918243178
0.079154899572233	0.0446365672415922
-1.18836632346853	1.12514854953977
-0.0408825319409069	0.0510265778115675
-0.0509224555793358	0.0292631938167827
0.341216240252384	0.240168768699257
1.12119260624572	1.35561852038128
-0.0350560027500127	0.0204343265262776
0.936705379910605	0.817849725660626
0.762496476351189	0.645926842762075
1.40105370878892	1.82547446748159
1.60012023382428	1.69647205717357
0.0915533868076198	0.183588616132441
-0.0883809931927509	0.186538719599888
-0.188175539309594	0.451696694876627
0.0724395096604294	0.133545053288345
-0.00670645323640345	0.0118378675172006
0.0828918864036549	0.158423976745894
0.308286835943361	0.664620124523551
-0.35674250837006	0.530000158592601
0.863557423062234	1.36370871879812
-0.110351228457734	0.105452451016952
0.552455150227585	0.83018350465326
-0.0846737663391003	0.144010532599467
-0.241006682368899	0.492254087599087
0.0126351748342371	0.0191744621445135
0.384161420095526	0.541294977455129
0.592618318773126	1.13744786774361
0.0417729694294735	0.0543696301403756
0.0605283743910044	0.0203842371965663
0.0668930954770754	0.0703392405371959
-0.112359782897002	0.106774626738277
0.397697412430598	0.60254788499273
-0.0276901117152806	0.0472690316148009
0.0481335113793322	0.0852543431715017
-0.105906609967704	0.222571185023998
0.283506609879096	0.410201857276022
-0.451377658080806	0.405947864900603
1.0760711334235	1.22929765630909
1.01102679936729	0.721650372471941
0.49681643200451	0.463657837251208
-0.240610102496223	0.138813317191529
1.15315823274877	1.29613256355601
0.503454880303451	0.549629321750693
0.387833744639476	0.692432895081416
0.00753852960235072	0.00924372577320825
0.279332014120443	0.541394635887407
0.317612384055109	0.479888485796637
0.544895156265535	0.472533055555159
0.0105148886233092	0.00664011425475206
0.408290971088449	0.354003270014271
0.0425274517269817	0.0632393161091021
0.160586415863071	0.198412332413605
1.15097479273193	2.51534158150336
0.313781435052918	0.25078331074267
0.644957269008493	0.603682416073379
0.573299495460387	0.482512309456364
0.912340776493524	0.92307247640787
-0.0479531555040568	0.0267613161991356
-0.197344900289276	0.120039135061686
0.436594690095684	0.44661161433415
0.428363193924705	0.808614556623508
-0.784805915608484	0.699214918538357
0.0707571286850914	0.0381156674945792
-0.480132444421868	0.340042442399826
-0.549962401817896	0.375745033859351
0.378934609188175	0.234077009609396
-0.243460420713811	0.668014005104226
-0.12103111843247	0.265696331982397
-0.423019846388004	1.4029194120197
-0.237809398776855	0.602687533497511
-0.261025635554015	0.746610208275489
0.362482321932287	0.928629917432679
0.159291757704405	0.170844040504566
-0.230488789464457	0.238205746408863
0.541974287130577	0.654375639033263
0.847224369150918	1.27029217831297
0.151100785931435	0.356243027870056
-0.312799776786515	0.793825803616647
0.0912090408596727	0.171618186138159
0.619268570496506	1.4971060378304
0.551789587015819	0.986566376847834
0.251863940556385	0.508211865985201
0.274266501095603	0.130461918933472
0.114325919886571	0.107685242446264
-0.442297799013249	0.630644218529629
0.64854601290595	1.01960308331841
0.220079490868115	0.518499159508507
-0.18872721653803	0.519571222415052
-0.050008400573585	0.0562178517544315
0.707016569332492	0.622561441311292
-0.633161197489192	0.407744027229049
0.563766732922915	0.567205575660506
0.647450653632886	0.504194661996863
0.448118206545503	0.361811158369162
0.45239939903733	0.362308488380181
-0.181658347427656	0.202188159992272
0.165194463794856	0.23776180848711
0.0576565846101146	0.0905784734787424
0.29521444763439	0.616149052945988
0.0538003088023115	0.066843182171291
0.485694848860819	0.353216914618082
0.0655535788338866	0.0273147208697302
0.38387141128351	0.241570773274992
0.231144019533578	0.484131602916708
0.0253855997194845	0.023716491513553
0.770866537250155	0.840794262615708
0.0540923573904623	0.0545552381743529
-0.458035204585409	0.368426175430812
0.11066168012246	0.0761678913045785
-0.248174514698629	0.195450209095357
0.82930477465678	0.774210306152593
-0.412848733171871	0.34034897179078
0.483784000388125	0.455446595339434
0.336236002553895	0.726372365327285
-0.307112139061237	0.263745893391765
0.457200122462087	0.25232859281849
0.0960470245283378	0.057838270492244
0.239009024879478	0.119874688419557
-0.312042631122604	0.656917559990461
-0.131543542083206	0.190300982156891
0.205234024039758	0.344479764881307
0.300543505203773	0.59367733838516
-0.280731508968559	0.630394428873342
-0.0825389586095178	0.141837714706844
0.0287205196773617	0.0404872558757846
0.0693618369567598	0.0982107740875635
-0.226167279096931	0.325919347607561
0.145403736488563	0.204861286937034
0.102154025879297	0.175731687105236
-1.1401642673545	4.35932138496111
-0.28580497600865	0.558266652778129
0.223398509243102	0.380058532483508
0.353423851670639	0.693790220828122
-0.51000693856993	1.05954611019603
0.527308827551879	0.262951993817537
0.431931333833786	0.833389409951981
0.210770352917843	0.302538347362613
0.189458251178868	0.251208849548567
0.183037421358952	0.373716789698848
-0.0629011962087327	0.0937284534864245
0.691868369882028	1.51835299664908
0.490207828617648	0.628878031575229
0.684918892984593	1.12706272234587
0.415243906782986	0.607375350142777
0.28252241697825	0.434756069347734
0.642835677562671	0.936632135662467
0.223538700925489	0.246715337886088
0.0609016024329199	0.0978088446634161
-0.065499022037655	0.0781384567106228
0.597211807406444	1.0748880818178
0.0767485089600821	0.0658558065260544
0.254402466221818	0.303251953607591
0.26818665761414	0.488187631235418
0.164128035363998	0.183868582313243
0.212682763767989	0.253828957870352
-0.0134273593866001	0.0125472606280899
0.517394313201412	0.70347689491683
0.278028631589447	0.276184524060095
0.415223595869107	0.448406210680052
-0.0872242805438242	0.0903111286540836
0.042061892975797	0.0598750199372316
0.343198284082943	0.352724591861304
0.218825920936678	0.233300438569076
-0.0512782711572169	0.0418424908649884
0.100362177440238	0.0888850402232766
-0.220277024251629	0.46680942218691
0.132084385869857	0.221560714994794
-0.403577353245529	1.16252906365653
-0.437280771247259	0.881556975906088
-0.186861886261939	0.298639389003229
0.357619872335087	0.447468872027003
-0.291552439963529	0.455148934879797
0.175104701133839	0.171806017934873
-0.170997887996794	0.276785901117531
-0.168409689911742	0.253740353090229
0.412283270089477	0.355029226744693
2.48292525813139	1.36339936389878
-0.312122477470465	0.536554872029559
0.380724908371575	0.791230878292785
0.955466898404523	1.54492638309178
0.147232568757903	0.166858759141488
0.421693411710401	0.915923012656152
0.527078133470703	1.55960766604727
0.165123410854204	0.243967050551374
-0.0969978778644839	0.133035500919239
0.0533604969005593	0.0671541751532548
-0.012626628826335	0.0162715162859104
0.262371646408026	0.403872105657766
0.413741013466018	0.715597094600964
0.223099228169379	0.307072264690317
0.456881644849364	0.617433509463396
-0.0369995949624473	0.042116063234722
0.343680659266597	0.702624635788336
0.06471680263144	0.028788613915639
0.379479959101636	0.241414269017373
0.247829913273188	0.13056538269939
-0.494042914443815	0.434642667843746
0.00630486235627411	0.00729515957419305
0.177190968090076	0.263309315522918
0.100206503355097	0.159500340791457
0.0840792153747185	0.108405330218235
-0.547743637189074	0.870129030612955
-0.326337334284889	0.275035830550257
1.02484869501576	1.88343229562498
0.432514834046733	0.451929385003201
-0.633146423049313	1.06676495289141
0.264746758548723	0.355920380208393
0.317641348006156	0.251319511751376
0.127904097157768	0.0255858011311334
0.414830498079503	0.624528563306773
1.11344466879862	1.69611580961789
0.70498207566222	0.606350928069077
0.836623161396022	1.17198152227144
0.205575937152796	0.392242224695498
0.307355516364832	0.495637673870119
-0.172723232738018	0.256425980432007
0.175380403378916	0.282694021716754
0.194261643878467	0.354056939170068
0.0236358501015017	0.0296544872561859
-0.0346158419314815	0.0494296276477635
0.198152312576094	0.327959468113295
0.608362781165598	1.4559693087335
0.20640403467092	0.301507720789949
0.892779030941882	2.18365980561451
-0.221188508602378	0.213215367015101
1.16069290688074	1.31464403960504
0.432589834228894	0.339660206737984
0.216325311624836	0.129080562850127
-0.286112072862256	0.155590522202207
0.00665575168529568	0.00696121452124701
0.0479620000818727	0.0615625170189391
0.354991476536615	0.806029493894219
0.0454497453654838	0.0598250613897307
-0.339036808280201	0.567472689010086
0.129116893487726	0.0955429977731311
0.455128901440406	0.54575180297787
0.103277415472792	0.0916806424309508
0.0951955116704458	0.106576186103146
0.376577872122041	0.576837488135636
0.366887842898414	0.453154907579339
0.401390505683622	0.355939707614201
0.354956258928161	0.236232153530141
0.452176362290536	0.244247160547551
0.316145746718248	0.252865903544927
0.231180569102252	0.483109159549694
0.199673867697202	0.412418826266882
0.278716595570883	0.49903040585215
0.0137138889061459	0.018165599506193
0.267416791028255	0.491824634631628
0.140789330572939	0.236272193830174
0.339012942808905	0.676161203401646
0.0515142897409208	0.0706312831617603
0.458992008012147	0.997818765170751
0.474760852280546	0.815689536361074
-0.782701394584171	1.03864857145224
-1.03530160948479	0.631230038166864
-0.169668722646981	0.104344112128954
0.769653006893032	0.847416621543478
-0.0328503412542406	0.0356833729714849
0.549920930656297	1.24916205789425
0.329517114893778	0.68130570482136
0.0371995153763474	0.0444021851085399
0.364097108374079	0.601469946241786
1.16449462957041	1.42972696824356
0.342720183685411	0.438150498003567
0.528142109466188	0.800779635620988
0.647910335322775	0.50331873539362
0.89675540017645	1.01870007964779
0.85543093408275	1.01003985630172
0.334177069233364	0.663852246814074
0.279792048046688	0.506161918342357
0.233010021817128	0.469807343653169
-0.168455450762416	0.259671864269774
0.0374006194997791	0.0527248737141821
0.377133387657524	0.828584000700206
0.298167420908266	0.51481804531763
-1.92060883368726	1.70151172100218
-0.490584268206502	0.287071455386057
-0.0501681635431738	0.0560694035066583
-0.0632099306197012	0.0930083044813416
-0.0591544003583031	0.0861638079197441
-0.047918753354595	0.0635509387099266
0.0967664915202595	0.127094955864256
0.217583486118986	0.199422449298949
0.537508889162985	0.646856258297093
1.02659709340653	0.845724016499566
1.14934767045026	1.02771282810591
0.644731251637283	0.495361172267422
0.39462651345076	0.815425298491413
-0.353935685549474	0.713587426274756
0.212169189494108	0.357087828855101
0.402123575452092	0.973556260274442
-0.302657886185486	0.559606350924454
0.176654248139017	0.272221611416714
0.119173428816395	0.187243434452867
0.710420667640407	1.70443133454787
0.220183507681878	0.320320425531502
0.379081142620603	0.63937551592076
0.166701563442744	0.306771836611706
0.16236366447658	0.236058763066883
0.0366742671721849	0.0451308800327443
0.507302752231979	0.858684375109883
0.803639346069239	1.30086850419682
0.0824745940869227	0.120682960445222
0.0640081700910877	0.0885077517083423
0.0983012637181815	0.129837378930295
0.130281106351496	0.221906628581541
0.0546836384487295	0.0673026797228187
-0.158347663966086	0.236000332961613
0.14893294336743	0.175123829244545
0.0896923821288827	0.124986932902999
-0.0998415994966657	0.133074775422226
-0.235369189908686	0.434424288650307
-0.23580446623677	0.342079777073798
0.747675733362072	1.64096989496141
0.93461440054105	1.88936250564813
0.260477256079329	0.362802719583259
0.125320482199336	0.12920836894444
-0.00162192658151171	0.00178877935058205
-0.0832505551436355	0.167742792569731
-0.148893231226606	0.246105611352996
-0.0396669040072465	0.0472378727070904
0.0777680653314035	0.0759939101604283
-0.206983415441376	0.247116869796168
0.0176433878251199	0.0171181501006199
0.389685686006179	0.818963966296461
0.212872033844529	0.235453439620601
0.212715595821312	0.212914046319525
1.4393063839776	3.19463940072413
0.208328037882812	0.38645661560479
0.180551734984141	0.234967434241269
0.0276096031548853	0.0283294358142776
0.325808433424595	0.531398850590861
0.141209007960327	0.268522410311307
0.199557813726901	0.324084689456688
-0.591352565855634	1.25471664929615
0.293435020864623	0.395198548261791
0.230326482956498	0.286910325682256
-0.19333517746112	0.231091887408165
0.113518051316568	0.18417223333936
-0.0519772338254269	0.0511105780322638
0.438373495731629	0.619557072767599
0.402927383086404	0.525347750743957
0.313195333784787	0.475575438744802
0.120937142833264	0.161114555108405
0.260181045625968	0.385663665041339
-0.159331383587168	0.328255104425629
0.248108947247543	0.408573905828148
-0.115594121672803	0.156667735290493
0.0448122328952007	0.0446655630046382
-0.0294824678914431	0.0325239238768615
0.471609212017666	0.838804071803773
0.231484695290957	0.392893561879574
-0.123650777820784	0.143193624773469
0.579847144019204	0.995132390835152
0.175222817863136	0.248677161685063
0.0725188091723125	0.0831050550310803
0.257173121512831	0.624404603429645
-0.101551854953685	0.147139502325294
0.469533331260444	0.992090144252918
-0.177411764905961	0.189530156905468
0.624630889343322	1.02563220937092
-0.371183876460884	0.582440660973593
0.296160974419066	0.529905230717904
0.302457625622959	0.361579868114047
0.116270786568432	0.178822189629254
0.398455090040123	0.719299793659492
-0.00848799758689797	0.00918334841680195
-0.183250483312681	0.243091553122938
0.24536233551659	0.392481911411464
-0.0756479426362574	0.0939792254620658
0.224352381992956	0.35155487477988
0.328122959307808	0.563906823562388
0.359289147132682	0.520850070862161
0.0933363693711991	0.0994455476322717
0.303153209532117	0.468430466547763
0.2975233078681	0.500594031133766
-0.108490036360425	0.139536624416798
-0.0730139955547291	0.0942135563328911
0.290783926726549	0.418987620284514
0.180107763934954	0.31171084615634
-0.141535175728997	0.177024601684496
0.315880357943972	0.523022344531651
0.790931794374525	1.39962557834625
0.197379184070261	0.27914561498589
-0.252222555344987	0.317389250022056
0.276023881119336	0.46718556435844
0.173385127406215	0.32803651250668
0.0914364720854196	0.112412113001021
0.240705224970132	0.349499042227483
-0.909304556397241	1.11884727743174
0.734258870585476	1.01517793424033
-0.602553264454523	0.86874391765247
0.307115846071156	0.481578357074809
0.437474655764597	0.451557212689402
0.506218590947489	0.551868416625934
-0.0235950893542983	0.0302709265985647
0.286165187989923	0.421543981787191
-0.23229421939485	0.269913777907102
1.01120900268829	1.36475402202813
0.223656491302154	0.169557015053206
0.105827318005257	0.0916681041728082
0.650569412834531	1.19836242826762
-0.125540188860135	0.106982908642835
0.634585165789904	0.781377732448872
0.722282057615318	0.728745638666388
1.08160165806472	1.23321372252047
0.21006226287546	0.164687454584401
0.816381703005139	2.30546145859469
-0.153547136843064	0.171162281419077
-0.32529638470492	0.372221888594599
0.449152368218323	0.336130356129327
-0.285714329892132	0.222160154287814
-0.082735733379755	0.0560707162386176
0.118881107591775	0.112964314059147
0.643054103488544	0.789684091628633
0.358136987386464	0.241284702879716
0.33531016394096	0.247656199677638
0.965189539556962	0.94664870461822
0.697303418033531	0.901201194112807
0.870174650668405	0.551720657254939
0.816227182362653	0.646176172960924
-0.0390850589571685	0.0470156489845386
0.278068092302299	0.282339673702398
-0.610674779785385	0.648629249208134
0.770311518686195	0.632641555027793
0.220075893544232	0.141192174857436
-0.519422761825549	0.406695356567382
0.340308969369856	0.25167267988225
0.350195366072575	0.245539324044313
0.0572670882673424	0.0276756961783434
0.0582383085678774	0.0285812896927679
0.309985086081355	0.135272169324266
1.06746293038629	1.12493733809682
-0.136162502318305	0.175305395051626
0.0974539178209874	0.086038671995709
-0.260513575376316	0.246799510310936
-0.87522017402854	0.643589611059501
-0.482424161017087	0.344542390628041
-1.24557399466046	1.09002719402112
-0.0769894712481267	0.0613313878659543
2.05550625786328	1.92280570747056
0.221058762209749	0.15410840886441
0.553666497782812	0.479585303943425
0.667205561619018	0.705013154568825
0.320416498257456	0.528324362016316
0.64857422282658	0.776168773455382
-0.316786861965728	0.316838582122714
-0.0102210511898339	0.00625154963099036
0.323276227037361	0.246712642194022
-0.232078176939547	0.185187383208017
0.523981057885019	0.558346830972538
1.44537061251806	1.15990468856325
1.19212660298387	0.653285378424928
0.0628103533406544	0.0288919474553473
-0.0182187421082998	0.0183278232221151
0.2152190656436	0.141227920192549
0.345418932425456	0.251546834653336
0.519475999568804	0.261496780442716
0.0680660795963906	0.0311001775860116
-0.333599063345133	0.165837238365909
0.658469787310229	0.690153260945439
1.18929552364431	0.646486837521882
1.31061414526342	0.956002634882453
0.560750632146672	1.11014234476104
0.466008969171061	0.460313952431324
0.218847646952995	0.138812401777363
-0.64178610625612	0.413299071618524
-0.325972898168535	0.168521880785825
0.975769592871002	0.967394051673134
0.743946679805216	0.812385374924598
1.35297868403251	1.39467000900894
0.19205574532092	0.264849388501299
0.736898014348799	0.309812124917511
0.608401759928927	0.277321219598765
0.253302030177208	0.13217678110045
0.64604250637501	0.495108602288214
0.420923803653048	0.246308683743088
1.75149712015127	0.674477079767552
0.0680017707091746	0.0670310771872698
2.0413028256986	0.910658827313972
0.187947210340609	0.308925469000964
0.240659222183227	0.12156242076306
0.562661301045219	0.469177286807504
-0.782228209341438	0.702362838296311
-0.264661683831624	0.245544658841923
0.113067784308697	0.0751550354875603
0.234418530677062	0.132867647204516
0.0625251015473537	0.0261376626459818
-0.185701754093	0.0768311198147787
0.522924958991822	0.2646937598771
0.289424123798334	0.430378507299128
0.934401788522301	1.40216491682954
-0.160677483806763	0.157342167278582
-0.00065586801264215	0.000706765707243449
0.895149168472064	1.2969205658657
0.310759435397248	0.258250330355774
0.49822076377569	0.466699081373703
0.289466793399483	0.261550312873807
-0.858070164013727	0.996846532723394
0.488412994473724	0.362310949600174
-0.072599478462052	0.0573097289572536
-0.0322735495070883	0.0295921682435787
-0.019220858814749	0.0194726447362086
0.143685061696562	0.169412585546709
0.105720429576494	0.102803909814177
0.217662035511435	0.228845721837799
0.0767275033970686	0.0749150139304101
0.402351193233354	0.543436421023215
0.347553871324626	0.36452762524723
0.555649503132648	0.564597249100578
0.145702341494907	0.12054994451021
1.07232015827161	2.3044993037225
0.36382846005134	0.647444567703582
-0.189159277700831	0.231382570458956
-0.239779413499833	0.364481706524093
0.329313907448135	0.540535580424399
0.0692402279647263	0.0752455607800125
0.0887550803293863	0.0951924666728074
0.294361886677301	0.373523326304244
-0.167401782318143	0.176524703652828
-0.141048972513645	0.11600585994688
0.315004954922234	0.365972174344384
0.136917349154855	0.161692183180351
0.0709954868369713	0.0687756675360942
0.194192651669058	0.270066200237235
0.270407460390564	0.304864103713051
-0.364681499137752	0.550693264576931
-0.0977096769712718	0.108389813415575
-0.146072595070028	0.152706258533592
-0.114068299040938	0.10486313717451
-0.246670314614403	0.270161661184967
0.166925453096053	0.179273166109288
-0.11233100582721	0.121762047128576
-0.0921235301409026	0.089174430365388
-0.122417531448997	0.115397026643554
0.416185327627754	0.458345207844222
0.276237416902954	0.276004688815685
0.280796819585259	0.285107912612884
0.868295684578956	1.19016924638315
0.0923673320493506	0.0789291549608256
-0.464179126410433	0.751265781725223
-0.424259181785736	0.574674484687372
-0.318566556281921	0.522388385727025
-0.235157237231745	0.30555674786739
-0.210567816234918	0.23733078231475
0.0945376456436821	0.0848185159953578
0.06420261891112	0.0586640665633075
-0.00231561732652995	0.00217016917698329
0.164005868934657	0.199144090956534
0.0572877492064707	0.0520879231755768
0.0163626439349409	0.0120926859231536
-0.459747205513658	0.602293223285806
0.461982297716824	0.54391506729481
0.568777959957965	0.653191175128723
0.274352234439275	0.286655426438615
-0.288355754850419	0.544188489618072
-0.241370320827176	0.536872911520675
-0.710683697409435	0.630650529699703
1.50917205486566	1.88480181608437
0.105557040260795	0.185181126216818
-0.547832264447697	1.01726467560718
-0.140052676867354	0.14767294732027
0.223600210740045	0.1761024326187
0.298250857926985	0.254177995634485
0.116160651467682	0.0838788189234671
-0.381583202151902	0.59073832919746
-0.193808521648184	0.117416852442515
0.437732004712489	0.350121391645965
1.24447889452466	1.20155984244233
0.998496988678644	1.06861846915701
0.544255441012801	0.470563935874187
-0.285683061734856	0.66584402655655
-0.358757761792891	0.723720832642244
-0.38147609278308	0.377305912458495
-0.493175018806415	0.534112034097634
0.38602837915511	0.424485509474758
0.061530647398686	0.0974572982160018
-0.074932642185941	0.0893008820813503
-0.730609212110015	1.31450654999423
-0.686845342983371	0.814713475762902
0.772227694219732	1.03227231179606
0.379902596116627	0.439938441533581
0.524590033317244	0.949618537957496
-0.56367369974469	0.608298750636002
-0.0206392390865934	0.0150875609292838
1.05858636233624	1.31639636857833
0.526884251913592	0.472232479404442
0.456731211250967	0.453453074288598
-0.228317103643265	0.45345001266834
-0.0680712711674434	0.120707627260603
-0.328683314218714	0.727788159286907
-0.00325604898651709	0.00437945034619169
0.131036228253125	0.0984287974030494
-0.373138652578205	0.34138049422249
0.29543707001473	0.259371440883171
0.244649242635949	0.564293623359613
-0.00616584355779456	0.00663047676461642
0.396133504768184	0.548893497980924
-0.444642293723846	0.397965144553308
0.477003398344446	0.454975491928325
0.378956178290988	0.235615617271324
-0.0504013835622035	0.0454831637834758
0.0309646644689153	0.0213360770506424
-0.78210565231009	0.870920157781693
0.712353406580739	0.619859346811746
0.865266587396243	1.03261596907037
-0.562341693746809	1.48237344862776
-0.0765716144839286	0.120312890944362
0.201140427759849	0.385702774642452
-0.236475567895199	0.409223098840339
0.135271237025435	0.153241799055675
-0.0668997592240176	0.0792167851724761
0.0295657843602953	0.0279631755225326
0.0606134790468538	0.0937377340832487
-0.226232948199135	0.319495075302458
-0.375113187224301	0.598625794926046
-0.619525088628279	0.92772146595928
-0.0482500866066994	0.0436001757416093
0.624727040356445	0.900711005844264
-0.285336011765768	0.433504988386673
-0.3699796692974	0.409076903143666
-0.460970660397204	0.626626666140172
0.0125854557842481	0.00976270201222074
-0.12390801571767	0.185650848891002
-0.318497968253145	0.621894031091126
-0.208699964375404	0.2860713386592
-0.490303813017004	0.758263282956188
-0.320726872690898	0.39583491501032
-0.144710526553448	0.156947508718127
-0.0571185945668346	0.0755860846237439
-0.259296287105702	0.362198142551797
-0.00401642874606636	0.00405477561749398
0.325863975434609	0.425177726862094
-0.14977956441577	0.161810716214109
-0.302772382056549	0.324471159946809
-0.447443943585885	0.764092050407029
0.124940201705156	0.127524878183738
0.610603804616397	0.826780549416663
0.0429055835589254	0.0360701127104192
-0.142868919694263	0.191055046645927
-0.466318011370185	0.668289671277525
-0.226099352672172	0.362397736793119
-0.517445898295517	0.631744119996584
-0.601560106615426	0.72987752238908
1.01320463687183	0.720107619296237
0.221801783329882	0.131023034324759
0.453672236849112	0.540936249275352
0.0833217379790655	0.0498513156329284
-0.00508517479468642	0.00313883653802153
0.232171906730832	0.130398257069431
0.403220664456188	0.232221308546984
0.386506067211836	0.239697484250482
0.10515818389286	0.0265978431489755
-0.807748642315496	0.291569684951804
-1.80076792480235	0.442524207311945
-1.80422848079298	0.440039859159679
-0.415840422659735	0.123542731664668
-2.59068535304955	0.735256447992514
1.95505318678058	0.508107179378978
0.128414758145476	0.0255806337629011
1.95505318678058	0.508107179378978
1.95505318678058	0.508107179378978
0.1303545361838	0.0257153407808376
-0.334709101367649	0.519123620262722
-0.308801661488928	0.447284918290991
-0.534879875422413	0.906345686111646
-0.0991626668178475	0.128744209818181
-0.372324944405604	0.624714000166132
-0.196037889592153	0.282557767617914
0.341233745060925	0.431952065316093
0.422661297893737	0.62450947095618
-0.245079985739699	0.353254960317646
0.705905086898353	1.53059458472706
-0.0864283095364415	0.0830098139066995
-0.220573949864728	0.242091367950303
0.110383599185193	0.102612451099028
-0.107719174798583	0.102070816022581
-0.428883613777719	0.555372433761021
0.11914652058609	0.116541771323849
0.160100326896278	0.155029455103091
-0.601667233759101	0.72581593447811
0.0992457156919084	0.127340328331309
0.699723168305413	0.969225126497352
-0.224470051179454	0.234771224003994
0.311501381070605	0.406877505685686
-0.487571429844553	0.95203341199986
-0.203968323905911	0.304715307109505
-0.382469649907807	0.772722805107613
-0.00395510670581682	0.00432184391291238
0.1381443074931	0.176534596852027
-0.146877050044939	0.177477307956458
0.862828587728667	2.05120662810453
0.0797353741665224	0.0974208363493254
0.167163663544802	0.252580164710922
0.492861949563788	0.733163289710286
0.571145329110529	1.06794315429661
-0.0578216228155765	0.0650337396122406
-0.0835768849672895	0.084924407221112
0.485650683033002	0.736405374304006
-0.0193219016754603	0.0175561083921886
-0.0516469503997514	0.0472149128198375
-0.0844479322142016	0.104541097360399
-0.277201427276797	0.349474427696743
0.101001232214484	0.111412880453547
-0.374803353276203	0.668706248877216
-0.192656936904458	0.263267223421634
0.0527467340036849	0.0621912421191437
0.336556868076089	0.619404142409166
-0.216223937836643	0.344620378617381
-0.125605010521995	0.161914919743812
0.0780478554993872	0.0880811739685607
0.184475349770432	0.237028110657137
0.129852694186252	0.165007587392703
-0.00509250830002648	0.0054668537117887
-0.0897580989835068	0.0989594771961397
0.175517293694701	0.196256952652406
-0.678185609365587	1.09448243535031
0.32826262821088	0.455121752516418
0.281494219609609	0.301901216215945
0.717341979844036	1.07832874097075
-0.188474895227864	0.378002287620211
0.0922664956030996	0.13501502886198
-0.209835887066434	0.189561479945119
-0.0418681890911941	0.0345526942792919
0.922979395660471	1.62154956945947
-0.195366452695297	0.435943129941317
0.0285259481217153	0.0312132601105089
-0.393740415450245	0.58340716733891
0.221434552790247	0.173186260849384
0.561388096130601	0.728783568942129
-0.0976633669342046	0.107172768665516
0.00185136595087622	0.0019779649742339
-0.882194344169559	1.28253278877131
-0.0408838733896736	0.0335559528349379
0.212410652603971	0.161919389357514
1.22927432876178	2.47195115362605
0.807852671765124	0.871450682530174
-0.226772643046186	0.468560669707777
0.0200489948252663	0.0317848801907616
-0.00595888307703256	0.00734460730608175
0.85686777906746	1.26343731282272
0.739757435017028	1.18580809585419
0.119826016316947	0.123715125201588
-0.160043374741658	0.289238482531907
-0.13948785543558	0.173580637059123
-0.207081201269208	0.2581137413878
0.418138849404159	0.433084316265391
0.281920746566764	0.259329034633096
0.220153673653374	0.201377889457447
0.38225488411614	0.551199227201301
0.223214727591584	0.186084513509321
-0.00334493736192653	0.00253337801017951
0.727472615887662	0.727241846005972
0.387049651790232	0.353780430580251
0.0527563789917536	0.102386291078995
0.0620964365242082	0.106769729739877
0.225957257623923	0.468395372131886
0.608312816484079	0.490515244412953
-1.42890610524541	1.61712108052813
0.346331245314913	0.242915992274811
0.134680641549293	0.3006474626902
0.135244293652178	0.15316122923854
0.434039824629934	0.625827788922297
-1.0881946262377	0.96837026233842
-0.127651752933852	0.0816156477909866
0.352780199288497	0.242200946872935
-0.158641542784939	0.157964351049094
-1.04969198009598	1.02966088393887
-0.175251369812071	0.107038274681263
0.326526044111358	0.239283072581695
-1.00741449861355	11.0656993395058
-0.0713977865930648	0.142994395332039
0.274962903320476	0.535221242585293
0.147296480632863	0.120349149572538
-0.0693394099392386	0.0614914124865287
0.806122834507157	1.12608190465783
0.243930739431766	0.613354433290837
0.0672046258225331	0.0830863591955993
0.184493670770712	0.224772795616822
0.364840779663375	0.348403077867672
-0.630317748750151	0.71834874469979
0.215685173694903	0.145023045851147
0.17951121240231	0.192759937929684
0.444119028549017	0.359554886258841
0.460189486388785	0.353344100976436
1.31429222154848	1.78640983628927
0.942427628089679	1.03572572352629
0.647401830295219	0.607352025109705
-0.571019035091222	8.42116434623661
-0.132803134097903	0.210450047523647
-0.126780235481255	0.376915194536223
0.00345912648521264	0.00679835106631219
0.662782513956895	0.939608493726344
0.781585504335702	1.40162861593504
0.621830025282573	0.899973851977575
-0.00570575068262784	0.0130247227086446
0.103451309552469	0.158900325325008
0.478491686071065	1.05878649108948
-0.455667072473877	0.365096517148595
0.385704389472197	0.451562679207769
-0.574992712238446	0.624104814564729
0.67355093154755	1.65251884646005
1.78324101249069	2.41433147674611
0.737021140323515	0.837181931421074
-0.379211399448546	0.310623168144929
0.637895525419458	0.604477729744145
0.0340937720923627	0.173219312660301
0.14673904294904	0.931888669123388
0.19484535881262	1.11587774657975
-0.0547779501116523	0.187014614983481
-0.0859766698236643	0.305078177560997
-0.232064884563479	1.02469236495038
-0.402312783699602	2.51941404227244
-0.304845114032069	1.64205777856465
-0.138433302234078	0.495872198669397
-0.285771726646444	1.25431893367382
-0.311606777753726	1.3177976707836
-0.299599755356954	1.1604026808554
0.240126676109627	0.808443005011283
0.215810396892908	0.685838798987484
-0.0163322768577302	0.0326287354005285
-0.140404288562273	0.396175815090765
-0.0616275130080222	0.130231659883895
0.171942511245586	0.423491104857526
0.0802581696627282	0.128892212364514
0.381171843242009	1.0116343414787
0.104946714203684	0.191133700747718
0.330223510395933	0.84441632417148
-0.188539598397486	0.348298448276384
0.353951616735585	0.718024705028296
-0.276127784098331	0.447727311847588
0.573647295353541	1.37945068511363
0.262521166084755	0.418139235991778
0.473326599359764	0.772091658417918
0.0191209888322962	0.0913523831480862
0.00378659075827872	0.0147038902405502
-0.0501635621167927	0.200823729360002
-0.155479580225185	0.789398790456975
-0.222499355640014	1.21729047486045
-0.0740287692717271	0.28217310995262
-0.0806290544860632	0.272256564070113
0.0425121695046663	0.0956843269776979
-0.0483435884182923	0.0988300304978785
0.0573798643610454	0.113818588768515
0.0292206589777605	0.0591129646629136
-0.0104855652520812	0.0247750042161089
0.0111068040545841	0.0260479089718273
-0.245427395770706	0.948593638012552
0.164872026397308	0.394970034637988
0.183773356614635	0.421613697244159
0.10953136727229	0.24289733825936
0.373578465900782	1.23193124851156
-0.0621183799000692	0.123951163352032
0.287333963565638	0.813394461676818
0.0932695099635548	0.162000721648672
0.441642313839806	1.37403616596868
0.505048298652886	1.63736693991793
-0.118253017959921	0.202479466727058
0.132223666351675	0.236657167501795
0.296934478059083	0.63001364218842
0.18388219322463	0.301504524114808
0.0064280159770527	0.0285257707649252
-0.102848898057881	0.570640891990462
-0.181753181253594	1.07500233644502
-0.307999137802692	2.10600187832177
-0.18807710052795	0.957069389534638
-0.105547937911198	0.389548790686625
0.129311909794791	0.332627614507678
-0.24490528776593	0.644195042071264
-0.0444430809183067	0.079673125817836
-0.124285503416044	0.301500955610686
-0.0768284111366604	0.208413451665384
-0.137155882288121	0.415639539475167
0.0572778037922794	0.139994885694801
0.171612013325945	0.388148942660245
0.0661567098525564	0.124857151932378
0.298736006331951	0.886782790749523
0.0348895860006562	0.0633700432393984
0.503149244089234	1.84722599101151
0.110855114349421	0.225235191194771
-0.0112213007694147	0.0166754423145781
0.169260095048647	0.341603642395246
0.422192110296334	1.26925885790995
0.959952770112527	3.52526978473446
0.197419729055275	0.37114566541543
0.0340031966666015	0.0531667807580054
0.587412439332519	1.3318940959976
0.387081631300111	0.854056565098794
0.0712109420927483	0.421965306890977
-0.100814526056893	0.56097816890439
-0.222687999038269	1.44357198453139
-0.0198577433793862	0.0655680144440861
-0.256405181541655	1.4391089219661
-0.0479542965433657	0.11002246803106
-0.0549151028004077	0.115671069358727
0.0400095276795271	0.0749044153140167
0.0905437405261467	0.214155179863522
-0.0142449988666066	0.034214120484538
0.46983991111737	2.63976302885233
-0.179050719759225	0.582151293620605
0.361358311489593	1.10056263012682
0.254310148401213	0.717525386289411
0.526569099266807	2.10522962485019
0.549429572311162	2.23584169644451
0.414386464364765	1.42253642316091
0.126094256452033	0.26237999384812
-0.0103113877898791	0.0154968706258993
0.448857117705881	1.38444633282803
0.0148750232803262	0.0241037560995312
0.521861559464773	1.38430875700513
0.294689852634576	0.625494666645823
-0.209328095152673	0.41054065409756
-0.138998021095428	0.214358720377291
0.244891580847152	0.458156777922858
0.00719288860703661	0.0327376043291082
-0.131963151527458	0.837238512217192
-0.0709806850864077	0.316152876229189
-0.230565817293879	1.38763394771717
0.139782018506565	0.46411831244975
0.0396012906200541	0.08412032293355
-0.109314050690512	0.26251184104669
-0.0604200994132585	0.146943885846196
-0.0326553299725362	0.0882794737517906
0.278745706638753	1.29770552607013
0.135693629023933	0.43950651232766
0.220805090964819	0.585482657667548
0.450651339940449	1.73638701182149
0.00467871982502138	0.00845615708672588
0.417679017125588	1.65772038824438
0.450857769754651	1.89047291531305
0.422599628126622	1.52562934422561
0.149139725925645	0.296522306114863
0.117491609385058	0.252876598317107
0.412894744228133	1.24949540949393
0.284680008852618	0.720390459230386
0.185929126948098	0.375820562840554
0.267570927424475	0.613430305802162
0.107305817975486	0.16114059131674
0.0822243494712569	0.138773108457135
0.337274273878685	0.676842494341123
0.407643934270614	0.812179245246878
0.329924120671199	0.674867609222673
0.0427326998399805	0.226705196652424
-0.0514042326237881	0.241430491477178
0.0854422956240119	0.3797685986812
0.014912519104168	0.0377201425137896
0.181960622896336	0.524573385399806
-0.0101073876938329	0.0191221630496265
0.0534876302290251	0.128189338307386
0.0967096868812904	0.313046032283975
0.229379466013423	0.996805579260239
0.350111489914048	1.76352085845807
0.484910341856997	1.85653872991529
0.479936155600389	1.93076037139576
0.540300351330008	2.34709841603584
0.344902378913292	1.21616622133095
0.161284191110659	0.435807669220827
0.583050601397779	2.5667727853325
0.243063232621275	0.628835604167927
-0.0665281480591476	0.128002132662712
0.192956957328923	0.465685367883072
0.20202476969366	0.426909430698214
0.106489148338961	0.186691101345524
0.353070821289428	0.894849039281289
0.0724183607859909	0.10846174246335
-0.0704899818639636	0.110893009820659
0.255067181673949	0.528624375706738
0.0117145397391463	0.0548153566930324
0.0125511492013482	0.0522687509002087
-0.416193848397089	3.2415799947124
0.0472228568608603	0.126306347272481
0.0278977311960989	0.0672767976862966
-0.106428950989489	0.332568700779495
0.142975085186854	0.589543116744758
0.0244666941969699	0.0733514732974733
0.347704720111948	2.05416900268662
0.131709793650228	0.368867612999246
0.273557039469087	0.908208348849543
0.362373328348541	1.45914474986636
0.497579326352882	2.42028648739538
0.678286805990332	4.14995615162942
0.469022875325653	2.07448617253829
0.382765528675225	1.20287944641075
0.346262504546467	1.1419206350188
0.188487624337508	0.480278083447136
0.213675924451239	0.475939170891661
0.141606915994711	0.288187389989222
0.21714565837649	0.511691384759298
0.00372644600173838	0.00560957844765496
0.0580879620392362	0.0880687724190402
0.216412665204913	0.439026153121426
0.265027864786919	0.649143507167216
-0.0158687434706178	0.0763609577090073
-0.0691737886349698	0.346258096742909
0.21685027392327	1.24704483792731
-0.0448067220792067	0.149457954726089
0.0490937867315848	0.161719877230129
0.255463076398815	1.43420926746228
0.449957207615037	3.39777691507296
0.352739639904227	2.08777189128143
0.305361809912493	1.68145254938162
0.579586423314071	3.35834456918365
0.369269930285935	1.71391264729003
0.195189347219949	0.568478057226693
0.477440058635408	2.2025044690802
0.392965904912534	1.58756139738183
0.383484217439403	1.40907709183472
0.619769214387014	2.67578359233113
0.101340609251029	0.214568216748192
0.280730427196675	0.730648663338792
0.16255046754077	0.351608872673788
0.459358654278358	1.36538357905016
0.332928091191166	0.758661149450586
0.00210964126548795	0.00275172945740894
0.250557624871597	0.575574617193973
0.192348036292185	0.393100171318379
0.00329741288313381	0.0149186586127438
-0.108135431528009	0.685313410357043
-0.0630539296994506	0.273205854237403
0.307801449164785	1.81760867340543
0.503062719096614	3.81377779507178
0.431727166674386	2.64460498649171
0.138713231020913	0.686183817121482
0.41634025282707	2.35960188590111
0.375934704558849	1.68020608015893
0.403857993862722	1.34487754843731
0.211130234933362	0.558710130907934
0.152065720454102	0.37315587748217
0.152825977027028	0.444456620419809
0.306145233605639	0.756218795009131
0.11679473840924	0.205434308186362
0.00977300944723535	0.014516517351756
0.119390971829496	0.206626789030783
0.511828847386407	1.27165953383051
0.0941759927289002	0.121533494028699
0.304435194730441	0.579378717229932
0.0562569651494787	0.0804040947184249
0.121191377890615	0.194971621790329
-0.0244512951349085	0.125742641578724
0.674877893402603	5.92565071363615
0.226960141015471	1.50534331515527
0.269822701357646	1.28113408265834
0.829037946631099	6.28262210199804
0.762465091560475	3.50763495287392
0.717627725081475	3.33787406301269
0.137027427791889	0.306043509435446
0.127664673847722	0.345796653290078
0.411644416616572	1.15785086274316
0.232986904715337	0.464190035761207
0.0227748834944319	0.0333403508940363
0.672029216248161	2.1172892919039
0.26177159560527	0.487573421454799
0.0915111034522224	0.115962971875321
0.128958271490394	0.193324815827544
-0.0307464183962201	0.0417884258184458
0.375751371412077	0.654951023624714
0.629260999508417	5.14294512442153
-0.135324897246831	0.717345173552899
0.325257650209571	1.66067256412341
0.508105629912646	2.82256517880074
0.453176637660627	1.54543526493794
0.597889280043368	2.40180742970437
0.34602633731621	1.07279250140005
0.136785835577331	0.395138284481308
0.670145389740214	2.50452826415618
0.245199196207969	0.522258582977036
0.287512030983907	0.587196532823565
0.169203066126058	0.301756563813545
0.16814000470568	0.257196220146765
0.337740310845064	0.56726713773465
0.248641246207579	0.403203030144772
0.10187704214686	0.155469856957285
0.233672919787718	0.724598675700776
0.343235988292572	0.670268957291382
0.677165001393887	1.52544804220296
0.0634569416133111	0.179387022488108
0.201355695984574	0.651954081010292
0.105369448311905	0.275446738665512
-0.28633944461098	1.02893570797315
-0.112372118364428	0.320789827815289
0.164382810178403	0.368825626485428
0.203073191464769	0.460950829734481
0.40799139196063	2.67074322146739
0.160964345815756	0.594071344998431
0.470408404038599	2.86907699212373
0.20388930846191	0.797058115209507
0.0198685218722252	0.0429729130497366
0.220435037954415	0.70474376803725
0.334544100427699	1.20836420049029
0.457735844149242	1.80025811162545
0.370741391219808	2.43555318338862
0.515140649615852	3.659701437701
0.311264164983385	1.65899690656043
0.292861918597512	1.3858529439354
0.0917743963095535	0.229976407946758
0.446056795249159	2.01365329483729
0.462662055390831	2.13022832679473
0.326095135389904	1.12391376354022
0.427226142403214	3.34256821167282
0.469758790519902	3.43996242363874
0.562477683405143	4.54996455591259
0.331714529910635	1.70642640660765
0.0509865257972335	0.126536249888072
0.166020780929771	0.49153919802213
0.424934826865959	1.84782502446596
0.49033457281025	5.35741941638569
0.404562458616953	2.42206957493612
0.202049135178583	0.829859630446094
0.214897681331489	0.640511983643808
0.218947012483423	0.794997139009475
