x	y
0.165501077650271	0.249781816269693
0.299935369930742	0.479022488298494
0.184928900383048	0.236763635391925
0.355934361207513	0.628725513152634
0.112789767679871	0.163869360492534
0.130684130289915	0.139948072717928
0.213151064928499	0.321269327371105
0.675576221029233	1.7121182727092
0.359208103150356	0.75538216842105
0.176425203518857	0.26411600434152
0.324083008118089	0.496757801111593
-0.0701593604419771	0.0718344093945572
0.750062774892524	1.00903250106684
2.56169460609911	2.42969605663347
0.220023249303019	0.274922459654492
0.422880168886023	0.606029685448848
0.711241559455065	1.30314954455606
0.138732713185022	0.210204480753396
0.274555531235946	0.537222209773581
0.0868014585480106	0.115249859617627
-0.286238340698214	0.470479791242195
0.541528277510502	0.908163140354579
-0.579385054540369	0.789957420919753
0.725945720421296	0.739817559081685
0.701676017121472	0.5166765249079
0.390995768015761	0.549786275396942
-0.156699652283759	0.155239140909347
0.109185339657094	0.128285343913495
0.0861984461697175	0.117182126976572
0.0214768949080084	0.0256263246662167
0.154652339121728	0.206490611318499
-0.112468440077524	0.130037996857816
0.0513502941423537	0.0383905573121599
0.331248209315546	0.363063722542097
0.670355225858042	1.13510767876206
0.247924270819585	0.330291581621874
0.392248205979248	0.772879031684971
0.0748517200393889	0.0961028833925938
0.299920462031994	0.445189001946501
0.223207598448256	0.338838480991525
0.327864071213375	0.470294716717545
0.292239119803599	0.409311217687502
0.187568333964751	0.213890706385524
0.587856860351895	1.42787085856819
0.262642895793832	0.457792203052086
0.261815560647695	0.405321727797481
-0.527194781968361	0.92503866890465
-0.113802214171198	0.146704520475518
-0.202050252056934	0.322029987316192
-0.527389561433927	1.01623337010946
0.0252395124196785	0.0334238032677599
0.0229930678918385	0.0294127782246235
0.0051385100867428	0.00582104769327378
0.456801827782466	1.0799741958799
0.297545574637583	0.486846125181704
0.0395194224028746	0.0374028560773231
0.125896619982724	0.130167629785496
0.265853648200323	0.300187008179387
0.182427321180955	0.230814732517069
0.38489628712432	0.614006490505726
-0.0975416663526965	0.113475018544627
0.222497359190536	0.359611910032674
0.186507312399387	0.245008375829098
-0.152256260480756	0.178589383023341
-0.111501470812554	0.122826773268598
-0.209040000184709	0.297050799776831
-0.636425433642176	1.28025565881975
-0.075803654118551	0.102201107521121
-0.218440135041683	0.335136202039419
-0.26262467842332	0.397567764278973
0.0135574494545642	0.0158307560361243
0.783965621796942	2.31281789401732
0.889550781311595	1.02347382836862
0.429233383557575	0.727738206057462
0.392343099447788	0.636689874889136
0.248659113530861	0.359212818226806
0.470617751971392	0.802708895070085
0.375759347884675	0.642378301867252
-0.238187813915831	0.334009427907073
-0.0384653559462846	0.0465790199695886
-0.202233662115481	0.340769725891521
-0.148775322166631	0.230933777010435
0.0849168264666636	0.103231773846595
-0.0440899366497738	0.0513470504109504
-0.327915745862686	0.638186617594731
-0.167694618056045	0.266616896415309
-0.294482800276402	0.579101812469311
0.0447118981050277	0.0624127372379985
-0.461547809775034	1.03280306094439
0.044704072578061	0.0575024771251568
-0.468851918497319	1.0551814161087
-0.100814234630528	0.168742809987536
0.433207100122775	1.06497428172822
0.261174203502271	0.313290659764487
0.445431187912275	0.447031224059587
0.233391736441598	0.572007351024381
0.0796195145362183	0.09763334668886
0.249413494105859	0.373469214405557
0.157648054154304	0.147855126248785
0.709844288269254	0.627381460543053
0.266960428451814	0.300251047959109
0.214211874570297	0.143440634666716
-0.0283206329596799	0.0164347395294468
-0.409334044564682	0.366041283166233
0.131670618388576	0.101789874711391
0.0747059298910041	0.102162717388982
0.046629483890067	0.0669210924506572
-0.0839633739268787	0.168766157776061
0.25470753437821	0.565774015002854
0.129521550801075	0.216119619583337
0.290651016876166	0.576171627113708
0.103511839799519	0.116881453525138
0.188660311867712	0.344469983156054
0.250334189362838	0.321484499067439
0.543839501566378	0.89480061534375
0.0556471802954937	0.0883274221231698
-0.36673546587579	0.523231807455763
0.173910340829987	0.213380718041442
0.411378989842456	1.03701495118683
0.361135168003279	0.940755177345002
0.252156668217808	0.537246794794272
0.0691775489707286	0.100878879355606
0.0383945425265522	0.0323848903353326
0.0699486521706588	0.145849239235083
0.0354371183111279	0.0464322178138933
-0.110280049602431	0.132785398743621
-0.226888106307503	0.324236880886642
1.44817383028018	1.6215388842246
-0.0332335307997671	0.0195734520803847
0.0128466878332737	0.00806471600996588
0.216789633793573	0.138714311266931
0.441672226499738	0.35603739881684
-0.394516979498797	0.628991847532359
0.0403761411956507	0.0582091036380821
-0.293023285713668	0.901570664749419
-0.116341612208232	0.22132779581217
0.280012755903467	0.589510960829309
-0.148479704071095	0.233226208098139
-0.168805938199	0.178222217843052
0.259257481200302	0.487193545040809
0.51496893198321	0.809628415639086
0.0255345098880463	0.0200472787233897
-0.163057257215563	0.28677045008976
0.281220280577012	0.357622704014078
-0.00589344842325103	0.00598458946703753
0.157759984968007	0.26596648552742
0.282566569135237	0.636262411091943
0.134220111708528	0.25287062969238
0.289514476590847	0.6114161521894
0.254070801768247	0.329873881754762
0.148997567576197	0.183809566439881
0.119223487486717	0.147973411269239
-0.252206387426149	0.301984750532009
1.16761865961012	0.772391429047618
0.306260562444637	0.133331472183949
0.52282092965179	0.365383993076645
0.0706301842065498	0.0349199481958771
0.512812316057389	0.630025987967976
0.0763821506457971	0.0407708431089697
-0.604692604557842	0.239388928096487
-1.34194380335021	1.26923262970492
0.252195592850246	0.132089368462316
0.314370351041543	0.516337167083606
-0.186329543604675	0.301872343315803
-0.463505586460515	1.71518908057853
-0.0509022671815798	0.0821429512630521
-0.320842891606611	0.612980078350108
-0.461650908521476	1.02474283930924
-0.34339600306867	0.344465165100457
0.158516597600772	0.244452799254933
-0.402800847072414	0.42333261014727
0.141832433253425	0.127852005911202
-0.123335256759284	0.195203818266054
0.032968432971452	0.0337268663641986
0.154668095436253	0.146199350282016
-0.0998899673735025	0.156596995660028
0.298214319037041	0.692912673280609
0.357636786475842	0.83667181487061
-0.117870997524345	0.203741499995306
0.570530914713048	0.894194217841772
0.123587328476936	0.160189240162826
0.321465295749019	0.554321149963533
0.466823251808699	0.956533833916323
0.139726849332418	0.155041502078433
0.435799777710839	0.533095518816938
0.306499759772864	0.376509741246608
0.112646489949002	0.12763914586892
-0.0683680217655851	0.0616697109981481
0.0382200601252274	0.0446556316185653
0.107596488928913	0.124731987684954
0.533689250507769	0.651739449791473
0.163303806277516	0.165002842050787
0.570205321367847	0.975653806234781
0.176322793958682	0.284938662876797
0.509267849613756	1.60013063278445
-0.151103850653215	0.309451698601709
-0.442792371517081	1.10653270630852
-0.419868791124111	0.841091026303485
-0.394722923779821	0.908052907496582
0.401761841628498	0.839440629815762
-0.0233791490189735	0.0363724906605245
-0.0876118521668194	0.117562096008831
0.927692378108624	2.7781635714085
-0.0229704109906626	0.0365196723776488
-0.111852208041681	0.172639823257987
0.163622343811199	0.274567078243694
0.0083701732297922	0.0125147171722172
-0.174572304217559	0.317537608888998
0.150120951706366	0.241446638725826
0.0129381118982666	0.015674937074027
0.709161710356498	0.821289526348168
0.372167064876387	0.532222929297062
-0.0719698316920156	0.0760208177266415
-0.079362219457608	0.10355515943483
-0.216817914032501	0.362989126921995
0.314754476902799	0.54044678630345
0.246887054308475	0.4321254320747
0.0152331300455632	0.0206144788329751
0.024472883799963	0.0291009453143091
0.124642871070163	0.191711196832222
0.267513557181355	0.346828761405626
-0.656940682413113	1.06048986368641
0.266286018959654	0.125431777470375
-0.865662568672118	0.887921500070271
0.544351058590333	0.743058535996936
0.460659588204303	0.679601209249637
-0.190231613352305	0.287718106256257
0.881481942478851	1.3942802302088
-0.322291479379953	0.582819578274645
0.0401727657075536	0.0536687715441807
0.0802470235730255	0.100803749536406
0.453741977184788	1.01000982588752
0.262534988953219	0.417346418128219
-0.303074443028905	0.370146669015155
0.467977932586915	0.359335224329369
-0.329122802510672	0.252544599417167
-0.575890086537923	0.311141987587684
-0.888112985873503	0.69228025068869
0.297111007160479	0.469704808067252
-0.283615997851087	0.433251981435652
0.170738672752936	0.247863623692472
0.272865222373316	0.581750439466391
-0.0886575490870583	0.15055749170551
0.307360289931022	0.745145599228024
0.276302155750869	0.629208416819161
0.354137284686878	0.883762033088492
0.49233098354267	1.243309337502
0.135864646071116	0.241342820053576
0.182290527748346	0.379896095575382
0.326669193605467	0.836173720118764
0.341033112364922	0.628451534796884
-0.523800815774864	0.765380359130982
1.63149511405737	2.06708014876943
-0.155859472486069	0.130127042000677
0.0779320358424871	0.0893775904006737
0.214045699573721	0.351012071640887
0.12924444816516	0.203858600047458
0.1038863763544	0.118590339880332
0.0218312998259706	0.032473459854045
-0.0206761283475107	0.0299120344357308
0.322683825538571	0.608857031675066
0.106329876684143	0.164733097597475
0.151052685269663	0.23399521899615
0.495010739556282	0.872954270117669
-0.509880006579847	0.658604022234361
-0.8507140123474	0.97927509033514
-2.43612065707247	3.03025036308424
-0.167797603517127	0.122314599136612
0.17376308602447	0.25534931217561
0.323272366462502	0.489899326354491
0.190227665027485	0.310026823550525
0.218869822381238	0.416779839172502
0.340409233237611	0.810820485790098
0.0951888326825228	0.164869724577143
0.0586629874017865	0.101290031480298
0.00637651090264837	0.00954711462431625
0.152676512645769	0.270519630985291
0.606043046413479	1.86313579115788
-0.0535124897718037	0.0870563901951241
0.136763176742985	0.262361827753756
0.558021374637964	1.07270388010621
0.457405548315484	0.350575111462337
0.419707235849458	0.438469536203044
0.0372658588741572	0.0463536287767123
0.380236116160905	0.912956564881495
0.0860557161835711	0.138719399772871
-0.191271052339044	0.309761089866101
-0.0842112090107751	0.114873236535662
0.676793047809307	2.05796992156164
0.235313587250953	0.430012605799548
0.309445815370793	0.505825203561332
0.512795174397131	0.535845442691164
0.539721647290876	0.472739664727686
-0.783827985137334	0.859272639803643
-0.237809289466858	0.225866928135334
0.904668349139708	0.244160033683449
0.90432485141442	0.243833856642287
1.40046014729981	0.451266548521503
0.0777984265610462	0.0231215208123738
1.75237349105555	0.673238512085592
1.39816720616883	0.461710152714052
0.905076701002675	0.240729555230401
1.95691447768373	0.505592244745112
0.592780801426284	0.183414832030149
2.73820213311211	0.822889799219994
0.128673740257697	0.0256349097748181
1.75381137045801	0.683343045987637
0.127904097157768	0.0255858011311334
0.128414758145476	0.0255806337629011
0.101324499275237	0.0251293720196068
0.905076701002675	0.240729555230401
2.73903163838274	0.833291335464833
0.0273391111875344	0.0394435119169783
-0.00423960927862847	0.00480564953416401
-0.00924469996552436	0.00946270701361764
-0.113214874259784	0.11874032737699
0.768100552212616	1.42963916881961
-0.620635381946868	0.527643740321862
-0.370077159864796	0.23895388072458
-0.524917777091676	0.407627997985127
0.0621823387107606	0.0301798483967881
0.574988838555042	1.35143493026626
0.179791542680567	0.1973810733704
0.0361941653607863	0.0480321925708248
-0.443507139219477	0.812277525268634
-0.029756447507049	0.0360403016279543
0.178528755616384	0.266013405659325
-0.848217931994245	1.13482025650283
0.149364060074309	0.195765028851467
-0.265765166968513	0.40258577586507
-0.173128996330441	0.207104024575455
-0.782806010932912	0.957292579252878
0.380833213109658	0.344100134434779
0.354907878774445	0.233126838616665
0.221759892980937	0.400980793885334
0.0451023110964746	0.0581640875161612
0.183666238600039	0.318174645784347
-0.0388111578597785	0.058368637861585
0.138398116611408	0.22199744201318
0.0335982757594432	0.0280409143834285
0.312324749615423	0.55521056441034
0.050619806389038	0.0578932555884683
0.175297163400705	0.205861766409544
0.728758953525704	1.46350705100717
-0.459793806424953	0.588954415744309
-0.49048660914016	0.430812149133212
0.634604143024714	0.850703193437144
0.0826812946579393	0.104117277064408
0.076158989939585	0.0830385525513995
0.3639237933262	0.766628496902628
0.378742212513753	0.469315464114528
0.553684069248303	1.10223981321099
0.232856062561029	0.358948617558495
0.361182283801213	0.658101194738007
-0.410319260611586	0.825093253710315
0.133610087425959	0.172898301368304
0.3627925497069	0.582187624031147
0.272519115814156	0.301551085836672
0.210908128569985	0.339819769576417
0.30429907784677	0.42169030436737
0.00749527251162945	0.0073993424870129
0.333407312870592	0.244695017207723
0.722484055746695	0.614552124470227
0.425820312298009	0.351925255578789
1.35627255215227	1.36456020158029
0.439070839919573	0.454638761114098
0.459453739754511	0.532209581023578
0.568052508385637	1.41219109868346
0.357491131026403	0.369098958114419
0.355643892163513	0.640267286516476
0.466305645135446	0.634795433201802
0.916051514886846	1.51358840755652
0.339942593165822	0.613389915416031
0.113212426860623	0.177794603555605
-0.36735168181746	0.807599213509624
-0.111478851180557	0.179373039154395
0.530321629248082	0.74043740980934
0.173984059014438	0.199796804876585
-0.371801772597403	0.238273497243027
-0.390616116393024	0.184074802510566
0.607735488767855	0.277143939009463
0.998624944766031	0.593157923252069
0.0812666393482754	0.0676452425369585
0.557297765801115	0.365851359257431
0.0166226435274402	0.0180363772147567
0.319382302572701	0.24429730926042
0.325032344600905	0.246050859666796
0.304738985090857	0.456800382310487
-0.108599070012482	0.0905876502223792
0.131235790526836	0.0984950330077122
0.119310006262368	0.172835221896296
0.637425632235395	1.97012509436567
-0.177321026602136	0.351407992800847
-0.0646902339717277	0.104509475741603
0.134360482794593	0.145357354195166
0.735593577076551	1.73164978486833
0.300173125307857	0.368593713666435
0.063491512300277	0.0238083969924682
-0.276601971307604	0.152973499489862
0.361134508329414	0.143768325310301
1.67456738690491	1.2190943016091
0.363944238421185	0.143331773682465
0.158546304056552	0.14956201669095
1.16349805327389	0.756098083668393
0.702841258643852	0.402337325590611
0.200790068953809	0.288611012872661
0.214331214980827	0.153615917212156
-0.482706667085129	0.335155649792174
0.0121393163425459	0.0124592516125168
0.953300606243227	1.25746171588373
0.613449607109826	0.598234530798114
0.717935227475534	1.66266827686804
0.719310321545281	2.41838269999293
-0.0248912501145943	0.041768396159882
0.169486849473734	0.373257747546386
-0.413923451143947	0.582822978129779
0.00455544997329642	0.00745778988994134
0.248739769127584	0.416014192616303
0.769480811430108	1.67200334973525
0.257462245587995	0.347360229087538
0.434935592836821	0.625188760244328
1.00788312168475	0.696212617413635
0.818185639686501	0.780737645758852
0.0769481226173378	0.0409499221970007
0.246218410269225	0.127412952199596
0.0649462029567068	0.0266641019577468
0.0995818396040757	0.0883505975756673
-0.278776388607894	0.151979069184121
0.233299526210506	0.409713778990337
0.0202044902073217	0.0245589957800793
0.239123236936628	0.316604791868288
0.349314106677124	0.339459257567816
-0.00133485021779752	0.00169415095661052
-0.265185194916612	0.249074558848064
-0.637503625500776	0.771393074247962
-0.299684909619344	0.52063820164038
0.0248666462423181	0.023419841915137
0.0615040820662114	0.0554913249280374
0.211189072712309	0.304545052413759
0.375279669834723	0.84558414022746
-0.321481212016258	0.682165164100985
-0.419845113074415	0.93761676898765
-0.506030049691755	0.587534371931541
0.522634987477664	1.03297720862382
-0.0135906175240339	0.0135598348335127
0.306931411661361	0.407319546866444
-0.0764717479117681	0.080576677870862
-0.551745421400861	0.482166162132398
0.453159856799054	0.245090506582974
0.461566217118594	0.360181290487054
0.0583683146075092	0.0260161518017669
-0.390316703154142	0.186213815458912
0.0860076966441109	0.0738237967566127
0.245665554227795	0.127149863590758
1.18486288023336	0.640539248472799
1.35490520452947	1.43259727632497
0.0692226279981009	0.09119628623687
0.158167113303689	0.205035745761886
0.431782719028342	0.455786741810935
0.294851190468523	0.598357400992395
-0.297312073040639	0.299806174393201
0.502703552254568	0.463724107721053
-0.525646211685513	0.984306877346679
-0.0279260482220438	0.0257170387514698
0.398342025566834	0.449390015457736
0.224459227973762	0.372491370742762
0.308618336837387	0.68023440626179
0.0667409859003418	0.100444909535785
0.173545258357571	0.274313133932212
0.100807595558032	0.107219913026185
0.349250105598901	0.571010075353987
0.179175332423539	0.221726273908046
0.645120780826186	0.494394041541099
1.19355752441932	0.65328045719039
-0.235557516467293	0.0880264441007175
-0.502835655912659	0.28059242903631
0.288304986608002	0.131885338191123
0.261831977850123	0.279264330175999
0.22350269224299	0.162894260147538
0.30866289132127	0.135204932891989
0.0573466592577203	0.0213536756561381
0.832015220050661	0.654826796475608
0.286616274914285	0.788063891634692
0.145258581272328	0.274882573863144
0.334883554112246	0.603918813248954
0.0137984396146695	0.0174260141052098
-0.0141184711155299	0.0103575994872323
0.112730394298087	0.155485482222248
0.338761493529013	0.359045379267712
0.119091664852041	0.0855619579791959
0.256426564849475	0.480255143614114
0.102156525069687	0.0941862094244175
0.174580804659723	0.188346241561298
0.099749098106531	0.14684613840027
0.149332371886558	0.273279995769352
-0.0758261645456921	0.133254070707987
0.0689301486580991	0.115259022035192
0.733227359543009	1.24775437706311
0.57847124530806	0.649628055752565
0.630031464190126	0.77375330750768
0.448440076629892	0.55233729641732
-0.542833883400213	0.549528370460161
0.0687687464778237	0.0736419686035706
0.0181234673506699	0.0169208067997605
0.614289150390263	0.672074915895161
0.133015436953985	0.178551699821137
0.0281348746783141	0.0267653613954126
0.0959602330254351	0.151833488642006
-0.266707504945081	0.431779533905579
0.163738546321205	0.229622567428768
0.0450545793727999	0.0653775388883024
0.15853776095959	0.25132862760428
-0.747545214657433	1.79060008631114
-0.19057311322273	0.272672631249352
-0.165992936067355	0.164515731746968
0.365891136038036	0.593906335495018
0.502915321200652	0.862176268044278
0.244747885189395	0.332880117588509
0.115354168875788	0.136516751530993
0.10522672593862	0.134375184652034
0.184615228484977	0.308245273371315
-0.396959174470651	0.786036025640835
0.121691028744542	0.182436238125849
-0.290852567722062	0.56814695744239
0.0876496785576444	0.125622588175243
0.038290856147417	0.0481948457536786
-0.74776540312601	1.26785793899163
-0.901094926699329	1.17160537332867
1.08446133710317	1.25018370877535
-0.200725113657702	0.141482041019923
0.49330825380592	0.735342944233729
0.307640181377554	0.392486777301954
-0.371768907080124	0.684155733381988
0.313037673600302	0.500621417180824
0.215705504976969	0.255229649389368
0.140955781886996	0.178550175885572
0.107027379398925	0.135629677618784
-0.068188821788656	0.0666365482397643
0.289890962833356	0.261321071029078
0.462418527310253	0.348094251231385
-0.762599896009566	0.535305631688674
0.250109188582236	0.129011889293715
0.371703954817093	0.697079122149809
0.540325214522811	0.897536919642734
0.16714145581265	0.181030219502139
-0.0379019831934491	0.0546457902949521
0.00914273544874202	0.0128021183076291
0.595619880912831	1.2109793090391
0.201820669058186	0.321364004782885
-0.132933690729904	0.212028394101532
0.100482940527666	0.142748655883236
-0.0644416330227302	0.0760111479245042
0.290966383857774	0.460599007559968
0.281151589049521	0.509254381809236
0.104321178577552	0.111029316247429
-1.19866782581423	1.54806451843616
-0.417706190646549	0.341507394067711
0.709740847057927	0.50754522238217
-0.483480754989902	0.343859624293088
0.323451423350224	0.56079717805995
0.234459580815837	0.265808098643121
0.427126904950967	0.542424621252717
0.760922975884364	0.641330876222042
0.103386994988115	0.112988453907955
0.193303244422317	0.252052533747102
0.355850112818734	0.551538108689463
0.299563825946119	0.515274751787437
0.115075858257805	0.179093925922903
0.0142410516995745	0.019281245798526
0.215556272301238	0.386652108745051
-0.0372960420397463	0.0476466108168544
-0.128784140756523	0.176480704976191
0.150097001154514	0.225449505681007
0.121975298586211	0.167647421365583
0.107523358885596	0.149899677875331
0.397950656512442	0.541598964131691
0.173499579032836	0.277595322329487
0.467093792746351	0.83271527417486
0.11205855337075	0.101025091236491
-0.160353180836532	0.13368505948818
0.596013153942114	0.480340907709415
-0.412375796814374	0.341344802735518
-0.339871602756996	0.288704222758422
0.27514095661668	0.301449580577921
0.420013305138279	0.635110489792868
-0.108013681484701	0.0912063416040636
0.247588531979252	0.129602403077088
0.491769398053576	0.446932867546108
0.1258752344422	0.137628324628517
-0.59613069022828	0.945733702438245
-0.105714918052512	0.108342953640386
-0.338549765073025	0.451231831775594
-0.236386401907361	0.402970213568132
-0.127009575073184	0.186510391378937
-0.0131608451203791	0.0179778846732071
-0.282247989310706	0.50482942401151
0.232556977848971	0.397799741289603
0.185719655103797	0.264161327775284
0.295037468740739	0.482654699875526
0.10704966891557	0.103252171481821
0.118303363693964	0.145855530443107
0.296957328009972	0.446314237421956
0.66875215335749	1.1174459318871
-0.85014765637984	0.935327409657744
-0.275934109415962	0.190077328673926
0.771916905498634	0.526342483189066
0.43934394971876	0.350263771177895
0.380092143428344	0.583902897502376
-0.17028087812893	0.169151891918944
0.395011833135716	0.555501454532124
-0.478565984570763	0.935820208163308
0.145727187590539	0.188721764672834
-0.180371533475567	0.228094298303291
-0.205846699243388	0.270407200525614
0.48001500244944	0.711869198642985
-0.160039314949157	0.166244426436964
0.144495387821125	0.175425654367962
-0.78351697620684	1.53917334493464
0.0740688163219478	0.0717746051837209
-0.077120607420169	0.0908907981495381
0.168354876762053	0.216427389722156
0.37615587554918	0.553134957565045
0.42223188019688	0.906329341567061
-0.147345666115162	0.211589064749714
-0.183137011048901	0.200783479084663
-0.0286041389032343	0.023861527959893
-0.398511843292866	0.441457571905151
-0.771835095866242	0.841183102429116
-0.0700578122549889	0.0951415001995032
0.122193769966295	0.224810309823439
0.0359961297768173	0.0540284669213071
-0.2436341796771	0.620018764412131
-0.533371607927547	1.43070085327003
-0.0747413171657727	0.0983391412098226
0.159688255368211	0.232042798839152
-0.0491444574525879	0.0545039465921782
0.465464342004232	0.693295397548555
0.522354703266473	0.563248842070313
-0.436968702009425	0.462919332018668
-0.740148912176085	1.01138607287536
0.385525307435555	0.362762433823506
-0.0280564500647046	0.0319341631296993
0.971504031114963	1.43966727191963
0.0809062222887247	0.0676941562162978
0.0898342369597587	0.0731365467704425
0.523712804591922	0.721298742732891
0.279681034131286	0.625618023015609
0.421248240270553	0.835673464575478
0.272387292903167	0.446506276096978
0.19355394667663	0.399737238453108
0.0208401541064639	0.0296674297354228
0.201966493129476	0.368726086458151
0.217154306833224	0.438695869612533
0.0439237692852998	0.064202646841444
0.0392297015831115	0.0631062086166965
0.170369578048893	0.310237286730513
-0.194590138673878	0.190304310523637
0.457862209902789	0.446416808978444
0.38865624990043	0.541297675240332
0.0570685284898266	0.0624154669130975
-0.0260995079775462	0.0309673608804352
0.361150903277743	0.611045727946481
0.30550349102107	0.505786353245811
0.0571966460541305	0.0565494425195558
-0.0175018265392449	0.0204676043191735
0.249447031592231	0.37855696192027
0.430277661849387	0.675294148238096
-0.107127098877436	0.114422609137648
-0.0222028357075218	0.0219003430560757
0.315464505422558	0.369553542938373
0.00913802687829001	0.00764999286867419
0.219345155164969	0.230256485186835
0.660778157662214	1.04067805413059
0.39452513606148	0.436363682762324
-0.393001836643053	0.630475833113811
0.00344036530627909	0.00271349209759073
0.272022000026862	0.302357460461247
0.300997928152088	0.51261280513113
0.0342199180371329	0.0527306347023328
0.573808627835265	1.52219149764548
0.720243255221093	2.33491805368578
0.314133963282565	0.645298060657974
-0.588922821140378	1.28351370976379
0.0569289921041473	0.0615104578277959
0.175670672077908	0.19596756768742
-0.396754366398943	0.469518112403421
0.232235475603514	0.271134148172949
0.164365737091953	0.191018221129326
-0.215757198033656	0.294844871938655
0.269519215534061	0.389853399996093
0.047856471895624	0.0607413486098935
-0.0590436562375823	0.0701045460322981
-0.29342197200498	0.54062666716236
0.23374865765428	0.381390936554659
0.25931332671098	0.361714691785089
0.514270784567079	0.853921355633365
-0.200828257253752	0.251610867906072
0.693949767748888	1.13305533609403
0.437528580263921	0.542043094424377
0.32423252405634	0.388344419136683
-0.281293596144092	0.307309633794015
-1.19260939703212	2.256078578043
0.170265168782518	0.214056652177396
0.478800955171161	0.625832927042796
0.211835223539104	0.214818930724665
0.351280157464447	0.796206545989257
0.182778301259252	0.329860585942938
0.264645155479466	0.535694873202212
0.0570511680904784	0.0854645551042277
0.119325394322064	0.160315478923884
0.251625415299317	0.39871340525225
0.0203472436822598	0.019705297757769
-0.163310360841225	0.142638504318324
0.0568457480268296	0.0528471303022276
-0.247585967673488	0.31380637801099
-0.246675875455305	0.410347025698353
-0.0603110875830124	0.0686548623982848
0.46756496922618	0.993121195796819
0.218004729999727	0.321706712912544
0.000354035590043705	0.000552133322408257
-0.36550180407298	0.615898224108833
0.448037923540546	0.725571152440022
0.222116553751008	0.242501236292083
0.0731622110909065	0.0883592825647112
0.113476988076424	0.122763118792629
0.310852900498914	0.366756568793783
0.20633011480579	0.235186329625475
-0.127679253678534	0.128984413837645
0.161907269422784	0.158747285375788
0.21571855714835	0.294201538164505
0.4586917208675	0.750544982569407
0.711053253442741	1.5461534978557
0.331489018514591	0.731604559044882
0.370503823225553	0.730863592045706
-0.262015814378377	0.450225496041827
0.410839066068035	0.990304777548731
0.338644774125255	0.564678696029398
-0.0484882479090252	0.0559959901835915
0.0171586057307528	0.0164676192046613
0.150195479692393	0.146961680674705
1.09891296375331	1.90641771452576
-0.354479504653825	0.510443525300548
0.520324571772671	0.786799467184371
0.338387235424772	0.54648490595935
-0.176553888028505	0.234953469400873
-0.29286894547773	0.505910022245634
-0.0237629626736601	0.0254017899883433
0.261305477710263	0.323763860389721
-0.737811026928484	1.10257410391456
0.405613472999206	0.531798933349581
-0.480946401719139	0.786322139274453
0.439034170134939	0.690907337696828
0.146770895163009	0.183747850367293
0.455587558014782	0.791255499682818
0.23183617544738	0.336190992807093
0.259786915851501	0.332587103302063
0.277337532998328	0.391521529698794
0.397242937276926	0.704871065799972
0.22316482856987	0.333680895261318
0.646155798826346	1.31868853927905
0.559207368014156	1.21276321917173
0.558627278789067	1.112366968504
0.464910658300664	0.723854837336091
0.239607585918575	0.382859654862559
0.241090170803911	0.316242189274209
0.224016583382458	0.17736350886909
-0.00353890548204614	0.00333702112607892
-0.253606318653053	0.260444445291896
0.318778093510227	0.373007453464374
0.21444575842302	0.223533285980662
-0.183197426302839	0.165805537159325
-0.0193414211022669	0.0174395159468261
-0.0305229974110382	0.0302062606994596
-0.109243258782882	0.103608810333872
-0.372184603140851	0.330910771720487
0.768117417019363	1.44228468113013
0.256272576865127	0.386783109896188
0.317380646603454	0.457798543194341
0.00366985956902969	0.00425938878917189
-0.100127579753869	0.125478684160389
0.637702206361651	1.39128877501094
0.251295508996468	0.324248422347813
0.214772890872248	0.290631820407815
0.267506118577544	0.341812026129454
0.195099449587039	0.288127941668534
0.320689109401471	0.468037285231343
0.0168345898862116	0.0190752795153959
0.187338561843354	0.304740392573063
-0.0694615371500209	0.0866277101366851
0.449821263516607	0.787674655752074
-0.104477075859034	0.10715748976796
-0.112943829416923	0.0940856727823505
-0.958247901390192	1.21860301211868
-0.362356578936082	0.29744336552735
0.305109824704042	0.402992196857188
0.0712638871400642	0.0834926725375837
0.513656625358026	0.86705391943775
0.611294469048467	0.839453275383089
0.208812002052791	0.199684686985424
0.34607000851885	0.444598569668906
0.138491606833869	0.110284121661906
0.187109593509272	0.249362262472911
0.0862275667038234	0.105511325390377
-0.227149930316187	0.280782500079163
-0.319600064356649	0.426712810411194
0.324606607304364	0.466767389392756
0.482492703959316	0.814629723656989
-0.240844272839917	0.282258328131734
0.345586805443652	0.453369663959141
0.14766295129243	0.168182495513908
0.738479596052297	1.21984676007747
0.886821893444803	1.52925044247945
-0.218994707994206	0.22907806247435
-0.0305820156892424	0.0280664226490043
0.536582382217775	0.744394876778945
-0.289380035270206	0.406322387827635
0.118649683133859	0.124399285629534
0.16434283187677	0.212161264611834
-0.509220705346127	1.05701091347539
-0.155190299305231	0.209284581138718
-0.163385213761202	0.222010136782675
-0.164318186938723	0.261773289969368
0.351930772839798	0.66745608873328
0.161024870777401	0.245560411644493
-0.223216504191014	0.304096673620561
-0.124924926967988	0.12776099868491
-0.293255748094119	0.311333692876055
-0.449747034383043	0.430756198313598
0.57394243636283	0.73002783677864
0.358218708700803	0.567205957860757
0.00684213168218281	0.00660816782288355
0.209988095899646	0.189504555678196
-0.0854595238949049	0.0666776454588493
0.750276434941794	1.00297328520361
0.423216809409457	0.453044942854719
0.489313234464314	0.470340880237021
0.502928947804415	0.724648857412951
-0.0382275519840352	0.0461418209938865
-0.237969994157787	0.308085003176035
-0.350519216677427	0.657454794321757
-0.340471858209919	0.64372614918037
-0.637144108510776	1.91698602256849
0.102612878710132	0.146098583616276
0.498318408763244	0.872140333382779
0.185973377579935	0.255576852952652
0.350797962228546	0.548434957863169
0.592502390997242	0.747945816094363
0.314530957453266	0.25223039726838
-0.180493384833911	0.131345879868982
0.0533298359097485	0.0380910034806731
-0.681313762634775	0.846014162277396
0.380080185858961	0.533335800536451
0.387016216930075	0.355149874438004
0.90032745109588	1.03118396667795
0.455469723754188	0.914688455335344
0.303682271498391	0.497172350461738
-0.109188374756741	0.127880952849712
0.209385773169695	0.254448315808363
-0.0944132691019323	0.137427936864312
-0.0307979194447579	0.0369052506559573
0.214279378091359	0.305766785616725
0.421408632896074	0.89702101940646
-0.12272914115337	0.181048231650584
-0.270905842375261	0.506118503495842
0.318499964674266	0.587292388943204
0.673405919468752	0.88192266558601
1.14810162057178	1.275482035627
-0.0522980017551817	0.0462213781486124
0.872256081627301	1.62617446034908
0.443821644769024	0.544320876027614
0.734917027298547	0.830970697278335
0.312742900310897	0.258934116907734
0.398282104658903	0.352451808164856
0.446156359839359	0.541210270092616
0.799733943225731	1.11824842413168
-0.161116424875026	0.202052459881908
0.0812554873380716	0.0851159940646274
0.110353177985284	0.135631165321379
-0.184698611726994	0.262913461006854
-0.345804754014194	0.692244281157444
0.073545517494518	0.0917172899256589
-0.0148550560606262	0.0138777797829154
0.30268983428158	0.413493522571351
0.785884487618865	1.60745989789187
0.34777537648519	0.360552185775048
-0.0735967031515035	0.0511827637972389
0.209058171948029	0.173218206050833
0.218083554623726	0.166554167802131
0.553746853360458	0.557319862740858
0.266134268926908	0.27568118695496
0.776834629778849	1.04243309373684
0.613679911781813	0.687713830207105
0.537650645167108	0.464236064421801
0.488877022764362	0.812219092172249
0.456569343328051	0.848100190401433
0.141351253722796	0.196629811887196
0.150095750084314	0.208688874748949
0.166189094243156	0.238125064645152
0.368028970731756	0.531350009323781
0.113563611195347	0.15027367598231
-0.0629269791111853	0.0696885441295566
0.0619743398457427	0.0636148910241167
0.125614541307824	0.173023002125373
0.289582620084475	0.427675564943856
-0.032535027204102	0.0365358942584817
0.78718940926593	2.15524191532755
0.128744949339992	0.189526850385439
0.0845697227142515	0.108392176501195
0.464227705902875	0.716419488744545
0.283724233333614	0.277029775834006
1.0890045206098	1.34245739355968
-0.313568798258489	0.265690237912895
0.218171296643384	0.165071443905312
0.0914485395510602	0.0771440782111124
1.06463341046231	1.62329146825958
0.100948525268211	0.0639086560559868
0.318923512928779	0.256386070317041
-0.366075616302975	0.273050962910713
0.2032579969794	0.156632782073913
0.814128328110588	0.779930137081371
0.395864494629313	0.35126095955701
0.921649443142704	1.32835544434348
0.83057785730127	1.80993664959746
0.0793321263664472	0.0667921764500211
0.112795047355048	0.134168536021849
-0.197416613776879	0.338702931657139
0.381325134835228	0.851427762649278
0.764245917323484	1.96848470717729
-0.116535005170417	0.132360130974642
0.65247154376467	1.22718213141257
0.169435056592376	0.182924953654859
0.208563235489629	0.16371707592435
0.521374261715754	0.46592707972492
-0.876405972724851	0.764232719520187
-0.202806949044004	0.1236333228612
0.912278504672016	0.687890210736434
1.5369391774592	2.51878135613263
0.227129085167572	0.122686651007651
0.526601545263912	0.474861811296694
0.350156573734315	0.228538543520927
0.567492451157591	0.480375757691384
-0.0519929547014033	0.0526961000414149
0.630186234376609	1.41032608728941
0.676299456274635	1.88628594446265
0.765090112666609	2.0405485188539
0.286815896447823	0.427764059327668
0.0256769318825557	0.0215232897196032
0.762871079433519	2.22249941544255
-0.113252002087164	0.098092017183111
0.610849701129956	0.66896418466085
0.301970711014085	0.500294284377395
0.725787471394256	1.31954804096099
0.542535633780627	0.902974308237533
0.45249445673781	0.923869032585421
0.543538425760048	1.43670480046349
0.532631261021138	1.19338591825674
-0.00855393014281825	0.0101744023115337
0.388406195782897	0.544285848424881
0.820437290176426	0.426852731020308
0.0660533919099082	0.024786693792521
-0.602141778279814	0.238043596671341
0.68336397136277	0.802980877233695
0.220984943129383	0.154338799207698
1.53819456469054	1.04558007953524
0.906718335566856	0.685485844938837
0.60706252273415	0.278030609003554
-1.75461918436924	1.0245820754333
-0.233471147309066	0.0886928049215698
0.756288175691047	0.640564875878472
0.394540794482887	0.364137870706318
0.180918586113057	0.217133580383295
0.139339794319865	0.107388649320256
0.0815796483969142	0.103930792798426
-0.0998985938431956	0.143405239155641
0.356539954676723	0.793719469952581
0.437346705463992	0.750696494658486
0.325164472646133	0.374364334041815
0.732457328557008	1.32681499974969
0.686641334355511	0.982614668370184
-0.0700896652109125	0.0386695225134026
-0.123875713570501	0.0596582445551755
0.953788470981613	0.357672917968849
-0.190909212848801	0.0765581416838631
-0.39038637476049	0.184267166927676
-0.14130480495464	0.0909979589043967
0.073437226162229	0.0388633346984223
-1.89370265037921	0.795185606278929
0.52538548279152	0.264148724538143
1.01198230724776	0.724981585996773
0.464959555423792	0.519282405774456
0.0754144594297722	0.0428171231605875
0.162591219695412	0.209246918736579
0.42345216535179	0.346047709031812
0.876198397606088	0.796780717883602
0.185811242211054	0.220035347456072
0.529012163949233	0.973053847829318
0.733603889448483	1.93164472312588
0.230727382035082	0.365095465031501
0.698107774623879	1.9102125671344
0.846719739550767	1.14748137980803
-0.0686722025226002	0.0377298655473029
0.564867778024545	0.36698807574134
0.360996516678011	0.364817034854871
1.09392102582487	1.35083859320527
0.0602083554078816	0.0273668563848222
-0.0302924767885518	0.0180250756533036
0.604184791819552	0.493012119831076
1.04745739368973	1.00109551147337
-0.035259706240048	0.0207381608620053
0.617846800543604	0.375768130951774
-0.283349595371417	0.282972967642232
-0.0494648386761711	0.0476630961413026
0.973303577757293	1.44625664749049
0.221939670381329	0.305840834465163
-0.0659632712175777	0.0904393072612168
-0.539133593652875	1.31638472733422
0.699886254503073	1.44942154301107
-0.241775786582696	0.265191137954203
-0.472795710065754	0.488618332646061
1.03507038950531	1.63199343524288
0.220947624267247	0.146124462665465
-0.119386513771171	0.0587386193577123
-0.115602914253476	0.0566325479027611
0.521632341849128	0.257488714276463
0.354641553977684	0.23539683250427
-0.325450272972792	0.272042312894462
0.233939651866036	0.132504848327758
0.465980452857616	0.250372294826719
-0.32266217816925	0.247104145658375
-0.0249485728776241	0.0144544351926519
0.369274354978532	0.427511503934018
0.710027787136181	0.825054723759338
0.872074917784805	2.21872748575602
0.366565302059987	0.61755134367509
0.565407577675379	1.3501446377469
0.0401169969579144	0.0542961080745754
0.192160095026385	0.307344086408089
0.439813110259059	0.634531424777551
0.0823875266037986	0.0465366856238241
-1.18735736964287	0.812565754067588
-0.0985956002742446	0.085593947707635
0.631396861649715	0.594941696675394
0.469925982030749	0.248989297273196
-0.625492962206398	0.390618717397633
0.998259479140375	0.588852055316315
-0.0793441070808941	0.0429045379393296
-0.114780409900455	0.0562487821728477
0.809018685042322	0.766983050846506
-0.601480246602596	0.602679381472575
-0.234212164932566	0.273355619631584
-0.262998539979066	0.248557640947236
-0.30437350953068	0.52013479530973
-0.131335874737681	0.198390222687085
-0.107517474087953	0.180803171390496
0.28562935469695	0.370597871312899
0.635404632911636	0.868262655333824
0.263669419942949	0.282670714793707
-0.542613446153331	0.580716063840734
-0.418646461372163	0.254675605766755
-1.55217246754338	1.09217360704308
0.0630149600556926	0.0262578754409641
-0.641304065792066	0.41153680732422
-0.770817024696216	0.544971057875133
-0.275407172196849	0.240030705739888
0.766459255964612	0.52071248315468
0.357204735259693	0.137876065161453
-0.425631668495546	0.26213901409658
0.440988392262106	0.352478737172839
0.275791542417501	0.480222036031108
0.487751938859335	1.13739668282584
0.0558426920431544	0.0756146134830792
-0.214043170162815	0.365607693555637
-0.632790294594608	0.885716135048091
0.810679206535603	0.421876912579415
0.0650904872803332	0.0268205243241728
0.140549908142225	0.1150601818836
-0.67397399705074	0.502114843785837
-1.03458888281574	0.619269877896006
0.73510071975152	0.304953970811166
0.819229451357326	0.432543366808688
0.518914382626867	0.262336735125113
0.0642727881438657	0.0238094781539277
0.698490212676273	0.396986142120631
0.227264282542913	0.157868939891148
0.215957350125222	0.209972510927075
0.859860535137888	0.772221042759073
0.332921336250326	0.586950344730568
-0.155577375528968	0.256409025040779
0.110415651540654	0.207605408149439
0.143738193475573	0.17121298065268
0.156938554077229	0.141202794614506
-0.19791275858632	0.214087423988981
-0.317010111601974	0.319389926006635
-1.25481675073721	0.719228950806445
-0.802757764770371	0.290420662547267
-0.479021406567668	0.209839417696182
0.305049297991911	0.133304735417939
0.1303545361838	0.0257153407808376
0.898845263531049	0.887104663027503
-0.337134021975357	0.169241863788152
-1.19366135203496	0.36925803488199
0.0604046966589661	0.02004405381436
0.361640919154286	0.142448751503566
0.265828592525268	0.300796392682221
0.355845699289791	0.232600924378174
0.217444333084109	0.15933964649339
0.223029966444394	0.141334526495441
0.898859630910412	2.23842371468622
0.552656787823353	1.30326328352858
0.191354307623577	0.363862371441178
0.0950632494282685	0.144154699017739
0.554440545943793	0.647978685392089
1.19610529899134	0.645990887957653
0.974714483777528	0.457488759618061
0.816590722247304	0.424404496381017
0.945119029582235	1.26459866158429
0.51512999669287	0.255030398846646
0.607238430454233	0.277485985401417
0.0625622861724211	0.023508098983734
0.060545900832367	0.0249058387123087
0.977314435566923	0.464831049984594
-1.55779406626439	1.08650302728024
-0.0968070827516451	0.0500452027368761
0.364519201066903	0.343592589537934
-0.752172752408048	1.30595342646757
-0.162715767115935	0.102058133126332
-0.168149748979989	0.22985725262323
-0.626071904993006	1.78506288696912
-0.443570699012147	1.0652884134394
0.187004897710692	0.215348999261748
0.723575571993401	0.995537711195258
-0.00152894562025696	0.00129779438299811
0.405592517553546	0.445777608298049
-0.877917581114906	0.496932396457353
-0.602660646812975	0.239063853672098
0.976574976366903	0.46720223280804
0.066279998557679	0.0248942521124064
0.277434632572482	0.133487969989305
0.303872630552623	0.245505903046793
0.978888378752797	0.47170803535615
0.518688135691904	0.259181704669786
0.0595663547274934	0.024819489971002
1.01297271035721	0.721161603642923
0.334627594856368	0.247837450131917
0.480450198043288	0.627691720742989
0.417761985888928	0.448508988376858
-0.117377183925476	0.0907162615508131
1.54983340420718	4.66261383917271
0.692292245712408	1.90788983342228
0.165552121469282	0.289954825392843
0.347274657524076	0.731890054421922
0.151835889887162	0.124963378102241
1.88312868064132	1.15487115555768
0.0614181435611263	0.0277685433904091
0.295754755037331	0.271421715864137
0.353419866993102	0.235589029476009
0.72732015075717	0.29709547416165
2.47681389504175	1.34852677731876
0.906466699096461	0.241573241656628
0.312661159281884	0.137264678308628
0.704065856342137	0.398703005711155
1.53114013971207	1.00297922767691
0.281090390214487	0.281248255090312
0.060488159118092	0.0553380839524228
-0.0748457951782385	0.0404066464025846
0.0704222354214365	0.0899218397088719
0.0331555264291396	0.0452336088045335
0.0698803680777821	0.117326007076964
0.159163058848129	0.165086868364699
0.607214878998527	0.923929123940511
0.164222509658652	0.156430475077145
0.781435314945351	1.03275782928194
0.221884007147013	0.132901430193004
0.364688196370452	0.143871650302698
0.438137369126133	0.153535091766537
-0.3965985803042	0.184765626052678
0.438372770836382	0.156441275503924
-0.250909053070908	0.196492231528113
3.88860717666032	1.68566568000845
1.69870119510271	0.957062767665398
0.503774245411044	0.864334204628544
0.330379178972303	0.253032827591312
1.02832225090716	0.857959543250494
0.488026394332073	0.713190479640215
0.537190092514163	0.469896558750787
-0.161502870060079	0.134808635797786
0.138420644050812	0.189677836971228
0.598713414957534	1.52347600839036
0.296358401086746	0.590462621857965
0.119735129500427	0.19506400164893
0.532966295948813	0.570018718915912
0.16092614948373	0.147825072762286
0.0431497159168575	0.0309906567717459
0.0703052073921496	0.0341759814994752
0.249906337041611	0.13037929643053
0.818514259763356	0.431702930604033
-0.042965418750157	0.0244524313469787
0.456484107811397	0.252056166038063
0.410634514543358	0.447066047976413
0.258519952553994	0.339751891152657
-0.537771120660548	0.61774212488921
0.00120167465632053	0.00145888292839832
0.0278152298489155	0.038599445196631
0.117775448977968	0.212117736911654
0.213994985436076	0.29158615445204
0.0742494092380937	0.062739585042621
-0.420414901869182	0.592782934878595
0.31611232670577	0.369147732432597
0.0660533919099082	0.024786693792521
-0.669628799665547	0.499275285227629
-1.24419319426923	0.696631688693145
-1.06412505128003	0.553754338209825
-0.0934705506594339	0.0482681259871488
0.326624017861241	0.258530202022428
0.238034104902861	0.11845202558239
0.309154580877069	0.13550471178241
1.87937095097735	1.16397615887243
-0.00185207550127957	0.00192466192033697
0.30385710328584	0.26015729634184
0.385613714455013	0.77854989331188
-0.133034010898447	0.11059642033363
0.529280649803052	0.541797340733128
-0.184094694000877	0.265326213853566
-0.317781429652483	0.321282204479732
-0.348063432138762	0.348225402236081
0.0962240596093105	0.134578310506387
0.186180113797651	0.32866871741502
-0.0174986991096526	0.0256197174940819
-0.180045991053353	0.33991084885597
-0.157211888665089	0.131441827309038
-0.00374726484192609	0.00356337667402098
-0.260821770318908	0.226165674976051
-0.33436634457617	0.330263253054816
0.214451641831199	0.184585607897859
0.214809782126171	0.16358082865493
0.0658234598605078	0.0523253192577811
0.340340630087122	0.549344312347096
-0.62268678865748	1.2952184961298
-0.166354601496923	0.207215675896201
-0.158204372285158	0.188462341819862
0.148222706011932	0.203227951551069
-0.110429465804276	0.141458663890337
0.255648992615517	0.340417399291774
0.301032854701812	0.38931835241675
0.0145886416867489	0.0126684954749881
0.0169825985309386	0.0139279807793291
-0.268955431181262	0.23242023212052
0.146029421034325	0.127778407654113
0.39731887265722	0.355189317394769
-0.192547141207304	0.136328919708389
-0.927868121933032	1.36906634695417
-0.1860771158214	0.153485519095005
0.0551992046652088	0.0398058926820257
-0.150233506373422	0.113012480070874
0.446700413669454	0.536583152993527
0.0733269645825044	0.100708203098751
0.0587739857165454	0.0842519607243161
-0.105751405545105	0.155497310299237
-0.193877776462888	0.331835259128978
-0.189765235400913	0.277550552551964
-0.264590009235726	0.431218360774811
-0.127516353307445	0.205784676528087
-0.356173273300158	0.799299190293051
-0.104912103360347	0.157578287277103
0.215657173116775	0.407838370206662
-0.0994864913234714	0.143704945264576
0.177421005033735	0.24187941230822
0.582991109938471	1.18406713129684
0.644581810890499	0.939745405075286
0.14376744696501	0.174089057746598
0.29019026799799	0.369765871695042
0.345195115851762	0.385911730652325
-0.444931882269337	0.571597118355951
0.118217148496835	0.122914228732543
0.0905382860877862	0.0793029779802366
0.357970361184115	0.354859902544373
0.211162419746537	0.246087714394985
0.207991059498528	0.249864062294352
0.103099287999274	0.0931272097069146
0.354632470388436	0.348956730142959
0.107477645403615	0.105579453322507
-0.188453886555226	0.230627991391284
-0.255465160634607	0.311631641397985
0.496473994503163	0.646318175995046
0.302086967228611	0.390874042362217
-0.10432112377358	0.0981917691859344
-0.397423596045088	0.446980616853735
0.155460342734308	0.152447506685754
0.230263617019809	0.26607264842463
-0.663025105090925	0.921825664161904
0.10250103829869	0.0993656928561092
-0.221071306355151	0.244870118944922
-0.705327386176398	0.954219960483201
0.170320642615429	0.172709240530069
0.316350054193208	0.384356276483789
0.218479424270745	0.26961744807575
-0.137812004919445	0.148444866060677
0.929770529503733	1.19799673663248
-0.0404973759153178	0.0486006358282092
0.422382918193302	0.96152729181509
0.103706849444736	0.138176639229897
-0.240219061607733	0.426993796596867
-0.330444722472641	0.599199517463585
0.207555732233415	0.317176886377085
0.0362121955530396	0.0522754013674938
-0.0838094950356867	0.130123321608989
-0.169993718354378	0.260899721571663
-0.224074385982182	0.217502199075649
0.3435230548417	0.366628612484504
-0.575826144484678	0.657725259894033
-0.994520990974437	1.10700646961638
0.215461574118873	0.264642373105764
0.259665823733815	0.345216729748961
-0.0740166635303781	0.0770452399643391
0.0324624159033348	0.0312011579370349
0.0118434006370729	0.0118705993982901
-0.276225089698067	0.335489065801389
0.324841293345422	0.401638659951196
0.158703475195265	0.156275596976684
0.604180571092443	0.915165737452185
0.133824702327971	0.107714071455733
0.426210800974061	0.51621217164217
0.245246735973455	0.305660647662838
0.530329929555083	0.788986808487178
0.512832325087514	0.732828215677343
0.168213084809614	0.19020907882559
-0.108495631861641	0.111444206292852
0.774126779743422	1.29496655921673
-0.424206905040105	0.600439640822197
1.51755182265601	4.23760952811852
-0.582025229246526	0.87411945827058
0.0949323332600267	0.102006832964045
-0.63270249757961	1.07941601962954
-0.0757781339683646	0.0825063322656169
0.172561433957639	0.203447304211504
-0.0820455468749112	0.0854935939626989
-0.120593414193321	0.131856348868496
0.95918733093876	2.15108428753799
0.468709050407974	0.463795383760378
-0.0278895465761998	0.0319276971224791
0.0106916420572066	0.0145641606216902
-0.00308948119640812	0.00392057065651506
0.0674191076151699	0.0925060413597274
-0.0831365942948742	0.129245371800366
0.238238443999567	0.446589182946286
0.683394637277286	1.53069299599682
-0.214801630360004	0.24996978991466
0.354294514516409	0.362280652810209
0.439690661654197	0.350607517806005
-1.13160419029709	1.42259472899342
0.143175041316243	0.139652583837239
0.695829172058428	1.0539851127347
-0.474756174112849	0.553837289065576
-0.0294836240385881	0.0244836195035068
0.649097481445075	0.866585573454728
0.431637020635044	0.457875652404101
-0.707170271482063	0.864222945572771
0.34039657910418	0.344132840484902
0.854654089001132	1.26464206275537
1.0100515600274	1.09679314345807
-0.0321107786970439	0.0188863025483405
0.159328730154987	0.15787464581757
-0.0258110910020438	0.0214767570576025
-0.883298426064193	1.24546904952806
-0.492764771662553	0.607433650246422
0.435987761205925	0.537180530625009
0.654881809758884	0.929988723500753
-1.04493054269083	1.77109068745022
0.112617928448561	0.110540980875137
-0.0975445123095338	0.085592310447812
0.609930119369657	0.756620682600491
0.257806592729595	0.256898071535984
0.771181615743429	1.20291883257532
0.621147451962334	0.768836271175898
0.00619371614409812	0.0048590878117438
0.324511660024508	0.373352534222443
0.121446111146872	0.126191136052755
-0.364863619499891	0.231461656765259
0.39901838430597	0.354434263992786
0.785554782945154	1.3051142166561
0.0556110465216749	0.0588389110671128
0.186487499678786	0.25637606852506
-0.541492422723968	0.767700550713399
-0.232490780976818	0.341958561672571
0.0199663487543722	0.0199151344813902
0.0390043967013822	0.0410553976502495
-0.339418129616229	0.591489240182361
-0.184399284157368	0.271684999235693
0.251797115751964	0.30437720060043
0.097949520278659	0.0912381458904652
0.414277087647731	0.357084566777417
-0.526065908901385	0.418141980017607
-0.313131089656224	0.210970592223851
0.551419382410421	0.81061769733318
-0.417328079509128	0.463672865600381
-0.899160642972474	1.14307087049991
0.279678579236808	0.247085120102849
0.348166098703846	0.359967239563265
0.281047398240863	0.255323087414268
-0.301288388859195	0.273552063350825
0.207017645326288	0.16187999722612
0.212277677129547	0.178181478449043
0.100622267572824	0.109517211171795
-0.0365471884393276	0.0331207772544036
-0.435921394307456	0.422804503796249
-0.738437190973825	1.14392219765162
0.332010481139063	0.352945814621306
-0.626003616800374	0.711602558179041
-0.610273632104618	0.718195694292735
-0.037976904417476	0.027266216172237
0.0697739858337122	0.0552479902022808
-0.183246704000301	0.192294690189628
-0.426544463386299	0.403883009475827
0.0693808205552284	0.0543928343374494
-0.147670345791336	0.125630166532231
0.0966897766452892	0.0834686413399123
0.278965714946601	0.295184688197905
0.264144312144839	0.283468932491105
-0.292429468695005	0.273034181636737
-0.00562783703281343	0.0041981401332114
-0.350834860979019	0.392689556157256
-0.157990853667473	0.201826374526927
-0.538966802068284	1.03041457243836
-0.600203941636408	1.07305855669943
-0.591554712746368	1.15758237641829
-0.542809145700882	0.924029206705405
-0.0211464624925884	0.0240659564378509
-0.0878156480375399	0.110279397081676
-0.357728202838739	0.588631947593139
0.255439668250514	0.325371698874186
-0.296785158168345	0.371891839197215
-1.13204501306198	1.6294189280302
-0.896103436313365	1.14711335198217
0.34777583764945	0.244624703015836
1.15353944057323	0.896215964350891
1.67960992489658	1.25001480785243
0.517689110883245	0.360736435589526
0.48656974716246	0.608009146884958
-0.0409402774116505	0.0231896823834383
0.0685648641777208	0.033973172680805
-0.125584378605388	0.0608325887316582
0.0339118259597614	0.0232937401905563
0.362632838980259	0.241873485164606
0.605330085336827	0.67207483664428
0.381005322974364	0.869759359646634
0.00215328843196521	0.0034010397496579
0.30131852207541	0.51770531428003
0.237870552606829	0.29756118664269
0.24798999702097	0.343729821114015
0.00659199492734561	0.00690352566402403
0.21805153205664	0.145183142666357
0.931418414208339	0.80476867702955
0.314923423042844	0.238591718964822
0.219999890595561	0.133003512325025
-0.475639658470064	0.322085065584548
0.168395736169798	0.165699306542228
0.576865922966099	0.484430538889063
-0.115602914253476	0.0566325479027611
0.86432908105604	0.55058410860476
0.625775080872508	1.60189152552381
0.309362039803973	0.845036696686566
0.164420257746819	0.282124444244278
-0.209934578736376	0.30216830984607
-0.144315234156212	0.199584045679962
-0.298672533826758	0.30308827526993
0.106460707231909	0.158528428646293
-0.0469908088011656	0.0423086629675422
0.321762885509044	0.247403525370868
0.118847187543266	0.1869593343203
0.117469391333987	0.117128144242073
0.560875418684501	0.784801136085348
-0.238624936741885	0.412624312473358
0.00974924136446421	0.0134586967232326
0.0115851115477272	0.0167665342814879
-0.437267009851746	1.11017520097522
0.309738484013296	0.39681795596759
-0.152307401274271	0.0675786392176972
0.103185682401434	0.0689139826433984
0.686890453811763	1.06017057838521
-0.184260862855355	0.133583978373425
-0.0319101336995315	0.0230069996750615
0.287041642055536	0.412844095602116
-0.410983987531773	0.587906927676209
-0.456546490329468	0.404564122955507
0.220571931784548	0.162226214662578
-0.181675835869261	0.14920376803277
0.219709405302676	0.153587666181301
1.24957530912984	1.48533802118547
-0.0835061226448981	0.0731852861971032
-0.0407900018331786	0.0291916218030559
0.205788795506474	0.141741047073162
0.0128975168492782	0.00807648116600182
0.323006176291756	0.26631402741723
-0.00539303105528832	0.00739565694346831
-0.63335491270464	1.4523047057986
0.168246986276957	0.244604359093585
-0.284484705599012	0.342643405985582
0.135268179862962	0.192556428701679
0.151591340154927	0.159953135862468
-0.192643937399841	0.19901220525646
0.732068635785906	2.1188571701254
0.51478693964249	0.918173404528399
-0.750205371580993	1.49514075329638
0.166912234266619	0.245328546841967
-0.0531499487984981	0.0714938521316521
-0.163171482161197	0.261855918209815
-0.422212024474772	0.814707874764369
0.36111757796733	0.466341906569676
0.538048922052976	0.470241608182314
0.253302030177208	0.13217678110045
-0.0739120593659464	0.0400707126070141
0.0515186149382537	0.053463955108153
-0.0843422020763681	0.0738171053029835
-0.4165550034068	0.340890794701795
0.12722318616492	0.0954996619994561
0.0893015430834483	0.0541063348323118
0.212962535748888	0.277317722700073
0.139008405227641	0.169470775521649
0.896227330426726	0.87628906607333
-0.134703558796706	0.0859796050794601
1.15420209999036	1.29895755293109
-0.484344069671168	0.341810855936217
0.356354456625596	0.237877225900074
0.00166721521226564	0.00142245934378473
0.37663470251773	0.229223615870787
0.0781961523415405	0.0442847984972077
0.23694202305595	0.133284515414359
0.174408413369319	0.203659904630195
-0.0183743858102888	0.0235016342759084
0.0606129948379795	0.0876134530489792
-0.13354169791871	0.181493183530814
-0.205091089341472	0.292111856564731
0.371975401770581	0.439255891876632
0.140007273234803	0.205932716663959
0.0529843247346619	0.046050470262947
0.31450797863265	0.614454109838201
-0.31582803949533	0.372532678513468
-0.136379288933573	0.147423961060725
-0.167344587606631	0.23872906856481
-0.151827781272139	0.252564965789601
-0.271472715916133	0.606462883144164
-0.110344467260446	0.186739283347823
0.0494961024405322	0.0448348836395667
0.306368366507316	0.250346017678228
-0.18337784330259	0.181305058029896
0.0607980282545874	0.0575438182027397
-0.362744018945926	0.374050776947249
0.129528102555558	0.139965997820165
0.0764580702444437	0.073660688414258
0.62234336833264	0.750392521571394
-0.183555144128245	0.164682752965013
0.139981419275563	0.121735358882663
-0.0309166341481208	0.0224419574224323
0.164688857390699	0.166834100594619
0.401788912821514	0.575597316061265
-0.386052824005873	0.455553840748574
-0.180635866866861	0.164299771233206
-0.303821541679238	0.33028544426147
0.106075574152261	0.0961171527216003
0.451683988371602	0.456230012254999
0.614421440100756	0.91264464187682
-0.0702855805931369	0.0619855432816196
0.0227604980823348	0.0241961794766609
0.3331880110515	0.455535104447999
0.00654713106892152	0.00575110848700076
0.0518457210038965	0.0612864751049601
0.523607620381216	1.09815880497578
-0.0199356275829121	0.0183958024167693
0.132796631362685	0.189505106430166
0.216339496065727	0.312661127413595
-0.158750229843969	0.210562343187498
0.698728543319386	1.72546270145956
-0.859821226752	1.90201707564574
-0.113489734676897	0.129553879058186
-0.279617012619569	0.383734111772903
-0.00897342008957191	0.00667097632596836
0.362184593119099	0.348416789022272
0.617283014180742	0.692296388111536
0.202589158957568	0.204369990152675
-0.426957066841302	0.472212036233576
0.287285235699383	0.300200528133736
0.000827839768697549	0.000618034128154209
0.103894955578426	0.118317513354205
-0.0361059611346633	0.0296052023152537
0.112015745873196	0.112507427787064
0.038234376630603	0.0375385507533168
0.00933724334892608	0.00727144670823781
0.204098031623188	0.188792323342035
-0.00955528950818709	0.00812838507743821
0.0325432131175653	0.026559429867376
-0.527546151209414	0.579446461095662
0.112364122491897	0.103950168705583
0.0563750296243949	0.0513945180797923
1.14742680000051	2.80671581290285
-0.0221336805086596	0.0205726571477176
-0.225896821562356	0.300659106516248
-0.547148937536016	0.928767273355879
0.360055712444671	0.552334860512955
0.357093782639471	0.570844222156486
0.133666647096922	0.158474488558916
-0.27644689758944	0.334865040915255
0.560091357339501	0.943639736805138
0.167583346628034	0.16243672190158
0.234418530677062	0.132867647204516
-0.598310621756496	0.456329143366081
0.460044036935173	0.253058982247184
0.173710497892356	0.179420680804285
-0.0668240194697738	0.0459512357103473
0.0442780014359895	0.0388569984989177
-0.120648581027774	0.1149078925853
0.0513464358735054	0.0464101797080807
-0.110180687725516	0.102322371993284
-1.13552735024129	0.906204497372572
-0.487147275667686	0.347872405695362
-0.305574235218016	0.103823835220031
0.272364277214487	0.130323309480833
0.265092837302564	0.122844790579531
0.298335431990825	0.276404490181242
0.945117195434532	0.795158535770986
0.0644909186024022	0.031750629364331
-0.0546560700259786	0.0558106961601716
0.308059106248342	0.250573631338374
-1.10185599362764	1.24632016141322
0.66954261456062	1.10123580750098
-0.768589626704283	1.76506804909298
-0.0251246782645519	0.0318558712535724
0.313937885750938	0.606212926459484
-0.0861470955910405	0.0670094853724208
1.95421522980149	0.509451950210503
2.73820213311211	0.822889799219994
1.95505318678058	0.508107179378978
0.0777984265610462	0.0231215208123738
1.39858550858594	0.462461997963843
-0.671952417156443	0.168796242500662
0.127904097157768	0.0255858011311334
-2.59094270607556	0.72499622759011
-1.19366135203496	0.36925803488199
-2.59042803651223	0.725580173516583
-0.807748642315496	0.291569684951804
1.48740838540415	0.732892599662967
2.0398375938972	0.883172041800319
2.73986151874249	0.820070423124911
3.23705358947669	1.12361051044471
0.0764653519325841	0.0222384704028836
-2.59094270607556	0.72499622759011
0.127645812237754	0.0255315531572439
-1.5668542617674	0.820987314625295
0.066106881348626	0.0243685616824252
0.612941664104276	0.279465045633673
0.3034933696643	0.128223638423882
-0.307401660481746	0.102669757782922
0.263881257530642	0.333526946025308
0.0789898956038044	0.0760192534834456
0.320265097404435	0.367783157239074
-0.439481777607302	0.623681726520815
-0.631197673712466	0.936963245199703
0.0965765817850122	0.0870599814386093
0.677891084841923	0.948800708138511
0.0377375241776296	0.0319592131127698
0.300886682953794	0.401437809513968
0.171173140242376	0.189546845205355
0.108098640061116	0.108378596153052
-0.567633601025093	0.702633218853984
-0.0714233331017927	0.0698608190874323
0.438717629816682	0.671299070774994
-0.424444734102357	0.492697757670274
0.536971446092593	0.709688772505989
0.466587996278092	0.72618355317147
-0.0726387250128133	0.0751289742884571
-0.623271813756944	0.881435459489539
-1.03337680624893	1.77142659350814
0.200769346968788	0.209204040474543
-0.158819160502205	0.16761724229102
0.200913506044989	0.200382413249373
0.675671029420602	1.10261067171779
0.261407528930534	0.267453759496453
0.0391973327090502	0.0378841913779031
0.122204983798284	0.158601192259793
0.123480008074415	0.132508945687051
-0.205132577212031	0.226054127305039
-0.492534616668781	0.872878991964119
-0.169746295766479	0.180405476089324
0.281770693164597	0.433942338355977
-0.120063494298543	0.150816805419053
0.224592536544667	0.348840087005269
0.433287709184774	0.710672035051952
-0.313346333495788	0.400301297425668
-0.119406380082395	0.12020383335878
-0.62497605248515	0.702645072193215
0.0334762186087467	0.0231888953639363
-0.0988823839492337	0.0944824436615387
0.364306334540705	0.456915251336574
0.378313526239486	0.548167044098613
0.0656897229702748	0.0626725555400745
-0.188452770356557	0.199839147190609
-0.0473254863617458	0.0427065998311219
0.319696144251877	0.375092669167679
0.0494790500742298	0.0429627437870702
-0.307646235690512	0.372468732583466
-0.248255829403616	0.287158734205096
-0.484492310769158	0.821083236811712
-0.0974455561264398	0.0917250014577446
0.105693739312095	0.0953818626597091
-0.224167321177546	0.26392130783421
0.00772961535031063	0.00757359176711007
0.151165480544297	0.190212054975238
0.0736182335160844	0.0721293775082084
-0.340966994308157	0.472237672038995
-0.554544860472175	0.93621667411055
0.132652573459066	0.145135687314476
-0.850431370498043	1.54936888502569
0.0360392081151966	0.0354016837491104
0.7471872815904	1.26067032338919
0.920162363767035	1.70308659720203
0.227588518004478	0.25075779614177
0.532736950038072	0.791131025654713
0.982520211103671	1.28111940409639
0.489384773192796	0.630045813546524
0.314378694203207	0.41557852703538
-0.205944389552494	0.269583983372584
-0.236638446863063	0.379154889496177
0.0017437730909677	0.00172384897617823
0.327464026500965	0.516758345894438
-0.757257526472282	1.67519077981866
0.356353275299693	0.589587645591694
0.305187714660796	0.553063973911535
0.0594280760300422	0.0796605448872913
0.0753913919363697	0.0965563436053166
0.157546355565952	0.149254342956827
0.106470406372034	0.101082981212985
-0.940516706347351	1.3158069356499
-0.462524230216762	0.47675368588262
0.207410191184236	0.21448080049445
-0.0142888582655792	0.0133305842543266
0.517881466654899	0.784240278371115
0.421269958902432	0.612597357781372
0.0735894278723176	0.072107615098934
-0.117398266143126	0.119707277752784
0.152889245860921	0.142448380111348
-0.00867392902750241	0.0080511772766427
0.20770640665933	0.211763278336958
-0.128847716303027	0.128624859103205
-0.0587100751018004	0.0662241113473333
-0.107335435807136	0.115771851168412
0.0729483636177777	0.0610647114464147
-0.614252022773312	0.818842745969911
-0.23314811083372	0.299989100647194
0.184833668380655	0.203502545814871
-0.305884653438226	0.330560255473703
-0.872220219649657	1.80327772305248
0.44691229890357	0.613539178968994
-0.409966502674301	0.535082250823141
-0.0391626904848216	0.0323187375560874
0.140789708671447	0.109717334663943
0.485823600826661	0.542954710368661
0.542128556504386	0.73466614092541
0.491114046569824	0.639019714479662
0.695618743535778	1.21189965043991
0.500805968724202	0.451482837421619
0.338216658070523	0.348357543621418
0.00223249754935675	0.00235661493000695
0.0151509044432262	0.0167720658147734
-0.077779991192761	0.0895639776945188
-0.0879483972123676	0.116131719720216
0.00149394075019108	0.0014694595113049
0.216494511991712	0.318223551907841
-0.290131314097966	0.478057267212216
-0.244632715030743	0.40846347265268
0.330111499518068	0.55751209922485
-0.0284719752258264	0.0265920146106933
0.580063988356206	0.756866990916234
0.561963438304429	0.750904289174011
-0.154552555790013	0.13018151312041
0.555529518517174	1.31954961984154
0.56142971041521	0.6635049792428
-0.10385831865173	0.069121462598203
0.42763190963911	0.655423559344377
0.113109701283216	0.0823350943036236
0.120385580182968	0.0834551021567113
-0.00200114959255328	0.00141315377096178
0.592723704026308	0.678919565274504
-0.505095171647013	0.519563677044085
0.821265923482812	0.777195879752064
-0.0561444151675442	0.061457436117627
-0.163491423239004	0.175343952935606
0.136546759039022	0.109693254157334
0.215432205256797	0.185696185851556
-0.144958864454337	0.108694575149231
-0.0209297665144297	0.015046179469281
-0.0401171653931574	0.0327630659570356
-0.0918051680130216	0.0953945579702855
-0.187471430854695	0.260583534225645
0.155144559878459	0.1499126272787
-0.055037254310446	0.0753008496521943
0.026224084154027	0.0319669762712657
0.0468361791193853	0.0759167970388942
0.405155369695835	0.799943822820177
-0.185706587690026	0.24308497853868
-0.491726874141873	0.834428652208933
0.512322122777152	0.86871148103788
0.0565193297212808	0.0412294570537914
-0.0268287917149584	0.0196048746580014
0.0951169106949937	0.0568088177416979
-0.287333751730352	0.223453252404754
-0.0310862602814473	0.018494029705297
0.971687625721523	2.39091426987723
0.602694204707716	0.659740538738529
0.935017383062122	1.2392801090083
0.0261634024736024	0.026967064539704
0.109164703412676	0.157155302173914
0.0547114813753758	0.0535904838174185
0.169869854374367	0.168878161006494
0.116930722861877	0.157748136602393
-0.181531352625973	0.215534734407103
-0.406305997698994	0.584691145399918
0.44355094122823	0.919969095308911
-0.0143459401926518	0.0188808424111845
-0.451608049534173	0.946535354660349
0.219658022771434	0.369045522125833
-0.189587146073085	0.200415596969608
0.57710897006762	0.560751162527961
0.213047375672708	0.135807315588083
0.727214869244065	0.734558308703353
-1.34564536294596	1.26075342210051
0.712747199993973	0.630430043006656
0.593929520344004	0.674654066736677
0.0640536642497395	0.0265019699976306
0.61023631372297	0.594413650040563
0.508846806119784	0.472704790972682
1.62243194765943	2.71974912030488
0.215614312003174	0.230240653265056
0.769242039923761	0.937056810088966
0.214782739667172	0.169553525391367
0.648590179249585	0.605431027340365
0.220211132665511	0.154033391916206
-0.0341396455352966	0.0200362047278256
0.984128931085237	1.24921321707554
-0.614751327418631	0.525628941565479
-0.1710738614579	0.156462994528992
0.045565585406676	0.0495097741974204
0.129132290496442	0.128926498181647
0.298455153612903	0.467332368003909
-0.695585907768633	1.69987355829814
-0.180028768841552	0.314005464565328
-0.388571640625451	0.659812991943155
0.216593660937892	0.258793117572247
0.55322318534858	0.826858014594749
-0.061040935871843	0.0594100606660735
0.304435215851541	0.2465996271507
0.321003595603573	0.246617383652462
0.489078096009164	0.447269777634869
0.702773154199833	0.503514194717739
0.637064456069222	0.600429485531359
-0.736487594119497	0.872824739501612
0.563652365403351	0.572906851884983
0.807431196470141	0.873534583061264
0.458472941602782	0.344329454314107
0.352938050070157	0.243454049363937
0.422888919578417	0.616423471101654
0.213792462130273	0.209659458284945
-0.0790329354945666	0.0943448480806897
-0.143637566019832	0.131340353565305
0.824391945369443	1.42053885029591
-0.538933291046844	0.980765128420267
0.0064836189178639	0.00624141435589228
0.0212849694005139	0.0196147054857967
0.544626518097599	1.06035127582242
0.162195818361537	0.242438077323106
0.112248952818315	0.159644935529664
0.100219087553399	0.120340548477615
-0.493416766234032	0.607151537589954
0.555251215408791	0.360546248632594
0.985559294248895	0.464326745819157
0.36220800082309	0.143070790228969
0.601387788718911	0.917919020231281
-0.181476955546257	0.0743525133811432
-1.5831042752867	0.578592391284284
0.311058600636207	0.134669225099703
0.368048942242513	0.144302164500743
-1.03603332379044	0.649206532857797
0.570870477853666	0.372156309796477
0.0475975734508527	0.0481571342825317
0.21991117472879	0.187351045455811
0.360627921520169	0.143845143139584
0.360548707455908	0.2405547974642
0.768962427847117	0.52083441109268
-0.229477608352962	0.131901326756092
-0.0718038373167013	0.0398077267902982
-0.669506398636913	0.495039880062809
-0.544407103627025	0.792697111545204
-0.222068764576837	0.296910444107211
0.21358859604784	0.153169595638593
-0.0457994734334078	0.0717501816295244
0.0964718975918594	0.167396247168335
-0.0850469137225011	0.182348776484115
-0.24610696630334	0.351716874559814
0.168654658892572	0.174590363768361
0.261176589170232	0.376683321441649
-0.0690333340418054	0.0663698401540021
0.225128675399079	0.124901242663265
1.31072878091891	0.964065415306947
0.248711777984265	0.126957072097436
0.628637823914816	0.385432700383723
1.0053146195764	0.592389297378528
-0.0254285857005868	0.0210820326483345
0.712715417542842	0.616314663105913
-0.232939363899793	0.0878543719588569
1.18692585745832	0.632703668964438
0.0368208801648412	0.0484261702299303
0.452575846648961	0.905251878160905
0.283762891765509	0.260195916082032
0.146159488588744	0.193359929749723
-0.162319048402059	0.135227048139944
-0.577428932716268	0.407318638700612
-0.0316382503577812	0.0411653385313214
-0.402970777105587	0.453137293959566
0.137336649300495	0.101265324516101
0.409280477219554	0.773308172082081
0.0795049527422945	0.127803805978275
-0.332557395006096	0.841293771841781
0.112185188727698	0.213958892069703
-0.0174494921461058	0.0146679442994736
0.636268391176282	0.480729769256651
0.898029376258772	0.660149628971727
0.27221450023332	0.287082625362343
0.629963559420768	0.384811338315178
0.0625251015473537	0.0261376626459818
-0.0093609156169619	0.0057407003488317
0.217129719355395	0.145936602908678
0.424139005392119	0.24584738337184
0.414742578727633	0.244442104853136
0.817306030769909	0.429998857599968
0.708043678807799	0.621396562999067
0.277185679227284	0.132454594326932
-0.420007257505328	0.259213659215555
0.220010789235323	0.12971585342508
-0.271670934460293	0.180356817592271
-0.0363171939316135	0.0301972032606944
0.0124249595205765	0.00781971713374356
0.0715471443244652	0.0381471240137641
1.25142386127235	1.19338970909916
0.0684605565158703	0.0282776065873947
-0.201528317240268	0.123440424307251
-0.879714156485461	0.488553569845936
-0.0168945752410564	0.012498198789691
0.200295752259759	0.192032528172234
0.223003419027162	0.302867903454903
-0.900649605073472	1.14776189688015
0.189838694712616	0.294544585738122
0.0188260389721038	0.0261732702491371
-0.148669898979503	0.301364381191948
0.0983911366730363	0.130633929612341
-0.677162373345581	1.12832808192957
0.350257152946358	0.476811004889461
0.508701734560007	0.738242694755012
0.454346689873213	0.349600812304911
0.0789994804188147	0.0446297127624521
-0.149904868081181	0.0679086217442045
1.02609122484477	0.8575610257189
0.407253349788975	0.239474336862646
0.638152295683836	0.869035079654527
-0.410159993699432	0.333589601947965
0.808422365170835	0.770144090597736
0.403687024752943	0.227273575998667
0.492606366562295	0.362262184967927
0.259379113130369	0.374302097741112
0.361771595036794	0.681132237758244
-0.0647670478702159	0.0977311693208346
0.139734020851948	0.212812523762636
-0.313041457653713	0.508689618148456
0.144392792656238	0.123253175909977
0.360568983642703	0.569764067267774
-0.264488540500588	0.225023910642689
-0.0189100369416263	0.0112279029614999
0.0803592393797627	0.101937952756776
-0.138136543843755	0.14938808999819
-0.179158102734786	0.162075044750696
-0.0946884072682165	0.115990313332958
0.179071292993725	0.304829408655698
0.0251420438332823	0.0404288160025211
0.129701406306574	0.235672559486453
-0.234400944559557	0.27301653526845
0.434662929160843	0.363234167349477
1.359230173929	1.40888548574833
0.455109550909174	0.792324360695663
0.563128118922858	0.580753626214662
1.79350136080466	2.15401050706412
-1.05603703466604	1.05247713779906
0.390526277296284	0.239347200599191
1.02439060435414	0.83019951969684
-1.18096184938228	0.826860153451996
-0.397417357900286	0.180716484610841
0.644882195593724	0.494747236891075
1.14440950629871	1.0274621293489
-0.0674246509332343	0.0369630758023664
-0.130146031746469	0.172375525572464
0.596630882040226	0.833184057825799
-0.278565030219696	0.190760017909922
0.766803863967488	0.52808696414946
0.569116666689944	0.476508939249838
1.49553507281492	1.49843349955566
-0.0979299588406974	0.0511812267186948
0.441504619898692	0.454545332135154
-0.106446384572494	0.12788709669423
-0.0206264292123195	0.0264843961056383
-0.62090457558998	0.831422715544724
-0.0411628581283373	0.0702049797271936
-0.222785220059029	0.541864699317986
-0.138594859928145	0.360890645564595
0.326865505785932	0.645842926021636
-0.0199127152278213	0.0233969401097752
-0.00694207721033169	0.00869264387866297
0.714685263955265	1.50002608920697
0.509403524724071	0.351760087759724
-0.076102395710218	0.0412479451513708
0.926966169118105	0.921557630726068
-0.326475160980505	0.167353612041339
0.241884022456597	0.123940343811671
-0.16601194634854	0.189598227680157
-0.201173384912099	0.120319075309769
0.216380003367067	0.143919060960077
0.132649659356398	0.202898653115025
0.453948493840034	1.15589744755319
0.272374875797804	0.283221278409672
0.0574907658632581	0.0873662195271827
0.432338542827453	0.439774502406699
-0.286115393330043	0.269906212623087
0.120464113632393	0.211344413483363
0.1380738950493	0.149459927478943
0.0269159379478778	0.0215867655575047
0.416513237174618	0.998292490574901
0.205152087339806	0.423531250671839
-0.0716913657116167	0.14595335922933
-0.000577195972517488	0.000980382394401998
-0.0771212631033258	0.0759992800044719
0.509158325526809	0.946248177701041
0.638282897508366	1.15898290530062
0.295457279436994	0.407451628298067
0.285347998179188	0.37736298809863
0.0273386794125808	0.0285175472909052
0.212596514448456	0.244804799267201
0.51008391677049	0.709414643797909
0.449919265740912	0.713200453710817
-0.561996073308324	1.07077950186912
-0.385666809627977	0.662778156272197
0.420581058073475	0.82490458643387
0.0733445549257214	0.098423201637379
0.336503436976604	0.555215459484951
0.416350348271981	0.76434061576966
-0.246623280986514	0.31599118275819
-0.194769007425668	0.23023924093162
0.386461474150663	0.62477855003596
-0.138783947958442	0.185476765193273
-0.71088114030035	1.31772194877733
-0.202736925553859	0.323091122958248
0.349779498285302	0.694829209802535
-0.217260894148449	0.30665330667211
-0.0290891393502686	0.0286115528637166
-0.643754077544425	1.00701048541124
-0.0319341739085841	0.0412994386205604
0.285781516345837	0.412996421036369
-0.159511323379856	0.207802861738626
0.589339643539588	1.37575454042071
0.0665316391180215	0.0869039078386527
0.550384391042429	1.13289651632813
0.0739463075465985	0.0946618253152369
0.211084979154434	0.315995519271735
0.139341767109061	0.196339601872085
0.319122831998672	0.569402949007438
0.341723789024676	0.677192248037145
0.135821299043355	0.195793650048159
0.56028561650508	1.20120452046263
-0.0067506500570435	0.00740193006728078
0.231593900860973	0.401758391824636
0.0784698213956641	0.120744544234513
0.171105025404565	0.191849331232823
0.0479644570166353	0.0607966621730991
-0.336475924017862	0.67487777857005
-0.520128118706802	1.32897749733304
-0.308084574732328	0.594066044406464
-0.520434534867557	1.43231871481974
0.479988738103216	1.20771203288834
0.400007362984609	0.932361312747997
-0.0584434141071261	0.0883923691759432
0.278739721108713	0.553912080717936
-0.149420553450241	0.241028579720288
-0.331477200657196	0.535521712630425
-0.552482524666644	0.867402302682508
-0.213728421517928	0.222321954333181
-0.289646088224717	0.275052207765138
0.326805527171707	0.586443554742206
0.303823467746981	0.502101138855664
-0.087820806085844	0.126899964754457
-0.0297605037503922	0.040247343506176
0.0155885844456398	0.0202329287835739
-0.105706734990532	0.14768573554547
-0.0437479155863797	0.0606620024193476
0.0718607191994144	0.098631508462253
0.519730098687718	1.29802478968517
0.0299487375232835	0.0395653302672911
0.092629131983862	0.120546641136877
0.0873625430954497	0.115033151714227
0.150767504945533	0.211994541137468
-0.45855606631733	0.644335601972748
-0.0593161754187486	0.061233712470713
-0.0178390801457221	0.019714045382125
0.0176813287465535	0.0139503420340473
0.0409678382527289	0.0292732043844981
0.0501685760921379	0.0370867801266907
-0.332997356832927	0.460965600287744
-0.0914501008537812	0.112032229542386
0.284391056409409	0.383961145980273
0.161485869780651	0.207914491727664
0.0161313614596144	0.0218057067440784
-0.433670720817572	0.987315417738651
0.0919287869730138	0.150433868013753
0.169164264702686	0.298573614922305
0.243676115086861	0.444197628779047
-0.0050938596215461	0.00748337738674679
0.519277305975073	1.29774425092474
0.0465306330891747	0.0414151267052601
0.738599340717139	1.42819793694904
0.105074866912144	0.148285536437703
0.0809194822519567	0.0793058437628726
0.241132821457165	0.41533308688545
0.142500444074728	0.212671404335496
0.132132689426715	0.150652182862286
-0.211520000569523	0.3475060334987
0.836632116683553	2.00235708033233
-0.150330070974611	0.178764618533637
-0.142673803590675	0.130061401999797
-0.099438681658736	0.078161627477039
-0.779808330902343	0.750513478616799
0.0949590632140317	0.0605501299758084
-0.073352763867626	0.0979187253004311
0.0622743120591133	0.0782945029990603
0.180452118380061	0.247520201817619
0.461438801651553	1.06457775895342
0.333987440168339	0.687475136999999
0.26381624566088	0.488429569922417
-0.511781875757007	1.10629841292023
0.118907823611715	0.174468458117048
-0.0678385281127979	0.0920710742705566
-0.0576454526039075	0.0821273786462946
0.158928908585636	0.262727039027903
-0.0135581225308943	0.0165416825472459
0.592013178557683	1.15274942187718
-0.083959198448426	0.109064661708976
-0.755535899599917	1.2888607279675
-0.431642397323388	0.484118515436054
-0.038890920933181	0.0422035976282636
-0.098903496309938	0.0773537653412393
1.67305203853948	1.53145699181823
-0.619284860800841	0.526806958015256
-0.448461758160781	0.577340913874512
-0.270086835466335	0.33375190250259
0.187507871116219	0.221986472239423
0.188710609407741	0.234659607610625
-0.451701017466813	0.896824255956793
0.0934564720479962	0.150324034903521
-0.590944731947087	1.67697749940597
0.265153502050329	0.519563269904178
0.143105000493881	0.224914316961521
0.013216114789854	0.0175423231653476
0.263205507661869	0.499437162770411
-0.04371149642353	0.0591313756597686
0.0871762631644346	0.117751389882431
0.421060678572927	0.711055238599463
0.383608194006586	0.525979820790063
0.457498349278461	0.355145601736408
0.254822031223187	0.359215294862277
-0.459974148212911	0.85948598520665
0.126269407047522	0.127039425682614
-0.181886316572313	0.258437948375836
0.117749349550709	0.142347211554279
-0.000171568867052136	0.000213285511806579
0.33522325270696	0.542139111236827
0.32998668712859	0.574307275284129
0.72572507907443	1.35572280627248
-0.611826413854419	0.814508288485637
-0.782845730115062	0.632769332765307
-0.366454957220137	0.235801483180926
-0.00564891355521447	0.00350843829065385
0.0117742235557887	0.0143525100509003
0.131187262558508	0.172071689616103
0.327249611573519	0.576181842894594
-0.157558219119403	0.25465663783545
0.422699577386983	0.752335897638818
0.306823609467095	0.623910723758489
0.31350483437818	0.68408624370497
-0.0390419150174426	0.0542975337442916
-0.306804276762296	0.576798439944519
0.286998619702352	0.506548315742175
0.446167707776404	0.950146132652779
-0.132018759228818	0.202824203501572
0.148436414507272	0.23357522747894
-0.230757391632493	0.41659819495751
-0.204878650129801	0.299111342780233
-0.0310828803269174	0.0396238062805517
-0.861608091046364	1.28240016728275
0.226033908298349	0.19544687639025
0.0762934978767433	0.0865131796641274
-0.281336717886389	0.265432163636385
-0.223328490318946	0.17940113086152
0.386747172414824	0.240851182542788
-0.441056678031297	0.515303363475555
0.223347274073188	0.276613683636748
-0.218635281650895	0.278952893925447
0.152823061034851	0.208589642795844
0.617483651685053	1.51491695939672
0.154725552471768	0.248154630738697
0.146982947920153	0.254064611778911
0.0839609916610458	0.133121775839493
0.171570262022741	0.301194049848962
0.349145085493553	0.717735073588398
-0.0100694369610856	0.0131926299731598
-0.0251079592779846	0.0322233028908737
-0.0242480288753544	0.0257894979860957
0.533811711417197	0.873645966800084
-0.087858166526785	0.0456675115296973
0.820255321459766	0.890084073287603
0.159346747145223	0.146808179691601
0.257297219969044	0.324853285362972
0.0444747959843049	0.0539951934387185
-0.495761226628644	0.611373184627177
-0.52528452957179	1.20445022157165
-0.346843230938244	0.604503331701709
0.0872795936240643	0.097735160057739
-0.237039568232548	0.352476723963579
0.192177654651487	0.277463467700587
0.746374706324843	1.2743988167351
-0.637335927207371	0.802561665927438
-0.162246461246621	0.129601805456351
1.14810380995175	1.15925069948272
0.316316378943895	0.246288858035469
0.631169153829122	1.92877093983652
0.124233904769629	0.191284721827735
0.295789517676691	0.543826951094988
0.101157987548787	0.149814075654299
0.160312296373296	0.262308460474798
-0.414402866854685	0.791116323330438
0.2843442616519	0.537106430372899
0.0227751106437365	0.0280494289433165
0.289708928798082	0.581995326323511
0.271817150775129	0.547990026865751
0.0361705760332247	0.0540404057571363
-0.000469618432473425	0.0005247018798029
-0.0689893963794817	0.101981383860794
0.0952519749203395	0.154401009658601
-0.186207423494815	0.315947196629846
0.13010636042918	0.216531141324323
0.282457146575209	0.511465314866694
0.183471067592353	0.307054578648898
-0.0325123725957211	0.041603883079579
0.2554505434875	0.323276325206219
-0.154780415494664	0.164829091458255
-0.0763047853252416	0.0832779635320527
0.0306183503956078	0.025754150454116
0.134998834224972	0.116605783675318
-0.278901010208092	0.255804875915871
0.0224192655527357	0.0243297023266291
0.453397935399028	0.721163382430447
0.0918691066172162	0.0971478335936533
-0.0959342512829935	0.124513508923893
0.274142869212734	0.525437501256765
0.211935682036705	0.396517126101606
0.0738337027984489	0.105743329404741
0.0532764162571593	0.0597021790341554
0.0237401776480584	0.0252029205888826
-0.593923732417825	0.453733850035259
0.213657618471201	0.178810459884735
0.366007769675122	0.419980714089939
0.0131241406870969	0.0131473564551116
0.31965724764889	0.57416164585416
0.085427679094267	0.093317416756396
0.178771799055684	0.287390170300252
-0.20136302555271	0.321473053821388
0.403087786929343	0.636939953487796
-0.344477816558884	0.577875575889433
0.480311844930552	1.04088869044859
-0.501634760676966	0.684930451057636
0.535054835839423	0.644890115753229
-0.653226233761902	0.647814082968892
0.141630590941362	0.113557152387701
0.108928569029522	0.0755379292051533
0.208774684419513	0.347797930808254
0.425566653650577	0.799191918711635
0.0923389375551143	0.14207372921815
0.100584831929903	0.141982478563331
0.119654669727256	0.173844196731317
0.0877677470590909	0.126874882796916
-0.0396316739078459	0.0531063932394478
0.0202213490730987	0.0253668316285131
0.088715356372178	0.122940572661109
0.483952611554984	1.0317070333198
-0.176977238455809	0.292238502897744
-0.246326769299318	0.452163513135142
0.384890953804104	0.89733375375833
0.215719275003716	0.369284756927615
0.461178195311565	1.01951293945803
-0.611967570093834	1.63367889325433
0.407221627936185	0.895536515621629
0.121651652748935	0.195069192277026
-0.343937590807298	0.702049773288469
0.321766006302651	0.570271128171535
-0.0635668496871713	0.0816853273038141
0.126741987535942	0.138528345659226
0.378928808608523	0.563807348861421
-0.108422025004834	0.126661066584687
-0.0845030194274713	0.0576417477379034
0.214565567385594	0.15139191233255
0.577168937669575	1.02608934244719
0.134481876176977	0.157340186341617
0.109713582902632	0.144893125917766
0.499078896415364	1.17984698328736
0.249189422929408	0.478758099426075
-0.160701632959372	0.265308100108686
-0.158940825007974	0.199097760853764
0.168188715984149	0.185651118328812
-0.240327073536865	0.166324512869962
0.306164265911282	0.259724219456033
-0.0539706428343162	0.0462497455945004
-0.378563711023069	0.542949124015087
-0.0531652309730543	0.0647728870465146
0.290601700035006	0.35393897921738
-0.499458779794981	1.03947121423017
-0.0599214834286419	0.0759446776025704
0.138257724701278	0.160827815339344
0.311216638599423	0.568635814523292
-0.381447648376274	0.680276512950876
0.404335775578037	0.602240249268499
-1.1992821731584	1.93365641409732
-0.606516722407439	0.503971312836422
0.130104280587106	0.0980656872372549
-0.585891156502466	0.583769191938796
0.227408558151761	0.395557529310805
0.141601689082488	0.222301741685401
-0.106988809690634	0.156484015300305
0.297026834273193	0.537542093075461
0.126702453220568	0.232273076286635
-0.3051584227781	0.668227609347615
-0.201630105775086	0.356775821360819
-0.061200728929787	0.0943049730831425
0.437166468594095	1.07254832791418
-0.116052430989503	0.186999825350499
0.0189418398916266	0.02689771380561
0.100375714678191	0.155056047356409
-0.0847760836207612	0.117433567125914
0.407707626212949	0.513787933026787
0.190444469986193	0.236546498683693
0.641513528676855	0.604908198630138
0.522697210761233	1.01582366464992
0.418469588473045	1.04050344827898
0.11884115603759	0.217440581667143
-0.0560766598111369	0.0893647687915603
0.0397586361263561	0.0533067535081305
-0.752415721142789	1.84852016841813
-0.074951585604487	0.0878187664107967
-0.319079201137098	0.241798953847802
-0.585682077977967	0.669936496060887
0.758620517500717	1.19338631973607
0.251407690786991	0.326987644487899
0.030986891160524	0.0396892334850223
0.270995882537929	0.326079027584728
-0.180659613052028	0.328574295728902
-0.340259241257004	0.611661257091469
0.012090484196399	0.0139913726468266
0.379698272924283	0.763473913640732
0.15501703743597	0.229472141153553
0.008151189368876	0.00771955151732251
-0.673019420391901	0.765052505386723
-1.09228332664119	1.19906755243436
1.3240255828431	1.68925754059531
-0.0937423961671514	0.0484291235116335
0.180282128711549	0.27185922624876
0.325469566422412	0.606828695733393
0.152503782677529	0.243791405166692
-0.0630335423635166	0.0937474554154233
-0.127328776250659	0.228541778784258
0.00494261792526535	0.00676735669768424
0.00050203786920086	0.000757862821989585
0.363325312258266	0.803232855838198
0.0686649377688076	0.101313008728651
0.013650386665921	0.0181837136076749
-0.00856119820643205	0.011659903659756
0.41678579842844	0.931866121483428
0.290882610346258	0.561885895466734
0.669225268776742	1.93247066716109
0.306416883415478	0.729441303971054
0.271525811325362	0.551151327333249
-0.0982538980530185	0.166028423360327
0.204946971229934	0.363236904130444
0.338325936810325	0.605230684579893
0.127156332796332	0.137578744174793
0.317945801778718	0.373387462644549
0.45120305111407	0.77923772485514
0.189726595279147	0.297322585219399
-0.0332538572874013	0.0477696234632665
0.0936729617280944	0.116153742090608
0.47754979322218	1.2578387887495
0.33307594226563	0.707450182244124
0.00861993893920272	0.0107567577995489
0.0335174871649364	0.0480313796537039
0.247114479802013	0.467194667838738
0.556035712369827	1.19924215733214
-0.57554271548198	0.946974163997282
0.376245346429499	0.44750580252809
0.156539545844605	0.145900087141057
-0.0461106234205476	0.0322018241429216
0.0972517281697738	0.117434449378633
0.0543089671678453	0.0619962911424299
0.244182851257497	0.36153347910387
0.405439026125588	0.69818768676895
0.677691729631239	2.00831524958051
0.0718265736456687	0.102970330234717
-0.0270675430189446	0.0251448401662182
-0.0575012353573129	0.0656478187730902
0.0242791854589384	0.0267054802033779
-0.407168119756658	0.692572749093108
0.340900325792042	0.543595408349671
0.371696569913428	0.548528984704269
0.183279461012091	0.247548806953676
0.482275070843051	0.847228429764236
-0.208496603456785	0.290764464939372
0.456039762278575	0.83368356529829
0.243889428134565	0.436051222922184
0.12822644988534	0.179984299175497
0.231857208514803	0.382940535510043
0.0839395145105482	0.13630594579143
0.0698283426770331	0.09390425470658
0.0296845854447074	0.0349084687462352
0.0145219630312329	0.0194301616525161
0.39688650805431	0.912909639407352
0.159888472335163	0.273816818367898
0.125477138256401	0.215169417514996
-0.217615622381239	0.361288106659631
0.0849424849023012	0.116567399110594
-0.144853925940598	0.280916927053534
0.706727486943035	2.40993813752634
0.0385422730504	0.0574045829003673
-0.0323430127453263	0.0451119648535501
-0.145165826754145	0.218168473945055
-0.105987345461396	0.128339914305707
-0.184362791099962	0.227334184396032
-0.577402613658795	0.74331686717572
0.444092961825341	1.00265828049678
0.343495760957224	0.646376542079775
-0.221175868381546	0.247565649818463
0.225551295700684	0.255825044200237
-0.441827081934726	0.708628777492931
-0.341474060396496	0.522613928281951
0.266555078861803	0.340956229791825
0.715546869665202	1.63123139195517
0.0161541570355142	0.0192970582648773
0.213958990048311	0.323313398161272
0.493847974052789	1.09054565550607
-0.426618067325331	0.652105994361088
0.0360454469768844	0.035486459830409
0.525936222863037	0.736669808750019
0.23257593231922	0.299313264832926
0.204863409060791	0.22448690244836
0.172213708094726	0.267618459697958
-0.0570433413598383	0.0640066952914303
0.0962896566279802	0.160714898425593
0.227845139232546	0.46492649444814
0.164346463284345	0.292204977100195
0.434227101321542	1.13037461185141
0.226976947436823	0.405418986290957
-0.00756902598858113	0.0111785317733879
0.208972540397148	0.367255930635373
0.261280064800535	0.427142475686804
0.208835329443641	0.417883995098556
-0.192727642011604	0.329714149232174
0.181135810318459	0.327912006709422
0.453510971950575	1.11422616792712
-0.265561237456428	0.497569725602724
-0.317537746116264	0.552535485974832
0.459405095402401	1.00016643993794
-0.909568217168859	1.82489040629218
0.370627412218334	0.547191289342374
0.124856345423229	0.135876727940734
0.526789389615223	0.724808022375429
0.144973169230212	0.157034403333607
0.369873481573568	0.561939250872237
-0.0374941021750477	0.0401057922122009
0.211352095824524	0.229741007791714
0.342708775031655	0.546108815837904
0.539303979004305	1.18504356704726
0.613327360813099	1.24414742484283
0.338902243406631	0.481018414509895
0.168622578196773	0.183678331039228
0.63424285123081	0.992047940273207
0.246124232232469	0.291732039296564
0.106510668897635	0.141025876726743
0.0432525311268637	0.0454555293243679
0.307728086349422	0.361720872642315
0.142052018338048	0.290854009916518
0.273112812090626	0.551379790083926
0.589931635606952	1.58090937731634
0.371074873234416	0.65989926324024
0.29100442758354	0.616274897813029
0.140831858476947	0.202520057070268
0.0859303619482693	0.108523744051569
0.3995953355413	1.1301647674276
0.46901687769969	1.1131152724016
0.295257617948262	0.559185489299405
-0.135859435257409	0.241043719036573
0.384363241181114	0.852973418100877
-0.144220690084727	0.213585836562054
0.00675043699371778	0.00777836698619757
-0.329094854464254	0.394517890480777
0.335242825880808	0.484152452363864
0.0269208699027626	0.0291955254939374
0.125388980829766	0.151022344834799
0.0671300761125404	0.0792653496503469
0.328137311195693	0.526451224768711
0.0457677670133168	0.0511201358184245
-0.00803830197279055	0.00859596064199218
-0.522613012388893	1.1026426343975
0.823819068133042	1.93920503500533
0.259248421163513	0.43745699938946
0.281023176108335	0.413989412328041
0.626764977233006	1.51866240397917
0.342787358079285	0.520605609683015
0.000186702262815836	0.000288398748730392
0.441867706063764	0.779549265400888
0.218040547767784	0.36631301822119
-0.360640551864114	0.678011715341733
0.198491971631438	0.324613569073396
0.14869038173865	0.237032364197616
0.0656107073046397	0.0837788074290961
-0.258634570226453	0.407693810873336
-0.0327711608009556	0.0482412819044125
0.246489358052018	0.436985018871651
0.337283775068587	0.646580862840475
0.218044282814244	0.364222774322982
-0.474221601415187	0.958703122081223
0.13277379341493	0.172070041945826
-0.71952420775769	1.22871715914924
0.323533544741427	0.385596368180307
0.0557399311126321	0.0720519589948391
0.291904149377285	0.509196050290762
0.231590983889531	0.448714757424655
-0.107043706600393	0.150168016155075
0.0127353602088047	0.0172437283195507
0.115190348392943	0.201756833182941
-0.00740430797594148	0.0109227909667657
0.0206391679871546	0.029227436661537
0.143505587648461	0.249708342789016
0.459306385773762	0.942884773783729
0.93618978270837	1.0502525662839
0.0361258231183558	0.0302314910134066
0.502127271021501	0.777495858007094
-0.261865833324744	0.425458765747392
0.401424664342086	0.553949225449363
0.0965732952977697	0.154397391565644
0.0322374453782858	0.0406579453448938
-0.461517349786372	0.626963204592403
0.292277538203111	0.492383937679158
-0.320567266317072	0.629580653036119
0.38198934520224	0.438868040570765
-0.207534384727251	0.187345413932905
-0.315272551545321	0.210278166312392
0.220466551920222	0.132893089683696
-0.313905857596262	0.208236603020479
0.0945803674893145	0.19282748381901
0.298221879935908	0.699137845470223
0.044837516401626	0.0702369934976712
0.0742793263752261	0.0990774269573518
0.0296230665963459	0.0364336238914164
0.0236374028878698	0.0280551585617359
0.264081984353601	0.51445152165526
0.0784774090709218	0.123591812280408
0.348431338347845	0.834940779127302
0.267357714175262	0.556137997380857
0.0962658281733409	0.151270648033801
0.111027832509636	0.184553534790903
0.0266023477580615	0.0397005847490044
0.114388457255054	0.186932479212269
0.396766215892316	0.644977650932931
0.112066600913938	0.186753263876133
0.293255703069952	0.632468561985731
0.293012521133882	0.27590602520164
0.221662798114424	0.224019076512991
-0.092844728811114	0.101057929993567
-0.54281814790439	1.08950364553905
0.141892912987667	0.167247505019188
-0.00655321427249179	0.00838283135590635
0.0531504900783966	0.0644253497290453
-0.153436461670035	0.174830626255052
0.193863103485518	0.283997098367909
-0.212800967546834	0.33619040861769
0.375678106447198	0.549854191768795
-1.18928424222897	1.56551289107737
-0.280584876200623	0.190598611646934
-0.227092295086582	0.182353069271252
-1.27829570221543	1.31733421795774
0.200570803811838	0.473970824232804
0.308165393343723	0.73826047787524
0.361077361137383	0.561818596699245
0.133230984483696	0.103953848088003
0.41767079102617	0.246585744066643
0.398011930052315	0.960655453503504
0.277902210384582	0.561062456513916
0.130419700466204	0.195554746424045
0.101916892426234	0.159232757200904
0.0449599455497845	0.0561451487683295
-0.0947961398636162	0.139325256388418
0.0811894844736796	0.128518510663295
0.160717727570554	0.241733894876563
0.0639411903949243	0.0658167877404358
0.434876507843974	1.01266306617355
0.177149358372754	0.288823278682728
0.465814115979621	1.17303672563507
0.113040076130501	0.200595564116011
0.443329250319194	0.998271869408258
0.210896749660431	0.171093682377449
-0.022027200848605	0.0183706172478044
0.323600206050045	0.461742607507244
0.300251054611564	0.531146122246529
0.358325180161321	0.467383703437855
-0.340668361568364	0.656603438960918
-0.371819556236557	0.658383549819599
0.611237224239148	1.2134555821996
0.204949187638772	0.323290180951566
0.577090967914234	1.3318999074918
0.22087514183481	0.290764256961295
-1.39422974749738	2.40260470280666
-0.491803819150793	0.287775534512151
-0.141167379124092	0.0632956580241923
0.0320354418021037	0.0221267089110415
0.115277230787566	0.198388687260856
0.113515689823872	0.195921786916366
0.110118127331716	0.172858021197141
0.205387849369712	0.498468595828892
0.0142491930823084	0.0287361155559524
0.0835598956576239	0.172946706939426
-0.021255691701109	0.0312109466419037
0.0941718102661602	0.11500905807144
0.0416401990105591	0.0495978708689144
0.282482401454162	0.401510835442219
0.229916049165687	0.319151324236973
0.00527354285558328	0.00553948780999225
0.139412051112836	0.166546315758992
0.373958002339763	0.578729796231091
-0.0464178500283035	0.0671403482383816
0.273254945013028	0.453543178321615
-0.076454327855395	0.0795800395668602
0.20615120612676	0.31378370693012
0.094799033337968	0.11272981472871
0.245669403702679	0.533104571369961
-0.0775759635059252	0.107388684948678
0.134173063155885	0.169641609362279
0.0889121279168287	0.112696844842593
0.538110406172858	1.10816145589912
0.354341338534648	0.858736038631996
0.19283420399441	0.371043961312398
-0.0345446121768832	0.0419812705310707
-0.0284248738141014	0.0460740592512474
-0.202599103822936	0.349462266243196
0.155093407587405	0.246036656959864
0.0447430349730593	0.081090611329824
0.260982092220608	0.531012895391709
0.390414144996474	0.928990866907372
0.346359486514891	0.810343272422965
0.111884480935502	0.18055671730908
-0.390089677820409	0.831598598713873
0.0291867729925645	0.0393412878854532
0.0696565687199556	0.0677917545149706
0.245242711340149	0.525296830667856
0.160028051757834	0.278990983959886
0.431509387957785	0.781346143660883
0.142344095695544	0.2160669779699
0.131842332586422	0.216969591447001
0.142750725326794	0.216119048058329
-0.338191867031283	0.576559743226017
-0.232216588799709	0.354988579290049
0.136078248493632	0.203111793406308
0.0120276398554562	0.0134796969337427
-0.0856603358682356	0.111469013927058
0.248052316652071	0.297750345363016
0.46258421177295	0.97230903761456
0.626198574043461	1.45545655733575
0.574657565021938	1.25147979383729
0.0694352298966923	0.0947246679684829
0.699022360365614	1.59116532615522
0.264987542953472	0.476984455811728
-0.00189618742775752	0.00232170164064449
0.206748920968378	0.349965030973424
0.25099903082939	0.44416510860794
-0.144488505121431	0.205030609221307
0.409589892270924	0.800524143806271
0.577868838206444	0.834703918064938
0.160365413112366	0.220190500820265
0.0122850383046547	0.0132489760609278
0.253817097206106	0.347917346299404
0.330722504304761	0.53995480418711
0.259802724170957	0.367795099926096
-0.227388083242647	0.322883709588513
-0.0729477506779612	0.092099258331799
0.436357497367877	0.953486932712323
0.530033836439552	1.19503203005849
0.213182228275726	0.305051709942869
0.533261673011454	1.16578179591296
-0.439105747464311	0.701522333540049
-0.0568768326446838	0.0562065636912794
-0.202782672541494	0.211787286959029
0.0324959464610769	0.0268666779724068
-0.0855773180320254	0.159837843856711
0.0063811262405216	0.00873267920715188
0.16191516356842	0.291998605984211
0.339416257040511	0.719252748930199
0.115692694318214	0.187249034799096
-0.0259617009154614	0.0359506105746071
0.31718514656882	0.59249699620054
-0.00223188096168067	0.00317578675557598
-0.0259902756327198	0.0382589957410012
-0.0607886608988445	0.0814273462843376
0.0103420105197172	0.01384212978806
0.118812764771205	0.156699142424835
-0.0367234538727341	0.0447132383707189
0.283797840248854	0.456951435240345
0.0339952563239058	0.0369503979795843
0.316777772327089	0.656312822189177
0.28008467687793	0.566515832415212
0.474251845088462	1.03452531309948
-0.0600889507365386	0.0816553750900708
0.129768446628048	0.205085235208471
0.309644592691477	0.621815822816379
0.0782286120984852	0.102769975547189
0.334981687455187	0.670380367146714
-0.232986498871962	0.395751539121767
0.0291040056361527	0.0387963956441307
-0.442837470582488	0.859718725398574
0.325987588792059	0.62503087200042
0.161007942487451	0.168043858237162
0.405694527233958	0.538698084325192
-0.319800387449043	0.422333222615533
0.195603716307361	0.288521289778649
-0.102672745729687	0.132893252795115
-0.282555549200039	0.425379964217115
0.0333025227771577	0.0394090356361775
-0.128165454400064	0.163630202757835
0.22936862653221	0.332289488770997
0.206113743272658	0.313420073303357
0.11168078836909	0.152363791442106
0.118998557485975	0.160114637214059
-0.971333225022417	1.81888658960082
-0.531617265011414	0.678301359275173
-0.587868046901599	0.785641916547783
0.0436760256598861	0.0367654724325544
0.0241138526084547	0.0455988866820948
0.101718688241033	0.205453815238943
0.266646223742625	0.55248248284017
-0.161171544747708	0.311457180558709
-0.0431157128682906	0.0706363995403953
0.394088699666605	1.02604404179223
0.0853080612657327	0.145866344202116
0.0277692650705476	0.0407337356693019
0.0717471286702833	0.112141735857824
-0.138680081265879	0.238684288027758
-0.0413275324929429	0.0493878780984845
0.445576076060147	0.357848911321338
0.208985737350203	0.184671504884957
0.132962974613647	0.191743561524323
-0.615215134975752	1.5695471185933
-0.0941916276852797	0.150009186713869
0.128783071699061	0.195640555311269
-0.0430568985741095	0.0562624783023486
0.0946168078359573	0.138456411514356
0.197609551133251	0.314440760828885
0.16322846720481	0.220340791469335
0.140981527575491	0.216070523095375
0.344281275157594	0.563284469548924
0.155493104020051	0.251406134645362
0.302273711380895	0.362754819388943
-0.145532797555564	0.229529712003994
-0.55781502295608	1.41568910083658
0.091001760940216	0.134801520078161
0.0359747916983351	0.0388036236465307
0.0404831240643893	0.053716265571033
0.0275153428166187	0.0359944787833816
-0.313164282741057	0.604012990493574
-0.382849544967456	0.698461076055744
0.191329870866422	0.258376286125011
0.622544707510049	1.16581227698848
0.104894614409036	0.06897159999195
-0.372823009066655	0.341191309603178
0.388951704639333	0.456111034700908
0.581444278025809	0.84672183362814
0.185522255273043	0.259078294650275
0.563678690653466	0.892733596915129
-0.207575678623793	0.295421766335802
0.217122429572672	0.294933869542582
0.537530780471072	0.96639975642596
0.352322630631782	0.533978997158361
0.18892861125531	0.271045786932463
0.268968816230455	0.305681812848699
0.359015336277608	0.357509962527292
-0.481780859294703	0.465214208807472
-0.0629347284648419	0.0438075419028313
-0.979391414675245	1.23318484011416
0.169654378876735	0.383269579817135
0.022353196748172	0.0445422121786325
0.0555477270698248	0.112878530057988
0.325207641830685	0.822457569710402
0.39360059764692	1.13686036446756
0.0495727406091063	0.0872973768868481
0.102724739003602	0.203123621452945
0.562607749475342	1.7645790410326
-0.126502087619275	0.22562991450783
-0.0364577513580669	0.0653985109346397
-0.045625662205747	0.08105086938269
-0.10924371018226	0.180536184298064
0.11177366026738	0.158582049026058
0.214901430355177	0.190918277749632
0.63468433642365	1.04293584643336
0.29029022744729	0.523427501609556
0.0352877168665767	0.054546474769087
0.565426502231524	1.68815319710256
0.230644065744241	0.466779452898323
0.444344257699637	0.979436398019554
0.0400119889577593	0.0603184875401259
-0.0697869442954775	0.105449827563686
0.138285999078581	0.210772270380914
0.0032101094974818	0.00446436049222927
-0.171094079394496	0.26491994247463
0.281694456005415	0.584044517909534
0.302827637482808	0.617324739295461
0.154492293585929	0.250573500251375
0.4111386395369	0.935368882591099
0.0697335031524198	0.0651361094432372
0.13064172195445	0.0950471064139676
0.372694593118467	0.596711119248969
-0.1110073216147	0.126205774793718
0.185870489000409	0.329549433044421
-0.00396404491139898	0.00548999546885646
0.0196945133763224	0.0297521111239696
0.227819949049697	0.436055596523176
0.0783244432363203	0.130969300446893
-0.000462359630219359	0.000532400379049265
-0.138220788359184	0.207797838042643
-0.0169545203010063	0.0236363916771843
0.149272388555626	0.25175647139767
0.315212512826299	0.586096832706493
0.384849719131105	0.6363035952001
0.339081504513923	0.476066795067467
0.139188645352525	0.11333328394726
1.23807331669738	1.57373197051949
0.722741565161439	1.08055353809067
0.000336376972441056	0.000296687308335037
0.162065830232442	0.229254430585763
0.171950708474605	0.194378037886044
0.241850683906091	0.398414104456241
0.616033785931412	1.39269726692038
0.287380029062933	0.416057137661896
0.539663649569983	1.10486308575102
0.220484359729774	0.362469258613244
0.221207170540919	0.268214478772397
0.428984389412461	0.522926671965393
-0.788587499410619	1.0820013312201
-0.391375467994163	0.434800857675255
-0.489740504458263	0.336946635142602
-0.232513751587368	0.63364972328743
0.0157233624297483	0.0313335083883869
0.138051204801992	0.323563843815397
0.240761470874134	0.632028156735136
0.238352369048838	0.552479570047088
-0.108354900546577	0.211793568331703
0.315581836844292	0.831308855223101
-0.265728325465923	0.610362317370662
-0.109342290505682	0.196609696128301
-0.233261665908239	0.523888074005756
-0.127697172602863	0.238443407583917
-0.282256556015865	0.610980067515643
-0.067757349003476	0.103974127620876
0.494716420180359	0.712977304007679
0.298441535639578	0.576468361539141
-0.0510030427718377	0.0455119614720891
0.137287596577901	0.117573086088297
0.401880492343047	0.920011118261089
-0.0363950299185655	0.0588453799408581
0.111836247353654	0.158567558451179
0.328682153859935	0.565351989868293
0.0148922344131334	0.0202233346814489
-0.153676758186728	0.25301797123134
0.280550241820425	0.498561403523947
0.0911318473191475	0.142977758163091
0.0808930843353486	0.125533064854287
-0.123921302116172	0.185822581519509
-0.504414785846907	1.19043861335977
0.159003011178541	0.210142011196387
-0.199445327646934	0.361137291832734
0.064268405460037	0.100930610540814
-0.218974452075475	0.395895081768012
0.141620520954612	0.233113280294851
0.0560576575133888	0.0795924545739898
0.144861051138498	0.217561639971194
0.207450153394133	0.247632189348374
0.0555566700942702	0.0514643611712471
-0.0794632908103608	0.0627775982579943
0.0889683303782361	0.0764009802516636
0.0782939015635057	0.0924739172312952
0.0863522831909847	0.103883227327404
0.148298219204803	0.182751884164599
0.0756497353922353	0.0901570514101221
-0.0837830592468609	0.127546581790306
0.578027435375316	1.58846916420819
0.273326101246056	0.55807560116387
-0.249742360614083	0.460838396231322
0.19944229431441	0.338666208511028
0.356874580738744	0.651346540935021
0.209451293414727	0.346031522209286
0.236025881255237	0.410110650780599
0.0739880228427383	0.108805220932899
0.5215887184313	1.17651845074155
0.165747669503823	0.245410603657436
-0.15496879281453	0.184199221810227
0.216444458219388	0.171455592561254
0.048265471926425	0.0349471445685185
-0.207077573171452	0.228635537686398
0.118963946009374	0.149786423302728
0.316381650415071	0.582255638533319
-0.527267980360353	0.854263706811967
0.170638860903883	0.285969032926284
0.44398651752161	0.913409387077622
0.372955037363953	0.680530641072788
-0.161025533115374	0.250255346729833
-0.0394288920420089	0.0484405006208181
0.237488316728715	0.354896659855888
-0.752380523722621	1.20645266292452
0.204456627118141	0.163672800342785
0.213159829989186	0.139426241201143
-0.466206199303737	0.440103303042198
-0.235279263230723	0.690361695280403
0.021227171361098	0.0409095570263341
0.0845269034283525	0.170180713518544
-0.246385700041361	0.540604900326298
-0.0556385951074789	0.0975449927458213
0.106129709941727	0.193504722546305
-0.189613688713009	0.395221069787255
-0.117257557794805	0.204795971928301
-0.395738138249886	1.20774356699162
-0.322414362764587	0.838292390199533
0.0316300269924923	0.0476364216002299
-0.422683844263039	1.244792825497
0.0119448514261898	0.0200395729941522
-0.169852627023724	0.315047542922085
-0.0247853746850749	0.0409360600381054
0.0198837450698824	0.0276312978627428
0.321524297924944	0.566463703038551
0.0352132817621707	0.0552023624675191
0.0571722083205685	0.0899021129333021
0.325783324059179	0.542892098039339
-0.251378543744282	0.363482558717966
-0.126621818855133	0.189213764717758
-0.121527327203926	0.175987632374528
-0.0768550606768105	0.104232295972216
0.208374795433444	0.305080121814723
-0.243470824877578	0.416678570197031
-0.224970933994991	0.30362302405324
-0.16748802021549	0.241074620831519
0.663436147877677	1.51571470303135
-0.215554820818792	0.323039910407005
-0.0392500381801524	0.0502679750714532
0.0449367092259926	0.0579609753514826
0.212849082126005	0.378452016649879
0.0491297534528133	0.0667225409185775
0.186490263592701	0.267358569212645
0.0468559453152076	0.0591186353335476
0.0937034536402886	0.122394873462729
0.13941533444712	0.193585777543929
0.292374634605775	0.401835033912592
0.132756342020132	0.181115147990135
-0.207200879294194	0.348000380420382
0.345286924008077	0.642839509720039
-0.465650897629121	0.881228444922532
-0.159372830840375	0.239422166785487
0.254699616566292	0.406761505312959
0.0919723080494409	0.116746062358703
0.419022134706061	0.784863684225152
-0.0685931583635729	0.0888516364373457
-0.451420623986347	0.953020479877389
0.0558923633586596	0.0794708784808656
-0.156057627440998	0.226792358372547
0.552551095947435	1.34984097098382
0.217480360196757	0.323492474087756
0.131045879929344	0.172919081411455
0.11296531979607	0.186410451252668
0.283668673630306	0.56281780766632
0.284134582056659	0.370592045315582
0.531841296716397	0.800512127820249
-0.710918035269738	1.55640801142833
0.521489805652636	1.23073178511142
0.264428365734284	0.493431675537807
0.530560922946605	1.26293006342568
0.436759182469391	1.02592675600387
0.453054902479091	1.0370560575721
0.509743763511966	1.30994254919435
0.424652022021136	0.845416835564948
0.36722997963175	0.785912971079456
0.155719919417003	0.24167760492245
-0.339665809152515	0.514399975049218
-0.714322509254753	1.14252754546913
0.362145503362495	0.437085247295128
0.341252002857649	0.454082243788959
-0.299386518286982	0.997104713056163
-0.0698357217463971	0.160822076449691
0.119963688343654	0.304177379971683
0.266407880248608	0.71744329186971
-0.143976246327215	0.314872699244511
-0.102575590245231	0.21253867348641
0.167551260608685	0.377994904026283
0.298755341525143	0.740621775732091
-0.379793030078921	1.10600052946377
-0.215687423321149	0.528726353778429
-0.418184497306122	1.30613674471312
-0.47153957691943	1.38241794476175
0.063717638138337	0.0955493086406519
-0.0390462512872654	0.053932092834653
0.331725085425774	0.68828388000295
0.389784382150521	0.759746763607902
-0.0592976679895379	0.0878612062366468
0.583339934702849	1.58794151510381
0.262700270333736	0.495383002428817
0.0605127783668001	0.0893617329760814
0.0467361668125306	0.0656385436473362
0.121342847190866	0.193453131537709
0.401295808035619	0.865973165313654
0.348886923997405	0.542785785872709
0.274825063076995	0.488812779370254
0.365402699932968	0.790187950390041
-0.130360363205626	0.220670387271274
0.133792603164884	0.196981045573081
0.173279321668431	0.278984649367787
0.335955190410333	0.706164221895957
-0.157095922370339	0.246032588530879
-0.259955877282165	0.48088309550613
0.269640665566197	0.449462766555402
0.59657706601603	0.957615410192785
0.30984002315085	0.402329505094851
0.167937390872552	0.238381665084845
0.217991555625857	0.172880842426993
0.146132625630131	0.134944187851566
0.214480524829313	0.281839987958442
0.180446928789221	0.22831590482234
-0.00411437914134264	0.00414320078477434
0.166405510404116	0.216531460296239
0.0834260383286491	0.120131759260147
0.181643011698716	0.28099788944695
0.171508667003955	0.281693171227953
0.273836271633517	0.597993743115473
-0.134440520251645	0.202012294282195
0.198327050384526	0.276673257083722
-0.119142647625711	0.180678074557601
0.192100681806269	0.331987770306071
0.258001715015984	0.444026350394596
-0.302993171767515	0.587137838161275
0.121384579573814	0.151028310456033
0.342607944134198	0.479996161104049
0.554012583859275	0.55377635605574
0.0715197713354871	0.0577705831989691
0.0130713285642878	0.0117687367454096
-0.241015940616991	0.299762441525227
0.06340779237643	0.0720209575972167
-0.213633137837615	0.23677923023253
0.317068843701351	0.536366172625595
0.136323415126941	0.180125786617966
1.0775113467344	2.43726328144863
0.291883413439336	0.484511425512419
0.0632520862561368	0.0771873827401258
-0.466968536160451	0.630598747027588
0.266986951231006	0.278957303588707
0.0183148034849573	0.012191108903836
-0.372309515225604	0.337531203587107
0.389302219293638	0.357518277063739
-0.35197059267038	1.3767686667943
0.209073960628351	0.692503049297315
0.0397733694021277	0.0906614085492003
0.468144150108157	1.80146750067373
0.203366128022345	0.554470211026203
0.185744478711724	0.470492767588293
0.223773139894244	0.592483487797149
-0.0253472387598729	0.044679794775433
-0.0932586431792662	0.181174968374807
-0.130691419977698	0.290155743939874
-0.23582030800566	0.581143982776071
-0.112675194763899	0.211810720322807
-0.0191131823321697	0.0254108819730556
0.106052198117142	0.0997723059618131
0.0216170887234935	0.0284653053496109
-0.00101688954226756	0.00086162678361213
0.540919875061711	0.561015171933252
0.100441012190996	0.156592765996564
0.0600515091760842	0.0535519038490817
0.127435100820986	0.159769121896335
0.276733874525856	0.332246384442162
-0.10260323959359	0.164648036649138
-0.254975891899434	0.483315472609392
-0.130400429332206	0.201458744632872
-0.233325409774857	0.373578305732376
0.123979908971388	0.204839925580895
0.0249944177882673	0.0341023167873544
0.301809890584512	0.631233412745723
-0.124053304018594	0.191451596292433
0.096099638145001	0.150325768434418
0.197350636858711	0.319349052258808
0.476489420803365	1.19330649480413
0.748383189052602	1.94596987635143
0.161876854305938	0.284066504015684
0.353123137202179	0.794820896124886
0.121753483701292	0.193991424329833
0.221199549193133	0.346585989480988
0.0949692912014037	0.149403701763217
0.871770665701351	2.92229557098331
0.413000211064441	0.910492233317239
0.319498996430904	0.648397946515664
0.45064949137768	0.969737011545765
0.246492864016571	0.293689417516548
-0.17260597664688	0.183217761388969
-0.246254196383086	0.292970077919872
0.416217948391532	0.449800876608505
1.00150167995046	1.28943654057239
-0.373439579018999	0.338293834178068
0.0474180967807194	0.0536069824964497
-0.0768162880228681	0.0807328196884857
-0.136252422849348	0.154426954829365
0.687464981599447	1.37080791691879
0.236080795185757	0.430865367559715
-0.134471080175013	0.206716771058538
0.142455404644257	0.237941462526314
0.277533876126305	0.550371946204211
0.169644502271773	0.269093023598486
-0.223116291049076	0.339414634458832
0.0775414641594649	0.11101538340505
0.350921924317855	0.752401051566587
0.481699674484896	1.06307532502235
0.390196985403024	0.796093587126408
-0.167646074188427	0.22071579832328
0.26557626783581	0.292342180347169
-0.256744881192731	0.203445634797161
0.51870292861404	0.455927692836898
0.11287661766123	0.104757692570167
0.375340729766864	0.51701858150752
0.011168117275944	0.0127339486683476
0.159565896625457	0.157579635397769
-0.183395868344395	0.260577163203074
0.425101616625132	0.787891582517581
0.157975773330431	0.200497978007445
0.116731034018751	0.148317057985976
0.215987573047187	0.310979974864736
0.45971218453714	0.712488964798785
-0.34997435061569	0.421231057688433
-0.0916834497938854	0.0710079470518036
-0.614799094625109	0.540842968790279
0.225562456602108	0.16321431611454
0.0812045182579992	0.199189538256024
0.297835851367242	1.18142860597981
0.584392737417708	3.06732265877976
0.432378223432665	1.57600437175869
0.472084079420601	1.59846346099114
0.0399123129771105	0.0757132917871301
0.288560536266769	0.739580223577837
0.210045378939465	0.473717037845265
0.389601978665721	1.12145481538891
0.197018142736594	0.469063992032441
-0.161896688416371	0.320853064810699
0.0552525622822084	0.0882034892040641
0.094548262936755	0.147926103019997
0.168379939477737	0.180622636362885
-0.00520062144869195	0.00634869124486329
0.0624274935460292	0.0872806565637286
0.956201888232923	1.62386114113809
0.246269933084349	0.376865690927762
0.0498523485287796	0.0491097079832405
-0.156856473641175	0.239078621895746
-0.163078424265731	0.254633198077781
0.106091786588581	0.14954554881739
0.0640271187093075	0.0801239591211065
0.0558147194757339	0.0764377024004155
0.365165575472433	0.74653598869544
-0.146122446842787	0.219443948501195
0.160890364029913	0.235998103565066
0.654824142970876	1.67698645018483
0.127942493659359	0.192507666003155
0.364751126126368	0.760837930747861
0.350119237242257	0.654877514700751
-0.182027893935514	0.237167554772299
-0.168508434562802	0.267619498757793
0.156774220399846	0.247022492396527
0.0180534269393208	0.021844144040694
0.0934113918178091	0.129258612266536
0.695077951101054	1.81541587254163
0.814066693586329	2.31360593338602
0.217012672544895	0.350577036298704
0.0579426989359449	0.0754295248765522
-0.212534978717204	0.357221376533594
-0.0780316490444566	0.0967274288258901
-0.134671231337721	0.147126750593881
-0.40575670912478	0.525074066086763
-0.131893335433144	0.149799295700115
-0.0204106735879073	0.0169094086771217
-0.146819066878982	0.110135900680529
-0.65742753838216	0.64069038033569
0.577910459937684	1.00194362089288
0.847163756615304	1.80493063308454
-0.108716993299791	0.118944891117429
0.329195708169144	0.481617355717604
-0.0409289623698768	0.0508678681624639
0.288558133565781	0.462026079346291
0.285154698493492	0.540351281112536
0.0142515740871983	0.018661311993132
0.00904210141587159	0.0113831352200938
-0.0471377450821767	0.0599192883463344
0.0265669557144749	0.0339843676403895
-0.100518602584928	0.13890905226298
0.266202559077685	0.469261429305001
0.51891912656856	1.1074364900707
0.36027817624568	0.576929486392394
0.351659943463863	0.54461922628802
-0.420460506929793	0.308821077707482
0.123063623158245	0.0883814246720903
-0.293544010300324	0.319966561358495
0.247488232551461	0.280262471220804
0.168544032373608	0.232904808101253
0.110750461828339	0.106887842078148
0.153998373940533	0.222748552508615
0.256039250484206	0.372355890223549
0.42558775663192	0.618253821963835
0.580545166006085	1.20521390028246
-0.266179299920855	0.432479464749464
-0.0235300237006915	0.0232660932557124
-0.73561315922692	0.969336354678954
-0.974428498521662	1.16223256961446
0.333566398611077	0.247758527925775
-0.11815323824327	0.0995149352212439
-0.239513375570061	0.842943090159312
0.30960900364245	1.39373365415939
0.479886939263632	2.56923647313929
0.5199763334172	2.44429216204501
0.242564421976323	0.685070618077398
0.552641799154575	2.34902390928344
0.227231219629357	0.605674243190321
0.121379365439821	0.233863695818663
0.141586577049832	0.304450566637029
0.18977891755532	0.45367863796781
0.0938783015273729	0.19441926329544
0.284422800454569	0.660777369979938
-0.274320016807935	0.540666694892392
0.40245576088339	0.648905343197408
0.283551154117399	0.511194966737405
0.363829792021808	0.36059549446002
-0.104606997699842	0.0983224188431933
0.351906517568671	0.699820153710216
0.143777815485212	0.234202194075399
0.262243229126933	0.624901979839282
0.549991169633242	0.821799181833488
0.0310859193020363	0.0356888166392494
0.262751700769643	0.325045382636112
-0.372299061966099	0.701944629520023
-0.128751565189516	0.209512485978141
-0.0960435795133023	0.142072577167693
-0.229882773015016	0.379303623949902
-0.129271893153471	0.18174367445087
0.527590617876674	1.3476561921909
0.53268780332474	1.3378890758456
0.378169519346	0.703720299831452
0.525529595923253	1.1500067277536
0.19357492435572	0.34447509885368
0.988474435798988	3.03466130368749
0.185168861663664	0.280354883824617
0.419256484120055	0.702741774923141
0.194123494480361	0.317718056819912
-0.00588783865237441	0.00790857938363243
0.244702346213651	0.446924499937587
0.511557752758179	1.26993728614272
0.194128882227215	0.308470218024455
0.175193856833655	0.298653744449732
0.132194760749111	0.202521642369801
0.18419790367722	0.297494772249113
0.0556720303579623	0.0687166010635523
-0.486073376460028	0.915317237110142
-0.240566955870893	0.274394634722146
-0.025240435698626	0.0251182467411753
0.326548187066108	0.482007270715627
-0.309542805581959	0.357402922558539
-0.0475209939865326	0.0385146954229917
0.407867849569946	0.446988045564426
0.0133448751614212	0.0129327258111197
-0.101876356279965	0.103937084478483
-0.0592109272782258	0.0655172546381615
0.503120541023687	0.861792085400481
0.167012416752336	0.240470173423588
0.370622028679364	0.65338108487571
0.608735928577378	1.5122095499175
0.117736167324895	0.175996419077331
-0.0499608555314529	0.0698661987085447
0.505800813925536	0.99653780231643
0.673318866845847	1.68710311051848
0.209549981099705	0.365361560669855
0.37599237552343	0.688695048546489
0.0671146542735912	0.0795385069063041
0.0510158716542962	0.0610936178758535
0.0305994402854372	0.0297087247326113
0.341753375824429	0.238901774416259
0.310153797706386	0.263883366326779
-0.740379841000161	1.25876709183245
-0.150550993228805	0.167387805538072
0.0985230893006361	0.116564781698029
0.804559324168672	1.39982300310207
-0.027096830176274	0.0332245724738789
0.177447380121531	0.243621369108983
-0.334284502045564	0.476564281591682
0.519634813284541	1.09708467928044
0.36866051930102	0.521854943490645
0.330300334206128	0.446530714255347
-0.205521032674668	0.200321028043673
-0.474435598458055	0.44606167237397
0.102384498780656	0.0645321405514565
-0.286003567465199	0.267321742385573
0.175549990430091	0.608217181442588
0.524434151874922	3.59181342783249
0.697537234894342	5.23376398657994
0.473222813595677	2.25180151380741
0.710293316742494	3.87024618417899
0.501049298087902	2.12440914230956
0.460070943080683	1.73706655189866
0.287138883401778	0.798173984154655
0.152696573623066	0.340461357775733
0.120070045967748	0.265421185421
-0.142141762743931	0.286853083291445
0.00158709510025485	0.00248269296991817
-0.0993259760425072	0.152591438179124
-0.0806918310457713	0.0772736425917993
-0.0767166454944208	0.114408704093472
0.437391440827769	0.542800106609893
1.05950927084153	1.45728765079232
0.115598428544929	0.116957070843545
0.00274065574909787	0.0035989795436777
0.0715697278960383	0.0981895709891294
0.0826003077939275	0.136136279666882
0.101367262942699	0.172488358308027
0.215658080225309	0.244431721775465
-0.0733164741750898	0.0880023249038599
-0.999898220063395	1.92760202133652
-0.179842669640715	0.278993607365603
-0.256098608385583	0.484053724082503
-0.375788349264608	0.801481068411163
0.261237394245157	0.406349399821108
0.047880461453555	0.0687490339051537
0.247008220864292	0.434394602427709
0.0904082365643536	0.146256065580024
0.187211820878803	0.335322067501133
0.249089268866364	0.428620911417163
0.229181657030983	0.407166226374178
0.583384168817473	1.62483916799361
0.380539124119607	0.778247132803682
-0.117419856673874	0.176743924584844
-0.519739405972444	0.947475489633499
0.383216977053698	0.813173207656003
0.17341287903688	0.2972587549821
0.313443681882367	0.628733415843298
-0.300910286910436	0.58114964793391
-0.211848009721435	0.302625326114146
0.243547715464264	0.424584206061729
0.245774541825114	0.436878427856084
0.321743368676172	0.577220152757827
0.622460183830098	1.45549324629762
-0.49656377175305	1.03110203412817
0.527448655708192	0.989952503822807
0.111967888927551	0.126113914646405
-0.00318557675347264	0.0026883943764831
0.212095137940209	0.270337224684107
-0.36858835888791	0.413955125636951
-0.264480924850486	0.208972457030958
0.426091766561417	0.426903003874254
-0.151325315001954	0.172197992641136
-0.660307426913753	1.05508715109284
-0.136013605047725	0.156550982637371
0.143967390911648	0.170159788661022
0.490259721995706	1.12072028360599
-0.0713451451951363	0.0970883025233783
0.164989315726564	0.256487460541833
0.0690802897519417	0.10602441508292
0.290546039830276	0.500307902899092
0.78691862341831	1.90863960742231
0.0797194986002579	0.117405218139579
0.325092730606834	0.636618538567846
0.146097593947949	0.229596927847761
0.037961754569821	0.0488932111427773
0.48858397922607	0.997029144295572
-0.706680620644602	1.14098922913226
0.425229773776935	0.352946521244514
0.472788262480707	0.44658333884245
0.265021426818202	0.278200283261489
-0.416266941553688	0.590539799668982
0.249599416872707	0.374700618104884
0.274522547504289	0.302759773465129
-0.215869057473931	0.319776041902978
0.377430854169578	0.623163229667333
0.475727769366855	0.776123193113306
0.507601779668502	0.964054499475894
-0.592487069552957	1.11301417389499
-0.114981778786744	0.125483216390223
-1.18153689064549	1.75864519457486
0.133975178938298	0.10324099521776
0.109776752234238	0.0727501657042446
0.297990286828585	0.262179134130474
0.566776025158967	3.87308892903818
0.828240311885292	7.49281719545548
0.720747804569044	5.37611072814529
0.647261653788637	3.19057774640698
0.484922222375265	1.91173395526264
0.600603823830298	2.5689036830413
0.447257056636159	1.53516864820056
0.0170327321018775	0.0274558505727213
-0.0808833583865002	0.148213066669892
-0.172756621264985	0.37616644458531
0.121870364032866	0.231225965356333
-0.19082647546181	0.368493587999746
0.210264916799738	0.378254517068283
-0.526788778655598	0.593192903574403
-0.222138613135254	0.351990056578027
-0.130087786298397	0.122098214304534
-0.304644598795616	0.263426542322112
0.567340089887396	0.741045130904391
0.128240144143315	0.180088121448962
0.0810339532894812	0.117438995699432
0.166166614759111	0.295618063959555
0.151733703441315	0.256118985687118
0.142923068381828	0.121475957326851
0.141301265040914	0.175805705164417
-0.145037914928747	0.142947702490871
-0.494963472310225	0.866778794506349
-0.546570327674372	1.08121527323471
-0.402502419334437	0.652580550920293
-0.758651996704972	1.53622271054738
-0.0851927358197271	0.106121161007296
0.0458679075979235	0.0574359835790465
0.263856515178323	0.494566480970179
0.556083631744478	1.24176962136958
0.289545194569231	0.483321620411826
0.465397909530874	0.905807801641029
0.393161309260801	0.770457074989954
0.292443502938429	0.393390745412523
0.343907861817122	0.617309176524859
0.630866484025518	1.30311896960701
0.101377550516311	0.136269534997973
0.588389544582526	1.32300459970494
0.0555394038744593	0.070013263129509
-0.358338588988751	0.570725734794493
0.965426724097082	2.78819901031248
0.420320128492453	0.770508519133266
-0.00604042691631805	0.0069422172137569
0.298281127805142	0.532716128162037
0.368166374460751	0.61600593492565
0.577294651520877	1.10971444740452
0.0228360593278535	0.0242087505004528
-0.236398402131646	0.263113828442869
-0.195309671017697	0.192945025111714
0.336745201043326	0.365169953165159
-0.0733668585032976	0.0546366027774936
0.424018211001011	0.354099935813074
0.645517120674746	0.599616410675384
-0.62499236623719	0.828929970218377
-0.248258942467868	0.253843001568224
0.298096402966775	0.381648341761979
0.304456253885521	0.37540350665553
0.631430369312476	1.42142286707712
0.254199382935751	0.389578879692779
0.362691711468091	0.566987118856762
0.260124626965378	0.39697317236595
0.246575701168112	0.390145976917447
0.830470247004686	1.51167125115231
0.451665404365481	0.769633791980423
0.492215950863963	0.958868658462136
0.48507319194931	1.02853398391305
0.0042128714335358	0.00420624825708142
0.339873101149931	0.449941603077425
0.271718114463462	0.309242084373309
0.231648850981476	0.129789600877358
0.595633861720525	0.465509548265736
-0.468757656703416	0.545241221544775
0.364993145229073	0.477956420300438
0.252578666764308	0.336929863369622
0.0123579898419891	0.00962631160111699
-0.0128831623168953	0.0118798688789001
0.384272750228624	0.547021310506367
0.387540719664389	0.454238493562013
-0.0268912975829665	0.0287269847152619
-0.282996154658275	0.343621852858718
0.879803063997666	1.38732311284547
0.447519113474938	0.35963929527856
-0.170458232436597	0.125042243994692
-1.27525860890174	1.28915174168422
-0.706436941612191	0.639178591905083
0.629141454076558	3.83459068216432
0.590214659048257	2.9285845878863
0.52650598280571	2.42085942872489
0.255739531181927	0.747017641486134
0.21287852599907	0.549466693268324
0.200790285810271	0.494793873371082
0.0157573825113875	0.0282383732792466
0.110787992640169	0.239379801456811
-0.187657127638547	0.396375976190621
-0.287429468395865	0.575654379914
-0.641583635993179	0.923405645390716
0.226891262968482	0.421533747030275
-0.1088579164852	0.111554993554829
0.214749986219668	0.205958980210834
0.842694469456651	1.52495928394151
-0.131789961890552	0.193102491405626
0.257365244744889	0.458539618662207
0.337437729647065	0.78917072759602
-0.042101582101995	0.0682186583294606
0.107688271372679	0.180231376211325
0.125329833375189	0.134483732116985
-0.173332081904034	0.236898084411892
0.686163305457403	1.04944228761454
-0.364486344571646	0.711051934142202
-0.292841532208703	0.52426683656988
0.0417718975848537	0.0574949526774083
0.559805411168898	1.08721655272719
-0.0907055845733865	0.122578925048799
-0.00510123285252442	0.00591653848258722
0.54801104461485	1.39029840950852
0.117887644080194	0.186404970861036
0.222252790329787	0.340002343724061
0.288292596563233	0.514857408356889
0.0161722377182873	0.0192396691270303
0.907387650404625	2.60369081267753
-0.12609490398351	0.178119203456358
-0.0836485948382694	0.0972563774622944
0.113050719839583	0.164994092303848
0.409815624152457	0.8418495234701
-0.000178082718277348	0.000249268364142796
0.308745199730588	0.497775789116561
0.222326728582571	0.352465042876577
-0.0109866299737485	0.0138609005343585
0.251584632766494	0.40771935497842
0.332954702131647	0.582349730600615
0.482267695005557	0.891814773590922
0.0840444781623207	0.116066921420655
0.0446766951459098	0.0538725968299368
0.83508405689824	1.25469181874895
0.312975564245833	0.356302860839875
-0.237047613341936	0.303543025667972
-0.170212177240399	0.153653332325023
-0.16385874637544	0.102375508912766
0.71828980905845	0.917481037966653
-0.234374284511174	0.277511432522021
0.00508890982022108	0.00480300103441036
0.0810440065257806	0.0833743920596228
-0.172273578076861	0.218654653845892
0.575632912755981	1.3464802579431
0.319063463921822	0.474352837567071
0.296246400403963	0.507155864930272
0.251700446798997	0.412671705485118
0.110927728627207	0.143963341355694
0.311568680141244	0.47753126912634
0.185089532767736	0.269741308333973
0.432725786816486	0.810762712264975
0.262636890924744	0.43827927419253
-0.399884707961896	0.665765848186558
-0.815294974815417	1.49878019388625
0.797841788937205	1.30352677091659
-1.26820511112895	1.30392999335682
0.738956235239089	0.914630778665144
0.697074569035913	0.907599172582984
0.390640870702635	0.56592442924129
-0.151807201034688	0.184585690127543
-0.31337774356778	0.293918210416287
-0.047281285878208	0.050135408020063
-0.0000482266745017052	0.000016617759447205
0.177722617043768	0.21550367954211
-0.326121599855786	0.484468706030311
0.187487151232244	0.262198551726868
-0.0176771521471706	0.0163507149871877
-0.299049187227008	0.33157966400405
0.478671670826038	0.445252634111461
-0.791507339954045	1.09105675618247
0.342538399745104	0.251840142956438
0.768499697215983	5.33941762728597
0.388166171681935	1.52510550603487
0.143928739576644	0.395089212498169
0.139875242285627	0.361574739828433
0.118469409948634	0.253872675647466
-0.0931506905391211	0.207281994311947
-0.26028655171178	0.788401079148359
-0.0769297453511264	0.152199044701475
-0.272607736612065	0.729536297583569
-0.00325814279838809	0.00523208075992059
0.34836740101446	0.620432892358338
0.155965890378507	0.310696467340259
0.31840043426485	0.492868051290155
-0.233326727849546	0.258887056571356
0.389602203206783	0.541060680699916
0.479037154381632	1.25295121648065
-0.0178356372507654	0.0268836557708982
-0.169892298584266	0.3456753422824
-0.324996861663202	0.747710911091203
0.0575610923862953	0.0925321849789921
-0.0956755022092923	0.157437309810311
-0.0824788973096007	0.119732253807995
0.0118204464967558	0.0111555890134798
-0.239192568489875	0.398724466866471
-0.188162803183378	0.287154646338931
-0.336174981555218	0.59949124343556
0.105957721370686	0.166691089157104
0.0413623960754087	0.057174772731568
-0.271210673677583	0.418495353277244
0.532258662809069	1.26128653724214
-0.240137642821974	0.375103224367419
-0.138301102884	0.245040779568958
-0.0938425577785756	0.130260679374628
0.214266518496001	0.347880795780924
0.55995998763015	1.27707448735736
0.113468380184778	0.166344820965544
0.530052101999396	1.15263323253803
0.120630877583881	0.182157665478156
0.0685351912409019	0.0871923592712453
-0.200635946070572	0.300449187593553
0.160807298499336	0.283248131051784
0.364972770584466	0.741677173897495
0.182734907522206	0.299212649456409
-0.170160755960558	0.261048627671012
-0.258368195403358	0.41998152282715
-0.197165422130962	0.302212712566443
0.0525920832746902	0.0721100542486965
0.467362004557394	1.02449413676691
0.141125376585759	0.178920106959299
0.418838233821492	0.784400892626886
-0.689223435371492	1.12690849203316
-0.817261024489585	1.55116321168269
0.152047284175703	0.188836016812651
0.67031715138998	0.976011371237268
-0.402367060449621	0.396125885086753
0.578689815709908	0.675137086946704
-0.867593904662761	1.39583475868539
0.40365911994122	0.638709614541352
0.266380802870615	0.342556513885145
0.109976132425768	0.128836631975019
-0.187437644411383	0.271263965337896
0.211788629326661	0.31582870323493
0.118653420861517	0.172066876117306
0.10151939233157	0.152562154520755
-0.354108793596066	0.572562669112405
0.351302804835382	0.556060617418892
0.680855789344837	1.7111344737942
0.261190534877696	0.463700058886229
0.189227835071841	0.280421472825942
0.331010525436671	0.572671006920879
-0.613249892353735	1.04145187756224
0.0297100644959209	0.0337084704514375
0.89721281390724	1.02457545477749
0.363612168644427	0.358144632251185
0.222463620608135	0.266546457468579
-0.0399646568074108	0.0366466045411864
-0.0262650269919424	0.0304662643784424
-0.464257015061927	0.569436366679545
0.525285852631149	1.02723811466283
-0.364669117010092	0.587934495998677
0.230488941133991	0.2974322554413
-0.334631221055497	0.522246102919239
0.403472761135199	0.750882853243237
-0.182567070545559	0.215221933597703
-0.418213762804193	0.51572546286842
-1.10825134124991	1.64709443459195
0.309550885684723	0.25605367563612
-0.725658950910706	0.819005162547456
0.4861595456435	3.24576196630537
0.197892335573649	0.64922550314201
-0.101794421779809	0.253233668066926
-0.139280496468891	0.361158957776983
-0.00665291546987846	0.012732625732398
-0.486879849280775	1.8400790081279
-0.731314082641361	5.46649263626834
-0.453380508762245	1.90109316866234
-0.153812276311567	0.359545202236094
-0.490887077135385	2.19977472837175
-0.394126647023615	1.95794403936884
-0.0670708408419489	0.1829996530668
0.209703497303738	0.723992925167636
-0.16067833213061	0.476655510261375
0.010236103629728	0.0200205108371105
0.0472388568455962	0.110588971427301
0.131952200399272	0.33056517335561
0.0335846720969784	0.0618800843107337
0.206229262117036	0.463072751470125
0.110949014234237	0.205729204640127
-0.185623390147404	0.345392032185018
-0.354264490711958	0.818029215472467
0.0669363922862182	0.130020872504018
0.181554341956842	0.483297645036181
-0.171318027359052	0.408322104514551
-0.0682989766776664	0.134983965782191
0.49083735361482	0.967729207685228
0.3138656132665	0.515533590703996
0.209956918236596	0.313687211937185
-0.399170047406444	1.16611820907556
0.124749266686189	0.171568125534604
-0.358839455726483	0.595373275921832
-0.048214843872326	0.0677591969270158
0.274096000319462	0.423429186397035
-0.0061660402453065	0.00714670749161652
-0.367038397206611	0.608850570494194
-0.21663428595	0.345271889736109
0.304799946675426	0.39276654851834
0.201050146706335	0.275276730282696
-0.250213200636589	0.294714168997194
0.177280606199007	0.237042002829173
0.440247565710039	0.775451807670073
-0.563475765907623	1.12406911619591
-0.213939447144643	0.428601540524236
0.0187774172364098	0.0259142636852107
0.0382017136483962	0.0419676874872623
0.179136651373414	0.232591616091637
0.187735696267318	0.249881718293481
-0.186635572281702	0.242269650844347
-0.112663560995342	0.130259090369461
0.509667574738878	1.15887499537064
-0.0304958814669991	0.0437458933752717
-0.0609141060830946	0.107024843256642
0.0193982896736666	0.0279673796970895
-0.124750871228212	0.234720704845997
-0.16141226674219	0.293658177275865
0.169790259097898	0.328908563429928
-0.189077472455889	0.389770913696431
-0.0753245468083682	0.113092249575213
0.0438629604225309	0.0616149401238727
0.160960544499436	0.267792135551637
0.814759897479244	1.76876443137391
0.142460683042771	0.172481779195394
0.499095737985524	0.927676082880247
-0.0270924025534892	0.0273132083476389
0.294666095868519	0.440970008542283
0.314498017856744	0.682421468004521
-0.0404494236448261	0.0504047630694578
0.393503063978427	0.635209962017141
0.916829470579608	2.4387146955129
-0.173165782960557	0.245852447514379
-0.218259063413105	0.438875630526787
0.20993633883329	0.471114328565276
0.35000734314385	0.805583402135301
-0.104693982286602	0.14962711832374
-0.201732051170387	0.363724932553262
0.213087674393891	0.447862968228356
-0.328649081956203	0.630443627227991
0.314201350420892	0.811276444514917
-0.0836663861224491	0.120726524607442
0.123333106252071	0.17925870508122
0.10207090639902	0.197477069198487
0.551458982219667	1.51331400605503
-0.0157808938327279	0.0219331040321453
0.232863869147286	0.494072653852515
-0.157110977644794	0.287257987726471
0.0840749281753441	0.125547118480042
0.000898902850137278	0.00112278968923733
-0.436130308789005	0.573951640858473
0.184655251866245	1.53730052197697
0.0702729383349335	0.345213304589781
-0.0620315545613251	0.239667541168016
-0.275998361626719	1.3567701605449
-0.628940547114299	4.60344273267936
-0.63968475584303	1.64451742722779
-0.952124746505439	5.51826713769834
-0.807078340829472	2.21197914729992
0.131537132188386	0.148760396053282
0.218821386106207	0.33685591312339
-0.110165014578465	0.189834221738328
-0.119099267137993	0.207677092335354
-0.241675955650201	0.560680928439248
-0.188297534504285	0.420339679612836
-0.208561761296819	0.464529393698917
-0.330797509103453	0.86734635165581
-0.0462592310064759	0.0692868162792029
0.0353863268551173	0.036291961306597
-0.308205879614173	0.583672767613068
-0.746128657835375	1.44969524904766
0.192950324783606	0.303240596480062
-0.17330267519665	0.274020612808681
-0.415026411392842	0.820036683305972
-0.34480010761271	0.628987878187579
0.276406257866693	0.512106681423215
-0.033383836252864	0.0388616238215275
0.2739159132717	0.519119736194418
-0.20494773645211	0.325548742844614
0.0977213095477106	0.136411168696192
-0.0577527317698722	0.0733282200124983
-0.00592923335693196	0.00812418070308186
-0.0206444051047612	0.0244399268047561
-0.0504178444048642	0.0660025534607562
-0.500908342760593	0.89179397607769
-0.405758153300543	0.721498637024694
-0.233025320004252	0.360147887340927
-0.270747404179118	0.43712564095984
-0.0197666303229175	0.0259408085800382
-0.367379149790461	0.673684834851448
-0.25897198812093	0.411379192995409
0.0042481371467692	0.00484902871622846
-0.134323466747275	0.196188355962096
0.0652737218365163	0.0828097876767267
0.0786816939546927	0.0915913253700824
0.028971431266051	0.0329822664095294
-0.343996459731743	0.518964470384358
-0.348118765731772	0.521489464187455
0.392838086083687	0.645934732693015
-1.04863903892915	1.51836140468041
-0.288050932742961	0.224672158044681
-0.902205648823582	1.15978647699595
-0.369141651142699	0.487419686562363
-0.0774988756030634	0.0789339904581864
0.507539572148056	0.736086296777283
-0.075080642801956	0.087684703354644
0.135243699691441	0.182460499856859
0.00470563308114371	0.00526345005854554
0.258537902440922	0.394965681491398
-0.210037684233384	0.324038387960146
-0.272460501225894	0.424648598338428
0.140188785969842	0.188634214539123
0.149344199047408	0.220790829296462
0.620354654703751	1.38636371317253
0.0314987369311519	0.0373000147419396
-0.300450213566653	0.458741539433487
-0.508546252423584	0.839989100388296
-0.332872698115429	0.442611602178464
0.610550643923053	0.59556358534821
-0.158175199702926	0.0996557132308181
0.226963663218452	0.246489533809452
0.705902684597604	1.37884240762476
-0.0928114970284536	0.112682419383417
0.0289779147014181	0.0270860820380807
-0.202677449934018	0.279857938211859
0.0146276489300181	0.0160086946180928
0.115703550453805	0.140753082199322
0.0820910252095714	0.106473227096802
0.433522868965104	0.699479127956029
0.207466858585851	0.247294102475829
-1.17857014273993	2.08248766758273
0.732800105044916	0.740811999251853
0.808422365170835	0.770144090597736
0.496708320679432	0.4558764236642
0.0649470077538702	0.384377377780815
-0.0521041828493822	0.25001361304163
-0.226158681852747	1.33796239642856
-0.431618897612508	3.145634528156
-0.564453272286969	4.47924421706896
-0.379388718766762	2.19295271458123
-0.398396383904269	2.02268189904014
-0.934664805320781	8.67528450512056
-0.628199743403437	4.08826809298904
-0.527887959234049	2.84972045271244
-0.671644623177367	3.88518274270697
-0.363035949570886	1.06178685526495
0.0344420008574062	0.0367292584846657
-0.226346554858208	0.554490244831246
0.0694689471718964	0.0905648160602206
0.554080433405422	0.654887037850802
0.532961668987517	0.908660782909858
0.260139794411897	0.549995741951402
-0.144569782147867	0.27774021750385
-0.386417276387937	1.23178210119671
-0.360562579057004	1.15746162676373
-0.514126905551189	1.84399687124311
-0.106468203066197	0.212611769437127
0.0122526863611715	0.0171268862914981
0.220890341835744	0.236858738297234
-0.165272976355191	0.236475344500741
-0.373812935672658	0.578573823598001
-0.621701658715553	2.06001392063237
-0.204183329744045	0.427162922507451
-0.0597997656548051	0.0932564794875345
-0.199500660032775	0.305051930590657
0.281512226480277	0.599221314487174
-0.165573996078219	0.269063882753674
-0.0619200189940897	0.101408188211946
-0.214948117484866	0.420631633184576
-0.139012176892569	0.222980545901902
0.150471677053225	0.267753375260492
-0.363015187973442	0.763790524844665
-0.0969990049278477	0.141212260123618
0.68356092094506	2.0302203715062
0.329423389394063	0.6011591513454
-0.128404292138043	0.224481536942922
0.0371653191871204	0.0553595901908354
0.296172115518071	0.625199106538333
0.101995536566628	0.156610178506702
0.34635650814108	0.736880739040112
-0.126618984195281	0.216950442009712
-0.301667530646663	0.625607381967898
0.0569600411156955	0.0842802064649665
-0.0411244249618138	0.0560808814331281
0.0614098615951438	0.079808508706299
0.430779624223827	0.848883579758255
-0.132953647522166	0.16011532631909
-0.258087781463109	0.275593229688162
0.0206284551090833	0.0220343057480105
0.827728783691548	1.25154293707987
0.565231783567147	0.570748259651646
-0.570950375346261	0.536965799659819
0.620141062515803	0.991441583124463
0.131987658419582	0.157902292323699
0.24552717308909	0.342597121343825
-0.0811985493312057	0.0971109430073288
0.106124212475505	0.148067461559091
0.358659523328756	0.730132796511178
0.287801687061367	0.622677763894515
0.180570986671154	0.303559207863465
0.463772105412462	1.09512355292377
0.147570666739427	0.199487523815475
-0.122414314415668	0.176781298921363
0.0360822772938982	0.0528806961904314
0.168672691882957	0.288420155056582
-0.101573955601811	0.140639126776849
-0.421957339370899	0.704843158449759
-0.276496547707642	0.314354350892751
-0.305269286103726	0.200043572301097
-0.0836219004270118	0.0571047895432385
0.566764686584861	0.739151516957234
0.350549617658525	0.459431760591079
-0.021246463243533	0.0243049711132263
0.443014014529665	0.719686125986999
0.0862451645342195	0.125322597198471
0.501502433573114	1.03867710674875
-0.0114964408650688	0.0127389404381059
0.415355219314362	0.770967346478652
-0.129735331548995	0.157944144354456
0.0976307518879003	0.105935223835382
-0.138080820067167	0.128673829624627
-0.57141947173985	0.646839069826885
-0.489069239642772	0.426925619190173
-0.265763755761154	0.228830165903577
-0.012807710212042	0.0595153122186272
-0.120599869318703	0.694148095404653
-0.23147375554988	1.38232927573028
0.00217230559706177	0.00623658776197257
-0.174325063561631	0.71673085121483
-0.362244311016062	1.78216444895897
-0.688178062952773	5.38500865119
-0.549159195643929	3.34904340173574
-0.331551579268832	1.40349357641444
-0.382747475902603	1.55828710305764
-0.229966047177293	0.585046037487852
0.205208640945932	0.306224324851236
-0.0590613651563745	0.107627716403462
0.0212233474760667	0.0249365123862153
0.28972242481516	0.28901855650543
0.154483033430732	0.194496040491067
0.501423071567846	1.50656780515415
0.124227015034583	0.241866188261539
-0.178182456375487	0.42065820195692
-0.0192257694147419	0.035448745940336
-0.0948511094410935	0.188665567178412
-0.353422878987692	1.05858084812583
-0.0195965965779426	0.0279037164924714
-0.182333012238044	0.237105328227599
0.165262943895739	0.237521322122807
-0.187972914218003	0.242297482818025
-0.0877566104988261	0.143318135362515
-0.319429126236474	0.744956558999812
-0.0994447546575784	0.16983703881416
-0.172426007550853	0.263748309841111
0.0547652209256825	0.0754909814771389
-0.0248240373092999	0.0333154872753594
0.223722142300992	0.470522799570292
0.323952304573717	0.686733147206126
0.150553911218593	0.252707815235471
-0.326312418119734	0.703644277476118
-0.110962332516171	0.175672050524118
-0.0831435754945661	0.122626175929071
0.404479194597901	0.885360403508463
-0.225378025255219	0.338070724113875
-0.0255713992927693	0.0371163736520145
0.0377983845825211	0.0587845784616337
-0.13481269024148	0.220472491448522
0.268070502869045	0.467552611230853
-0.00831615417678919	0.0101371734672758
-0.581209900528936	1.49211223249634
0.130347628710111	0.206212683990259
0.187229898213032	0.346736327124977
0.537639539113325	1.24163348027556
0.377140937645268	0.736102400353063
-0.0505854215851235	0.0662278302652428
0.368334211039261	0.54737353134912
0.786610344689695	1.37942133457419
-0.346650454102609	0.554391251226294
-0.618103474482889	0.69189562113023
0.288875867445747	0.277246168243134
0.223181887962763	0.180612409637077
-0.203473636975441	0.259672218858998
0.0449647857171869	0.0497300301344449
-0.217104017332452	0.279220323742926
-0.409400142575954	0.703053434555214
0.412918309785334	0.806635184021082
0.312016631752034	0.645397736669368
0.463746598074339	1.10074716894374
-0.153359147531611	0.231907364279354
0.323388806071704	0.577364565129419
0.464990514715034	0.89513194769416
0.373887830154852	0.783006433899515
-0.130192104769203	0.200636741375609
0.204798941119389	0.31693045068087
0.338019342430608	0.623801873293951
0.120993484940072	0.143653217266884
0.307332654325823	0.421029467237442
0.111058992047881	0.0744176547472618
1.24981815021299	1.60128464669172
0.777684821818718	1.20346607590766
0.322491826746381	0.450192578960916
-0.843943654803734	2.17352806059181
0.222287670652799	0.266075541646301
0.228898272894377	0.352641264760797
-0.168791191275355	0.224914160649058
-0.207445213801503	0.260325361991704
0.0209014423338906	0.0251820347153094
-0.357014648792618	0.670507802379329
0.0662580113749581	0.0707800159105094
-0.281551569854994	0.280854070288637
-0.241579833746353	0.211750085613163
0.218068268945326	0.169164494953178
-0.125195053207574	0.106802173682929
0.0813102948652681	0.475233270544399
0.0214756002025956	0.0829594866660102
-0.158195295230552	0.752779622720841
-0.123969403750104	0.45827838688169
-0.351033198386064	1.69691662884546
-0.348649695369331	1.64618999755995
-0.156243632930672	0.512635161961609
-0.448814029325754	2.08516075588788
-0.274932891562794	0.908116320231279
-0.32212549416783	0.931267802509634
-0.561882104917333	1.14873589827947
0.20808730711924	0.465245151824985
0.0195466747392621	0.0231365384602917
0.159857069840815	0.158645612616318
0.594876411222325	0.990858317400065
0.250928075612607	0.525895814880025
-0.0256358354041843	0.0375304182680766
0.106405248399379	0.205930276891846
0.125886835774744	0.276242717463291
-0.188426834545334	0.431057892077599
-0.256561143730529	0.577607511133692
0.0604045337219845	0.0971359954642801
0.851050763659679	1.53601697067459
0.059215567513527	0.0677221999345341
-0.628506596799643	1.08700743782782
-0.130097069382939	0.212498083244105
-0.416260937947701	0.948556585002485
-0.452670940785824	1.07706085155099
0.162029773414341	0.196017203100944
0.00971190435665217	0.0131209843034872
0.172082896494375	0.272450288545229
0.180730718982639	0.342260035862816
-0.101778607095375	0.141974808693301
0.412406565263122	0.788249131607921
0.385572220650139	0.805575426206375
0.54613119497415	1.35943031810925
0.264984142542132	0.446997326169051
-0.0222530041366436	0.0297156863067878
0.0115677613773247	0.0134077970082156
-0.183721265624769	0.273565622407726
-0.0244288229264856	0.0333927832763055
0.157480677656365	0.244839884507628
0.0313241688480116	0.0380636440598532
0.19454525709283	0.279310625589785
-0.000110709865304951	0.0000962180159176348
0.292334672580521	0.510299724115133
0.625004950664937	1.60435582521959
0.285787275571873	0.4905837894523
-0.0377835754738176	0.047261862391356
-0.290444921055352	0.418998288891974
-0.214170826388424	0.238841565803521
-1.18723388248768	1.88658583342075
0.056963270658403	0.0598999394783886
0.218198960331162	0.189408605609464
-0.0325505532341062	0.0192136246392164
-0.782463289169585	0.760439801602942
-0.0177862640380759	0.0164884143444984
0.0320926198706227	0.0300535927794616
0.43956599861846	0.550340807572174
0.102616410086109	0.0998560519294254
-0.0024938661454238	0.00287772275155871
0.178945785186203	0.272119401935221
-0.123334964776238	0.187028198440825
0.560257247824019	1.34402133172243
0.515522802812718	1.07322895848876
0.918844407528702	2.04028889151347
0.10941885749936	0.137349670300341
0.0107883378900662	0.0127435137569217
0.00000247187027229367	0.00000702699753241576
0.281148667110336	0.440211944686172
-0.0221539697288626	0.0222804327780778
0.225073419072901	0.22071208910736
0.379954015376112	0.240340371600829
-0.426538924717375	0.264480281608972
-0.234720115226032	0.207860630568718
0.0885994658610859	0.078750290209651
-0.0343019191534019	0.036240775918454
0.992189674633095	1.85484086609122
0.422980508047007	0.718446522800593
-0.10573483130128	0.12357689706601
0.535662847192317	0.632058880667143
0.198631293672744	0.276969551064826
0.469109105741098	0.71092026985307
0.473791994772142	0.63319290890158
-0.178683401109503	0.158719624449108
0.593942113086898	0.591838225946541
-0.180185894549078	0.132310837566577
-0.704364681872282	0.646215444280966
0.019191831015899	0.0862586743917012
-0.0814613031111914	0.399159468995713
-0.0871097690603364	0.340269783074171
0.00214725985636817	0.0053956891135689
-0.366667747503423	2.07899406889241
-0.244556053818051	1.04331939356445
-0.0258890309003249	0.0620774983418072
-0.626669409578971	3.5153134499953
-0.340465541505203	1.06925569821267
0.394436104647201	0.768542692132127
0.209676119567361	0.506425945835291
-0.232653802622902	0.37981266577129
0.39864789302098	0.51554043293923
0.551725040528355	0.987139984933732
0.39334283783643	0.979345279511244
0.431084170802454	1.14742122183402
0.245065449140775	0.594119040418503
0.357608100305517	0.988140205165503
0.0674728862763927	0.126594976295946
0.117945749902511	0.240600256060219
-0.201108976959064	0.376891263091469
0.555669655426501	1.06188532532366
0.0239688984256506	0.0263578723346692
0.312177740078181	0.392932004089594
-0.10652140407597	0.179118739424485
-0.0513647708938122	0.0756078126616043
-0.172339188911322	0.276582379915738
-0.464629353608733	0.935446745453395
0.0656353386426719	0.0952982004296773
0.243042660461729	0.430559415569475
0.0986451771947706	0.161613558096835
0.286678979261425	0.493386032036873
0.403660484847956	0.799164489094432
-0.156073595511557	0.242649575613864
0.241353549267219	0.448901414395332
0.390173560288692	0.781086468565805
0.322007227845507	0.556295216978786
0.0880711857310906	0.106418753606342
0.308049641616069	0.584498006993251
0.288002155282008	0.545622447239353
0.35046221419094	0.672838512823415
0.0871202599641386	0.108690275994669
0.303161988438144	0.525918098146937
0.569217686207422	1.27718906578747
-0.331532178674703	0.630079290917262
0.68166534756112	1.7037924830686
-0.0199841096509455	0.0256863414623531
-0.0102668365007911	0.0131724873723821
-0.0639868224472842	0.0787801615816452
-0.716493822731867	1.0642764659578
-0.432829764882609	0.480834881929061
-0.156616863379506	0.178875558709074
-0.474512555137186	0.457020533069392
0.742971909499891	0.834994115611645
0.0555865884750881	0.0405200087696493
-0.0325386648431773	0.0300120641326337
-0.282066135031802	0.288084607282096
0.58004476470623	0.912390901042054
1.43254219735912	3.74396388223046
0.46381745436015	0.922493300195433
0.0748642020180426	0.094670369736203
0.466507552996886	0.995880980661741
-0.197591610705308	0.3481705408323
0.233371098845031	0.3805131319013
-0.00660176526795875	0.00708866013255664
0.258603635540819	0.430159870956114
-0.0622529727156877	0.0806191841473359
0.475959614258634	0.970292330097799
0.578660070547267	1.06709537206271
-0.227599394632161	0.23166437851077
-0.480519517935645	0.623828367511765
0.819648596202477	0.649801238200087
-0.203977854866912	0.164467284098001
0.75384608830994	0.838998248322698
0.213563324648253	0.240319123930016
0.0323543771424664	0.037205787489681
0.217597320328076	0.237353389591155
-0.145644940823448	0.193321593183771
-0.0381788380280888	0.0412747351890105
0.0372155093371653	0.0324862499632926
0.661222771717867	1.23701043802774
0.489460537457371	0.891401975013981
-0.13350716184682	0.154177096777898
-0.223365125826099	0.199536710791712
0.506019656278316	0.466177370631042
0.134164978846213	0.0971907186326962
-0.184572131981701	0.133449900768046
0.101411780612513	0.665189645327508
0.0594455627202415	0.278953089313334
-0.132027859672202	0.581245284784856
-0.566542762659178	5.16660301887608
-0.25052008490523	1.29017525163138
-0.373056262333159	2.04824129563685
-0.333213098188373	1.48700789785882
-0.279872080687788	0.919946587679802
-0.000123722058348018	0.0000290418615307151
0.25810609905499	0.770454143621181
0.0798662260812991	0.120630559826677
0.856618469872077	2.14298200322449
0.230189489146131	0.357742534443363
0.0169203031157198	0.0267969357438148
0.594620155172918	2.2253345414665
0.464530849121964	1.68136897968863
0.260253143456838	0.705296011423126
0.448787948782758	1.62061577993262
0.0812570117257947	0.160596201723787
-0.138256082722842	0.247814724666226
0.109172753555749	0.123250372128534
0.988747198588698	3.52827580387457
-0.0255005139230371	0.0277504287083499
-0.164350317488903	0.321042767481829
-0.527979916892759	1.44600177227269
-0.0511322511685159	0.0787938505333298
0.111424675842454	0.160693834134746
-0.200999330387393	0.374429353882348
-0.0426382668738725	0.0516484163754404
0.26040087552975	0.564722185863537
-0.0920826690362976	0.137174850179303
0.705445813770233	1.94698163960544
0.202596341922369	0.360527812632627
-0.12663656735227	0.190792623069299
0.304383837666022	0.589346363775201
0.00673436539206418	0.00866910227178858
0.00989972715723164	0.0116897727973801
0.0418871601682143	0.0614563152553003
0.325684241479021	0.651656340239144
-0.18139246093582	0.300320777063049
0.287860796223974	0.524063822702218
0.327122715711077	0.699260286529207
-0.12325566588545	0.192301533055547
0.0311913012312837	0.0391412729549707
0.254957564142887	0.453561841390011
0.0491341862194245	0.0625526495489408
-0.305162737733351	0.552936468445039
0.321227091019978	0.588874525597156
0.0438279590554504	0.0422363875670378
-0.728815936858008	0.915005129791468
-0.444510122653958	0.672919844026701
-0.591969187489608	0.795585471392527
0.676206064295975	0.717307952070873
0.290255521917108	0.275957783851079
-0.580516105450482	1.00582765904797
-0.207410031768692	0.247523915970755
-0.00538149734682705	0.0054512259648596
-0.294868951735704	0.406713855433392
0.118120773237301	0.179431244860828
0.414847435982125	0.797289539198979
0.0725882139984464	0.0980962247476439
0.303947074531597	0.607859928332623
0.510471905033064	1.08252069742447
0.000751258527544382	0.000775221045488683
-0.2086562746336	0.324274800019128
-0.0185124868722305	0.023386479979283
0.327307869010061	0.617658842933293
0.38515133725475	0.699739265377568
0.184433385784015	0.225435221217457
-0.508254787232551	0.692137622140981
-0.490594808084886	0.426160822530189
-0.0812731748546843	0.0552100761629044
0.159862209618189	0.148882690477523
0.872922967040712	1.54930007275841
0.20372135334397	0.287929154883845
-0.198869637729793	0.22388086770321
-0.0957281814944049	0.10631100251994
0.28419445295697	0.449777814732141
0.239693069779944	0.315663127320707
0.418125428430683	0.719524812624317
0.933172635913719	1.98365892523658
0.0531753210842114	0.0552345310844019
-0.440297795887662	0.46069949115362
-0.412596142016284	0.405967517340163
-0.78892664437987	0.760268561441615
1.07579950727906	1.19800211831071
0.0428588533252874	0.217542526777521
-0.203560433285037	1.44238302833211
-0.391445529836653	3.39713901766245
-0.236002296712095	1.34870754636911
0.0240561533261368	0.0682137258243808
-0.296889678783513	1.41650932099252
-0.22928504163062	0.758073743628918
-0.0912364144329763	0.142520203934278
0.358499932742005	0.5876115241785
-0.0665604140433321	0.0846964204509419
0.37342041996354	1.01686644700257
0.1684681032554	0.357320355391725
0.678657449965481	3.29415347732315
0.291167519283749	0.890870537768897
0.160538326585816	0.37604793907893
0.0910951372881132	0.180377741521209
-0.479207549245668	1.29280273824442
0.192070432130718	0.251427795159153
0.150950124927831	0.233372493734975
0.146797458604386	0.190025931300469
-0.155723149758276	0.284632754964815
0.135322017011921	0.252651622526796
-0.130432714270739	0.205870140403215
0.0441703936999372	0.0591747102149247
0.059901051580046	0.0872579904817233
0.246952421275369	0.429629917139543
0.257481028560003	0.537716468033008
-0.103401623297833	0.155332297474132
0.216473057436863	0.350730500576965
-0.249579281403178	0.475773468239887
0.221793645770004	0.420458214303081
0.284185415277873	0.514356603077814
0.25702272655396	0.481068809637002
-0.420530118761435	0.817146199986917
0.0741377643161618	0.112173489089142
0.318715463284018	0.667121217053473
0.249188315725333	0.450913838214685
0.197292050161502	0.310589040935754
0.176672066053158	0.296367085425845
0.130250022182478	0.199568044238866
0.435404340393766	0.936663968849825
-0.42210705191621	0.898153163000178
0.061026827967379	0.0872418891280649
0.135645455459634	0.198966187557603
0.14791123147908	0.202155929443478
-0.0721529412349432	0.0730494133992243
0.0969588752135854	0.104274980397861
-0.228434173339715	0.312259056940807
0.515722051822761	0.638200903469909
0.132679525155271	0.10565715672581
-0.0836327130894251	0.0724844984659638
0.253584700047385	0.288438148069078
0.754149320572677	1.44007809535567
0.128537218092043	0.133572871045719
0.0193751794217165	0.0210498907612689
0.646215638646208	1.67642011257409
-0.00404898931261101	0.0049251230385935
0.0843086979895694	0.122687674874795
-0.0400470297897243	0.0520779415733327
0.187182133215507	0.29768021301063
0.663017409834418	1.50506134106494
0.0428724000821069	0.0506626932748348
0.172238349227706	0.267972168028938
0.105791219506043	0.139856521875569
0.173099268126781	0.250378578796016
0.287614638895181	0.414004218245696
-0.280002037780936	0.36919634365508
0.662901412355569	0.710431257034945
0.522051873540466	0.470706783769437
-0.128696568957849	0.13030281120622
0.227366570159299	0.277247249242514
-0.594496529745418	1.11997141721926
0.377340747253786	0.449624426745957
0.250475620438142	0.374417666007119
-0.219541344338342	0.297250978066335
0.0563982538725195	0.0603758459609193
0.33976799538237	0.520480760576375
0.358803457071989	0.590409774992545
-0.84477021800206	1.54704529406688
0.282663998406835	0.311244498724141
-0.58289172270123	0.686542380077246
0.294519662035247	0.263693759851294
-0.228899047025182	0.182888234585892
0.0140201760012933	0.0612512544948563
-0.0432220768334346	0.190173236765619
0.199660136980559	1.10849020136657
0.220385799413847	1.06800325386811
0.170835316021257	0.629550031150451
-0.207979596171349	0.642599925006222
0.0718239999576115	0.109375828451888
0.597020796232244	1.36511726026791
0.323164768982358	0.605121470160868
0.285571293736304	0.700369872465499
0.487225807492556	1.6969043881371
0.440620586528872	1.46128131117245
0.109588782449838	0.239914887761375
0.09326711740705	0.182459558789719
0.313669243213213	0.861912616424028
0.212027442285459	0.406455482561597
0.540147259747795	0.990052250969706
-0.00191638767336344	0.00227298540635338
-0.564458607359964	1.05565772637925
-0.125386756484856	0.1944640691937
-0.266335913800579	0.5128331729908
-0.036772966403967	0.0535111842670007
-0.259765822309236	0.449926870046543
-0.0978326071543459	0.142868697059775
0.242854583636029	0.362069992137152
0.323672645038242	0.735517203540178
0.377638022652301	0.790212572433768
0.550193972113641	1.35361360625074
0.455234439159344	1.03862033377407
0.343410522743045	0.7015980017035
-0.211307712211636	0.330444848219305
0.507046524665444	1.15936524794984
-0.0612260242398267	0.0636650103505294
0.0166184362974518	0.0209942399421798
0.511870179266425	1.07337046418379
0.15713422747672	0.256998353831563
0.115531040534352	0.158348914619776
0.0415107059146962	0.0488782730867943
0.296459101389533	0.517747648560784
-0.177798027776205	0.26783508612928
0.251095305214763	0.403479965114784
0.127128500417516	0.186916674228161
0.475409202048607	0.848158960954194
0.0565475541008586	0.0716403828116125
-0.0593575332024625	0.0584782953882081
0.177809613525078	0.186699164266719
-0.421835472739699	0.569144623369044
0.560141536143945	0.574414591644862
0.217625640780929	0.181760234768369
0.377983812404542	0.355798900839419
-0.215149273707684	0.229375366279354
-0.480123657043808	0.766038941873672
-0.245001190798479	0.269846005909384
0.120384695472389	0.140773158020683
0.442710186439586	0.797023133210041
0.38001062918608	0.668267326210287
0.421890093926571	0.849943119883445
0.669430195133469	1.7287561235496
-0.189468568635433	0.274128658017528
0.157438250708963	0.202002285594747
-0.0748922677355293	0.0992733021694025
0.0783962811459178	0.103087016923793
0.305139660430272	0.528864799756852
0.689814363570412	1.21638317667783
0.683019277840536	1.22564720312443
0.364275970539035	0.468613202886083
0.417401076401177	0.244182664485788
0.417631012059119	0.363058750804911
0.256421438525208	0.28150289937448
-0.0122363051801678	0.0101727825032761
0.265736029264054	0.339788721194725
0.553907431410484	0.742455495290975
0.0806041353367919	0.0957251786257396
0.727655706980604	1.23544810324704
0.613839530100722	1.05458307098631
0.577717581952745	1.05679898644973
-0.316649079492538	0.457568742088839
0.167937918955045	0.186596618989848
-0.37997696285301	0.375771657888051
-0.865412669304388	0.819994545400095
-0.071727655224902	0.0477048202743088
0.218950742685728	0.169458911167795
0.0991358352226061	0.659565784464247
0.242303386749563	1.9421859754939
0.184349020047388	0.961937497459365
-0.0835445833185096	0.303542603297305
0.0219788411615766	0.0608378344020392
0.309489953064255	0.876783807986908
-0.029157597469508	0.0546849983648998
0.186189204344582	0.465392944949503
0.336876359370137	1.05775409997328
-0.0914259949802284	0.17798344944756
0.36269047001149	0.929272694401534
0.165492713976244	0.351087931091128
-0.287523151665391	0.552386983401477
0.0589939616460467	0.088840657163065
0.633613319359577	1.9502092802755
0.432820712539615	1.03206748512466
0.15051333258706	0.305658631012321
0.522440279027604	1.36523268611353
0.445819237193378	0.988554996302972
0.0470850643555555	0.0685880704062034
0.546606613912153	1.39617939078676
0.706171916861866	1.92904952386886
0.38174640948477	0.824989530257095
0.29744277585391	0.580386856196703
0.0102508788536751	0.0123496685906984
0.520111126532683	1.18472424852645
0.608633061422953	1.33428299981526
0.0746569732578812	0.105796376058904
0.496278032403379	1.15181584416551
-0.0445221058079752	0.0604706332007183
0.28889068177012	0.604113633142339
0.222696138886359	0.406589976903316
0.0856285114484531	0.114336368554768
0.0775359044219842	0.110992636429525
0.0287664589478643	0.03456290938867
-0.244846827304457	0.414299980903551
-0.226342208159294	0.353012252352777
0.407041932613492	0.860961624552131
0.46605723292668	0.923248945508697
-0.284574045758515	0.484783345480007
-0.0955150731817989	0.126344259627499
0.0238969389927284	0.0256672915897368
-0.371092906338313	0.435963710403531
0.002079572922578	0.00194951967070761
-0.191561187854733	0.264561534257836
-0.277405322676749	0.439713561518078
-0.0449374831560069	0.0496263485203027
0.088742158113582	0.118273881563476
0.121410322401257	0.175747047471345
0.0218416392097186	0.0268303320800322
0.570911491498322	1.35688347840657
0.313681582911722	0.566595008055045
-0.161320141071911	0.233278309178053
0.325650811819657	0.548744096038027
0.270052326303292	0.441615608583443
-0.0258714961893733	0.0330899169722934
0.413668349679832	0.702557600472742
0.164460405424931	0.232354785466978
0.571912582659369	1.28465385906416
0.469141743109941	0.626370554804957
0.287796722531453	0.419104518494679
0.27391660600958	0.453634627993593
0.28908678728499	0.51660905640142
0.474498491785629	0.938690134030207
0.335118266857082	0.644723672625841
-0.0176642010805435	0.020233684078803
0.243518131053878	0.377050190049514
-0.0679665228054728	0.0892868977175934
0.310795871878701	0.496507578214079
0.0297939961754011	0.0361424092504072
-0.494478225044768	0.874553568298999
-0.435357824314953	0.559689482376567
-0.122024759090938	0.112483164403705
-0.0877497552100333	0.0776792187215989
0.0270925782519905	0.134292685696429
-0.0602961300359408	0.2855881261988
-0.101114961091361	0.457254732668988
0.153099133817568	0.618996123851438
0.104617747759288	0.250977820043664
0.0228197253239785	0.0403989627293527
0.605399259190892	1.52953178432547
0.0190849869092354	0.0282544699457172
-0.0470261858924515	0.0642797493513463
-0.171041193072436	0.336697923570606
0.0384599270027169	0.0655425310322553
-0.0856205493372597	0.146694403031626
0.112228658633126	0.174919308188306
0.265910359949879	0.592918160740233
0.395129208740992	0.877214961442372
0.424282691471502	1.24175444997392
0.248682713404784	0.520354390107949
0.144352587515261	0.249662317029284
-0.0193479678360732	0.0293621330743039
-0.0471319449132446	0.075545151579427
-0.404645452722108	0.902954925283352
-0.0331870061990429	0.0506203597020607
-0.253560829541999	0.425345925695098
0.424151542004838	1.00898216640718
-0.28360186933026	0.560606825034869
-0.212540492560203	0.40304187333703
-0.324840607297134	0.704049922369201
0.178129579555115	0.293215478194726
-0.630560543263983	1.7404812881349
-0.0308063015236899	0.04518785941515
0.189074097195878	0.348818505779425
0.171197731568327	0.29927547539048
-0.0638657899283875	0.0981346886508542
-0.202265953072287	0.330368462272328
-0.237731668633977	0.323280637554875
0.00641118599830235	0.00708401662545543
-0.318261198748555	0.394558384792378
0.285441279160027	0.272993723492341
-0.0255404992005696	0.0211463272467851
0.756273272173572	1.18079222802658
0.186720841606603	0.250769779752201
0.893752207191878	1.81135122467129
0.0589043958747351	0.0714501849413795
-0.640191051113009	1.26212265839618
0.0882911782887126	0.129395311185369
0.4888679767561	1.13817700664783
0.0591658403056664	0.0864028541625238
0.128627756569374	0.186522158015225
0.0756302862309616	0.115167064885828
-0.166515317221726	0.229080697118697
0.0683014580029084	0.0952419007638644
0.288605727075072	0.600842252307848
0.0300058603144691	0.0402480432063288
0.504690943488635	1.00637015506565
0.102383817915484	0.119733660209546
-0.457496474105074	0.80157078007518
0.171829676256708	0.200297279562537
0.363362227502127	0.636972132095626
-0.0774415793739846	0.0971247354633068
0.108371334509448	0.124795655994459
0.0212254570438705	0.023093892739925
0.0981374324256457	0.127175063092212
0.365459719115917	0.528626122278287
-1.14673562603095	1.75750304607563
-0.26914940192311	0.233646267391832
0.377596066532064	0.357532165068078
0.281907025856868	0.258764703222437
0.0628772928605676	0.355741990328351
0.0554438306059048	0.259118762159449
0.121302863814885	0.326208515987155
-0.0430931033134766	0.0932170861582249
0.15981778933506	0.333548813825922
-0.375284791947183	0.628069046710181
0.0635673060280648	0.103937492470807
-0.3273143811321	0.789067104866353
-0.227362069653495	0.466080350923573
0.42974461532766	1.10067458572907
0.19903775057376	0.424900898608746
0.272371129794195	0.558474386124801
0.300356780523598	0.749666166225136
0.338008300294371	0.794236446758364
0.39442284985319	0.966036384247402
-0.131135415946502	0.206648046667006
0.40143185536616	1.01522265297275
-0.00494375353762373	0.00678138076790107
0.307504432655573	0.685941088325079
0.157804174970354	0.248869927765364
-0.369676848340634	0.839591030097959
-0.043160143015869	0.0659110279739759
0.123027136905383	0.202770606790181
0.0627071626168772	0.0892165377828598
-0.226948171830884	0.407793265612633
-0.259941525315206	0.519848604579696
0.541309927667569	1.46255551232191
-0.0977584045373755	0.148612965001541
-0.218256940549753	0.407282362754033
0.167532021230349	0.243337640507132
-0.0397091106841073	0.050740577699352
0.61948861819528	1.40314498929636
-0.140431017035078	0.169099813516166
-0.25449256906839	0.322709820334876
-1.47113029177387	2.6567373302498
-0.320133657342161	0.243083743690941
-0.240952681288155	0.226877927263415
0.0801410841546492	0.0875561924802324
0.118171939363092	0.143284424825813
-0.164975744731374	0.18313541765386
-0.21745707706461	0.260188295256802
0.275690713137343	0.530082730507396
0.0968426707171991	0.139365050436471
0.0281342660064279	0.0394474655579253
0.0642799739678047	0.0925901062417327
-0.260712674735004	0.460528207440965
0.409885650214244	0.700294353686761
0.0260884672557503	0.0315585837831922
0.089456379484609	0.127339246936958
-0.0209940126454647	0.0282731159109051
-0.305111927387408	0.541338580897278
0.361086849557471	0.573417245526272
0.379549245345047	0.525990198310695
0.190282230485344	0.257863590699605
0.522652591228628	0.8232990230004
-0.396150280467963	0.732455132179691
-0.21572280745513	0.319764486604191
0.476887711242644	0.767082039543614
0.416834052770188	0.692951988055293
0.300197236293707	0.494415208919764
-0.346783335808222	0.497895574305118
-1.52833479127218	2.92718828607755
-0.0460294627344749	0.0325488841252398
-0.646831019484798	0.622212326469181
0.331088180762106	0.251925154381805
0.112092267887083	0.764703140260728
0.293338226465407	2.66370323669864
0.118959861980422	0.315317548816642
-0.00432691588826657	0.00887355346440644
-0.139448397967753	0.324009682679962
-0.0242091313649168	0.0331378187530117
-0.13824531221502	0.268188626308199
-0.0604846384432428	0.0969178065300454
0.0942591769692502	0.129500217387791
0.517758898322756	1.66002599198858
0.286211183505043	0.599388089321638
0.359322948739037	0.799953656171187
0.2767753717792	0.554577232893193
0.0340621232750018	0.0483774961150993
0.466430027698469	1.04621428296991
0.109614568551999	0.167091345822572
0.196917632742691	0.291059349857664
0.494787901401878	1.18633852782681
0.0800721914502978	0.12227644885304
0.086988028322734	0.119610918713751
0.302470686707028	0.632793291647729
0.388569210342092	0.814272838140625
0.0170156562613962	0.0228426905444224
-0.104323915873747	0.163127754132328
-0.168749144571919	0.261977354669948
-0.449914803480225	0.922788525401445
-0.178088798757614	0.288010121637954
0.0767542398973961	0.083728146940774
-0.250233056863875	0.332724412459671
-0.273274194509886	0.463049119866984
-0.0102823102454468	0.00955099088823816
-0.252463751535789	0.256326720351932
-0.185813240559201	0.18296810627673
-0.161055083422504	0.221770883447155
-0.298126910274919	0.47100406133167
0.628902336823384	1.17914194929628
0.0196458492370794	0.0213791602418599
0.588447416577007	1.40474981804975
-0.0999090898341032	0.139328664633082
-0.0386195472826453	0.0492747217107635
-0.189761460147845	0.273325469244946
0.228880777963465	0.345439315164016
-0.304779052997755	0.558909064559224
-0.106357849057874	0.149439043191482
0.0527351996756579	0.0665635438706057
-0.126827900452279	0.17111974122664
-0.545830737259543	1.07842612095101
0.195242005169073	0.293915034033741
0.268819594779314	0.377251074119158
0.287548519172781	0.427887722886605
0.184832026757826	0.304668267338127
0.216689187830206	0.304602403213054
0.623722664992434	1.51644467041506
-0.446426109072721	0.857116207063272
0.570808864854462	1.15102739993881
0.613705375871233	1.44671190984133
0.274870836686949	0.51102650177912
-0.148674844599014	0.178645268315673
-1.26332580244275	2.40258432248289
-0.544161262564843	0.630712072743179
0.213493983529013	0.177574526702221
-0.532336943054956	0.530032327597674
0.0869336081912942	0.581909795577197
-0.176992859307317	1.52056881733935
0.0726280343565273	0.280873290995917
0.00974900622134449	0.0300973567586702
0.027300536520265	0.0481263708106715
0.108614297690662	0.267016405284808
-0.0719112316590085	0.106601551795147
0.142455522053109	0.279329292188096
0.42107649202081	0.856337090991865
-0.328537794840923	0.531853105995641
0.354700832684588	0.715003017827951
0.332674689746228	0.663147849067355
0.435644138960779	0.870240506694828
0.596132540176175	1.22883484934571
-0.106783967129311	0.149967804083292
-0.131255056046508	0.178306859178009
-0.17871543706071	0.242549712709831
0.139876357475154	0.154141812474249
0.245341456086268	0.358160185431475
0.773848275807591	1.8090119918638
0.393077362124259	0.607814694324033
-0.0523962083010542	0.078079405548186
-0.183162229855293	0.288877373318022
-0.0234132350052136	0.0284873562440475
-0.173569551192779	0.258326020647553
0.236986927131441	0.450066602223518
-0.256086074117513	0.481025282961571
-0.17546170489497	0.343598840766499
-0.847155506608093	2.46651923893685
-0.0213069043605838	0.0316833159905094
-0.134307776596969	0.220156582941472
-0.0440038205515054	0.060278798524362
0.126139333732326	0.163328076623759
0.163855552518586	0.25139385174306
0.275630710996303	0.362985478003197
0.160123078828585	0.158305049355326
0.580458836409952	1.03820228712832
-0.306087181362049	0.399478823878806
0.423980038570019	0.686931768355154
0.142515885139746	0.214246371325785
0.166625211275619	0.218868640881967
0.320217805651339	0.39117648613093
-0.249999492131753	0.288209774336283
0.0110761562167042	0.0119927131568527
-0.0413338572559629	0.0622788370645853
0.126760433132412	0.213828005374355
-0.220398289072283	0.397620753852718
-0.262581089983249	0.485182536357701
0.0537330795270226	0.0893496845106228
-0.584797667819057	1.40803259623669
0.439199511962754	1.05573963844862
0.062003033180982	0.0962526642362602
-0.201076738089171	0.389158425629741
0.0895197139491893	0.143428015969907
0.375517416854749	0.866090885438893
-0.463516564148929	1.02642908289653
0.279596437488212	0.465100654589271
0.183065139434577	0.244964594511226
-0.0885413528321811	0.0837863451896147
0.00332563207609879	0.01585158824985
-0.0596586298157477	0.321297625831262
0.0507062534293211	0.237082584607695
0.15282373310971	0.942011657285238
0.252243531905176	1.84007918217383
0.0617585026361259	0.106397621786549
0.397287571891812	0.528912457133842
0.344384554637579	0.371900883810776
0.529275270847704	0.649954947747815
0.145473359832205	0.127251603085422
0.331922517715303	0.377488111676726
-0.0568790801920552	0.0507606684546678
0.168134417997235	0.16238883588277
0.0620535416261292	0.0548828416289956
0.0856313740973798	0.0694662976358812
0.784620999151546	0.86708164103779
0.88469838329069	1.18765838127679
-0.265519556180396	0.254533725615309
0.0240121624119499	0.0197412848893648
-0.0656601680265791	0.0918618247398564
-0.124241965831464	0.102035567745901
0.0645133939560518	0.0599015977620586
0.230110549030084	0.413791025487041
0.257403886737261	0.632487273950186
-0.18883207449542	0.290642841655753
-0.0918037700821974	0.197045092755298
-0.123599619299701	0.279905971375293
0.0212740601434667	0.0442155493913374
0.134701793391594	0.258204360781337
0.168753878112166	0.304142529505418
-0.00878411127758591	0.0115549943983083
0.143129491643447	0.202901648949067
0.756296461844128	0.916431427729652
1.09562913203257	1.34706948832693
0.94640816037462	0.82438314202126
0.77812153959667	0.527038521171425
-0.233617639505385	0.165695983829909
-0.103707285990184	0.134934574114446
-0.463488427167824	0.478273643473722
0.518370789791462	0.461907114141839
0.690859841975634	0.716920036236466
0.370166922473863	0.340701523043638
-0.105119476588621	0.186829282283604
0.103066781062284	0.183734479886516
0.644651609239883	1.15090282776991
0.318105223830443	0.899711326286974
0.256219632530827	0.355328005235394
-0.510591461280588	0.839996233777792
-0.0672818900800182	0.127664198558555
-0.0545479704180406	0.0732391948452072
0.657538331037017	1.50656276334673
0.0621839865129371	0.114537625903704
0.0333272486982692	0.0608656539182149
-0.0556151732159578	0.105176872452375
0.169781535165532	0.364990346245486
0.072167470561345	0.0787018538938276
0.00992321454816758	0.0466196407642573
-0.338223703299141	3.95598518264884
0.1174748051615	0.56043119232438
-0.00149548909810929	0.00470293610723722
-0.264097111025382	0.60566159168472
-0.0721837796070268	0.0975603996827681
0.0567107604545135	0.0656476837334629
0.077462149627125	0.106252189278331
-0.0012463530491535	0.0015048987458655
0.336651364715068	0.639504087517559
0.162997171114206	0.241989730006707
0.916096813832662	2.99790019815942
0.297817434529316	0.499058630741413
0.506766017486923	1.14239647589605
-0.200259508351548	0.23632481854451
0.313356601099423	0.494994284523487
-0.219718653133904	0.31133548726533
0.0851577312982017	0.102987015913914
-0.294416839338167	0.528968556945416
-0.292416323547084	0.424524474827407
-0.279042077435722	0.383858593260598
0.442173947862681	0.895948055639883
0.00248959533217056	0.0030541451000846
-0.278692522314693	0.554981865347731
0.338491913614165	0.675136703099804
0.0237067105004474	0.0325464097260596
0.0576699046719292	0.0783218693165791
-0.188769189316871	0.338746273243782
-0.15755620262101	0.275021079505036
0.194119371134456	0.312599144851624
-0.0165195178104793	0.0190821309600696
0.255576195905065	0.449479909096046
0.415951138351353	0.627502139389683
0.0896568202246282	0.0914917290735622
-0.0131704919446724	0.0121421210786177
0.0450012560158701	0.0430901584318989
0.119134449363417	0.122868966919358
0.505185651290505	1.09149724506417
0.18940603107993	0.252976567447792
-0.0633197415141254	0.0663171852985086
0.263896331871389	0.315247292008584
-0.0668130874218232	0.0787475716022769
-0.087240168562133	0.144886386501827
0.165702552489363	0.248243293167006
0.0775335846763424	0.107726287893772
0.0379757169325576	0.0584283645586449
0.403728647515874	0.931675934749715
-0.0285547905607309	0.0384680817682669
-0.493601769058422	1.50682963292704
0.170582702783001	0.287574757698343
-0.105952187903901	0.156013466223699
-0.201481792580563	0.41339092804162
0.120839756104568	0.216643104353342
0.731675711714149	2.44365948413601
0.139216959426646	0.242983410653027
-0.288616287900192	0.546260020929414
0.395625319668501	0.681584656237818
0.0845630505027673	0.0995579919195093
-0.115286953299853	0.107937825148055
0.0110297885622518	0.0528598566965438
0.447379667528363	6.80058529511179
0.0492342957121272	0.232533153317593
-0.13201985463252	0.11313257697807
-0.0589430643930419	0.0571561239007742
0.120134916510736	0.116353807031981
0.366671845591435	0.452811417508703
0.354016049543301	0.462926388729701
0.3411244744711	0.38621587955468
0.0811883401509278	0.0651867136981266
0.212056306035705	0.183677072714044
-0.89965647364729	1.15381513798827
0.613475814873641	0.757078210667381
0.654098350512255	0.965070826081009
0.222913225284403	0.400276889447009
-0.569097181232572	1.00298860677417
-0.261329885899369	0.248300397889575
0.262054027446553	0.335598306692019
-0.144767520971622	0.209132215278983
-0.338497071614098	0.798145270178545
-0.151109303787651	0.199038559807885
0.0940180691860996	0.190623109648234
-0.290990527846413	0.901787450328091
-0.161729525299845	0.434962972814458
-0.202104567093261	0.373192770385798
-0.103307391763863	0.148279252036137
-0.0705085556645323	0.10533158562754
-0.460923235015694	0.845711881312668
-0.428140932941674	0.31398120556978
-0.367174185156305	0.239464019547456
0.110241348050144	0.0760037376501301
0.891474301589614	1.02430742146062
0.959787541904033	1.15881651595526
-0.295698692265273	0.497654412162628
-0.503025878486197	0.619137294928335
-0.375783316310306	0.282695296304391
-1.0226693317296	1.0625314663385
0.0864656361737496	0.074054191684895
-0.0959368830187278	0.14535659016333
-0.044919405610293	0.0957316252609965
0.242926960131208	0.603699238882947
-0.0207874834841008	0.0316157834735454
0.125264594642506	0.205820102784138
0.883622934681905	1.96894915541248
0.272454355897231	0.639321490787733
0.182999934995284	0.22307525297634
0.161476650295878	0.164968563757393
0.0436992748422986	0.0692784337283146
0.150920255975093	0.178729601074577
-0.215453052881963	0.251125531696488
0.305828790151882	0.674225801545193
-0.0432351660766502	0.0750450462931263
0.0956738195143615	0.196972575295579
-0.032790688867565	0.0571749299964755
-0.179358962698167	0.222334529476134
-0.138670269770245	1.16248051166694
-0.202618613882888	1.84046874773535
0.00840790321833757	0.00650843390342693
-0.0225832577094286	0.0165141978326528
0.0604042371564751	0.0461172036966059
-0.704987637193456	0.646798009521193
0.637625541402677	0.596199181832458
0.0663649238439246	0.0520236555804008
-0.785453182643402	0.708042081692687
0.283263959123654	0.500688113788822
0.0361453892754028	0.0365515842232077
0.0879327098149147	0.0522897767416447
-0.190582001525485	0.134729964476473
-0.633403378218552	0.718682559586339
0.828147122727424	2.31703471670491
0.175363796447239	0.324545932547507
0.496592674016604	0.708431018842152
-0.0137302983066283	0.0237352010613992
-0.193991284821156	0.511630232826787
-0.0515482202791317	0.11727411554263
0.229834911798479	0.440909860636545
0.244275705527495	0.38669180181137
0.252187329288064	0.446529118074567
0.0608058961130286	0.0737871865035377
0.437125348408927	0.350768801464003
0.3142027275941	0.2515360505575
-0.118173369511131	0.0578866896867249
1.19240796609407	0.640246169937189
-0.0929096061243876	0.0481941261246748
0.737184203245744	1.26418195529677
-0.974659582985992	0.903120610755705
-0.085537495122669	0.0437872589768415
0.70072736517146	0.515126997567484
0.431004201117934	0.362042764061937
0.401431076693929	0.907683385683989
0.0933716217630987	0.139751023637431
0.817187433642957	1.25158792257052
0.0613447408080476	0.0877091252085542
0.767752446878183	1.12805108531154
0.041975120820414	0.0287643272852317
0.482361031360464	1.27919284198849
0.405417770471595	0.532909725262257
0.391728539979209	0.437609556370926
0.199820865376262	0.334004339034361
0.202892650856006	0.47021602670998
-0.0769370618201395	0.1605356185361
0.0895220164520548	0.177795697556819
0.181205757014242	0.203294473492135
0.0579423189574046	0.32264109080231
0.299273299859736	3.32742300861525
-0.195249714354705	1.24666865203725
-0.0491578395879872	0.135456650953553
-0.168343741833398	0.539948436970922
-0.177634628218975	0.489335088078646
-0.202797376433734	0.543172717097526
-0.391398317143724	2.52244714615012
-0.151102831620264	0.827646906779701
0.0400179886724389	0.131524671331873
-0.169337735919583	0.734248076908494
0.0360553862922104	0.041674877479996
-0.114870596339032	0.150790146846792
-0.125884239222673	0.136923870508514
-0.501988771038033	0.677909343299684
-0.405287312807495	0.421888991632041
-0.151844915912058	0.11439199233441
-0.67559136773082	0.788765351042971
0.668366068649423	0.875175479386071
-0.127222474484192	0.135961646634098
-0.0851974846023666	0.142984393023206
-0.0702428439658874	0.0899425323626875
-0.791511933954732	0.927558408042283
-0.457779816905257	0.710421978615246
-0.462653314950134	1.11155234851102
0.0619923096127716	0.111539156978337
0.0964151812810923	0.120494868458825
-0.41051774878621	1.53291558897291
-0.178770644434667	0.46693002939237
-0.224625283743701	0.736170256877544
-0.160945173269974	0.317550721364539
-0.250072886337145	0.462630982650205
-0.150474839133282	0.242098598668368
-0.309508252047533	0.533106006557585
0.286168861165618	0.273735397010482
-0.332132177248065	0.171556085047394
1.39860278697174	1.84778888235262
-0.0874142604862919	0.0597115903502636
-0.0148997148764946	0.0109236735842118
-0.0384221696441826	0.0514288977819654
-0.111503961883342	0.092282879211716
0.994767161252203	1.07173029980595
0.00222062819093551	0.0033502063768966
-0.262948851695462	0.354929353245401
0.0331657580990246	0.0535422139961484
0.21830789414346	0.510527727980057
0.34556530492794	0.536213519234324
-0.0397100527332044	0.0417874621208654
0.291530231713857	0.701884207150697
0.20691672806398	0.516354793755118
0.182388969887476	0.463243332891799
-0.0873359222421044	0.181618918254231
-0.238905428655621	0.324169632834633
0.109402235637564	0.828545573860121
-0.399312736382255	5.31380177164726
-0.173850116149337	1.01755467156205
-0.330513621797058	2.40812302114467
-0.431165895568029	3.34561587686244
-0.584509552558318	5.35899424868889
-0.663703157802941	7.37317429916812
-0.0629781211707226	0.23229532380445
0.0164360927207664	0.0513420453294453
-0.469527566260722	2.81279551468042
0.00663063901998663	0.012542572947371
0.0868504575585708	0.181578676736116
-0.0770037503410558	0.113275760530368
-0.131174775023896	0.212224478178161
-0.296453881505303	0.467993423051821
-0.436589031000047	0.701961973135344
0.163589596280836	0.238113310439557
-0.268246884642755	0.429207994031519
0.251986976334473	0.55331632711333
-0.189310461029417	0.350011310318349
-0.0194459733824166	0.03086785004601
-0.10685703789603	0.167549973840483
0.219216207435081	0.514294024155429
-0.0803740595231583	0.12238349700258
-0.0104911191173556	0.013954191728163
0.212525695554191	0.337788859571549
0.0124888955159749	0.0158470926985636
-0.530682394671406	0.993589724763629
0.0345771521931701	0.0416445942021773
0.00905171551673001	0.0103111135427397
-0.468148130027642	0.876693125420705
0.412737031759253	0.680516981191713
-0.101464977382175	0.146325430441611
0.250148193728112	0.423526997922561
0.282128858069165	0.620157140373541
0.0793155484807305	0.11978533189022
0.0220002121631671	0.0320062636545464
0.0907124440792161	0.140287012440457
-0.106217857443621	0.150194176413089
0.674463558010761	2.11287892068043
0.171860502885783	0.343030631191957
-0.0322345325569011	0.0451336004464314
0.143870396393498	0.235843577940904
0.0919511730034155	0.145681165848332
-0.257004408764871	0.552655358228879
0.273028820335723	0.482866805838756
-0.300859664122022	0.494670299009085
0.0344582299068369	0.0309449989097171
-0.00312893708209373	0.0139770506289607
0.115135365137519	0.688075124862535
-0.0191088508208164	0.0691519087490292
-0.22417503605309	1.37854462190628
-0.354408336616775	2.69088913354564
-0.510988994481993	4.56448318148549
0.397361544373374	2.35642142811482
0.218940375918749	1.1299498446547
-0.139149047101458	0.397666025247656
0.196228794210193	0.583094910386441
-0.24286918795501	0.369452165182352
0.315752855632551	0.605777002134521
-0.311255588605321	0.52853498966164
0.453534161459148	1.03208938270259
-0.520976820101261	1.21337515164159
-0.552645465888971	1.21154351971964
0.335132617930323	0.50831555479149
-0.569578603224509	0.99654929658135
-0.0780537530761187	0.112730839599254
0.0474870113452918	0.0610783792941847
-0.0839706053628931	0.10186447599532
-0.390465754810759	0.641413414950056
0.214473139215653	0.345011695361392
-0.460842138046727	0.856964763128614
-0.0859708636448887	0.117635434407036
0.344554600288189	0.649752559595653
0.13741143844379	0.190841404289506
0.140650139416549	0.216519769388658
0.350983546904538	0.673617974135423
0.135589295686158	0.203744702524796
0.136177542389016	0.194559047126443
0.0837470600832073	0.109020810848628
0.116962314117391	0.18381550369799
0.970352059369671	1.99992857914063
0.052586652537934	0.058340174264828
0.501849499246772	1.09456918576972
0.282536204732074	0.487738219102331
0.107896157963954	0.175926100270262
0.154447848479999	0.225995139883213
-0.0761048634051211	0.111899535911942
0.226401769745222	0.451097320480571
0.247376002713247	0.45507543872998
0.183723628607048	0.290765911278111
0.055278681439743	0.0652075354586875
0.541071556273393	0.81090207504259
0.219824852642581	0.221127214061284
0.0305725853834805	0.156626674414429
-0.0443998928654808	0.215073375367023
-0.172771130947814	1.1077139979077
-0.328567275043586	2.86107520825781
-0.316625637299681	2.32801829434508
0.574457983741696	4.02525288544068
0.388915302631314	2.8326102122407
-0.190577859370636	0.539114594909818
-0.0128648189989297	0.029994524084978
-0.183086656267484	0.339195048796582
0.0328792935275851	0.0470006009707579
0.580910171402955	1.55507915174613
-0.225624712315448	0.40970882533375
0.182195056824481	0.250244082120819
0.0649792091733317	0.0852999533193716
-0.00614096193135982	0.00755746062075766
-0.204205686422509	0.253174039402802
0.0666803547156368	0.0527479287106944
0.129945075092899	0.137329291176728
0.133192495422088	0.181028379992161
-0.316914096242584	0.483150958690653
0.328104474877852	0.595771314582378
-0.0160619422976112	0.0196959670886486
0.403969001174402	0.975239376388995
0.193673350644852	0.335036502524835
0.112023423718903	0.192041640227343
-0.0181593575482154	0.0258884851429629
0.3094367695112	0.658372904378918
0.323480989096112	0.673014856292897
0.0099075856334389	0.0138472758003772
0.17023022675663	0.313397024547537
0.143857806126171	0.2428971623957
0.0564223283033751	0.0643709646547715
0.0590861954200682	0.0746552533984571
0.26769879035111	0.524227373770328
0.154840631340913	0.285723300196966
0.255820592243211	0.391379892203177
-0.153335901469926	0.151501389440104
-0.0469865366829312	0.0333334320015166
-0.139576242400637	0.104982870510563
0.0672248384861937	0.412069425756309
-0.0221857601833417	0.0995984390904891
-0.0256168988614524	0.104102804328062
0.0361012889488423	0.129980843462695
-0.114757423387194	0.28078107619965
0.0639633791528582	0.18583510671342
-0.194973618440943	0.378213380973547
-0.0984587546595753	0.18524690437769
-0.0366910647886522	0.058948442978356
-0.0492138611701466	0.0747324294687391
0.397835342768241	0.912079884239162
-0.336613732936834	0.56640257476777
0.0895704077603804	0.105917970464021
0.480301370589567	1.16067875746403
0.0546655191944819	0.055946280732224
-0.205547513151955	0.183732727478905
-0.232419778625876	0.238539586686991
0.124912207977371	0.177954491950124
0.017472943385701	0.0200148043875422
-0.3813432879135	0.612240798456243
0.553793791203453	1.31636850220703
-0.105888059179639	0.183655818330456
0.0373726755607739	0.0553597519109456
0.360585520398751	0.913564774641315
-0.16141936063327	0.320824274540266
0.242200701586733	0.495914334519544
0.0670026424978752	0.0931443327478068
0.117112873394571	0.194407346331713
0.488790363298612	0.943875061372119
0.34399204704157	0.726522622191362
0.617158805021472	1.32183171974749
0.126495986267491	0.193489784407929
0.10856621438898	0.168642797630744
0.187771336145411	0.255583253936434
-0.225008304028272	0.235899645143949
0.390256246705364	0.355596329965978
0.596144380757034	0.589098156987555
0.0450347752764813	0.251283633152155
0.149043248743953	1.08812075460507
0.35425219952485	3.37469223488432
-0.0405157515130002	0.0866598865903334
-0.0534987657859639	0.15051790335262
0.194953827812259	0.478112884518754
0.0743498901293944	0.128743027729998
-0.0610965502742041	0.115310799062397
-0.110976549686318	0.244492725527525
-0.114134761769837	0.237930655447075
-0.17514145879379	0.347935878977909
0.00185173471457395	0.0029026867400702
0.0509382812873651	0.0888734843601191
0.0770447002313531	0.141648971516205
-0.141192611466032	0.271794772772779
-0.152086896978422	0.256640972668941
-0.354403647581138	0.729699601979949
0.219991295894613	0.306447054233628
0.0694891126606349	0.0875359220371523
-0.165282682060934	0.250332165403576
-0.359957428379739	0.478820652434345
0.413436338177882	0.444851184020434
0.016525997098998	0.0132297062071378
-0.0703791286939634	0.0817067028990922
0.180983668408445	0.248759021070551
0.25408873758619	0.386352919048301
0.181069111169903	0.2642084951645
-0.166722051931995	0.299440217416867
0.362217411109348	0.859296274565235
-0.177200645686602	0.362900502463575
0.288887902325405	0.659924173591769
0.294457888339881	0.658055705993206
0.245518996546941	0.380861678361717
0.279516371078056	0.386183625421706
0.124551252737844	0.08975508761701
0.400965499086897	0.356108853438439
0.399631100946114	0.770997633036616
-0.129765051680946	0.187204026264345
0.233034688951224	0.288006894842678
0.980510847420177	1.70717114514408
0.204693129961041	0.184522479964736
0.760035824200805	0.631510283740409
0.108332751744863	0.790904339813754
0.37778428931025	4.67193931065427
0.292546862899182	1.09131961196804
-0.175217487845645	0.705480893033687
-0.179254209411218	0.411248773517209
0.00463156888407875	0.00692405872409178
-0.146997345721189	0.325193943558958
-0.0580902253533654	0.116453243174721
-0.462670330219704	1.64077601799608
-0.113738796949411	0.228771585074593
0.255791872481899	0.616955449622049
-0.0884894155307249	0.161723622324981
-0.0933121653603985	0.170519373083806
-0.336580091952058	0.862004106770794
-0.105230027707534	0.192328679478027
0.0747400047093459	0.115820446566092
-0.042714599073758	0.0606450546669994
0.462183363947296	0.509289813928549
-0.349001421006641	0.390934572573924
0.101550007280472	0.118153319523477
0.0512060994059425	0.0669244420261722
-0.464471055043788	0.899910083152605
-0.0685024654437658	0.0886663204593013
0.242641121312914	0.550924741210347
-0.0484401305620883	0.0750255906486047
-0.0294417086739247	0.0464361922507397
-0.137653532563786	0.268654824142702
0.175215671862621	0.325841334139872
-0.00956621733567705	0.0126957687458364
0.113544903235148	0.184694283058201
0.282508612104756	0.446967511743007
0.229311719423782	0.339308915169416
-0.414422955306337	0.33375577320977
0.651067015909939	0.756267747073022
0.215913579525906	0.258047207320004
0.560248637044378	1.09427365553754
-0.0713784749093869	0.0977712531744738
-0.0724524092567289	0.101870264379999
0.188343476636537	0.269246901753503
0.312742900310897	0.258934116907734
0.274082795271402	3.26770742806054
0.140561051821298	1.02131543673256
-0.178938876474707	1.23431753586157
-0.611113814152353	5.58399056402601
-0.298670853289694	1.35681265312949
-0.0713086364335953	0.140436866175619
-0.190265338643259	0.407252248564606
0.0428016711954797	0.0691583840289167
-0.0814539611756885	0.118991721957961
-0.134209982251741	0.233373217013471
-0.0733906292977667	0.127531792645665
-0.121035404290741	0.209505427125806
-0.0213120179449616	0.035881750595874
0.102357218451092	0.194241238691928
-0.217167863860623	0.392218012430289
-0.0352977924541643	0.0493481093068927
-0.579677523709753	1.45120756775891
0.103736816690425	0.158783615072892
-0.243858112456082	0.381071269501748
0.0814233785106418	0.11195140851929
0.0425712305922988	0.0507082806341039
-0.00178886425603589	0.00241029698203569
-0.010026348790132	0.0137956040583439
0.295476539111646	0.519110250693812
-0.201442652785163	0.315015123710056
-0.158894249812563	0.24316106226165
-0.105789045689841	0.14124760940552
-0.0805246388236917	0.116891967840064
0.313708458656519	0.551777395534607
0.0702860648889317	0.094282091901738
0.325337878674777	0.530251123919668
0.213257789694586	0.325962907877919
0.0669761579239006	0.0800646048708301
0.836405645079899	2.45600840721331
0.0715234662446577	0.0959437334803316
0.114883860972983	0.164355230809584
-0.117032082087966	0.798204416715768
-0.069552812044409	0.366081080210453
-0.148760757901307	0.177545978237156
0.389299517131272	0.639382923366498
0.471536776880879	0.8473012608083
-0.150708906327228	0.318324617715179
0.0207982820257716	0.0296773968918749
0.0181928142911662	0.0162053923347287
-0.32917525600983	0.473789084882909
0.260424864986174	0.334954819265622
0.0868812861644347	0.091854575990963
0.530058868854048	0.730730035547631
0.0936371740984276	0.119166028919991
0.175676349791141	0.319802086637981
0.04865894588099	0.0959645532051271
0.0760222821607032	0.120985518771107
0.418352068230049	0.89244960852588
0.67954626263876	0.974367461357481
-0.634549113994498	0.581418053716402
1.07245390992645	1.61468178583635
0.14759664089484	0.133972092814168
0.33005882253799	0.374486552268267
0.0903920013022641	0.130079438607151
0.220396408837926	0.241775024914049
0.220699485862668	0.216817554355302
0.219715053989557	0.189784949364937
0.618382028575359	1.38251844888479
-0.141710271952108	0.260723918450702
0.32726970309433	0.854420745052317
-0.128302324920749	0.976944043249158
-0.354188334531881	3.92584358237565
-0.186344864893017	0.351601662313102
-0.254609249367855	0.514343605135665
0.00283345331099722	0.00406153994195482
0.314905679271307	0.697042976274422
-0.2042979524383	0.513767267623098
0.232923114246423	0.52332841524062
0.277577485290475	0.456331359917401
0.0372007278531103	0.0472135472947454
-0.0243479834191858	0.0292679407437961
-0.0202752424995643	0.0240772728198573
0.212935592978165	0.410973394682958
0.192097543863433	0.321311143644336
0.150915853073235	0.217400155494783
-0.161251627544788	0.182818240987322
0.0363726475311337	0.038859507521895
-0.259027743883268	0.37642877895058
0.243584969455453	0.363125927020122
0.49192884674844	0.937926057851171
0.479926361089372	1.07094866102206
-0.378464528585213	0.772077407815203
0.243097835461066	0.470594029181334
-0.0703110857728411	0.433383633882676
0.159483299619758	0.29245514395482
0.0655556722264085	0.104769987425297
0.0994293039824704	0.131758862371064
-0.169561952170302	0.286398386475156
0.30044435925335	0.575513934191295
0.339142806438289	1.0830151313884
-0.057111358844046	0.0628131588081074
0.138025789743777	0.238221781601465
0.210623179829778	0.380888638449479
0.141224846155887	0.243055439252038
0.446560090822807	0.716576096681281
0.163315975643465	0.174483133551264
0.13198604455723	0.148509464357654
0.261887405427233	0.287225837474468
0.315634530193354	0.367977329853
0.756577715934586	2.04991921056838
0.333088466691435	0.473122856143837
0.305173692586897	0.376028445691278
0.480431560137375	0.86145959095453
0.381151169638713	0.639699089296368
0.483183759776503	1.26257335882692
-0.159480040261005	0.444242222884321
0.0186263619024899	0.0376792162924023
-0.125358262901191	0.285670526420668
0.0114971789390175	0.0181584372116
-0.0223232179954424	0.0248473837761647
0.216343063489446	0.271734994573986
0.0448188390619149	0.0629138972564193
0.344594534651242	0.741946192137197
-0.102512911955356	0.17211287606698
0.554693951746413	0.984920557199501
0.0392962522950414	0.0912434529636448
0.20462329648299	0.629710283194493
0.0841382554179711	0.196292696526271
0.869290166756204	2.43166449150162
0.0331262216059074	0.0512476342225411
-0.158674716572968	0.298741086525156
-0.116247242109736	0.208133933219238
-0.0304289912031589	0.070629706917369
-0.0628047953767163	0.142635357166195
0.0878972748420224	0.219312667589086
0.188657340469206	0.352786307939861
0.0458698933057157	0.0710909647479027
0.0372560605117271	0.0585201692733085
0.0597115561629281	0.0899773965135112
0.0512474335871662	0.0722568227773679
-0.0709134264519943	0.114074380950501
0.0756602698994107	0.129004085416903
0.352260513557688	0.750663038740976
-0.0942472017876154	0.128206280949592
-0.0449671879781904	0.0606738927007296
0.00603807412676803	0.00916280056656556
0.477317179612897	1.10838332276345
0.34480178529431	0.629318796097626
0.0260843531539371	0.0247078061244075
-0.329008125398591	0.396942076343366
0.106409664353823	0.147148537030702
-0.161834619469108	0.22703079045375
0.048338982239346	0.0599245610248979
0.00302977654737446	0.00379512603235058
-0.213628089010668	0.426902160348282
-0.225996891419895	0.483313696260777
-0.370723737027196	0.985026711173772
0.0574463122586301	0.0948894142346223
-0.216211219247488	0.407890837756461
0.0157324537511524	0.0214950646560133
0.380446579965789	0.357862561255071
0.185260273705128	0.254450500523283
0.137085353789719	0.180779229619487
0.515472594830879	0.719640380195891
0.0577713184412039	0.0528316714825912
-0.0467972173383224	0.0558377385392558
-0.303882751485753	0.477532602459292
0.0348620568442721	0.0394546019162242
-0.178398145415264	0.246181343608119
-0.0989037380057897	0.158920690341218
0.22757114498824	0.42345195105165
0.203953904715655	0.399691591425704
0.0173618432927925	0.0235760491084201
0.0603851811023036	0.0878220445866753
0.019834028560126	0.0252727069969114
0.174175385546354	0.253409233716843
0.0430341108269177	0.047312615160573
0.494410577744601	0.70491533938146
1.09525989412605	1.34861160485722
0.276889503672031	0.311639524955818
0.164432557985908	0.171733294259411
0.138876903920523	0.185886340967965
0.646683806673827	1.41138002842314
-0.0394146595359144	0.0405255708630306
0.218030107064833	0.286988199160636
0.216499447709508	0.250828113139552
0.0896568202246282	0.0914917290735622
-0.0433602015535498	0.0565744077734766
-0.00663928693913934	0.00896929313735707
0.241404866917944	0.460016235500061
0.209333081449857	0.39041337161014
0.538530709072048	1.90120231603956
0.196614026291026	0.440727164103014
0.108361217500669	0.196735149779483
0.104587555087971	0.202120803157325
-0.0807935358657464	0.14313062620687
-0.0578000611938537	0.088906914564029
0.135485487820937	0.245267487236513
-0.00138722352994691	0.00212903043863471
-0.072806897528433	0.126695769856357
0.236958949610234	0.493269289922945
0.1480119277234	0.236311248236536
-0.101606360004199	0.125181926690754
0.35848765094767	0.354032926338118
0.770593527412514	1.17463532817146
-0.0996908380612693	0.116692935280251
-0.152084810323472	0.195470903605814
0.0184148423786348	0.0268507791493667
0.573663804765253	1.50786664545034
-0.329954257759946	0.68891493396265
0.0728384604989187	0.0949988653878428
0.0253911826369286	0.0347621070468723
0.116561340285491	0.161360928760562
0.0564866807459334	0.0735607410586252
-0.248988962645671	0.40530689097696
-0.164177686828933	0.269640623016721
0.650092904200232	2.12314856461047
-0.196344965541538	0.374306025298735
-0.0288383857271787	0.0462378004529695
-0.203659588956785	0.409974343302509
0.228490716055439	0.47402559060902
-0.403895073616194	0.845725317363953
-0.464180162961194	1.0948639074066
0.344251446416433	0.854594367353448
0.0844376796066723	0.133388226192019
-0.112162497462951	0.172583429832661
0.198558082891736	0.314391646203842
0.303245638636548	0.508760591920155
-0.123942367122106	0.113552209772379
-0.504437976060134	0.650239478767374
-0.185532031002056	0.246456012778673
0.174190643858292	0.255244903396048
0.00976390893705353	0.0122284645548369
0.0893941376309608	0.105714619860442
0.537900932809533	1.23629665697226
0.601220483573433	1.56024917664935
-0.479043983040535	0.831312300775413
0.403032951849116	0.837720145514694
0.412935696088886	0.88373849293992
0.290187141671962	0.376942094616069
0.307319945999252	0.426392665690748
0.0971809668974297	0.143356398137277
0.474672117534675	1.21753834277032
0.0940086063067078	0.13631316604198
-0.0316803937108265	0.0445206382158455
0.056798942213051	0.0910615727813343
0.0398900137063312	0.0629369275888269
0.419266328352062	1.13081506860142
0.252786170666405	0.546579472836799
-0.259386438551608	0.57168074980337
-0.293837261854441	0.559696886572833
-0.0609328190375661	0.0912373068724077
0.270734205040101	0.621186223364347
0.138921410973086	0.231223303297203
-0.244624642266386	0.442104713405737
0.131532972543236	0.198338899912665
0.0889370780263817	0.108895647061071
-0.196966316438105	0.160121383832711
0.0690740876457674	0.0662902404599047
-0.0338179004596399	0.0380293827545254
-0.29296270620045	0.460350760055495
0.0853026625247696	0.124673989359491
-0.498437054009322	0.939804036491983
0.0261078191683093	0.0378358357121014
0.335747479548837	0.592654604315571
0.0804672459893334	0.103390083384196
0.219268062881755	0.360896698455893
-0.140717308704563	0.214013036009753
0.0441205332239062	0.0484394712211842
0.359267976188241	0.566992814626412
0.624983493898386	1.09359320890114
0.612682791230042	1.79455869636838
0.150975943991698	0.242355804099026
0.429471538061427	1.05748267103755
-0.0326454137747248	0.0454538488025078
0.108720562261164	0.21018711397208
0.263060039791012	0.617832048027112
-0.100915600843322	0.183086448134525
0.304016916375323	0.8397860788179
-0.313307494595126	0.752867555596934
0.183147665358784	0.310906897052655
0.0419157126984511	0.0659231545128751
0.0781591060308679	0.134338291248989
0.138337055094803	0.267411871067912
0.175475080337702	0.311110941186426
-0.308829426237111	0.595153488595617
0.149676867851161	0.202638182348343
-0.164774653626954	0.138052481312193
0.131964852339888	0.105007519928515
-0.384702540795976	0.602468216072205
0.42727668212926	0.796473798681356
0.109549008643459	0.170083114614583
0.752685123776623	1.83501891308314
0.0349143818580115	0.0482613108911538
-0.164951946229477	0.266291190839227
-0.227642825787601	0.311426053325155
0.39451158790011	0.750680454772431
-0.0115051889949268	0.0141564474910571
0.375357350473569	0.63965391752916
0.103290944885622	0.15684129561637
-0.0401903037919465	0.0565868044013754
0.295236459976736	0.635310896299546
0.121958902017192	0.247305967761396
0.239549976461843	0.522688212230045
0.0624477665587086	0.1105277685095
0.220138918812046	0.496451306062657
0.0136752203945996	0.02134097097563
-0.145835703538865	0.242691160708856
0.211355713040856	0.449193330460308
0.327686105980462	0.888465162353219
0.237807114652001	0.547936421240675
0.0136916493231571	0.0199428566137717
0.338941143448083	0.661413298629716
-0.0216333493929298	0.0269829234449085
0.758597757810167	1.08577600204259
0.515160575053047	0.717506960439438
0.153631968033592	0.197998438380692
0.478439369006257	1.00037956336747
-0.165352759471411	0.291620554716344
0.511367697976195	1.02501112375594
0.0828508718314841	0.123550734076403
0.0196657386517591	0.0257180380562803
0.292190098639715	0.469812086644387
0.30355527768469	0.59900162082105
-0.094821140029958	0.145975335247898
0.41714110048509	0.803550713448017
0.12817653036971	0.1982027662198
-0.0559128475690429	0.0773194985252302
0.0984879909005956	0.15636150758067
0.0890500461945472	0.168305338172876
0.192750076725063	0.403808003311456
0.238189383379852	0.539516269115699
-0.101436801769917	0.187675761490258
-0.249979296654228	0.592795822421987
-0.154726326866285	0.249609716162868
-0.00667690510864083	0.010392238577706
0.052679563560149	0.0919036506001964
-0.195747376776926	0.372411934205418
-0.303581806540774	0.616698578016902
-0.163299073696575	0.225658226206212
-0.36984587206588	0.562904762479052
-0.109614442807378	0.0847498941248869
-0.541104727164354	0.699869669160524
-0.467074885337528	0.668688369594681
0.188317982118506	0.262734946946135
0.327604403535694	0.637377157519223
-0.230900106100558	0.298391625450959
0.163011211072261	0.281029983079003
0.14355370686498	0.198107332857992
0.440218745630433	0.790359337093647
0.111435228578018	0.157397916266181
0.267953784286279	0.46135337936714
0.315096943631291	0.484444935588352
0.510400136547462	1.3255549680991
-0.159851240941234	0.263986088904605
0.113746784407511	0.230290185267082
0.00772366683978712	0.0130417727776899
0.0995838166964496	0.200625762944735
0.24440148451073	0.571389128950006
0.158606022068138	0.320562343467697
0.045283091407702	0.0673621272404459
-0.213428772001593	0.440723463149259
-0.0739414200126937	0.129086810173188
0.11390131782662	0.22748089366255
-0.214477910737608	0.444631892375882
0.024945662283405	0.0333723725815669
0.402078604741611	0.76717438408691
2.24471686349177	3.57273503843578
-0.0947803751748804	0.0905161922767982
0.304613003812459	0.471458182487243
0.0650311502649822	0.0829960084572142
-0.891921634851495	2.85268545366843
0.28336580714429	0.438573464793741
-0.331791538821035	0.714411851623997
0.619790006385873	1.63548560703913
0.637773108104632	1.41512603937556
0.175163675196647	0.28539808863844
0.11518006777209	0.172450505696481
0.0214257172386669	0.0213257128781523
0.506469243474306	1.08262899039327
0.667506314345832	1.61322434265664
-0.208610750031538	0.352985850219752
0.188631928067157	0.379758347377912
0.0890000595966856	0.149365564663692
0.167254209892809	0.34985009543959
0.0803747969751221	0.1363921943523
0.0758362110001146	0.0987489101647909
-0.140581004127931	0.227834470988606
-0.169173999518993	0.306400619974885
-0.0287757782528324	0.043007881334245
0.143593424338068	0.240848790464869
0.219040663988128	0.358276494912226
0.145991297583367	0.176620007868077
-0.0631522593488955	0.043329674709305
-0.0391031611900145	0.0271242097476999
-0.0871429713437646	0.0900572844950036
0.755086274318469	1.2076733593586
-0.103529405635893	0.143314177549999
-0.26644891342928	0.344186359941839
0.160782740360781	0.224214615705726
-0.0280231419551849	0.0334880503628653
0.281538281464391	0.437871500490266
-0.47941243801395	0.838008264207398
0.169349931064542	0.252421342561843
0.0561846051707418	0.0689695551406941
0.924620986797165	2.28327544022937
-0.0593595851919348	0.0961707160542052
0.103226484685488	0.177687016493777
-0.24183890482211	0.473366355317409
0.155651255522339	0.348372636657487
0.101326871855074	0.203919249177759
0.0495754260210528	0.0826812937541263
-0.241559534777187	0.573990088492737
0.00188645471681143	0.00313200148663895
0.0582919740897704	0.103150735932245
-0.17085513190059	0.341874878718011
0.322536102662668	0.703576771721524
-0.17164253425113	0.256865509883273
0.613991833803828	0.754092907721145
-0.0285360573925689	0.0231099413641838
0.0983998517401141	0.109724608369162
0.328776800116468	0.524319916460388
-0.263129224857052	0.489501055527107
0.265495086669196	0.386001746672385
0.260805889723794	0.543382733810956
0.283632324964328	0.511999442739092
0.401587043159436	0.726219887425862
0.139840689735167	0.228456672335515
0.346645215092733	0.590171549364231
0.12978253793446	0.167201571023326
0.105783417118541	0.193952992769386
0.436865688093804	1.26884887566121
0.0617952358760005	0.101682359550914
0.193652725463654	0.480902694165379
0.0652770977967859	0.116005540128129
0.27214758568027	0.752983569442742
0.253354011730421	0.690900191197094
-0.296642437190149	0.782409940033908
0.258463226903732	0.649680326085185
-0.211935425400111	0.386254065250551
-0.0260423314214597	0.032798161317138
0.718876669600401	0.821287277706526
0.176116838026634	0.200203966990258
-0.339320857497425	0.549798976239156
0.306863118508428	0.53560396379246
0.607734453761039	1.77821937954794
-0.15591018339571	0.199029193899575
-0.142246563963026	0.246561816446531
-0.437233751103805	0.98812832170417
0.0788477914540492	0.110060811767547
0.280424930451578	0.610968179388971
0.382699479503502	0.874074683547894
0.0653700606100324	0.0861992844115724
0.0496641906342781	0.057930513556331
-0.0905341668459881	0.152165286524314
0.076658330760877	0.170399412953878
0.222484350648684	0.617815844500235
0.195726814320538	0.547135765330098
0.106370625024347	0.232359144618798
-0.319698657604984	0.849731580303881
0.0823266987625677	0.161466734774374
-0.0407504758084697	0.0813160962841272
-0.0535041522034631	0.10665431704568
0.038716117214175	0.0634311271082579
-0.0590330002847049	0.0908937239574795
-0.0200044442984016	0.0256400251554247
0.21644371017826	0.203216533248607
0.330768942665886	0.382616061553744
-0.136692519813984	0.159430253723473
-0.123073799436117	0.166332245783659
0.10240784159032	0.170777809351058
-0.0154836816149917	0.0182628212918856
0.0851691471288094	0.132270080214348
0.2876001935666	0.594651621816855
-0.0648893872586791	0.0846857047834759
0.426007935104041	0.953732632672299
0.418717139375051	1.00897607293867
-0.0223815490596778	0.0267303014038669
0.0288437298527516	0.026197458243132
0.0781844471094896	0.169088724310777
0.0831873099828902	0.187907027674855
0.154009116429649	0.360356746316615
0.0378839529081939	0.0676274341534793
-0.084061882495482	0.15581576434216
-0.0372004634555258	0.0722337769689871
0.484196405244019	1.68503592298336
0.0306537424151201	0.0518153317534822
-0.0709691782861294	0.129743089278817
-0.323832064706658	0.800204203904382
-0.0871528670472346	0.162256858680123
-0.351631852728243	1.01507047513915
-0.0271008772727864	0.0400459527692515
0.0060381170949351	0.00744660309669196
0.0393662013253179	0.0614693426039132
0.0593113639839702	0.0977012324419366
0.153497273169239	0.263786372046458
0.247952708799836	0.509662208587346
0.440130156043316	1.22347782829584
-0.0507850419961017	0.0794211339962289
-0.0076632364813468	0.012182199052326
0.188334356838073	0.360103884460424
-0.388734875050871	0.887468156120136
0.267488109728107	0.597312501616173
-0.0661352771248557	0.0967154243526369
0.250088011404251	0.422437172999982
-0.367843177310401	1.11779210310379
-0.19321200483728	0.440605672136487
0.0395962651339825	0.0765517868617719
-0.0159755749160021	0.0314991693869065
0.168993036875479	0.408699320473829
-0.250899833302454	0.629936885423637
-0.138108655108689	0.313022960808708
0.0608302466662685	0.11710935043603
0.0426928101875559	0.0761549706944658
0.0834605928364096	0.161973702514648
0.154622269298371	0.325205319546249
-0.0719102220976184	0.130396835100912
0.39236398611983	0.705742976290808
0.161867138306958	0.218463471182156
-0.11893754778912	0.18799214811978
0.331065513350718	0.80660282131144
-0.030588827678557	0.048661115662282
0.142778836960205	0.241634427145795
-0.0839420250517293	0.145645784300372
0.0203032638864436	0.0311412815956066
0.0888390679619435	0.149774902137825
0.128246922446099	0.228574177963959
0.136334832944826	0.249345407473457
0.219365418108141	0.438782723148056
0.22249412231906	0.41162894230368
0.101447653221089	0.196901393254296
0.0837498322380133	0.156458398552532
-0.0434528619878956	0.0741813010098434
0.0366916031996336	0.0751079042194392
-0.0599901540617322	0.123262257517239
0.314865500608257	0.872018625379685
-0.0686692196724259	0.137896292563104
0.0812750769904812	0.16917934662143
-0.302428399823177	0.891531815833285
0.217387062778803	0.531615008904739
-0.0138479610604259	0.0195769965731039
0.0458340007860012	0.0591445874324523
0.348465265454256	0.372611062027624
-0.176665045857676	0.174643835553304
0.44211900550233	0.709474144248672
0.856029144052003	2.39619579249883
-0.0163964239245431	0.0222740960110461
-0.114697615046076	0.139219666398056
-0.0291430741131579	0.0405453611947303
0.380926514491086	0.818001794161053
0.139826357727424	0.194531547306385
0.451598011387681	1.05451447915675
0.0898882249894007	0.133252747159519
0.135467094841142	0.19126278694391
-0.0520537018755368	0.115530063198145
0.0928867947888032	0.142360101365918
0.236297983177941	0.619646654936569
0.132102859147632	0.33927212105268
0.0354103389379801	0.0677785970658275
0.271953100844426	0.794692980633853
0.0314224972793087	0.0626766508514889
0.0358528892538233	0.0703590081686309
-0.0459175827887394	0.0880456507453159
0.193209372674288	0.391322436874606
0.21793878084077	0.369237786704598
0.148987308488809	0.127263185815392
-0.067302210207854	0.0594465588801184
0.0926131949826095	0.111362723403761
-0.198336539537199	0.318153955816825
-0.0420393725411617	0.0625464304567615
0.128848991837583	0.180453555423479
0.177656697416718	0.335607006038968
0.345787051014614	0.859392367547616
0.525457887681453	1.18449578038084
-0.266754282155536	0.487659522760676
0.593576810967838	1.66225039010219
-0.172822185629798	0.263493696479639
0.0201168311382761	0.0363657124695784
0.156764774820495	0.430190887410624
0.142545228534432	0.372558793920682
-0.0324845129994785	0.0605732166969717
-0.201049128561866	0.500869820726251
0.0575540979251378	0.121340154961998
-0.000333296369145821	0.00058467186328127
0.104384261649481	0.205978496243379
0.128684479225276	0.224766596628164
0.279733349560673	0.521606835195366
0.338423220549881	0.346698117187188
0.171567942004633	0.18415346766585
0.499631107065014	0.933162029460086
0.269898210464223	0.453077719439402
0.324756134315216	0.719161651099793
-0.240473832821876	0.367855516897643
0.0390895250113201	0.0574426935512538
0.0290768595857885	0.0417495761749595
-0.103878758860685	0.134122190121397
0.162062228064644	0.28109828240643
0.212700520805492	0.41026172568503
0.191686871143483	0.296311671234195
-0.268146101260129	0.340714731732442
0.14077956880225	0.392928954030009
0.0704297862857357	0.161054375522307
0.247273598080214	0.652293767019113
0.0514690058083967	0.102515747681149
0.163861964249203	0.410095313745867
0.363225296525977	1.22356917326629
0.207036157123194	0.38050333882912
0.164269733431731	0.276012652447151
1.12316316767831	1.88674133504458
0.215211451191669	0.249591753514521
0.177399066280298	0.218807675982888
0.307536093280691	0.508629310730448
0.135495862526893	0.235998675857263
0.22681420230809	0.37032555346793
0.495921386277283	1.25807534767803
-0.269599688342576	0.508725674766693
0.594891308004412	1.36945269661189
0.0751945419505291	0.110866831468918
-0.0877099244656005	0.133671560130942
0.13005240657914	0.171447362017916
-0.243889583993707	0.268539894068423
0.165209025595759	0.16014502740323
0.144384712161928	0.370398095831544
0.165302038455589	0.356850343862302
0.437480326421725	1.54993165402887
0.207321692347463	0.54556545989734
0.269228385322744	0.480121659213423
-0.00595290883095447	0.00445964468911598
0.828860280644146	1.33072042250635
0.426703172542917	0.764292205199356
0.197028874849355	0.300289684234832
0.505101257474728	1.28024120980289
-0.33113433936372	0.511804443426248
-0.0358317357596209	0.0529448351816124
-0.0771852464560878	0.103774656554439
0.54456496897382	1.23513432546448
0.270428751516816	0.539009182593226
-0.0196170718774133	0.0245269260078143
-0.0711264721098116	0.0838247935358858
-0.849696453257668	1.56314848518104
-0.0597058971903496	0.0529201032173243
0.228284639343569	0.211623883257277
0.240759297205546	0.676945332434014
0.217319180835523	0.534278640375606
0.234328234380164	0.634169729262721
0.0960178440152935	0.198357949518234
0.189578478292591	0.433737112156857
0.580554763577242	1.01127845040984
0.968116223013142	2.29709610693098
-0.368866078514679	0.761438827180298
-0.0792300569069451	0.109939135649824
0.126051747311632	0.207001130713099
0.351807104080501	0.676447102562389
0.144253968993661	0.251520039270462
0.493045217981788	1.23534244051934
0.821180948694575	2.38438881500002
0.28652399695553	0.619715899406598
0.101194020159322	0.155939075410783
0.368879354053865	0.715267243547558
-0.0484888664353202	0.0534825303185368
0.0725248681248216	0.0776651179910918
0.274855538205666	0.289636531935761
0.631797492959837	0.848028525457263
0.0236923480402836	0.0369985527206117
-0.0925045227993694	0.17192365041132
0.131582792257515	0.244822810071852
0.217192095652689	0.435411790272062
0.639242789809793	1.98104376977157
-0.222904144117405	0.396008129037951
-0.51607235180043	1.24678956604343
0.19181080443883	0.339001203603515
0.0831165420094571	0.127967289851348
-0.340445939404188	0.767521121745299
0.219293664995686	0.374825143328383
0.350748268708118	0.693538175478999
0.152550916642079	0.238561393416767
0.432403477227658	0.933042451827979
0.379435734806104	0.833856544883215
-0.0340243594596565	0.0436726539892687
0.0925390022817049	0.123978867448264
0.111104422941089	0.182685461718879
0.286616236837045	0.888830197430224
0.346844560982787	0.911390488677569
0.235519382195526	0.474424907455673
0.0891531539119441	0.131532093471865
0.0161086821784604	0.0223602164156699
0.115019554756914	0.26652610902888
0.45192446143893	1.56192341957372
0.158686383613499	0.332114378876519
0.274870493490188	0.679171863528299
-0.0429325210151462	0.0654490641054099
0.176455638938317	0.395050471842624
0.0878039017428302	0.14783073980641
0.399026630062718	1.02867097069084
0.267086181898588	0.627645318459127
-0.0183322995207588	0.0257933133159908
0.192994077080827	0.574625645179277
0.191040151428197	0.529693266641561
0.232059286427225	0.6037466331962
0.496825124885927	1.21646805315932
0.250181308003996	0.491240750776231
0.118970894747384	0.228162503959596
-0.00394773741520175	0.00609642061446044
0.0667180458186028	0.122678618373683
0.358453321360826	0.933797552832752
0.00148420106028564	0.0023577084928702
0.199838803422239	0.40365951469912
0.244288191999285	0.599991001800905
0.157501864503501	0.327698450094837
0.165636636349074	0.369341933398347
0.00357946762843851	0.0082517514283459
0.219936160466668	0.62164451434741
0.0911335920219825	0.184473010211959
-0.00471406207523069	0.00660819388196627
0.20910946924999	0.499377985433111
0.0387913526469005	0.0565089098667983
0.29316373364575	0.644737012727298
0.150126898682361	0.243807688350338
0.212006888267341	0.350346364174223
0.0062650865358522	0.0101551239890452
1.04113456782852	3.12170042828901
