x	y
0.212192001711388	0.256052321878357
-0.0186262336302401	0.0172514023986702
0.421322112332901	0.635378397219581
0.289474916542947	0.400862910289271
0.118558488611338	0.145352165382147
0.795916492618413	1.3729610170558
0.467177928438773	0.694623379309134
0.134111775797115	0.149067925052756
0.142513362772219	0.167656207948305
0.185701540754654	0.219059820768793
-0.0341342573158188	0.0313996556175686
0.703973297837755	1.07198726472852
0.283788306818409	0.26949678407679
0.151679801215882	0.155484388913155
0.536200638835382	0.739882905757511
0.169203159436252	0.167764839910368
0.513836708911683	0.647275934109921
0.50194490434636	0.643480085632446
0.624380939515048	0.759549756818054
1.16300458565077	2.48404092612416
0.150940334720392	0.144149757946191
0.344999276775933	0.367323294136284
0.346820516273568	0.351483575822162
0.364826845184101	0.361024504593147
0.14085975624597	0.125442178751279
0.1402585030404	0.153135870198153
0.254294347641505	0.288333273937534
0.331806548465571	0.367770013383552
0.144005998317383	0.12605505649936
0.442533331184846	0.543120446383119
0.348819964545014	0.341265554353008
0.295695725779016	0.26644070352826
0.484421708760232	0.456262823340289
-0.00330578095683504	0.00339168897556684
0.215907706175969	0.192048824569857
0.12648500342027	0.0981099001918232
0.0955567083603469	0.0596959619787756
-0.587875991816989	0.589870759842137
-0.178490613782711	0.147469229715863
-0.789656365117437	0.761373573757156
0.0304405433417273	0.0210027785585768
0.213003590726928	0.189672291016802
-0.279006518286396	0.303717861133358
0.0685341457584628	0.0523375858531609
-0.891820489956434	1.21403809918168
-0.317547242580416	0.297553351141286
0.0471369689622872	0.0332432780585482
0.0774478160703329	0.0648050423602143
0.529422947598663	0.652223053134417
-0.134612559005615	0.115483961538338
0.205639209297977	0.184852780802968
0.216139752671756	0.19537398449856
0.22892469509866	0.279815581367432
0.913151201339671	1.86102048699349
0.495175394281815	0.875838160108302
-0.421886610823343	0.574150676286089
-0.0770348087923844	0.067305973590945
0.395921140242466	0.429520838045377
-0.425963313910484	0.477600396144961
0.646470552211939	1.11004068804935
-0.0610743604313363	0.0593023841819119
0.0426139298369269	0.0414855185391821
0.441915967755218	0.626217637752558
0.0424449240837926	0.0429619566580321
0.372198260088508	0.459693469408313
0.326723836530297	0.360408947735076
-0.0364011833813414	0.0360139905861139
0.26040626464986	0.320923876371474
0.0355281163493035	0.0335190836648688
-0.149507761404329	0.14875467205267
0.569261321961454	0.788743514123807
0.418600727776441	0.68743742487624
0.415137661754351	0.68265537102692
0.627870701547334	1.15672486545195
-0.362826116941357	0.579068519917047
0.558228475290865	1.06899474587286
0.22561456615119	0.292654313586642
-0.668687284882685	1.16946051905382
-0.393267842495496	0.60617351947711
0.317951547942244	0.478847708975892
0.387332228915917	0.533040502842348
0.067321626163308	0.0729165341437708
0.345548249331457	0.493656250395327
0.0833634440165672	0.096627628956836
-0.1378984406977	0.173949602508329
-0.108571024446906	0.117327677537066
0.019268079304367	0.0209390872079652
-0.179962906364664	0.258563615592321
-0.378434054584163	0.558385515268305
0.0154587100731058	0.0155042578676837
-0.167606919004164	0.14063777025435
0.540208997315959	0.813289741982243
0.229362812079627	0.332770791183627
0.457979987151691	0.826610754425204
0.341005843725886	0.535841639367822
0.689026113287656	1.52936413897596
-0.0111492708623446	0.0113373588963377
-0.25602075135718	0.355122661092679
-0.0887472419472304	0.108691328115815
-0.176654223359219	0.25482678390556
0.104601989184076	0.131779042781421
-0.541376733357185	1.02837691260172
0.188637483272294	0.222719585776387
0.188214440723382	0.254006945466188
-0.0369871475274411	0.0427001182011875
0.346095802683743	0.622430643825619
0.281776963442791	0.432209404762693
-0.218573488713248	0.284043703774348
0.266284809409959	0.39438687384893
0.249654163495533	0.369564468507698
0.647022358120849	1.1227645555775
-0.108083547408574	0.141435098966743
-0.375224633702008	0.579585378036824
0.0601082754878773	0.0722937552548914
-0.223981586115318	0.317368897700574
0.25541176413867	0.356618724280887
0.160826624768691	0.202620716038213
0.488386544832379	0.778555723613976
-0.0126544047956525	0.0124975555647458
0.141338669510597	0.122597319059785
0.59912920444289	0.676534594777382
0.133976103640207	0.191955753260695
0.115230659777472	0.158815159580629
0.116912472681192	0.166653780949471
0.331627465792915	0.472065371679177
-0.0335271984538621	0.0379593576393809
0.561843927513074	1.10072083763806
0.118888718324008	0.162138660998868
-0.202106909142757	0.308006421139897
-0.375064455758187	0.664417180330393
0.0813358341311768	0.0979408863762094
-0.0695254980252976	0.0826292079690563
0.577134620141686	1.33686820739247
-0.145065955991195	0.185764927244172
0.500028567407584	1.05578223760482
0.0288394949961721	0.0330060862321482
-0.128914865267232	0.153868844204088
-0.336315197049887	0.498202820096758
-0.177068470606059	0.24873185043351
-0.23046640297944	0.307883725946842
0.019204172486236	0.0233459863345628
0.455971548900985	0.736465056624297
-0.146128644951595	0.147167126057972
-0.397102232267383	0.639304652361795
-0.278528585415905	0.283264598805107
0.256982300242341	0.298680129210563
0.80949203130945	1.06583083234664
-0.000774852020342004	0.000832010652400479
-0.186366090568112	0.240455211753386
0.190355890526935	0.239463115420583
0.0429858345967329	0.0430987233067736
-0.148796733635148	0.169887566502199
-0.225706361929744	0.292931868147999
-0.372178188112581	0.527812918236684
-0.0818585164450321	0.0936267409939706
-0.28718440310953	0.362114611101078
0.0769862620090901	0.0798407558411198
0.454600164748506	0.68180748879303
0.169881163465666	0.196488817907832
0.0275727348081606	0.0290264872310599
0.189306068102722	0.228558190266494
0.0275587070820458	0.0306441919693869
0.143815094202996	0.164458691402779
0.258286043118579	0.360325086588521
-0.0597475524556272	0.0578759612528975
0.108833343432188	0.126333154969425
-0.902284811715255	1.77220265172537
-0.287285674590136	0.421799912023751
-0.529894071305221	0.713464477401641
-0.314951170788101	0.389351050819068
0.169531545039819	0.177688378167451
0.121987013620335	0.0868049337794501
0.410411842166142	0.759259303779119
0.526172746148501	1.16077283885626
0.0621982011166058	0.0724311013031612
0.0301165968773997	0.0327323554420723
-0.638398551752187	1.34888331208124
-0.497976679039592	0.926362015377428
0.304411823741195	0.438480738211455
0.107803330299756	0.139333673220438
-0.19611217183829	0.267028790282376
0.195413812315468	0.27939579096932
0.0578521715249558	0.0737032163070913
-0.174755140579609	0.225320997232722
0.115051350429778	0.163877507702528
0.166986827962976	0.220382944047873
0.441973095980015	0.764266912174032
0.0795441752213302	0.080928225854846
0.259924701620182	0.336179211575042
-0.018345389228402	0.0208407897144121
0.345774051189032	0.581338985700199
-0.157454471921716	0.189057028441986
0.178117014222891	0.2396277753943
0.473268653020709	0.840698797841995
-0.204938071972411	0.215820506084084
0.0617677409926307	0.06680735634128
-0.159486535732145	0.180530165978627
0.285550980325366	0.261810637905132
0.697497607015803	1.58706340943471
0.350686997729203	0.563056652227373
0.463313315805619	0.701195369219085
0.165396592668812	0.177485968654234
0.137574180938345	0.14711567501837
0.499472392729075	0.802959585738329
0.150596975516835	0.201622304918954
-0.202893775100893	0.298759855514066
0.461975220180254	0.726568683626097
-0.0562032355190255	0.0589790587121257
-0.673984749141714	1.25399399690194
0.508341245755409	0.937214109690574
0.196502477530238	0.278936673199053
0.363377513925131	0.56812618188282
0.118605927407762	0.157049723846743
0.477218024686589	0.869425919561663
0.137351106735112	0.154020854986844
0.00674643230621052	0.00778193677800713
1.01741677385855	2.32289042640858
0.876950424895279	1.83400942461504
0.573866842246716	0.975165918766739
0.294901782379742	0.464479747293892
0.00951004416882596	0.00984688426484103
-0.0684075405355324	0.0716728542849222
-0.662807985587687	1.15719846077436
-0.148323581668062	0.158377238346483
0.425356200637696	0.443422253715234
0.26294781991559	0.341518118341066
0.372571870526674	0.516929861691372
0.856844479182187	1.80114182023858
0.22551959489367	0.299033829346205
0.069418593098299	0.0760331622689363
0.144161450628987	0.171320434277233
-0.0868836103406666	0.105284962419386
0.344272054349047	0.569544542499722
0.285861416525366	0.407910943816602
0.458007429483877	0.793723303108994
0.252865877774773	0.349180323416566
0.738612447419237	1.50939482667224
0.517526871009597	0.794339684747391
0.09712004664452	0.122351469236105
-0.158165494226249	0.188760503723148
0.113691627055064	0.143671616890233
0.095780545428677	0.108766210466224
0.332011759994365	0.470472009897605
-0.0340859933427101	0.0340924292832643
0.298167953767391	0.332487946281121
-0.566279367535075	0.719619441855257
0.367435195091543	0.355726050464179
0.209708822810363	0.190439691229632
0.29815264194266	0.259157579039264
1.03378761873631	0.859406741765657
0.564965882599555	0.988854874449683
0.107656257488333	0.118473726072827
-0.132445780590492	0.156042032294023
-0.198922339845798	0.248142107248299
-0.0841607235667454	0.0929043629425575
-0.217237141235394	0.323099301010043
-0.055480357103765	0.061994330667462
-0.107812494140513	0.119802575539668
-0.369554554108678	0.577977565162596
-0.24494790312742	0.316697050346689
-0.308671000731398	0.386389920567268
-0.0261396529754614	0.0274924176267205
-0.385018806083687	0.555845842452665
0.143068637390237	0.172077662730437
0.0756269629797923	0.0823751529045386
-0.529758761511568	0.810932873089094
-0.025550271208023	0.0294544335837146
0.191010395029447	0.237933005386002
-0.599774271024227	0.830804313573558
-0.652490728351241	0.851453750211933
-0.296144069807739	0.297522762783457
0.313666365092123	0.250655420078194
0.334809569947574	0.461599262112679
0.0810862649178004	0.0679004821998841
-0.711813199040425	1.03144823828195
-0.573887634580505	0.841178697971122
0.0154672026013221	0.0140561540611567
-0.0842868653971871	0.0745099262669945
0.694260370484066	1.06317754963233
0.155886134823926	0.158533425875384
0.0147559481468976	0.0147329517658023
-0.135285996027874	0.126597657525844
0.105603034500997	0.100485880978084
0.103087274572279	0.113705173988371
-0.253878319748864	0.239797478025793
-0.735142199826422	0.969238951861121
0.216721126618506	0.232494104181308
-0.270640208255905	0.255027534284217
-0.130479369958047	0.147839337408483
-0.188451493861563	0.224563789178681
0.0474091019471906	0.0413601457215117
0.369477377661193	0.611639488567913
-0.399042565828081	0.595355020554784
0.0207890325199587	0.0235499097488684
0.616077085976887	1.08664835801437
0.432752264561058	0.65458727083885
0.220130164591318	0.270026244941149
0.180424147023395	0.213525515973513
0.324491833761617	0.362152440993759
0.175938864855146	0.197323427619312
0.0114438949765558	0.0112504006891371
0.0605744465709091	0.0614376951757032
0.184177141564365	0.225027764333187
0.175128651203578	0.209439205319484
-0.175445435560058	0.193639078836218
-0.440835175712634	0.628018908934044
0.491291168786845	0.635692219285347
0.407052363864137	0.536590389730437
0.351505589538389	0.470581519810592
0.165850304986887	0.183056222874614
0.435920853999324	0.630594040239344
0.108807587030463	0.117559080597536
-0.290902697030689	0.374701938334809
-0.587792057709288	1.02551098584808
-0.261525817307113	0.285713453253599
0.313273021631838	0.38865390676992
-0.126472981731561	0.135078930746772
-0.95095270436554	1.57402650676706
0.123356617711733	0.131924488836537
0.149393329856356	0.201251929683329
-0.0158346942712848	0.0174125009582831
0.204097462006058	0.296681576451402
0.619771944637121	1.10824217167786
0.294864756585242	0.407140087281718
-0.067339396571708	0.0746137241042079
-0.460286867711635	0.763657207524179
-0.41178600531232	0.772791143082576
0.417412045460628	0.718246461271481
-0.00595108542191893	0.00715459343029259
0.412713086420104	0.723592663592549
0.143448520275299	0.169362213299865
-0.233783781261012	0.345969623211062
0.346098384582805	0.59618594321339
0.077531280968007	0.0981895909462371
-0.110988277373945	0.150853728332192
0.371180365393949	0.648822068658209
0.345040692775074	0.559384510316601
0.1655166745933	0.207340129288035
0.624507633706038	1.10040355130035
-0.0348518748369851	0.0394178780366162
-0.00692952956698565	0.00649936946885767
0.842231739049875	1.51169579123377
0.509215229744147	0.636306675510923
0.996706071614404	1.07513898917435
-0.0910250053579442	0.0612703035480306
-0.728445115927678	0.797868472369802
-0.668858870211564	0.496927083505762
-0.25276355105877	0.276659944540063
-0.154914779160887	0.18239993633508
-0.11042472883063	0.119779308106937
-0.0850511181988933	0.0924044417353184
0.0123225275547296	0.0118833706757891
0.227266601758767	0.284262537327406
-0.761413468262032	1.53230380005288
0.536487156521109	1.02825941237226
0.0176548654272241	0.0176871315096311
0.317888278848494	0.468532340509122
0.609432509383539	1.21257311262648
0.569301797155708	1.06262839408825
-0.0970762153922058	0.0998789649534194
0.460309431174205	0.783864592298049
0.406741290195087	0.601128038277377
0.401559971327057	0.651162765334844
0.206575525708755	0.217228620379052
-0.0940224759071312	0.104579436613453
-0.386705204157014	0.527826750964856
0.244258972655753	0.310080296140475
-0.111515158701612	0.11445849366116
-0.0451279479896942	0.0407162681419472
0.441043064034325	0.451530097291407
0.11386436506002	0.110517598843475
0.752946340260609	0.93251839430012
0.30967506256851	0.27181559627282
0.562865157757961	0.372428965328323
-0.427481524398269	0.311379799497603
-1.13314188511536	1.42663825008423
-0.282332433221696	0.155608000055273
0.398098635659595	0.353038102539527
-0.545818261278318	0.471092232927932
-1.8134461029842	1.82769005579866
0.413658877034897	0.357561530637389
-0.237635275110896	0.139202021876149
-0.591176634110181	0.448497695403896
-0.264224937729472	0.441870505595345
-0.284313706116965	0.38503433016427
-0.153784745993446	0.206665579216586
0.297144167160069	0.432327242569636
0.591349233773769	1.09832315893242
0.156462245182005	0.21014815692213
-0.0160783621381784	0.0162008445463909
-0.425598714964759	0.756287298830661
0.0106524027039321	0.0122896762982992
0.00905873553983688	0.00957592705650407
0.82318962541131	1.85975677731208
0.26500146669922	0.354183701675533
0.0311746949569731	0.0356525687272476
-0.0447423957849529	0.049524661861494
0.684757968921087	1.13506935075092
-0.0563180502439251	0.0624767089121887
0.0285794327481126	0.0294225494489903
0.0934755282781538	0.103882525248316
-0.338638241466664	0.475989827221753
-0.233351427371722	0.318611219619074
0.162758324774504	0.217091749190531
-0.128763392746041	0.14898142049609
0.357277611438667	0.47400639451864
0.389182560135466	0.457488610348395
-0.0952162197111993	0.0830449084306111
-0.557557160622003	0.753588240192539
0.405566294127829	0.346646710696181
-0.55421630731207	0.376740331064151
-0.0451328417589713	0.0257152505848196
0.146737238028296	0.130825598406764
-0.202160830178841	0.181499246716292
0.515698171835899	0.2571845889013
-0.244217133624596	0.141954573117553
-0.195651288308501	0.118624336670291
0.235906138811959	0.13132936934021
-0.23834061376344	0.191475797346555
0.0188236668213464	0.0116366874384399
-0.575088988640138	0.542434088470948
-1.09589491735068	0.989282813818861
-0.381467553672378	0.283299376546113
-0.520955577185146	0.401739628840991
0.352168976685773	0.233520114072943
-0.269401313619021	0.184726886961429
-1.25243118558316	0.731869884016985
-0.217238600807991	0.284486684089688
-0.31897031081551	0.446324672722186
-0.663712849607453	0.943518356899054
-0.53058073157421	0.733127046025578
-0.337742121241078	0.391305282573504
0.790118892164725	1.4832075996836
0.132222577216994	0.144563798631622
0.635409712115192	1.14709661895988
-0.230435355322754	0.283209274990807
0.629998088371282	1.01636305218806
0.524164629282124	0.811938118119518
0.414417677627254	0.643774803465116
-0.353306393174781	0.506986652013221
0.857553685224083	1.61170770623941
-0.279408297355101	0.389552696303089
0.0723027089222903	0.0789910977371948
-0.378509678721347	0.566516763240296
0.326481553462947	0.365081370768214
-0.255631629310643	0.331313259919231
0.167184451119824	0.182102433656951
0.211555936102317	0.24728729892572
0.49852611608376	0.747898248655206
-0.227906403079475	0.281890881421701
-0.524141050388646	0.773571276749617
0.367846103979912	0.43938274751527
-0.0766878845044179	0.0794375494182222
-0.40922179205456	0.433254617529998
0.14523524237191	0.122681049633165
0.293407854899583	0.257116253849246
0.0737163648922803	0.0415491142712971
-0.0903454486252109	0.0465640375997201
0.00284776158936363	0.00210769480148015
0.362044191980024	0.470623184549282
0.591108163958055	0.809951310046954
-1.19732896895544	1.55939555194503
-0.123672536390162	0.0602586229147613
0.0628440076528822	0.0261005772073096
-0.397577506148394	0.18771042882136
0.0892016759781197	0.0541027902061384
1.67721715846536	1.56922114680887
-0.012356679038146	0.00747673264449551
0.0916891942261384	0.0556531830199199
0.306553992976589	0.240029768620382
-0.18268836469673	0.0757893068134593
0.240906250233222	0.123746159523511
0.3827145405557	0.240694338616835
0.0687958309026446	0.0368872270701615
-0.457603117759987	0.561028564154731
0.24748266222652	0.317467770274897
0.211000074684302	0.268745021692147
0.37914585628964	0.542428723394848
0.0161742494360806	0.0125599637377696
0.102271364846999	0.114054655983564
-0.195758747343186	0.225083089511137
0.711957847751538	1.14681357080833
0.509198930250648	0.796481800308237
0.183618346915546	0.224125121396773
0.251074704620574	0.301110709217146
0.716906158811306	1.25238102749169
0.131583528655162	0.137359201080007
-0.234732516621077	0.284830046675482
-0.221694244854027	0.275051535585073
-0.515374533453898	0.669903618720188
-0.332188036374121	0.401443668976253
0.662426062669609	1.12120877040794
-0.323259836957183	0.463320735950781
1.23190340009306	2.34977327326049
0.343521200380298	0.48883739544729
0.432880675776553	0.606671447220498
0.485911913290833	0.70876744598546
-0.18165018951356	0.218301020544048
-0.0892353293608002	0.105239366876481
-0.37159871804498	0.577246482420905
0.134667384292967	0.173744075927688
0.44737386872621	0.865548408985005
0.493467639751233	0.874350260188487
0.183881703182485	0.194000552902734
0.268624836189382	0.382369778076277
0.21644371017826	0.203216533248607
-0.564949507244771	0.721681234947806
-0.204666075928891	0.145610701430724
-0.374688487341348	0.372307973895136
-0.086127849281512	0.0719189513484454
0.0511069330372812	0.0384435984736842
-0.0143793146868635	0.0105896096698117
0.633699558278337	0.858050741709473
0.0347525559238677	0.0244842064162569
1.22793248857149	2.28810056318498
-0.786906840046668	0.965887575338446
0.208086774390412	0.173354624672877
-0.547543684204022	0.46872526857503
-0.536557436335748	0.669994426096969
-0.0191001264232798	0.0138576930112705
-0.147240086141362	0.145801611355252
-0.155336029189198	0.16723226843097
-0.0496527576303161	0.0496608633750932
0.147662187895549	0.159595855608862
0.00410003980492339	0.00347796024490157
0.177460497225788	0.190998186220165
0.127741127857477	0.126934856671328
0.00545499181811971	0.0055912611912433
-0.0829890617513387	0.0799557697342651
-0.00589063643240387	0.00553835974654996
0.295993857484588	0.394331859063139
-0.138744753890895	0.139567593799481
-0.00913036589177626	0.00846125697388779
0.0403678922185928	0.0396970470196779
0.654796924946046	1.25031495325878
-0.629973040923772	0.899395723648546
0.254902516248192	0.312259650979755
-0.368540749677047	0.461316766545112
0.120674528393057	0.127133871309625
0.257785058512071	0.334904927652571
-0.176905679373489	0.172440014106945
-0.434081826029018	0.569888349970192
0.0227529517219814	0.0182156784468898
0.489903246841641	0.634635489605299
0.261810550800608	0.295575211117218
0.0655966306362033	0.0615362521108095
0.160287325364981	0.147293606634261
-0.352568803802339	0.402678526864944
0.499177629775376	0.648696591539867
0.211293310789705	0.19752134836129
0.369016093471145	0.345486077336517
0.124597806442726	0.0928639387710589
-0.375526012126694	0.278902344450426
0.0962531529730086	0.0575949533005946
-0.390552823129842	0.186556133810268
-0.316831755790434	0.206655032968749
-0.840643511753793	0.96779496635102
0.554581476928205	0.478480437757837
0.434137354774365	0.360944487157357
0.00292984943204445	0.00190487668036248
0.00824683289506513	0.00614287506346991
-0.37397319763007	0.280286501449919
-0.0995710814634434	0.075692665520024
-0.158139489572837	0.0980959379914292
0.0338810005359457	0.0318469287886813
-0.0690900672431436	0.0617800940875539
-0.594398621674722	0.835190075276388
-0.196491161319367	0.17824534696638
0.248980929680311	0.273554758808727
1.64482592649286	4.33635431140545
0.0535359051521042	0.049601482515561
0.181793412046537	0.209874061149547
0.285211604346044	0.293938603366601
0.0228598264722206	0.0208511832408999
-0.469278753067051	0.595935041900616
0.107144940961233	0.103595903498802
0.123332467941796	0.124575633635081
0.210230301306097	0.215503979458013
0.706661279378246	1.24716063727905
-0.191965640369384	0.228206981415119
-0.345811348458297	0.379569678797376
-0.742009719405769	0.97800822114875
-0.240011066533835	0.245772778981199
-0.179064307313665	0.145853832280668
0.0833937399923659	0.0672217221624826
0.0708225567455318	0.0558978031895811
0.409280819768178	0.355879222443104
0.433219600281553	0.360264523636605
0.480156349131866	0.550339276043694
-0.146862996111007	0.13368088817088
-0.677887114837989	0.770690993673965
-0.063122180265163	0.0506443124988952
-0.651251092200438	0.634995607292017
-0.0334777291226269	0.0274611739278696
0.200863010991874	0.219074880431629
-0.690124439649177	0.563958442157711
0.930197196290993	1.13625135246499
-0.377327657434312	0.376167087207112
0.735589714745358	0.834311701231825
0.0743183531623647	0.0421194832758473
0.305541878102011	0.13328196464208
0.871872419167541	0.558596667395072
-2.36202840672901	1.24771089028757
2.47830315928902	1.35130801999187
-0.485431965161691	0.34114773963799
1.03130938299213	0.859262424959558
0.394007613508084	0.343162159979591
-0.493337355780598	0.436591754789401
0.0708907873644633	0.0543055732137161
-0.203265357929977	0.123984652312483
0.108411658446083	0.102645233947085
-0.574421201391842	0.840600648330671
-0.238975714110502	0.223438074727302
-0.37035912840701	0.434793464951635
-0.257426915046668	0.265751413922196
-0.386544800509918	0.519672005558388
-1.1326331898821	1.6331654723954
-0.147514501942947	0.135529921218699
-0.0305491646491293	0.0272446456276941
-0.190116544498979	0.19700757419563
0.222909560780661	0.222557581486211
0.0417463832188665	0.0369575246951591
0.646897098872771	0.763620187254526
0.539409424075657	0.653738915117553
0.626407705538355	0.844533969041396
0.0485375880090866	0.0422026649308483
0.275590735950771	0.273934882411891
-0.633002878476557	0.762176167949137
-0.164512860673652	0.164852501172053
0.150993108285699	0.138213807351505
-0.0536190207670833	0.0373105887395136
-0.0774342496800942	0.0690996566451122
0.0229726306471193	0.015252151008144
0.312767434288305	0.249371445002243
-0.926834558200762	0.995087474563958
0.00113300981047904	0.00105731412925694
-0.0564676057901001	0.0459126719225889
0.604296857068016	0.91622480222566
0.100422727351714	0.0911580686208181
0.33273012879678	0.349680909756174
-0.15647399981263	0.143990776267347
-0.153241096218029	0.126192759697937
-0.280899148539209	0.263022052619663
-0.85014765637984	0.935327409657744
0.216026987454683	0.174285328873559
-0.267962679497057	0.232384060648711
-0.0894231766207635	0.076756205251918
-0.00568147230673354	0.004182166620146
-0.0958760217382732	0.0496614130042697
0.0674969421616333	0.0252751389968981
1.31072878091891	0.964065415306947
0.0665310579487897	0.0277364779716093
0.218507152085843	0.138227591531049
-0.0528695304056971	0.0373057072652592
0.0609345676217906	0.0277005893276092
-0.169041789593927	0.123340990078622
-0.735994992577137	0.927848527927235
0.30588173107063	0.262460102165435
-1.0966821930716	0.993654156537628
-0.490818716664346	0.28810573381031
-0.460098386170113	0.510290003970098
-0.0222185467147227	0.0179350608586002
-0.064890115727443	0.0523870560592593
0.00593682903379801	0.00464860210131483
0.296232455641033	0.268789114376067
0.709873344127079	0.825372891819112
0.361204229947277	0.347657150379738
-0.587436740609601	0.454677112455988
0.323155220904648	0.364750040893326
0.0860369316591902	0.0736787604766379
0.154159087890603	0.130714623260019
0.0875448544568406	0.0731263868433241
0.807429307209851	0.946823423935735
-0.374706394933876	0.366229741593865
-0.162479273922381	0.13453882509034
-0.229272124257056	0.185296126678592
-0.13660419587837	0.127693803051932
-0.497635026398326	0.441525284706508
0.218390078994381	0.139121837104729
-0.183366795127274	0.166205605793018
0.0458406294414461	0.0385802802123092
-0.850247499488647	1.10279608386035
-1.29306929269762	1.69082714055241
-0.226659582083301	0.183009139312152
-0.370799024175862	0.308972881865004
0.148589250854549	0.136488577672345
0.964661042915527	1.360306118053
-0.36804395981994	0.235021838757095
-0.0546580451596827	0.0383345733142305
0.113316149109186	0.0774993309608513
0.66778666280326	0.704603076906574
-0.634266679783318	0.582756564505047
-0.696198370356925	0.622647281904931
-0.67166955928861	0.504990357450799
1.68086751373107	1.24005414641699
0.0628458062830088	0.0283655223862846
-0.60654139142617	0.239574731979353
1.69558393117606	0.948169635600644
-0.330022726966911	0.251248764901072
0.563345740672227	0.373048151230533
0.709167231368676	0.398567345995581
0.211587233545974	0.18201713287976
0.348712964911483	0.24750126546399
-0.138083537504714	0.0901236611033176
-0.692774810031596	0.57701919423706
-0.280549226777708	0.156453328558093
-0.0847677714103065	0.0657644903023773
-0.0215897346963247	0.0179617457007374
0.0723549672374967	0.05721771315959
0.0412542496101696	0.0295166706425106
0.574294166157316	0.727049294102603
0.416772738404483	0.450488233621877
0.430330930695189	0.50157274183122
0.363838096933002	0.357368730183975
0.398056789538641	0.351435954589121
-0.374305794031976	0.370023489290133
0.922529713199195	1.61807230574648
0.29354784180645	0.264757868800732
0.286765232967512	0.287286337988191
-0.835046003800181	1.07695705369119
0.693341861654935	0.901647592820897
0.213967598157263	0.185276935944165
0.365307322480593	0.450381203860705
0.0100400007746609	0.00802843248992363
0.28219638816058	0.30002172076601
0.0413291871222133	0.0294844845313905
0.102143403333512	0.0650249106778041
-0.193995864797134	0.172137469491067
0.00916255074994048	0.00710433664095308
0.150790952503655	0.128864613939367
-0.179791636444756	0.17586024858992
-0.622994707720033	0.828178185897536
0.442650446328049	0.454041246057969
-1.14968522542877	1.80346341251604
0.700617103260547	0.807860113919449
0.860130479616677	1.17172648503655
-0.331329926364736	0.281494631766232
-1.01163727039713	1.14628115335924
0.0959263109454592	0.0603790283558127
0.14361733185302	0.123267003336754
-0.288292472454184	0.224246313456736
-0.528270714282608	0.407666927980268
0.234418530677062	0.132867647204516
0.867010002537392	0.757201673978585
0.995920561196934	1.06997262479386
0.522365369394887	0.47319924014146
0.213201756002016	0.140396062183856
-0.0167994277048986	0.00989339600455163
-0.520662089071364	0.494277848236742
-0.0893480436947775	0.0697545959441125
-0.233854414118659	0.188436949899352
0.0195027323205497	0.012945497575062
0.288277878417616	0.289196084099442
-0.17161553489075	0.126690865898736
-0.650244894554157	0.684907533303859
-0.362648832945252	0.233344694120637
0.255483693843433	0.132502776206691
-0.37362487105209	0.309589929314753
-0.0107670064502959	0.00801946616777469
0.220239910277046	0.179073268984522
-0.405782027692293	0.396967142454949
1.31694494212469	1.59349710880354
0.31600589815658	0.253604016119977
-0.0161435383711518	0.00972027618768959
-0.438097464194727	0.421924800933982
1.49731026274432	1.93147883430136
0.266130516199164	0.274801516061044
0.218036072959411	0.179155341969141
0.163587198195578	0.185866275203391
1.09753856410154	2.06170414339656
0.0520509302069418	0.051195408024158
-0.968495707713645	1.23722950930674
-0.789254836254512	0.923620451728939
0.104549346861229	0.097330307888749
-0.29235400922252	0.296195475166425
-0.271061679610186	0.313514205519547
0.475354221169015	0.461534924329072
0.21063284985683	0.175893294408729
0.30051123730929	0.255882938752931
-1.13761321681	0.922123701797949
-0.163881482771144	0.103907320679982
-1.43864461888724	1.18974929504426
0.0904492742899173	0.0569038668889245
0.634734174274021	0.577682944242666
0.0876174751942079	0.0531922238742038
0.587085213685586	0.576687156095988
-0.204510939871099	0.184350680008232
-0.891731370617674	0.694604608352479
0.611340581251262	0.485126593440856
0.218788510193499	0.184011342155742
-0.47973839123922	0.463829480131587
1.09011646351385	1.26756828613964
0.304963574446388	0.264781337960257
0.994028027555564	1.05588269368232
-0.490618117943976	0.343498629938928
0.208110799074617	0.174133077484872
-0.2910851763348	0.221452369774165
-1.4439581805806	1.44389608271652
0.229613245214482	0.158880985813618
-0.197652031288411	0.120731210198579
0.100046828192756	0.0633440457454138
0.0717781248496326	0.0354269296093988
-0.3269829938004	0.166183096832862
0.709374238413838	0.627000321148523
0.0719258000389825	0.0406323724425474
0.938172112795297	0.797528882782925
0.112215980823347	0.0745931817757892
0.47902072620558	0.458809415036497
-0.444891993318829	0.394123410833676
0.572774353211386	0.48198375464185
0.346220577520839	0.355879182794085
-0.33696215765931	0.307420736604887
-0.361896176082198	0.403543924216985
0.168314729337975	0.160558007132694
0.34162952660225	0.381485681339622
-0.0590390164140315	0.0470562908350366
0.442780627496084	0.35683045634111
0.429083640113224	0.552171779401191
-0.189756420414732	0.200294545396052
-0.0849631803745569	0.0861929319167347
0.389141166495669	0.245004147239185
1.23716132684843	1.47315222452937
1.00094331341353	0.596121993786228
1.31374601710862	0.966163998594495
-0.414483795186101	0.121827617403424
-0.146244998857408	0.0659276407944258
0.357459233399276	0.236996179230263
0.740378161699898	0.303144146454743
1.02936907787098	1.22824519886834
-0.491721840362989	0.283178996177429
0.554816262707513	0.361848518645142
0.5209433360873	0.471044486304678
-0.147132373258227	0.110134974597276
0.115596365028911	0.0822422401382531
-0.376579416501283	0.311389747110917
0.0788054824238086	0.0619333813662348
-0.447126285157764	0.40192221976663
0.339570479962836	0.234631892648822
0.936833669841197	0.822686766262026
0.995262484204994	1.08658215986073
-0.232896370353489	0.134332641051164
0.0714459881159965	0.0376294779363952
-0.164319418866761	0.164230809699292
-0.172119523760449	0.126841383388237
-0.285621825313804	0.156620539409916
0.230393249617592	0.130765217658967
-0.195772576364635	0.11769600504567
-0.0984818593010185	0.0503559169503937
-0.489860504824629	0.280588033046429
1.45419911930415	1.60737315625075
0.214362009026847	0.142515729924621
0.0907864357686442	0.0545979371672385
-0.143357812896039	0.065084573031206
-0.313481324221954	0.210531813752796
0.123057433186661	0.0923033515357196
0.871602046379939	0.559957524290477
-0.0875984983584417	0.0844670750443744
-0.0299627735294665	0.017826524550969
0.309327557542506	0.38977842421234
-0.0911964659059881	0.111980064148394
-0.00222493427774585	0.00256982955647079
0.785734460779734	1.13331251820922
0.260893516148796	0.333116479451729
0.181948390980879	0.227547048623749
-0.0908563311721899	0.104439515875995
0.0216388918087197	0.0141309044640026
-0.0290825988934638	0.0172970434451555
-0.0497756987825992	0.028545473146358
0.514979576559752	0.257627602124488
0.0633088700568011	0.0287875162421459
0.0630522866015237	0.0284181883549623
1.24661591755558	0.542260521188653
0.0579045978818758	0.0192149939508796
3.60402704147137	1.40789115093518
0.590547018085443	0.590104867624507
-0.232699067607504	0.0870764104890361
-0.688977277346686	0.343287508890508
0.710404475333323	0.615547500610075
-0.879226227848303	1.62996840576692
0.0278638537400491	0.0261770616163581
-0.529740653111628	0.575056180734901
-0.622004342351707	0.985726367534811
-0.54732976343302	0.556416557497175
1.15738251768138	1.4109509574584
0.272882485369906	0.284592922875696
-1.13884877203092	0.914783663334375
-1.43777150314796	1.1824352538768
0.464718968642968	0.358708235667073
-1.35092827992195	1.45905767827178
-1.01902912167785	1.08167251582676
-0.0422921556332049	0.0241468022986439
-0.419928144880543	0.305701903430964
-0.076102395710218	0.0412479451513708
0.10751365892792	0.0719337892580809
0.0884613947512794	0.0532938898485044
0.666025776794184	0.705209489789115
0.666251582901295	0.713568219324185
0.721418047733393	0.729235582319942
0.424903150293177	0.357332502652061
-0.113162389325276	0.08768212649602
-0.0961021863092194	0.0750229032404332
-0.551476442060368	0.744523613797262
-0.0656200862034943	0.0613049653784973
0.166634940941201	0.182294892053978
0.366580841822847	0.424422996541181
-0.417979101263641	0.521650250153124
0.439226431771475	0.527928180224216
0.415881218417368	0.358149892885479
-0.103703181786103	0.0793054905124477
-0.420026794622015	0.258640980813563
1.02984249707745	0.855114376503758
1.50404868397908	1.94099232672156
-0.859652235192977	0.383542452953282
-0.392801492691444	0.187347273406575
0.607178962065853	0.58006703169063
0.116584733749669	0.0812112025484803
-0.421280079370763	0.307726183827787
-0.0267920313299395	0.0159052579891924
-0.247762944939163	0.194546786200759
-0.340092334771455	0.315563224952867
0.482612035845636	0.461775085398192
-0.18703586628886	0.170953417460365
-0.0101043300776113	0.00743158884449784
1.01637150401759	1.21124222778741
0.0434344406114726	0.0307141615992346
0.611916997682303	0.48947671754675
0.537525381065682	0.46875609025463
0.811316711284383	0.966637314770993
0.46030512572492	0.357219687693879
-1.06553405156217	1.28706870544845
-0.197481130789195	0.142174645860569
0.968347996322744	1.16567463550731
0.462304310641778	0.454156107822826
-0.376556626251282	0.307729724371604
0.0400948034241944	0.0283702677048376
0.717353383159674	0.81234581944053
0.21303492319201	0.16493572894653
0.949090895476397	1.44604544017645
0.213594627907264	0.213778333521606
-0.16324974393912	0.172549152323642
0.121405288793636	0.129684315044613
0.432532920508209	0.443967328271489
0.0146149991313331	0.00906492383756633
0.11727615755398	0.0830117389780394
-0.464107880717404	0.370545648806839
0.225171234507895	0.142223047657495
0.732808383033739	0.829297330552428
-0.368682584373334	0.23759520907185
0.110715480410968	0.074336118763351
-0.177139734594375	0.128118556968907
-0.0138634257895349	0.00830283657018818
0.296980488890781	0.254499222522825
-0.479620423472539	0.450658573810002
0.888928451007957	1.01203445467384
0.0226650512288065	0.0147416528668353
-0.0412566827836956	0.0296866171968798
0.126979532469519	0.100840092468891
-0.14128371944426	0.118776363794791
-0.707368630369556	0.731018725750121
0.383944228202419	0.359371110684415
-0.143110625120336	0.0649213145751695
-1.18408496206501	1.15394305565074
0.676527989871268	0.619769069096346
0.76726316535679	0.749061136511639
0.554088202025547	0.556726051010842
-0.0818670787056826	0.0652134055229836
0.816620924099074	0.872144812876852
0.133230984483696	0.103953848088003
0.171620582953029	0.18112105791887
0.31041701084664	0.376847689762854
0.295886194162238	0.380471435937883
0.609665649647069	0.755560808048187
-0.0431992980427106	0.0393727941507053
0.266648920987593	0.325925956037846
0.370704607357779	0.556369748718718
0.579294581709827	0.646403207658718
0.212790660272098	0.186008570066788
0.0372755708553998	0.0255048019225219
0.218832407111815	0.138847939475074
0.00756123200185214	0.00483009890463306
0.701713234581976	0.808199671666271
-0.279822692510532	0.156139312616208
1.02169963016356	1.20591981121278
-0.111358937328146	0.0733693719547004
0.614300661757618	0.583271147166593
-0.0622666182358787	0.050170838003394
-0.100165495992729	0.0759251578371482
-0.146094509424854	0.109650539246754
-0.78934966071359	0.985329013801684
-0.873321211805864	1.29504469672786
0.0377739030365611	0.0311211955989359
0.289443982078025	0.267767527946445
0.611204526261785	0.676595980158831
0.809761664956183	0.946479977999509
0.294492850224807	0.257971903665062
0.705691035611761	0.804115557679386
0.71553657506847	1.00630747175637
-0.133390146822079	0.0849907479982631
0.251704228179613	0.129556994530444
-0.121096167885513	0.0588363399861174
-0.976031808175199	0.899557195943893
-0.784943055165446	0.812466348356501
0.222196942641335	0.132937430988793
0.213743229081757	0.172453027589233
-0.20066347081733	0.143942393328412
0.219488292738682	0.154814577621958
-0.725240879398808	0.81471560594004
0.523441054470227	0.475509116324555
0.783503152633833	1.28989696937079
-0.00148904005303257	0.00136438997635528
-0.318726002744837	0.400953729168144
0.0393353864604905	0.0390527352409945
0.463166663634298	0.45565120570401
0.676287343528215	0.619266598658782
0.322254755276535	0.255573504548853
-0.0737474266800135	0.0397834345130038
-0.277854849436628	0.191494368980007
0.982438503272267	0.474408567160278
0.941811569976955	1.0572362069357
-0.96997657637082	0.883712371657203
0.424293512008566	0.354477262967762
0.424337880776739	0.455491644850762
-0.00640682010815518	0.00538740682152224
0.654226066088951	0.789431946180528
0.110006403668569	0.104022725191771
0.173712322220998	0.184322977080942
-0.15780998224457	0.155268183168996
0.0810448890718429	0.0666977212090008
0.475217648653603	0.545642914814715
0.663363136024917	0.788248669117346
0.390771292892162	0.342952414435909
0.222485975531828	0.148680239296931
-1.40622024941407	0.892636352352715
-0.189888832890659	0.132852173514475
-0.0782265386941068	0.0533406540701747
-1.41635076502472	0.902386096398108
-0.0906611998461264	0.0472955067220026
-0.698999500305641	0.671994277561985
0.301143673161945	0.261295352902405
0.517839964405178	0.450258853935777
-0.265662858313628	0.230073123335864
0.41174765707761	0.417980603073499
0.333975325166479	0.368613064159314
-0.0111478318660964	0.0067409753192192
0.677554477586604	1.05082210131244
0.451930430205798	0.544979959330121
0.446458876213334	0.707472294685946
-0.551217113444099	1.01617878242315
0.229494707845968	0.27879992093993
0.459516813558717	0.357095832556422
0.500820925687253	0.46692051539577
0.108590488747742	0.0743007377645891
0.217568421773147	0.170583911711109
0.693115414563493	0.7114960021056
0.364204614660982	0.332823358659983
0.825259158449911	0.656119763719767
-0.355936527775996	0.223616825715747
0.361776672068532	0.243690809287226
-0.379747221860325	0.455516378176564
0.0193376641242321	0.0127963476675191
-0.400091772935243	0.422987488007783
-0.033286948079245	0.029584891810308
-0.217953517428032	0.211295828600439
-0.678241748653186	0.847708037835712
0.0167710623230129	0.0146754308444014
0.113914319428376	0.107345851743506
0.152383216781102	0.161318652365941
-0.137551160785892	0.148514486440979
0.390143976526907	0.445479203488637
0.488150868776764	0.633848168732538
0.441817375082413	0.548115744463702
0.0805664069886725	0.0788225484102738
0.417410312312316	0.447135792829649
0.521803363290634	0.555734058563016
0.214885574089573	0.134710590127684
0.526076581122954	0.566410768498031
0.213254789015524	0.173187890808537
0.273301638906431	0.131857068928931
-1.09599239682359	0.981019800910457
-0.195514933034984	0.117826046235841
-2.06665754687367	1.45130864932953
-0.323941731758732	0.214425495473571
-0.269058356100648	0.184367719595323
-0.202545767083035	0.123106598518548
0.872092928315505	0.560758459163796
-0.342453429116078	0.29025994282234
-0.497731298414163	0.505434505645237
-0.118739841860903	0.0575056103576925
0.270149386830039	0.288313920055056
0.37168724674084	0.518466350667224
0.191577393384404	0.255468864894053
0.26809344159913	0.396442093819326
0.0687118338011687	0.023044626669583
0.226797450930188	0.136214775317065
0.600473591646802	0.27393431784404
1.48397066580396	0.72724360052725
0.446869956929299	0.159929488283419
0.743178022817892	0.307010175023862
0.300940844000953	0.129106225138283
-0.302390581815978	0.100563862601093
0.294035172470174	0.253691677146256
-1.24252606847202	0.69428070511892
0.613588894379936	0.369278282299117
0.0565193297212808	0.0412294570537914
0.366095146871835	0.583131287155783
-0.0541644685807409	0.0583373177831385
-0.260700855986183	0.304822393865804
0.0544198748300011	0.06447705723441
0.151178287307347	0.145023176871798
0.160100189669292	0.160015501426322
-0.870473882517956	1.25211743643163
0.215041384355606	0.144426703260802
-0.396109124851227	0.433531440541553
-1.00606942463534	1.1472963890003
-0.219907647427018	0.213444731522397
0.0207812813162592	0.0185736758916234
0.71320584447361	0.894229150640687
0.665106663438873	0.949166477959823
0.423008280020038	0.709271218777567
0.287388664867378	0.26214327484176
-0.185366098864175	0.153974638720151
-1.43850760663269	1.18017360519301
-0.779168635266429	0.903777047394983
-0.230100505068778	0.131643863126649
-1.1337214328198	0.896626313564734
-0.195494594699958	0.13747059261462
-0.435395102303684	0.453279043543865
-0.375608542965001	0.308402954387599
0.249765454435754	0.130774779136921
-0.469330443156919	0.488060540139362
-0.327351855882618	0.272797330912781
-0.16205174510678	0.101513462714585
-0.212780392993265	0.277336070943345
-0.0117515654704419	0.00976573594032824
0.132045445961846	0.173295713572553
1.00990811170436	0.710256778838412
0.864551473024989	0.551179369126289
0.0595663547274934	0.024819489971002
0.3119428876545	0.136514727855247
-0.181603312157606	0.0750371639575357
0.313478566595046	0.134195962840539
0.0790478768938316	0.023442645076918
2.73903163838274	0.833291335464833
-0.0187846363206293	0.0136332615478438
-0.410221765619773	0.373514409888875
-0.307686203432006	0.202829578505388
-0.37346068015302	0.340037303833251
0.117520277614777	0.148662370277846
-0.212856458634722	0.244369711923532
-0.0779794011519621	0.0800913612717152
0.344263965606986	0.48312256365566
-0.470423880281866	0.654744973296669
-0.358825588164533	0.533217217354671
-0.177175068063167	0.201332247179749
0.145811549432809	0.122670729935304
-0.293848917014311	0.277685645889482
0.154410659116285	0.143966874025701
-0.78012840392112	1.16166826754729
-0.0755555625116511	0.0768491744296011
0.15248878504449	0.136747510238772
0.0925095367689792	0.0863534206036377
0.650269083620153	1.00930960359013
0.303791775568688	0.419429836578147
0.47843693600476	0.632381235201806
0.101474785057847	0.0912153936060552
0.532086609118846	0.573286345233958
0.774588459637688	0.95086440381439
-0.5728568110063	0.644195518143437
-0.37353287788607	0.311467668706343
-0.115020174560293	0.0561948649705934
-0.189803308108537	0.0774423479811301
-0.323011524961415	0.246811714950905
-0.687223991609646	0.565314967811862
-0.966996824278925	1.23422494829453
-0.935189062483774	1.01231209849194
-0.146476476559741	0.124152552217586
-0.273728053550136	0.238747240435697
0.652830416912508	0.860536113572961
-0.227127653822685	0.203548631937066
-0.452540978287867	0.48507322207446
0.516559661614156	0.649474353011395
0.01904864748697	0.0174577181531318
-0.174834530978571	0.194110909600742
-0.248009845229769	0.332556167526185
0.412975715720315	0.2412418819398
0.0863790350950706	0.0522438818806398
0.218994697487539	0.12979581689755
0.811247831784558	0.771002270010599
0.683402192181849	0.613808289545529
0.312260344573814	0.248249638861628
0.264826306814865	0.270610720008608
0.520278470419043	0.549968566529784
0.276815050554345	0.275044953998068
0.175575119619968	0.213745920606963
0.271945664621459	0.314610151193554
0.0308850018044845	0.0259943806634075
0.528321606321816	0.570843106591367
0.536587806243227	0.730794750688752
0.118575545956672	0.138224595678512
0.274500976219217	0.397664213114014
0.100859613274179	0.112311612795081
0.283263135074261	0.426387509599915
0.186738377492628	0.241880985429177
0.0690138880865313	0.0858474223014101
-0.0681041285754764	0.060257019839271
0.414989458886147	0.642299797272664
0.41381783053778	0.686923661207417
0.233295449202062	0.318358985171193
0.0843999527349891	0.102204335957269
0.646888855109046	0.601856809752386
0.510322092936203	0.469646838496343
0.361830318673989	0.471041128425817
0.0928237558369453	0.0950421561692978
0.313804720639984	0.36500190565718
0.342715877758039	0.372429682896419
0.261568925679069	0.299080116497414
0.313729767061649	0.387006150803832
0.535598365005137	0.964965067889948
-0.936789734293645	1.01602552139427
0.638222599191128	0.605107211140183
0.938403124781452	0.814490658184873
-0.489954604237866	0.280385489899837
0.420425107909551	0.346630516692889
-0.487423445865598	0.280918725496599
-1.03242797700893	0.647871633117134
-0.00435868417351967	0.00269592877470943
-0.526860614248616	0.415016384638749
0.238701683736022	0.133029547492777
0.391337491434371	0.344030812761716
-0.881164433556285	1.30670347591123
0.0992606315329015	0.0627694375058278
-0.0293730813136883	0.0292984465982511
-1.36257697719602	2.34875225167654
0.023846948285337	0.0218458957565537
0.54666905385562	0.975669053635928
1.05779098933688	1.85589276084599
0.347075978531981	0.343478889690261
0.52005222310317	0.473815579859571
1.44269623853194	1.15809572884792
1.0424259073466	0.967833361499759
2.32711495010786	1.8802243380279
0.521227123748	0.264321350918815
-1.03486050971236	0.645674762819324
0.0758740708076857	0.0431010740164621
0.461248798976005	0.253509820969401
0.524587412184146	0.261235216430413
0.565912516164938	0.37409134106377
0.0719271359803876	0.0354688222097784
0.0990692077265021	0.0630309284220148
0.156258773030533	0.141084578920333
-0.225704641553938	0.158093351893391
-0.361314278620157	0.292473505400482
-0.0966505242530822	0.0838886766046692
-0.0678363083056546	0.0774223343921882
0.745408358523989	1.43115453880051
0.0620955860430665	0.0667673937554426
-0.101735777034026	0.125316429745025
0.204942265487831	0.215181829927129
-0.179206297779305	0.187686533180552
0.387009534520741	0.432990781465183
-0.661432560234402	0.895557607755151
-0.368717602072885	0.510603540533283
0.258826641335845	0.346866547411405
-0.369694350398282	0.467252358362224
0.328804634804232	0.481790755491312
0.472154171012252	0.780443178212936
0.347824654991935	0.484904753718097
0.066472230196937	0.0632978754108832
0.282252722726527	0.462233780186927
-0.785595395264838	1.07093773231769
0.180868895560061	0.210158027927497
0.494151773332065	0.642791369958846
0.349681150558109	0.379940890896828
0.628026925805681	0.670868109800964
0.379015261332236	0.357365328874798
0.332489303999485	0.445612036158676
0.0976317959894832	0.0622250945122783
-0.279020902826905	0.152726030729163
0.255243135062297	0.133159607607732
-0.518139334798487	0.400253700571985
-0.0132946189706297	0.00797982155318789
0.0647475425105239	0.0293219067475959
-0.688442119064464	0.558094262858111
1.88197489184514	1.96859151552179
-1.03877260595299	0.657550254716514
-0.77448104691998	0.624101646455584
0.722088138781355	0.727759390956516
0.0628440076528822	0.0261005772073096
-0.689536936965535	0.873077471554406
0.212169314714654	0.133714644454721
0.763204748006081	1.20824737491819
0.136204777048118	0.109392188241563
0.334002525994062	0.248532607548145
0.179120580867235	0.203130131402422
0.0630773716733472	0.0286495552217818
1.2482597002861	0.549642118654214
1.82069768087747	1.46286928606745
0.616963176873424	0.378815397382696
0.449047619055309	0.157198838345237
0.443690956350235	0.15948293376147
0.961334601985709	0.360708905177153
1.18436350512884	0.633343480376647
0.0738420180975603	0.0217871238546206
1.37041480589107	0.827724900375705
0.815727719940027	0.427894070646929
1.497691641884	0.708320627734263
0.362932047780034	0.144739134590297
-0.187636412083936	0.077694599931888
-1.04898615194739	1.32837950180561
-0.283053420826546	0.156226535260396
-0.488157601848203	0.282857580734425
0.341660873858398	0.36326583920041
-0.177115653989706	0.255099279037152
0.0854258308800723	0.112689992522371
0.100628227858269	0.126211515628346
0.166930698241126	0.228568245266402
0.085520537246931	0.0895516003195849
-0.381191022660722	0.550354498239138
0.323485149594031	0.256346769386197
0.122903260786008	0.0933322531375996
0.213270040212423	0.179175755969321
0.0270422268967042	0.0186655246853367
-0.191004669070386	0.196852030987283
0.0886795101987977	0.0755590105875995
-0.294564698493125	0.328610251837522
0.351022786331394	0.47482341532813
0.286291499240897	0.264657648728851
0.0176276824777176	0.0204583507589052
0.399937605984275	0.788245758426796
-0.0414671342000201	0.0466676181839552
0.400587541602214	0.54212056602819
0.157744611731506	0.141793102637681
1.42935186106668	2.2125320822173
-0.100882808355695	0.0516853570212864
0.863125053151152	0.547054111447345
0.411701980532731	0.450426787442562
-0.115505840061152	0.0562279183214788
-0.881666616820273	0.488920923987346
0.21305366199188	0.194596670270522
-1.25399151737154	0.704891343634656
-0.185731229694831	0.0756711414531388
-1.00270974961462	0.83931620353397
-0.517685191278902	0.49194723943891
-0.67153799298511	0.170102873689301
0.364688196370452	0.143871650302698
-0.0718814156291307	0.0391197750891866
0.412254891650247	0.241440400044676
-0.637807021253188	0.405270290510979
1.6834596955932	1.59388890850385
1.53360703046407	1.03111582493967
-0.372971853564072	0.281410442458381
-0.995710004788442	0.821069993553132
1.00121289215124	0.595942855247369
-0.272412575870277	0.231363251149576
-0.491068918992478	0.288326239500441
0.261876578058491	0.294156756210277
0.309449994217394	0.391444603703223
0.400209489980447	0.687703302902457
0.962607125024384	1.33257241695825
0.0656276046410909	0.0298642483951526
-0.731112970648272	1.09610804743424
0.227246520701485	0.246351263175486
0.175379099595846	0.211639997984473
0.459102869005384	0.252711013630162
0.0574022867701634	0.0236059602237249
0.217800726895082	0.128771213286704
0.739399701149598	0.311050852910577
0.0654513756528165	0.0220047808089166
2.03867762216033	0.910709981607031
0.59840135721121	0.188030004862309
0.735393661639077	0.308362454144827
1.2463182203175	0.538227661317268
0.0775822416444282	0.0228604783209808
0.363676329862289	0.145291146680342
0.524895147009953	0.2637111747135
0.0622723746138911	0.0233759302533438
0.601489167291439	0.271946174293474
1.48550317282007	0.729580293516605
0.442921014736135	0.158939977293702
0.445862269375281	0.15838689937398
0.899188947349766	0.23823323420313
0.0632820313175406	0.0237011105875202
1.15793303479102	0.757516011299451
-0.232965695782915	0.0885442115965359
0.0679785566577436	0.0338162720848143
0.0651658968965353	0.0295705322310217
-1.56093704747714	1.1062365147919
0.81816162668997	0.774940150788265
-0.242430425036832	0.345263721016718
-0.247698256046554	0.345105100638194
0.284846324319279	0.44178848602127
0.110094974669205	0.106682258357182
0.0633324954204788	0.0261951292355232
0.0655535788338866	0.0273147208697302
0.899219019703794	0.671826303905466
0.319290734057478	0.243591151517029
0.321171166743239	0.378210753623541
-0.729933044450513	0.891050948587745
-0.0017217378968049	0.00145940335623142
-0.0399830997666457	0.0355904209259274
0.391556783146137	0.244370370834438
0.140364990049107	0.180063787882871
-0.0102100988584018	0.0115902231827264
-0.186286524768851	0.271933987363014
0.329908323772504	0.548643925048029
0.100999911134217	0.0666057661226946
0.609395417076628	0.28233561894312
0.642417439694033	0.494406026315368
0.413805142774314	0.360450174285952
0.267971764603532	0.284958221067093
-0.163147113292799	0.103507216479778
-1.58023032922483	0.833707927032846
-0.233976773057096	0.0885223507777959
0.0588448875748187	0.0245128905594447
-0.483642732523855	0.467505092538474
1.82090895185402	1.48321495309374
0.767778316595526	0.532181787537088
0.100905654258452	0.0250362031444007
-0.114534664638183	0.0560393820684829
-0.525465145888301	0.410621648356414
-0.800695745401761	0.286327376949943
-0.855431541568471	0.38902512772657
0.0671946389453572	0.0223153869055289
0.0637593507512432	0.0292303725643457
0.346916866159451	0.24520032293502
0.104838404507194	0.0260417581861871
0.269427520963336	0.129181940266691
0.488426651345997	0.360239044807348
-1.56635302513729	0.80988105930698
1.10937597382583	1.58738055531248
0.619150449076045	0.379267003999572
0.105058306194136	0.0968761776743861
-0.464466923952253	0.738445733468123
-0.253987105918235	0.416454720147209
0.43842853404213	0.451645047397541
0.623186909034726	0.371132203125398
-0.0518518178438153	0.0456702000018484
0.131108010437927	0.149010161678113
-0.563704849061043	0.915344316762208
0.22958772620129	0.128186489621387
-0.608578429101951	0.240475428525077
-1.691527570266	1.30714945021048
0.0687118338011687	0.023044626669583
0.0633024918565984	0.0210027603798668
0.904260064920246	0.691952036556259
0.733010039523598	0.303603077135928
0.0679919625039115	0.0253770712501858
0.956633956553859	0.357422144796367
-0.306041417647602	0.103779653044133
1.48550317282007	0.729580293516605
0.359215351774632	0.142460448000087
-0.417035104579625	0.125423427024626
0.130616046864367	0.0257699103849597
1.75357579179299	0.683127350616262
-1.19448214269812	0.373652093036025
0.443690956350235	0.15948293376147
0.900686718335153	0.237854429087107
0.064214202102339	0.0240499192676375
0.0985599298338767	0.0240919395570523
0.595602538872684	0.186980939514248
0.356231654055115	0.13837893849384
0.0592861880578097	0.0222753064209246
1.24902601731975	0.551051541082361
1.16110040183728	0.762671380296845
-0.134708030483227	0.0880205762925833
0.0850965025828768	0.0968342719177246
-0.106247493376789	0.150622730036024
0.192696943984583	0.276625905585194
0.0949416787798537	0.127753003003566
0.779268779767314	1.01632839761371
0.533730111574902	0.638409044180162
0.414641701809981	0.246412451650579
-0.0740658178570145	0.0404397109624628
0.559325416032617	0.37308981801303
-0.0275046866560798	0.0161555693720426
0.568581644080937	0.726087546643112
-0.0549803837023821	0.0390047502063883
0.336346100409159	0.365611808565613
0.0775904302839894	0.0758675353552661
0.562118174661155	0.374550214327132
-0.0307982071094365	0.0320215617053685
0.182705286480253	0.285597316902603
0.516989456416522	0.550762588048104
0.550859234335925	0.983875350425118
-0.124183604734151	0.183616529169566
0.248221815007367	0.403478490752836
0.0697749067297307	0.094057383024391
0.578323181068079	1.24391820845444
0.142961728048412	0.16191179844204
0.244369955934791	0.122329400312088
0.704561039262529	0.404877654903689
0.362932047780034	0.144739134590297
-2.36202840672901	1.24771089028757
0.289815876668404	0.261404722720309
-0.234721081425772	0.244141120751243
-0.368825738893837	0.237885792950026
0.0652462205127882	0.0326361103365154
1.372772596987	0.814221050702935
-0.768719680078542	0.546486870430112
-0.465973427219761	0.377461805493479
0.223151658866747	0.149415969920646
-0.487985008518782	0.335390580464389
0.0651644857576581	0.0219228128379164
0.0772813882205756	0.0227389622602457
-0.63542271210988	0.405735302209859
-1.35876301435295	0.640974220531588
0.864744831200238	0.557888959043258
0.701349936811747	0.5144416244185
-0.240790593095541	0.140065963079216
0.364420275646785	0.145165237431976
0.0675079015026034	0.0277392188425541
0.815548196994937	0.634381767552747
-0.605170586729923	0.242422578277146
-0.333383031604912	0.282810737587974
-0.785581147528285	0.76403318442119
0.209460800719061	0.210895442070733
-0.187895939094672	0.167000619436771
0.731930853841161	1.46378224051905
0.0350436375010688	0.0245679147368114
-0.232460418363825	0.0880735443925335
0.0639444333404274	0.0572179197655504
0.0833978366776976	0.0819612608033027
0.570566187509911	0.75021160351154
-0.418873834977359	0.250196608058932
-0.736542698239378	0.447926361927718
0.956633956553859	0.357422144796367
-0.237314703494337	0.089951020795284
0.516603863144261	0.255137672029244
-0.11696828639534	0.0570247032334083
-0.116955530246778	0.056686404609141
2.27989534829179	1.14365531471516
0.30964610783148	0.135277627995619
0.0792624349789152	0.0232191594274038
0.272092038078803	0.128287784517241
0.446339781208166	0.157839264318693
0.0823608699696733	0.0240636894646111
-0.608813241070104	0.243321742364059
1.69466848822166	0.932746994668125
1.18679092233884	0.632742814109769
-0.416077278098429	0.123911942954984
0.609891993027332	0.281972119466764
0.906466699096461	0.241573241656628
1.1640037806735	0.773679826453404
0.743178022817892	0.307010175023862
1.39556605419065	0.462904966613208
0.124214736452408	0.0247563064591847
0.359406656180612	0.142994342791068
0.0632701810693011	0.0288700953987523
0.698240198985444	0.392066366518868
0.0595212280175968	0.0269208466585311
0.130139069202754	0.139967476059045
-0.0951743080395587	0.0956410793929657
-0.0983479248851035	0.108645076087323
0.749022402106219	1.52068257378714
0.910895190803127	0.936545210919878
0.731090397584509	0.734665050970197
-0.145464950101293	0.108234718802015
0.120445776126758	0.0886772105876948
0.985757085476515	1.55115484506169
-0.85884602803065	0.941699963425411
-0.342584981326946	0.339703040089483
-0.753077591389259	1.17322081149614
0.0769481226173378	0.0409499221970007
0.318961704074729	0.374300624533263
0.0514690355030585	0.0633810838716256
-0.0511292065361791	0.0617770960801865
0.111426072161143	0.131263598905236
0.692981135584304	0.947236677587924
0.257906806235419	0.131866964614317
-0.30663286755888	0.103187440833204
0.247583377294877	0.130203503374016
-1.42178388567055	1.9891949935209
-0.11248380114623	0.0867540011510044
-0.0125587638134428	0.0102759862805885
0.0635649057726908	0.028813264361897
-1.36009559339789	2.02638676933296
-0.425302068894224	0.258939121924839
0.0746730523093825	0.0397893586752548
-0.149434904395388	0.112009051322455
0.0627557938395623	0.026203898286799
-0.493895124318329	0.287816102670837
-0.304493999698681	0.104233023539016
-0.479252905914231	0.210536308504811
-0.550710892359878	0.376681927291556
-1.35493880077207	1.47627350628934
0.0796334708131749	0.0448319841415349
-0.188619011633191	0.077773879285564
-1.19187286569462	0.36476771851041
-0.552530826012546	0.379647807344002
-0.180052196539819	0.0748242130807826
0.558095897402783	0.363229714291419
-0.180052196539819	0.0748242130807826
0.734761773395225	0.306862144918958
0.605453744642228	0.276179925175229
-0.367965768537085	0.235385469877606
0.0783152874483335	0.0232771178433372
-0.990660991331742	1.45969690025196
-0.286499294416695	0.221082424103623
0.448017375402373	0.545930904816845
-0.0992689235366492	0.108703607247424
-0.423981002655262	0.745837983097287
0.935910255559399	1.53671382959048
0.0714308193286103	0.0345600661510423
0.171224151836772	0.168620500425292
0.232526969904105	0.282845248266223
-0.086011533516064	0.0748636216227074
0.0656276046410909	0.0298642483951526
0.0588448875748187	0.0245128905594447
-0.120986438240123	0.0589753082412797
0.0633324954204788	0.0261951292355232
0.0687130395328019	0.0253929334396525
0.0602235513768492	0.0245727862810482
0.59631403225054	0.186943582697048
0.0728014865383948	0.0214967157683545
0.0795649156187852	0.0233536798027966
0.128673740257697	0.0256349097748181
0.962080049821588	0.3606881564924
0.315669915804189	0.136597395582179
0.108562102257908	0.0267572012711165
1.69466848822166	0.932746994668125
-0.416793567002961	0.122878499486435
0.610097738421589	0.26608549977813
0.0842483457820912	0.0242706076381535
-1.57260840020436	0.842410237075204
1.39588724367479	0.461696687758781
-0.415840422659735	0.123542731664668
1.39784630640753	0.458224315963405
0.955675882203742	0.354047558431353
2.04152989522699	0.910786081538073
0.108562102257908	0.0267572012711165
-0.225852865346401	0.0836356905367713
0.906812595206296	0.241893567114766
0.907220843221372	0.241640823646499
2.08739636530882	2.41840366736831
2.19034718958106	1.60274333993484
-0.792122976568512	0.759166309987115
-0.140623230730694	0.177036076837751
0.223401179260362	0.280783963520797
0.188193741921513	0.249756244205642
-0.108491171527069	0.072220775002687
-0.601796299799962	0.494709126005621
1.51567727082601	3.44870515855665
-0.157667379234396	0.131695888863976
-0.473966083195835	0.55367152544501
-0.390208909463118	0.487888100797305
-0.277060023684464	0.190532802989182
0.25299164199179	0.32566542210715
0.13374790527163	0.193880940106939
0.0125590067234392	0.0136287459949776
0.145713713859227	0.206145342363818
0.407189776903449	0.689308209176803
0.386019827821585	0.610684243887405
1.22660221879357	1.92716881417098
0.00281068785361347	0.00185099624179907
1.03105227184268	0.86121611546825
1.43860977192403	1.13103883355817
-0.248300658612605	0.217463542368021
-0.380418674478007	0.378062235814295
0.462082818608494	0.552652475759394
0.21574758256779	0.158116939576691
-0.263250491801145	0.247871564015869
0.212601089368303	0.134571603038572
-0.0944274912402574	0.0486311778299355
-1.03484135548496	0.634641877115173
-2.31931527676983	1.92275062004181
-0.303965205318992	0.103857001445785
0.994070739439258	1.08421988168545
-0.482766338992668	0.338243827832875
0.0669614337759982	0.0224406758703307
0.074584961606124	0.0219556004833474
1.49043284038542	0.734868102104886
-0.125584378605388	0.0608325887316582
0.0672686793959033	0.0324448918695858
-1.19373966633104	0.372376909213889
-0.802019968395917	0.285974555470635
-0.86828262871046	0.482143290816094
-0.481120916487026	0.208828400809762
-1.03974344455378	0.657603059775208
0.0797757233065306	0.0452273250165372
0.0630765204558659	0.026234391017144
0.059782413962798	0.0222593871998576
0.377997778045834	0.239057933695493
-0.866656265943031	0.892318213691612
-0.690776384052709	0.345755195402927
-0.119707637034617	0.0897949532914731
-1.03291217586259	0.647900556216171
-0.275578990538764	0.278273009535546
-0.730208784280307	1.27699357661447
0.213328594354844	0.264031194504705
0.555600963211183	0.568028241917881
0.865755687741956	0.552103161975383
-0.2619969243404	0.322739406803504
-0.112608393771442	0.124278850012601
-0.26178393787654	0.331722321710648
0.739399701149598	0.311050852910577
-0.800695745401761	0.286327376949943
-0.684974042605206	0.338977348522851
-0.300779259705089	0.101795494231639
0.905747892488122	0.676533622188718
-0.60317969882698	0.239158986074235
0.10515818389286	0.0265978431489755
0.956980772677105	0.358679291323054
-3.49099168911953	1.26225976373583
0.595602538872684	0.186980939514248
0.0684774862906385	0.0227458805497408
-1.58285072744032	0.583755006584678
-1.06502303394158	0.553509952986276
0.605176328510833	0.27845734731668
-0.802019968395917	0.285974555470635
0.0733218433384673	0.0218015863196879
-1.36312135073954	0.634583953086172
-1.35952583032696	0.652055684574671
0.59136178323394	0.185500372343793
-0.416077278098429	0.123911942954984
-1.19373966633104	0.372376909213889
0.600693926427508	0.275069474100883
-0.422243138844819	0.12550108512248
0.0770657357536673	0.0227069958271394
1.39742870844539	0.457489186680733
0.960011222997672	0.350151157770601
-0.807230481012753	0.288615178507824
1.48740838540415	0.732892599662967
0.604903865714691	0.278923670790428
0.446392292686789	0.156877223175714
0.218736223241863	0.138405465488036
0.29044237346188	0.4813004564363
0.062718685238369	0.074832456143679
0.144374034518089	0.188498191587254
0.0682032872278366	0.0362598815665316
0.219136360375754	0.130577147962313
-0.0822995034950407	0.0553998790121708
0.216470045550308	0.19052701826172
0.691227355264969	0.990157738856706
-0.0384549297156195	0.026748828413347
0.150159391227388	0.127287687311268
0.661793119863115	1.04698676125708
0.114929650166308	0.0804224937648332
0.214042363190051	0.26844060921388
0.182569012465799	0.284574893218883
-0.0117396373389007	0.0146655880322909
0.501112901203713	1.22225501410911
0.0800993901565161	0.105358665825664
0.192723104024267	0.311769948649359
0.0283725165408576	0.0351670544297644
0.22522740291897	0.376636045462531
0.777064397181474	1.50348839432041
0.82330366869056	0.66903481199165
0.289287739144365	0.251975137217777
-0.0170320894453649	0.0143189582075027
0.0685383862241088	0.0357218972069786
-0.738245169943709	0.444529284771352
0.0731572594924746	0.029524485347703
-0.423884288177022	0.305008202588591
-0.404173895915424	0.398713990418354
-0.433998303973176	0.481418461096361
0.0409581701846488	0.0281992036096371
-0.259890132871497	0.272636410190735
0.0929900997187793	0.0559193917096853
-1.31300409804473	0.995901164282001
-0.804010462978205	0.288213363817586
0.605623771249633	0.279514166045443
-0.420087160257437	0.344765201396751
0.859934723716662	0.894731868523454
-0.733950905479005	0.436710550917839
0.447107680597543	0.156589513415853
-0.187405715521693	0.0778022321188526
0.34905820178559	0.247446213232751
0.237209435625168	0.133432871693625
0.128673740257697	0.0256349097748181
0.105890524878761	0.0264349398300663
-0.229955227396077	0.0871808819087108
-1.00867761080065	0.732079064061432
-0.576375905183043	0.31220351685148
-1.81706340985025	1.52670197624199
0.511399543725299	0.344045953856901
0.529043397523936	0.261548950499501
-0.182949022002167	0.075874919627772
0.0636868838025071	0.0336117053902346
-0.847333872448598	0.379339536267703
-0.188457098696931	0.15518050456654
-0.487517321103294	0.28263405678456
0.271791235741302	0.283834842426967
0.0282597204881083	0.0269968760749971
0.365243731529503	0.501881479598248
1.24522999729222	1.35700213753931
0.377523293435742	0.239267767262938
-0.329564571214866	0.373951546848137
0.0311010131491421	0.0255999525675946
-0.122408337715686	0.131912109770633
-0.401496214894316	0.186150404436462
-0.605970850220853	0.242073332619295
0.0842483457820912	0.0242706076381535
1.3705043056915	0.832672879582046
-1.06560507494726	0.553828288635839
0.0772813882205756	0.0227389622602457
1.37255430109099	0.83076827646581
0.069752085919997	0.0231114976936932
-1.36391664005511	0.652897010004391
-1.36339818726857	0.65294216962778
-0.186192705547206	0.0772693288355316
-1.56044825373198	1.09804079663644
0.59863081608263	0.187229837636554
0.363914242712358	0.144494309393073
-0.803272570799787	0.291234545464557
0.59631403225054	0.186943582697048
-0.492456837020076	0.283442244348593
-0.2297280751637	0.0869903135505826
-0.672293539799	0.170698973183562
-0.389829381288855	0.186518104223157
0.903573207610929	0.241123987931757
-2.15210900552189	1.03277395725448
0.441619561694472	0.15668251085826
0.0669945503464197	0.0277699856740412
2.28308542344741	1.11906399554308
1.48677123569416	0.733088568518191
0.43990406014121	0.156697657811771
0.361640919154286	0.142448751503566
0.815981038829696	0.639844393900925
0.699582318527809	1.26293499648873
0.856665853968928	1.54499584203434
0.0839389363162489	0.0472734547609617
-0.177727522762146	0.143885388099943
-1.27086461915461	1.30437260993809
-0.781068121920836	0.703371600895661
0.861105889375572	1.17538846639838
0.322523613980627	0.25533186987454
0.150370689821073	0.131875751510892
-0.0347145579941177	0.0280893024995721
0.454852833381541	0.362598281124567
0.46978984810825	0.720570631320171
-0.0139533981788894	0.0160962940178591
0.0932300114203653	0.107194301619539
0.151895728957963	0.194838172009594
0.658028776424188	1.1800564255599
-0.229360796307646	0.323538367586411
-0.130924532501185	0.138794173970789
1.31874329716663	1.64624783480184
0.307170075986726	0.252329982956035
0.568543217984235	0.572825509047505
1.36359621676331	1.42287415419172
0.30964610783148	0.135277627995619
0.512050855641562	0.355766986933006
1.09658680064795	1.37799467990647
-0.0892326726345771	0.0776516477503856
0.359624763259143	0.368171193690596
-0.272241616350703	0.235315235318379
0.0748454583575645	0.061485376979221
-0.689990198646338	0.57979289812518
0.0657198495775391	0.0529946070132633
0.00105483862926348	0.000764505561702063
0.274988760513611	0.13060560848256
-0.232037121082174	0.0868537557131389
0.0939161077055198	0.0592055427529955
0.0834491499558635	0.0499982725617226
1.53961759759806	1.03273740715745
1.69507425422567	0.932285891180771
0.221104213581427	0.131918239005946
-0.802243133513724	0.286985443871145
0.248071288277928	0.130742689415928
-2.3615115207746	1.25180478604963
-0.359291118268263	0.22943776482729
-0.869009320624418	0.48868611722554
-1.58001142908323	0.571388253643361
0.220545528946777	0.140571966410345
0.0610839819149242	0.0252416282292085
-0.613360853648995	0.524656601757133
0.429807625956327	0.454782242203607
-0.591628682167002	0.830811591958835
0.937052274615089	1.04763668394851
-0.117213617364547	0.0571272855092688
1.0875750487297	1.33558943194028
0.390660573898103	0.467058933166125
0.821056528281274	1.37648175881245
0.95896139638816	0.363703630688584
2.48951299322685	1.36094383372786
-0.671952417156443	0.168796242500662
-0.471189722205143	0.200236946576201
-0.233683732093641	0.0886688969577662
0.105571162939011	0.0264299797824484
-0.671952417156443	0.168796242500662
1.39515102136504	0.462154680029554
0.130616046864367	0.0257699103849597
0.31036522643867	0.135322314653255
-1.11705484722747	0.454678849667118
-1.89738326119608	0.802845103756945
0.123448775665577	0.0247059951683344
-0.416556117695207	0.125366937822876
-0.853440821857992	0.393789324166191
0.100905654258452	0.0250362031444007
2.04152989522699	0.910786081538073
0.127904097157768	0.0255858011311334
1.39515102136504	0.462154680029554
0.0605195982576121	0.0250169580503894
1.95421522980149	0.509451950210503
0.960814142999821	0.364879865853423
-0.415360863921395	0.122139850383423
0.100905654258452	0.0250362031444007
0.126156114106206	0.0248939461427491
-0.417514238842762	0.124142433221917
1.39209363582188	0.450346924243158
1.03130938299213	0.859262424959558
0.899188947349766	0.23823323420313
0.246218410269225	0.127412952199596
1.41183405467786	3.38656085208979
0.638833657640662	0.943268890914835
0.136120448484829	0.102284240654845
-0.0122276990210419	0.00896777132061012
0.073391595923803	0.0388620421664941
-0.488158452738289	0.210538185932724
-0.110112794685689	0.0729101902211346
0.320912794565456	0.247328843070278
0.740103220583139	0.915152328655723
0.571048779980334	0.476962176203871
-0.782432769565678	0.873488494214496
-0.11009737375507	0.0952268324815792
0.248952730747005	0.128141683687595
-0.0672391104612013	0.0593920628996563
0.124537678935072	0.166906521470563
0.531971939171974	0.828104262061399
-0.535662424852643	0.812316312812941
1.16414288350633	0.740265105168941
0.21679530193145	0.190087861179721
0.132711430323198	0.0956855953937862
0.0640739674817941	0.021306398679481
-1.18427177829562	0.818868611699371
-0.396544534674853	0.189786279098402
-0.271606295383429	0.188497460806186
0.215922335287695	0.152127213561169
-0.131447359814107	0.109908846228996
0.366402139304364	0.24450563563415
-0.0473960639773277	0.0382862296167723
0.0618096075504184	0.027780417456579
-0.106398812853229	0.0703446014857933
-0.87851647520431	0.583449056042058
0.558844334056456	0.371811122476444
-0.236408562496843	0.167331213544595
-0.39135264672344	0.18336958312044
0.738648582060999	0.31015265310362
0.825733652967443	0.652962382325154
-1.19407169434025	0.373753725478209
-0.0979299588406974	0.0511812267186948
0.0600070642125506	0.0225163134848098
-0.67166955928861	0.504990357450799
-1.57232886950059	0.833856197644729
-1.31592041766677	1.00577560669714
0.00491218449156554	0.00312378381064516
0.736898014348799	0.309812124917511
0.151673369521999	0.143373621450801
0.235238339826874	0.131856802765635
0.128798586732243	0.1000855826801
0.271990661054944	0.282583778910729
0.0267676206440812	0.0242797663187892
0.899771115278396	1.3716218970229
0.893445383334228	0.656304257141343
-0.517269040244837	0.556112822400119
0.0254097917122897	0.0234098834778063
-0.11038778418724	0.101863663998276
0.217132124390968	0.138939951641445
-0.0967397553665222	0.050387774658808
0.308926968754588	0.134847402861571
2.03961143628082	1.37396851477947
-0.24228154376647	0.0901930096979521
0.066915355701899	0.0275269345332295
0.814123653368184	0.422858025843307
1.95421522980149	0.509451950210503
-1.89216371530182	0.804378737243795
-1.80791794573222	1.50406006187069
0.0568621209715828	0.0188877191872291
-0.184518281113225	0.0763118443911444
0.0783152874483335	0.0232771178433372
-0.60062682755772	0.237137258405355
0.740149996007881	0.310392705484285
-0.114295161184271	0.0558557590839882
-1.3651957217647	0.642110766774561
0.701676259706257	0.39950659544984
-1.5856294385253	0.579217452741838
0.315631018029305	0.136226704292123
-0.479252905914231	0.210536308504811
0.597342591485492	0.262459932392331
1.18929552364431	0.646486837521882
1.56918843013939	1.3806549907469
0.697508130562462	0.516136785481354
-0.408358899918692	0.357583715314604
0.273388517290359	0.32099717937972
0.0102187777976429	0.00778931825569817
0.0487425937155703	0.0441771601021142
0.206575388177339	0.148133885375881
1.50029107533621	1.90189539401423
0.0551354180793754	0.0403966789904686
-0.0384766972031428	0.0273630917210954
0.264854646161911	0.298747747705264
0.289405562420584	0.274099822453233
-0.0374507934064835	0.0334459524519835
0.412264719018031	0.517855147653644
0.222118784017547	0.141701670433391
0.206108132865838	0.199920283679633
-0.0685618148359651	0.0671522714767794
0.353810694016092	0.360468781517803
0.659361568354113	0.578321066089565
0.211418814609384	0.212214956320449
-0.688751596263669	0.868769812212935
-0.44793238752347	0.388248770536697
0.220435055806864	0.13917877661379
0.670216941134233	0.598443909094788
-0.0865812094791917	0.0671392121805593
1.10283729041362	1.47683097023997
0.532018577258649	0.637641295153127
-0.0874315134489657	0.0582351516520862
0.219884786073432	0.206408552983359
0.110928501207138	0.0770535444117059
-0.295633915455595	0.277829558656769
0.96823625175527	0.957569002061047
0.960293500602826	0.359634107882146
0.330963575283198	0.253857336140318
0.630907434251137	0.584309939745067
1.16373772539648	0.772571773208132
0.127904097157768	0.0255858011311334
-0.421758626072738	0.126395145580207
0.447399940278579	0.160249311030023
-0.297547185628381	0.0983115694638255
-0.092638305086715	0.0482606264904698
-0.228980879370548	0.0858748776544713
0.241884022456597	0.123940343811671
0.0625622861724211	0.023508098983734
-0.154986550661569	0.0692064029010618
-0.369147301518555	0.238524333528546
-1.36339818726857	0.65294216962778
0.243798610916192	0.127124727455401
0.413997416153773	0.354961413189702
0.0756177651802482	0.0400987318727033
0.756415652550379	1.1922136224618
0.343724820143667	0.240755776498199
-0.999792137749841	1.38697939245501
-0.636492578635521	0.929666108718481
0.324076832599478	0.489753900332777
0.772944968761675	0.85090814798929
-0.33031483260131	0.2491459603684
-0.152785072921799	0.141165683085029
0.498516140785689	0.861422815088693
-0.0298170100067762	0.0296773274398762
-0.239994365711098	0.140336827200779
0.755676296712919	0.6037771959181
0.736898014348799	0.309812124917511
0.471349870062085	0.24958677198874
1.15815958347269	0.754886838487071
0.0649300761668955	0.0218792745573279
-1.40993531679261	0.908946398564908
-0.479903150301471	0.209597378340936
1.03677160196956	0.847455767491226
-1.06461822948997	0.55532840284541
-0.857761925003749	0.385332502274749
0.0655535788338866	0.0273147208697302
0.815727719940027	0.427894070646929
1.01755236686195	0.722560450815832
0.0620450926063339	0.023003459560642
0.975326452107663	0.462893535968187
-0.1823255306315	0.0753939859374873
0.810679206535603	0.421876912579415
-0.576334784608912	0.311400693648793
-0.803272570799787	0.291234545464557
-0.490818716664346	0.28810573381031
1.37583354079392	0.831677628147242
0.0605201265261583	0.0294384598387412
0.520736638458992	0.262754221778673
0.617698281114889	0.374133608756819
1.01143502741137	1.19253076414698
0.118684876514749	0.153212844874217
0.0291550125656062	0.0319295875594345
0.188497359036144	0.241435360682654
0.568138383472662	0.871764644877213
-0.193991313239603	0.153840264449835
-0.24407774169897	0.222870892016458
-0.0903537727561026	0.0710041090134314
0.106724017184838	0.0942495608568854
0.953439314949355	2.01183144182129
-0.346589414300513	0.389136400206271
-0.252453722038049	0.272975532468662
0.339919810777984	0.47367308120205
-0.0887922065816902	0.112473208166516
-0.194029916350476	0.268933837424439
0.0805204243396003	0.0902144743038803
-0.02938377834569	0.0209725498119096
-0.554395253314852	0.814476988642737
0.270367910324549	0.289706150045101
0.0997759701943071	0.0637330672442056
-0.893345689099414	0.687943095209514
-0.780030291106123	0.700216837983178
-0.636131147428696	0.79436081105395
0.34285824569009	0.418935714801215
0.088387026335978	0.0783478519892361
0.0643668222337901	0.0485843284465475
-0.228461953623856	0.221672556442617
0.21270751340664	0.16417292108465
-1.21437034640472	2.08154415548627
-0.707996339183196	0.686098340742229
0.105149324623821	0.0703149926596017
0.0244374531696537	0.0166046433837497
0.734870762081742	0.307858064641708
0.34595249773363	0.243871996339224
-0.0269910716330657	0.016040330577642
-1.19899961298621	0.373895521965936
1.95421522980149	0.509451950210503
0.443690956350235	0.15948293376147
0.696504411352883	0.500213730120437
-0.882252448318565	0.589846794349956
0.606183178915376	0.482530888242935
0.219702994811813	0.131133816294973
0.0679720467249548	0.0281905507365374
-0.0959099917896147	0.0503515789763931
-0.373168448843595	0.343138151157345
-0.264322599349724	0.179525231739766
-0.0452422919253599	0.0260109815475905
0.0758256673357984	0.040372214178334
0.757126910474068	0.624402146111226
-0.105992621592532	0.0700705981766247
-0.698359463598019	0.623575548698336
0.0643395817604256	0.0238567293711804
0.0545528790714419	0.040604578044314
0.639085271294549	0.606888212494662
-0.353861401139243	0.370171385237305
-0.787297606702648	1.35940906553637
-0.248677615838046	0.273530761681725
0.638366723427318	0.692791540334874
-0.708974353467028	0.696188688724916
-0.29643670999036	0.362615028970566
-0.0454093729180388	0.041485088917273
-0.116794409316622	0.132848543267322
-0.427130625519256	0.311611818355809
-0.047170513981601	0.0270817637464062
-0.111481104549831	0.054071317063901
0.452947728126163	0.247223632983098
-0.11719539828153	0.0576076370171638
-0.866764535015332	0.473901086398249
-1.91846202952768	1.23334024131164
-0.118581605608028	0.0573978698816374
-1.03434530311396	0.645525660709708
0.0622723746138911	0.0233759302533438
-0.771543674349734	0.545147090040669
0.0651658968965353	0.0295705322310217
0.0704395059790764	0.0289330976074252
0.213961688226851	0.133845911264779
0.0788319710027096	0.0231892816299176
0.0623213469743287	0.0286199380674118
1.18414775349181	0.638735462556905
-0.18051517677027	0.0742640869835129
-0.145049777719091	0.0651730713804053
0.818958753876998	0.430773872969908
0.459328730205162	0.252793353982715
0.0656276046410909	0.0298642483951526
0.279133027619782	0.13327723892735
0.27692952559685	0.132137695601045
0.0579978197176878	0.0284444781765256
0.692388346504774	0.724919498488991
0.295599660190698	0.272434749536057
-0.455376858108059	0.504474936056049
0.381919144617234	0.550956074986607
0.180708153463669	0.210929294722448
0.0219339807537529	0.0194599982520307
-0.223664707950626	0.231025103706799
0.530918859269958	0.869254572319497
0.0988390173581138	0.0917172602573152
-0.0624271828411053	0.0614602294703001
0.153172427036517	0.144742661880571
-0.0605038450533781	0.0593499801936065
0.218533663327136	0.224772304467416
-0.371200960518277	0.465013387091324
-0.010327911900613	0.0110875969769824
-0.186432056040662	0.195412770682204
0.345826073955537	0.479192673836569
0.0744729817525146	0.0725518724057574
-0.405717241804481	0.424363189389767
-0.550316899447324	0.475205021941261
0.292482202965452	0.276075752510498
-0.78297877054746	0.899086905353932
0.273968678844934	0.292042006115776
0.226955964678587	0.247834867968873
-0.0589517695951831	0.0472442994308891
-0.28790664383008	0.311397627515565
-0.00330369164821288	0.00284596111965159
0.054646922976232	0.0472146713087633
0.131572589516442	0.103900097530711
0.443690956350235	0.15948293376147
1.02469524514463	0.839041057327964
-1.06808496355926	0.557119034778171
-0.605970850220853	0.242073332619295
-0.801212047763716	0.285596537636985
0.952525105565734	0.356469624402561
0.446631493276606	0.160094357047346
0.494064875864901	0.446688196339436
0.735916372692758	0.304931736151417
0.0697198515595392	0.0287177649523935
0.514176149770678	0.357329970528152
-0.321936890382478	0.16386601019968
-0.237286275633166	0.138738983196634
-0.389593155946486	0.185234356531404
-0.163699163985858	0.10308492836408
0.452727840355229	0.353112409967389
-2.07565579094776	1.44511660075684
-0.31618622093168	0.382907177323734
0.559318133297159	0.455600659181546
-0.186887292608884	0.19885149751368
-0.196486707626175	0.268756844276936
-0.303864888973255	0.538357199793987
0.788907740269997	1.22944580079819
-0.773365970250776	0.621342576559227
-0.337720001810314	0.485428754587973
-0.0722967246592615	0.0849359959023943
0.0969554809515713	0.132919915004965
0.311186707826168	0.13636737837299
0.447077035262636	0.154540666738049
0.984153640464038	0.473943349625746
1.01649044112214	0.723683709418834
-0.605033965993396	0.238671576547859
0.106304201462902	0.0262736030197679
0.0648247865649052	0.0217130810583025
0.108562102257908	0.0267572012711165
2.0400299717895	0.898018692914653
-0.411670221007294	0.120104490755402
1.74985897596476	0.672537112998129
2.04344741124616	0.885133372646936
0.601689675690617	0.273023001103154
2.04152989522699	0.910786081538073
2.03794114284642	0.907049051234415
0.593899850744602	0.185555595129041
0.107826809107632	0.0266163148584071
0.311451513524202	0.136746812914915
0.100594594219108	0.0252723857013199
0.444221279866952	0.157927188282695
2.73903163838274	0.833291335464833
0.10515818389286	0.0265978431489755
2.27859608031073	1.14159068914949
-0.423481305159045	0.123007338890002
0.363944238421185	0.143331773682465
0.90432485141442	0.243833856642287
0.599115444625797	0.189743110758499
3.23945113269712	1.12371888887962
1.19284224644157	0.654374467205798
0.101427344820865	0.0670420454149264
-0.053438267961465	0.0684435829433089
0.212737663559466	0.146767094545195
0.0955140406663613	0.0579279394991187
1.33726929828919	1.54437954600034
-0.157077220510971	0.117191624219049
-0.0400368030251413	0.0356398839102047
-0.37480181120441	0.361396562782
0.162647860320248	0.164123689385962
0.29516806478483	0.387300412610567
0.143729841706838	0.208993231705541
-0.154353304979027	0.232541448603882
-0.150725535987759	0.229783846418482
0.0658375098630967	0.0743763290078543
-0.345360325735364	0.572423436047857
0.204427192841789	0.290060145098895
-0.0136878414570496	0.00812806277645529
0.128448330588063	0.136233599930417
0.471987761228815	0.631476059268524
0.320439202449813	0.243663170641108
-0.885244959436586	0.573570669845275
0.768381232440037	0.520847664971308
-0.78137350556102	0.914123137329751
-0.0724696301894584	0.0646026968791556
-0.0576733495613469	0.0556259089766775
0.132153782558575	0.0997302421164382
0.0295603649832944	0.0252254578114879
0.137658770702512	0.145076824722599
0.341532107270215	0.252460039987925
0.122003231963801	0.0883326973869519
0.0812924189602579	0.0464424882817667
0.957499726958388	0.363918407122474
-3.48777469265749	1.27574375266645
-1.19407169434025	0.373753725478209
-0.851712877966017	0.38511992497797
0.131799759245007	0.14913206740007
-0.100232817768714	0.101677855050247
0.297280778638756	0.261560041139643
0.528096315756884	0.536225434876666
0.537593855696071	0.652612734538472
0.00594685830690647	0.00461368108134687
-0.123436632705853	0.0914606275761138
0.137292697874988	0.109233901038935
-0.639075734508625	0.924179428901375
-0.49076344953465	0.716574528584677
-0.434418719267704	0.538107283353064
-0.141090965679713	0.139941059675729
0.486749375698661	0.548966919025538
-0.378835902726598	0.433281272533516
-0.958039361625922	1.80228774562817
-0.436580691837236	0.607350922933937
-0.248603274614387	0.305245928348629
-0.206065394044382	0.216982661526858
-0.895617412409435	1.20400882232894
-0.0670623917757604	0.0538703080890973
0.123147292081882	0.12762287833693
0.270167702492142	0.287536704067715
0.476122224049393	0.64176500341336
1.17713753630255	1.74867582329784
0.415372494726675	0.624082602393624
0.99151541111146	1.97677416655328
0.392971862615562	0.523200180429017
0.21463683841767	0.143489445594786
0.101354119553537	0.0646873533092928
-0.316880089382783	0.214167902010744
-0.451789376689538	0.406459039935524
-1.30979358556913	1.96948220732564
-0.0210551173724359	0.0124738524891963
-0.234660298573511	0.136875611427175
-0.228331916535602	0.160153840441008
-0.0825546153814497	0.0554585175584924
-0.489816427073927	0.430014755696003
0.0554494927281204	0.0399931693322477
0.463145565576009	0.360349814940325
-0.20751046956293	0.16891402633013
0.125974498309617	0.0917934639566095
0.0437524853467848	0.0308575115749163
-1.35633846208949	1.68088702123769
0.0763247575171336	0.0637157939366483
0.26756060916968	0.319329367414962
0.417264221399591	0.538895730670485
0.869618338945213	1.18977389384974
0.554461708853493	0.83685442882988
0.0850239624360808	0.095779387389183
-0.312558151610505	0.45286211589457
-0.144003326312012	0.163161538893856
0.19256486872864	0.241943516735111
0.387733858197024	0.61681334686287
-0.173011483086324	0.235958247627914
0.0379020979983504	0.0270160613911856
0.394321926321167	0.349503663273642
0.219730597668601	0.184656048733418
0.543819116992866	0.656243256811674
0.840786470513984	1.08688030829024
0.345782074659408	0.245821878173261
-0.0939612286966132	0.0891486840385799
-0.731852973564995	1.43692530420334
-0.305455985933673	0.365038066967604
-0.010005549126273	0.0102486892288805
-0.0989174595133716	0.101403493934131
-1.31282182033462	3.14061373960588
-0.103259261573525	0.117782482814245
-0.13375874614986	0.165849243504219
0.344768167690771	0.47432512273241
0.103945871809555	0.0959873533581998
-0.0589304624626107	0.0525266614192146
0.0992911276303597	0.0919769898515943
0.514266226790916	0.722093475674282
0.25097581795663	0.129963804723748
1.15146843889082	0.891691483561509
-0.613978653920259	0.242084446830537
-1.0688127324594	0.558372798991135
-0.389829381288855	0.186518104223157
0.272853254047355	0.130831552042349
-1.36056270520135	0.647339816642436
-2.85654151502899	1.96230357189378
-0.141893836328623	0.0630640683872057
-0.610088101019608	0.244656517243137
-0.612707843645198	0.239286662573345
-0.878033817655488	0.578621849511669
-2.06844143051114	1.46666907003122
-1.01406973487597	0.741657867778444
-0.479979147889215	0.210494065198776
0.108104765414753	0.102692067425791
0.0277336264720033	0.0323633103361116
0.037631847336784	0.0402740300951082
0.334914687149143	0.342511316806417
-0.148157455955585	0.15898825712454
0.368200087109154	0.440947780511634
0.167413406201335	0.184944170219588
1.05364942362545	1.44719737450179
0.140837935298397	0.121592753101886
0.271146761966999	0.273436958921739
0.551236050245735	0.733384761156061
0.626941387246735	0.842618128413382
0.461255625173592	0.536276339125145
0.265497638525287	0.299778966326823
-0.147739434131766	0.136556812021275
-0.130596611328381	0.13145345284438
0.461863819291812	0.60238712879829
-0.333598927313907	0.284546177073497
0.55541105136506	0.564197658660708
-0.409705177864218	0.537125560150251
-0.553642655885691	0.723211106109232
-0.615405712214993	0.928321303608817
-0.363959891984721	0.434323081470387
-0.459015140191208	0.474299893300428
-0.136293545250385	0.11392953237722
-0.103760073464407	0.105738713651925
0.0466234325531841	0.0422187480913294
0.128605426377592	0.130251841651393
-0.0966409979106771	0.0844507077219199
0.135563287066804	0.105618221678428
0.0913171523654416	0.0906281535074016
0.393401331314781	0.348340940981985
0.217253073333725	0.169783327356333
0.290632664120212	0.409479462397805
0.212708275199825	0.23439503677757
-0.04601091756257	0.0373679937682135
0.630084136452254	0.681368875547204
0.712074932042917	0.895630057485374
0.475981576001597	0.542517985725567
0.128336051182175	0.0996583232285514
0.383774279111652	0.359350415569632
0.0150204912911936	0.00985979183455185
0.223023145097702	0.191285355229242
-0.0971230032122173	0.0850339363141124
0.362223409593025	0.364878888444762
-0.155813310819762	0.116424160522659
0.2136754606762	0.179902374870342
0.883440531819887	1.0053026883541
0.0275188451290556	0.0189629440438644
-0.450468112038495	0.521911105010306
0.379643287766923	0.356553839994581
0.0262120369874802	0.0209821777717576
0.0730361911769704	0.0591488761793333
0.299797703495334	0.264322799771391
0.631912338121883	0.689585407884312
0.217083655031204	0.24340398812291
0.280471958282364	0.287671266236701
0.0935279957044598	0.124336689192096
-0.0682478392965105	0.0929483267911422
-0.0829155959452059	0.0855979396385006
0.0905680772800376	0.0965815947082551
-0.143064789906575	0.182345481996062
-0.00733054192092527	0.00744223420081859
-0.119365818007319	0.1458136847886
0.362694171921411	0.243420732461106
-0.0936906309976796	0.0484014593068113
-0.0698513205860342	0.0378055772104235
0.305541878102011	0.13328196464208
0.465632039513622	0.357423322808153
0.0700131085991016	0.0376993253764413
-0.122452686823703	0.0599322101114502
0.203805332113638	0.190187105286417
0.587217330823647	0.986203144701361
0.549357687039058	0.724920549870047
0.74005537516687	0.977789440853256
0.166179006023143	0.18284603554183
0.0465526143629089	0.05541644314935
-0.137634188029902	0.173284799702106
0.270360957510668	0.307323950986473
0.00579874254363097	0.00565480418860944
0.462262318912642	0.35641522414501
0.519397542551159	0.361364144862292
-0.690776384052709	0.345755195402927
-0.277253822988048	0.192220747743974
1.53373704541338	1.02593501156999
1.01210411266533	0.716043399365195
-0.894307137888197	0.58938888288351
1.16682743678324	0.759821839943477
-0.118820839325019	0.0578011041259714
0.520349905170229	0.261109631359054
-0.364615905762452	0.23005098481369
-0.590827061565559	0.447615420037315
-0.395819970753521	0.189247109576431
-0.569825105126009	0.303326847535167
0.168044936795973	0.233149303782471
0.370155410798213	0.449000270849148
0.220860660588632	0.216252997175162
0.367057489809716	0.485949636150683
0.361741888206503	0.537779992890036
0.0626609720861446	0.0754473116741992
0.169149334127679	0.205935817010095
-0.0168202501551379	0.0154905918357601
0.215960769535826	0.328162009049097
-0.0775799612960657	0.114155351833362
-0.143254658682019	0.199462597933328
0.161750846631657	0.174478334559016
-0.0845418265457059	0.0879594095244732
0.690954980252311	1.31645498043507
0.497168196230306	0.464908306592763
0.05871755705496	0.0603725879495277
-0.341423292083696	0.435858176949628
-0.123962641606813	0.126459711254303
0.28845472561695	0.267163227561811
0.258280009047983	0.394619350714887
-0.246641580150814	0.191601886342297
-0.1290148170646	0.105742720478172
0.270130508253476	0.278927632803666
-0.526094628547523	0.640167677101721
-0.957542195163888	1.49021700963185
0.4603195056585	0.532417598572945
0.223153535880902	0.230004730088111
0.263821742083717	0.29154161106427
-0.153164500421706	0.152751193985529
0.93693937134866	1.23492904516489
0.413805142774314	0.360450174285952
-0.548059002968492	0.806641945924125
-0.706896821995462	1.04545948702814
-0.248289815956528	0.27080269601249
0.167278210742485	0.176730174294454
0.0643109304827652	0.0506729770521123
0.0404128734876725	0.0338923057148533
0.349077108057812	0.463956943766817
-0.41693365898286	0.519744617805598
1.31257334990589	2.53275185546091
0.220727410404387	0.207671640608444
0.411727030642473	0.358264680220345
1.92308421657509	2.89074829911795
0.462704006249665	0.358852493388108
0.830928326615096	1.25121303141812
0.470886925075446	0.456597829002688
0.0585229228174008	0.054382202250699
0.314398304445792	0.375157183691666
0.0546009135622084	0.0405712251104311
0.652237924585556	0.786013370331905
0.212303067907906	0.197931323379128
0.329065436888471	0.242959479847231
0.127290172632958	0.095427746083634
-0.0812661499360575	0.0644974775368162
-1.27006351641946	1.90301971463724
-0.722047322126323	0.757989574899734
0.145360144330829	0.125033717767135
0.0421104142032181	0.0302150755442886
-0.630047389310454	0.752483426741444
-0.784955817169349	1.02955722264842
-0.716450604750458	0.759956635782775
-0.316487258661686	0.313009485202328
0.372470635781686	0.347237155723065
0.138855186719253	0.117781649745196
-0.180642451029761	0.149252482429819
-0.791724756911559	1.13204142842725
0.22126301874514	0.168324023730555
0.855691362660029	1.08792855493193
0.273629001597513	0.298666450726511
-0.0992896766961812	0.130861995233148
-0.553470779725559	0.970453928537126
-0.186660049347255	0.168053786622566
-0.268477762524856	0.400143830431701
-0.324079966665292	0.473319658057695
0.812608787010032	1.65455215180587
1.14947794302534	0.903082773660307
-2.36874009611601	1.22748930094271
-0.482382394587105	0.331665830883917
0.543181170856411	0.479170763989421
0.606343324231919	0.27924945954642
-0.272532798388889	0.276465193896707
0.0869341860250133	0.0898281398326487
0.496308893641401	0.642812801388571
0.331688191467313	0.376760192120253
-0.499390632273523	0.737065788449396
0.438122902422163	0.772423127330232
0.487809296473557	0.626773372440328
0.483542918686419	0.356190710706984
0.363886021503808	0.245186117042687
-1.21885697169681	1.35503598676449
0.0677814107358387	0.0307773143429466
0.0717781248496326	0.0354269296093988
0.760064419921975	0.509767407936078
-0.689073802280225	0.342580085029577
0.271134078244079	0.125976504864031
0.280580085815114	0.134342885536934
-0.479021406567668	0.209839417696182
-0.601145234202966	0.238152183881753
-1.01821966163927	0.752924626003359
-1.69627955895893	1.2900403767302
-0.483454029787693	0.212436914634196
-0.993530380321466	0.82809495098514
0.163250446833569	0.217460558165211
-0.0404665628134257	0.0551399441470133
0.332025231844299	0.555467343922564
0.125989659362054	0.179525133271737
0.264964891109766	0.259009862041629
0.0294943238757074	0.0248624007398188
0.305882816098193	0.363895110985749
-0.393964070415621	0.660492594257947
-0.0839542908206312	0.103132232558703
-0.000991438831770921	0.000871679188829181
0.036783325011006	0.0311215410673412
0.0375903492845107	0.0457442157556425
-0.507468123207426	1.10119640039837
-0.20136712308286	0.236476568785585
-0.92395900664569	1.74148019797083
0.501605444968224	0.728504399279939
0.979530153556528	1.92617221662246
0.370988087090541	0.475024342571322
-0.555666531564181	0.936501496999888
0.450494324038728	0.546342354745124
0.357846183951651	0.555706376972842
0.215185082330204	0.250621651298835
0.909197096819467	1.56670657643432
0.209649651758998	0.19590365322151
-0.0810752760943149	0.0637773783070775
0.213753168440742	0.197075628680385
-0.310504851583969	0.333114876443041
-0.140030376892371	0.128681903629512
-0.0505929933583413	0.0453155064617806
0.510915266830171	0.635320822735782
0.502350126723668	0.619820160655116
0.148326233021578	0.128519530218673
-0.0648366522423767	0.0617960138658846
0.214353030487545	0.17487527156427
0.208160448263512	0.150104545424263
-0.0538370313088058	0.0482210360519552
-1.00467217363806	1.8916514493705
0.797964859106135	1.37194916813059
0.0111446723296699	0.00995989628194902
-0.508467255305271	0.657524108336879
0.0188357104760356	0.0172941807449202
0.395693600384864	0.452533093740773
-0.0850569179966406	0.0797142192762713
0.6798526213588	0.803999391523149
0.299904394027981	0.255238131292625
-0.0124983246732905	0.00916931087414009
0.409966883748593	0.436936131210336
0.287189053094877	0.286820340105529
-0.0828364925366221	0.083837610914676
0.486655622827798	0.619131439175905
-0.0756852990791171	0.0667865447239441
0.0562081160041312	0.0430284216802965
0.370946883278658	0.348250563414355
0.161711888348828	0.160483201817841
1.02839136626338	1.30075897849688
0.220741669643286	0.190472047047709
-0.135094545256565	0.0869374073786668
0.305820335239897	0.251101412644636
-0.202652941545279	0.166174478335821
-0.12915686675797	0.082317824196582
0.407295552085186	0.361003570057231
0.381802862124629	0.358610072859412
0.132890726431202	0.103786643664844
-0.364175020383273	0.303644466421819
-0.653709176578545	0.860295313625151
0.36006553259752	0.359054786114267
-0.256781343419167	0.243924984088057
-0.0646870895254339	0.050806182336109
0.772490767933608	1.02807264215445
0.429844183190309	0.355551150565589
1.00423453723786	1.40884315108187
0.732094601283564	0.827936485416638
0.293294707879055	0.262613233216542
0.30037233437152	0.24440745971076
0.294239046995958	0.257582579987915
0.0245521967213946	0.015935765012817
0.38750208103019	0.437695648808164
0.119373138913283	0.0866087883036458
0.105422501758374	0.143691913245776
0.040656915218821	0.0399614621680033
-0.366775519054529	0.45495050529952
0.143346585749649	0.20329214653975
-0.130410110990272	0.156271829277055
0.0258862781053271	0.0238122477411237
0.083351496718551	0.0468964654863638
-0.72941801109315	0.428862292514316
-0.0107624562349134	0.00648360440074815
1.69700762421162	1.93096974071251
1.239144522794	1.32553501064426
0.536780685600486	0.660770390945288
0.381595845457119	0.527093451820329
-0.0790855461398672	0.0768496518140212
-0.342676149612902	0.457202430740928
0.00491314770978652	0.00477012099445572
0.223361610477508	0.281945226832455
0.208394595751432	0.225273091488046
0.411681863226067	0.243876274438764
0.250351504998258	0.128515517267127
0.985805551870636	1.04180694891564
0.515426955810779	0.357580448637207
-0.547065180130889	0.466477137324984
0.914467084038284	0.929914559049424
-0.241261749707112	0.168536222635567
0.419239154075338	0.346424477115509
-0.118814235846164	0.0569258662150138
0.312396703441737	0.137444459917191
0.69898198887889	0.396441796442641
1.24772786111243	0.541234640351407
-1.69178941785488	1.29020360305072
-0.126071935587086	0.0609626045822718
0.692744849306639	0.508975751254835
-0.278538963593584	0.152216157108536
-0.374915279447793	0.239204658750636
-0.240509529910826	0.141233649369099
-1.06438184191878	0.554096124999299
-1.03410902095866	0.645033637861389
-0.730386407808317	0.434297485526564
-0.421255540486962	0.259402840777629
0.421848847239047	0.88229101141471
0.313254684147476	0.593195555524934
0.577814381176333	1.31258065872049
0.285070562865688	0.466291875285117
0.0324381428283502	0.0390897978516825
0.148356184511087	0.213338332437409
0.117649422417107	0.138352010103909
0.383311824831599	0.430706733453768
0.840464830343682	1.07158582224261
0.381090308048698	0.357370368223044
-0.726166968406606	0.835823581507302
-0.0131640763723786	0.00959129380409158
-0.155916811282387	0.155649736285513
0.387090130671833	0.543280515206792
-0.210062196251897	0.349427423098237
0.271855014375552	0.412093118456269
-0.0831364564417164	0.0960781389854355
0.0195781018602256	0.0227308597882077
-0.452279537871004	0.802554034750474
-0.556556912296353	0.963578794443048
0.406259050071497	0.602847669708863
0.504757544354838	0.731503746620591
-0.402344665438331	0.736469222312444
0.606961013813083	1.08976347927726
0.774402766024866	1.2074676748727
0.0664282016688388	0.0509870622006721
0.582990981830008	0.920266561328227
0.703717667184927	0.813549246126549
0.381663836409897	0.361009713247724
0.220696449880615	0.161811136795452
-0.0234072736283018	0.0171277451216428
0.226753066990264	0.164325131252366
0.0374245727543871	0.027199022279278
0.454778334071203	0.441146921123442
-0.0374821713731122	0.0268657461304273
0.395533992098418	0.423897948678006
-0.195873264562019	0.188959599745908
0.0730963804694758	0.0589660883763292
0.269283525820208	0.422839902575897
-0.100370159478469	0.0964027327306508
0.148575025118422	0.187312590293337
-0.0642632062347169	0.0684377243991326
-0.432451214872161	0.702366271575786
0.114974669769945	0.116982561686558
-0.269452317049126	0.27560297567559
-0.0281127898570395	0.0275318235608354
-0.795688763326254	1.59892197484851
-0.225104656397756	0.303200421860975
0.210052413780239	0.226245659256723
-0.201136492220965	0.196619523189152
0.20954055741917	0.19682018694442
0.0253267433979366	0.0168185525881764
-0.370224170587868	0.277900497055272
0.898060068571796	1.90425282368147
0.23290955455103	0.330196922684775
0.0959927172694591	0.102016848868822
0.253880204051905	0.335228725181592
0.405787218597517	0.351177103335678
0.616499145579216	0.600614140197586
0.11551547259529	0.0805691266239499
-0.0470231884333813	0.0265655837561487
0.117759057964603	0.0871328570881117
0.101788897367412	0.0651156110528777
0.513948760107086	0.462275648335425
-0.371611883044652	0.308765862027104
-0.416215959596141	0.371475413696947
2.15230331803167	2.71293268172521
0.710178684050991	0.619244427861929
0.766698459745806	0.64195141930243
-0.117903342780599	0.0775930150702841
0.573969244649478	0.481874441078647
-0.777134638843964	0.901148443370275
-0.86641621921294	0.861068041997443
-0.173277520558063	0.127769097410074
-0.29408023035372	0.228542931253982
0.22131231393226	0.167116483838153
-0.172594647414742	0.108563636636875
0.438800246681465	0.352180907785853
0.0901680870126166	0.0538888878332316
0.122472790928452	0.0891232156592029
0.21415569456819	0.17575226658331
0.603224792325578	0.581035889437075
0.432289302868375	0.357216046978616
1.00022905429982	0.594297954150922
0.758931937213116	0.736985950947557
1.02487860469887	0.859149166198679
0.212389013154858	0.159869057654622
-0.131530303064561	0.0857211071574709
1.12823352782374	1.78047629554965
0.383966955493888	0.353877516780131
0.212707463502178	0.208711007114073
0.17182720718222	0.18332437119075
0.110064648346745	0.104783394000071
-0.20000863741389	0.195391228446762
0.0617677266956536	0.0662408574818604
-0.0423420032939256	0.0420864342157759
0.207941542158024	0.273409553067715
0.0633597232731013	0.0747060054924329
-0.00479106823768072	0.00519584191571889
0.529053264862766	0.731199075418745
-0.0704593784712789	0.0758353662417348
-0.167173562390928	0.227493917211277
-0.130627453713822	0.134773503764806
-0.376588211217683	0.553576698654404
0.212592643556521	0.172650025881343
0.500599227683742	0.715179135130047
0.219217586021068	0.18977849846899
0.13310723543525	0.100378043879716
-0.307490239604786	0.333233636773734
-0.368846095242073	0.336713056130804
-0.748127653677715	1.06741486130477
-0.0987774465310589	0.10152077427974
-0.242576947474074	0.229246146430456
-0.0683632609928764	0.0608503428479727
0.85689895418411	1.4416699105095
-0.0376516271348781	0.037590295385702
0.247264166021629	0.312232578084861
1.00871915155471	2.53206543120513
0.203155770415331	0.19090403856088
0.59636132283541	0.999584566248637
0.06209580075955	0.0581590851747215
0.414442105650835	0.532259427869593
0.868348122097721	0.787493578836408
0.288751086542558	0.260354797031753
0.118610181383209	0.0825180296117989
-1.81319290038569	1.52563086664055
0.217730648345549	0.144802751898791
0.866658202896463	0.557158387084505
-0.650666805062029	0.649954595346354
-0.265158044938017	0.181586582506476
-0.114780409900455	0.0562487821728477
2.66585295219298	1.62694315558935
-0.604411846864687	0.24177949352879
0.81775026167829	0.425159973171365
0.30964610783148	0.135277627995619
0.738877932456133	0.306754140926722
-0.123918696453208	0.0602628354295312
-1.41021025293828	0.902316974346268
0.711081810419603	0.399685218736295
-0.285249201618956	0.223002940233947
-0.28835918938751	0.22516362450523
0.289079617165898	0.58029240699089
0.0956175367161659	0.141430470136823
-0.083824051200693	0.12723932849292
0.152816813646059	0.197231098234157
0.146640091146611	0.194730927962751
0.305926115978714	0.439900222887463
0.106405209614348	0.144493355297319
-0.552848622641761	1.1424485664369
0.284168364382866	0.399129639811045
0.554936997916796	1.06435873424298
0.114004722712462	0.114929756044439
0.783286556580567	0.862941528698767
0.222725478490361	0.197750717520505
-0.194242491709127	0.171693195216207
-0.100023655576273	0.0938672422021641
0.626742271035573	0.865103157755868
0.135722072802691	0.149477841063282
-0.273283220960317	0.408069287090607
-0.422139498419157	0.631978097457768
-0.516155740537616	0.794481335859565
-0.597272991786138	1.12868973568304
-0.387449962380165	0.64098731243286
-0.278038225141693	0.353416851653967
0.0828412653254246	0.081825815010041
0.392693684552197	0.52845728660191
0.57437338577473	0.735614909287094
0.214899547189111	0.224404639153165
0.43028119034687	0.635595479959458
0.103959786030803	0.113251947491785
0.660267591238701	0.859389746500226
-0.404610700146431	0.426699572505698
-0.783333690682524	1.1257828104885
-1.52715141056926	1.58893326061809
-0.478747905892097	0.550080515902983
-0.356246556400364	0.37664961254735
0.0389323572589954	0.0322548525212532
0.956882194352541	1.35423025473779
1.11160416848503	1.71176947481555
0.518452685148112	0.56994657554093
-0.280269809555957	0.358792073260308
0.00565052374596303	0.00527360539401706
-0.455556469056374	0.700597495235967
-0.430843662547383	0.56183851981309
0.163528449198072	0.132179102557186
-0.324157815769529	0.383619050375585
-0.17591312904488	0.187136276932529
-0.0144835347969047	0.01445609797455
-0.424972137590067	0.530620773663945
-0.580918689481788	0.849397180614946
-0.20229801596228	0.164208552229763
-0.370440698996157	0.391282048521199
-0.567351600438415	0.616736562517234
-0.729964810574589	0.910267661307909
0.118681662245392	0.0829615782183544
-0.222927285082445	0.198351958382657
0.408950893111395	0.45081764661059
0.129630665191043	0.103387988644942
-0.197429371114627	0.159186775207898
0.455445051044028	0.555027263509533
0.518221585137376	0.551062329088007
0.134604617639004	0.11219540477689
0.717247933866814	0.822426103826355
-0.464303166677557	0.436173905754519
-0.306872769732251	0.202379557813304
0.213685044340411	0.161712897856912
0.0147319071588844	0.00927384483317596
-0.00986592812911216	0.00601555832856789
0.387102029027484	0.354828809680239
-0.0291860918315112	0.0236094180163238
0.032249805640443	0.0210119734253751
-0.113107807687282	0.0876476481525942
-0.297001857784484	0.25511445596099
-0.373828339919916	0.31101667505966
0.212287111989669	0.161090071613098
0.330109925984744	0.252812685337781
0.344065286563748	0.241385260123286
0.0511901569144449	0.038842407942276
-0.199963914953876	0.163287227210355
0.208522686060679	0.174203821429479
-0.455666797126294	0.465543694266387
0.734478242431123	0.727279288749247
-0.415786173707798	0.33917252139287
-0.491379353452694	0.431788494039944
0.638043132139954	0.60221260814477
0.216854538568513	0.159914630562315
-0.319483717598982	0.212574596707801
-0.290524597546167	0.227563927858987
-0.413665213019718	0.248911537422465
0.328485467300065	0.237545281060461
0.2490373347979	0.129713686150757
0.511405495959324	0.454189415474656
0.815241168042399	0.772339560757888
0.3957347380704	0.328634561947256
0.507533269822312	0.346787023672773
0.0162962691690872	0.0101483877338194
0.40797521715847	0.240286834341939
0.296411820344406	0.267884282710161
0.377958165741663	0.351107865924881
0.0143165973180996	0.0108475925586988
0.84878096119271	1.27173496649227
0.125295371959639	0.0940084151403479
-0.868768126840391	0.887484096256399
0.549958473268517	0.736957213382897
0.31860656449867	0.356252876501967
0.0203935919777139	0.0181802692804109
0.0599709658257441	0.0680007541933898
0.42550810570222	0.740542399031476
0.0746807716040811	0.0869062300273003
-0.0409041595230318	0.0367957764046214
0.0374025223745219	0.0373764602013007
0.0178867468637414	0.018527126944649
-0.0491203336466661	0.0488897956562939
0.398282536843995	0.522395524457506
-0.236340479437333	0.225235139582201
0.151438161755617	0.139255078050226
0.267250453516894	0.126034262956309
-0.0352861329866105	0.0253395805472093
0.571182397720351	0.47904808686997
-0.0824378253986813	0.0562345756389724
0.160598393669727	0.155326056581398
0.218179416868198	0.220034492254951
-0.634085108044136	0.762920855394517
0.347127780910725	0.377801064100877
-0.193915447539241	0.197532380639524
0.40062507447035	0.458739040507507
0.293981821975686	0.250566803801923
0.516092405008691	0.467227103445639
0.0660423978859954	0.0275622724069
0.461213920715759	0.251942945910401
0.077686566528571	0.0436468819212545
0.0712860124823007	0.0400691790069046
-0.114534664638183	0.0560393820684829
-0.87392778701003	0.492208364002777
-1.0389669412339	0.648630669667487
0.26870166202028	0.128578694296405
0.273342071731944	0.130955216573096
0.360463982373227	0.141922673363666
-1.10926575563756	0.468108601552664
-0.417095925634512	0.247462853263295
0.806429647009038	1.47074404256919
-0.507254754646016	0.814622083273265
0.0208225965591227	0.0246555555747013
-0.408933365489611	0.661717466455269
-0.0198274112666711	0.0300882401056155
0.135769462106705	0.209641034530603
0.30657961022639	0.406484121148869
-0.0153570252157827	0.0152841039310309
-0.272631975476874	0.547141111339602
0.553617499657384	0.735462139462966
1.16817311379024	1.71578378215781
0.427051888176365	0.936430701747241
0.111923255549393	0.11868267009761
0.311146438069108	0.247272003006604
0.350395013132877	0.247215848795133
-0.122034114747636	0.059591370769681
-1.64401924115506	1.55860563878097
-1.24518711612771	1.09950542415673
-0.284572370017265	0.156910767491253
-0.928112832063536	1.42379390140337
-0.0132655941389394	0.0183934192996863
-0.215065022834855	0.346755594259731
0.289585486255923	0.565657795387656
0.18161044840872	0.215180501696791
-0.715084607737192	1.29020535942007
-0.958973746504348	1.51644832287209
0.119450109788924	0.119180927095335
-0.107144530121005	0.101671519224466
0.0244725516783826	0.0167445086069075
1.05098377369132	1.4482457723922
0.244644108226477	0.491022801020374
0.0238268820075041	0.0221948741733146
0.629048691998675	0.580896713787326
0.419832242635302	0.347001315659972
0.65376037800907	0.500791087709145
0.104959381078797	0.0687971270711483
0.340357922822745	0.23566150292332
-0.678016413364279	0.501784017455198
0.0066455909474845	0.00422990005035915
-0.232205798216416	0.184433508624833
-0.0824378253986813	0.0562345756389724
0.602361898969501	0.57841345353242
0.826815538503173	0.653732917074921
0.308516385339378	0.254548064189494
-0.087179446237722	0.0771544873901344
0.212940277954353	0.146999281988217
0.0110755927593636	0.0113331549938067
-0.234963946682845	0.224076044448136
-0.241762627988746	0.299946113210922
-0.0163268432537945	0.0207946926479987
0.0135283633886509	0.0180353698610112
-0.17998399165728	0.204430781931848
0.543087672470937	0.570445655980736
0.22328318803065	0.323378849971222
-0.192374236357877	0.263085126879052
-0.419930096856387	0.733579114083021
0.300460784975997	0.255895519134963
0.0233890981407004	0.0154906656052493
-0.332619368999407	0.172188387256979
-0.0927004170486224	0.0485922250774927
-0.0493096474722247	0.0279123828240125
0.0659113056663743	0.0300535045626604
0.60352237292849	0.274106479123603
0.0758086945706134	0.0955389460025625
-0.0560186033931084	0.0763034907829196
0.24831541951893	0.417993247486849
0.12925679123514	0.170521105436912
-0.11787589671483	0.152106475445671
-0.0726642506962168	0.0954877845904955
0.231692272723337	0.129894262086779
-0.878908115461374	0.580199730272912
0.758768247397505	0.639516062136709
0.247921860685928	0.12850300666352
0.413836754307843	0.239441733351251
0.0570690587571905	0.0254974370729298
0.0595663547274934	0.024819489971002
0.51875780391774	0.261277031632202
0.699987236585196	0.394859017590169
0.821024676318343	0.427734443724901
1.14628836795169	0.884899369901064
-0.140679949372487	0.0631044238663278
-0.610844161051857	0.242144246321687
0.871872419167541	0.558596667395072
0.0667628360753712	0.0278377202723953
1.25067633041043	0.528744967989061
1.29853822123331	0.891598029731659
-0.735878678152902	0.440776483594125
0.979904934620181	0.466626303881864
0.519389049942686	0.365127150811316
-0.873686216681623	0.492263388217258
0.0584908848547705	0.0258425328963196
-1.03482920012262	0.648633616134885
1.27298893402639	1.07963293345561
-0.0929734616517265	0.048756170317836
0.0673333759924939	0.0220251581796277
0.0700099279912583	0.0347229166948723
-0.228476433959234	0.0857272347673467
2.27564195275107	1.13669361995478
0.814617774534662	0.428081367731721
1.53218314121787	1.01772559392086
0.974354559502488	0.46459321712413
0.607957785270941	0.280865875534006
0.463520757475715	0.251480430585512
1.18719209879279	0.642814372381853
-1.40972503291614	0.901250916409798
0.519247958451734	0.260595287280636
-0.488173551624569	0.282543192694605
0.151559148124631	0.132681928726367
-1.09768952414687	0.994080967316371
0.216268547356137	0.181807028392193
0.22344871871873	0.290831889166681
0.589036233748887	1.22974753643583
-0.124653636122826	0.13257042197545
0.0924405729726902	0.0979704146275597
-0.427808518817271	0.735869499706529
0.4488049175886	0.46332883280114
0.38445161374211	0.448774672974613
0.216566927250135	0.217946649208079
0.114026299809208	0.107867599543448
-0.274778973106317	0.407047216736575
0.222724868603959	0.238780712272912
-0.399387184066197	0.517602323059271
-0.283848504835413	0.413170521657046
-0.550711247124602	0.475349838945437
0.127752612799557	0.135286690053526
-0.0371805871626244	0.0402893536090286
0.307942546423267	0.412301739507343
0.292123860117359	0.418933149401904
0.0120634171441905	0.0117618954113634
-1.05877089057058	1.24976424993204
0.0981335207275721	0.0932077501466962
0.163353516022261	0.167159444481033
0.469498185618571	0.550237783855574
0.32404096240716	0.247584035335085
0.525442795597785	0.477416363568622
0.282915145920924	0.274273039154055
0.176578572272694	0.197884658323893
-0.298725923908679	0.302295973590392
-0.653395079216379	0.638501024677147
0.908261834160184	0.689608966041765
-0.302323729192629	0.102416486748613
-0.17904699852488	0.146704711038194
0.852212827096168	0.994752541501128
1.39858550858594	0.462461997963843
-0.669392713139976	0.168657892383478
0.0780985704487699	0.0227793974190081
-2.59469838589568	0.726362558293108
-0.67153799298511	0.170102873689301
-0.303436601109755	0.102633179440392
0.128414758145476	0.0255806337629011
-0.67153799298511	0.170102873689301
0.104745096605834	0.0262208241130565
0.957711481530485	0.359583431053858
-0.372324947999119	0.279854439130411
0.805800879507656	2.15380575099151
0.50851668289806	1.13906519682547
-0.220062167356449	0.363012686507894
-0.422266679666204	0.674064943805069
0.381726619938896	0.683176146735887
0.14771630420067	0.211273520196464
-0.044497227552155	0.052558401398639
0.764857841245249	1.93419737859281
0.125850763720595	0.16352575259543
0.761950218953931	1.65033713148102
0.838873539368066	2.10687598687658
0.255960908910423	0.358885745451754
1.29041823948783	2.07009053473565
-0.208598295299698	0.149805879946153
0.607292516974647	0.581080143796054
0.344865108172932	0.35094225271083
0.315950397433547	0.342004713100497
0.608596593127037	0.673092785435859
-0.345069313236076	0.47447861282837
-0.135263960779629	0.181204971657023
0.988432003479733	2.43879256234146
0.422427316233295	0.656176936578577
-0.111729176103611	0.134384267769156
0.494377761015194	0.809402436442748
-0.113570287502324	0.129956927599045
-0.324954825697785	0.41204601783898
-0.028268788567282	0.0254300586092121
0.549719476033383	0.657226085618531
0.422122901329947	0.547859233355768
0.599997630626916	0.932785790400229
0.375610297905849	0.454191846654392
0.436210694209816	0.444789419865234
-0.13688555437157	0.145461850207949
-0.100739181186969	0.104590324405986
0.373449186336158	0.461958999206298
0.437510704690102	0.527792202692968
0.542314553167482	0.738234649409159
0.309463045448651	0.262405630179964
0.396956029523813	0.353323564023419
0.0696430034223954	0.0385422952336502
0.028692722637245	0.0196639475939077
0.487868479936746	0.356536135982224
-0.462916085349128	0.480430002554482
0.354198741563048	0.367876622622547
-0.249034414807752	0.196280087749209
0.14640534996626	0.123772852532254
0.164396988045358	0.165480778724055
0.273283007055984	0.27310519822797
-0.000571479078897132	0.000417416240761057
-0.364898934124176	0.520252885084403
0.401511593767089	0.536376138836595
-0.0561741798091406	0.059459025135262
0.180677144642635	0.209626066896748
-0.132381645207644	0.134539750405829
-0.457172878449459	0.595302935793944
-0.187871881790116	0.183587581837946
-0.145931468247704	0.147266938633686
0.160247301779449	0.188799818926394
-0.129842515896931	0.136822127118051
-0.347313809302969	0.372458902435971
0.273920957625538	0.273289681575376
-0.671719171969534	0.749526076226073
-0.326731451680911	0.251289123468984
-0.118806840790723	0.0766259386782679
0.212985608099049	0.164852821358714
1.16998259062094	1.63746845333727
0.886026894586674	1.01582823912186
-0.129653309178584	0.146432180795343
-0.0328406824496371	0.0296562714240828
-0.690139389058259	1.08134518881872
-0.0508001594018185	0.0411082229146862
-0.380969115380246	0.528507659654799
0.157672529637838	0.165481203211953
0.265517253210645	0.307274733417015
0.328369344277086	0.240304492421552
0.42889094468242	0.354770694926393
-0.33896664452373	0.314845529315442
-0.621357015461149	0.525031059841385
0.0783812661667625	0.0444813609277292
-0.440958471896217	0.387513499788074
0.336356544256755	0.234113047118697
-0.03602388421947	0.0210270671578205
1.24150397938906	1.32526845144114
0.61068645047291	0.59753515626697
0.639754729373163	0.486384914506992
-0.234692472933637	0.166848484863236
0.234012929782573	0.129930154628534
0.0214926986465671	0.0142946322993003
0.597999883984203	0.484478242669944
0.0261529393697453	0.0170569097227802
-0.106019998337135	0.0701412790379098
-0.0134970659053095	0.00816477131791094
0.134109453585101	0.100514748644247
-0.0501465374938552	0.0352805499954568
0.219594298679152	0.168154656446743
0.909235257479309	0.922310883399111
0.904019018938168	0.925478261524614
-0.0687034215248472	0.0474767166383526
0.299850457429172	0.25588966251988
0.00392085460278168	0.00255148364154045
-0.200212214408316	0.14475455927643
0.698750685917666	0.391584542353005
0.216551539394149	0.158981388824191
-0.614032108794169	0.661743094785331
-0.780705596963955	0.699884807959799
0.766593291033651	0.736899935114926
0.970038640758492	0.964863695503965
0.76688903440473	0.733605730811976
0.726255224406183	0.739360100534639
1.34144296900312	1.53817077132363
-0.0430920320136213	0.0246523080873886
-0.691615046053839	0.581018144762183
0.493690409624468	0.455588608175019
0.440641731436352	0.350070256781333
0.0069740716184116	0.00561533972711931
0.0432352781064283	0.0371225154821715
0.213386925490082	0.190034433161632
0.029890797450146	0.0281526387887228
-0.103187753235773	0.0881792578237507
0.042361858782576	0.0302989231206613
0.0801376529853688	0.0691232556518211
0.268109499428123	0.3149512644095
-0.285330007148339	0.342160961736457
-0.118096311222471	0.119899007249624
0.0546497447920241	0.049798145025836
-0.0503390403448548	0.0538804416754434
-0.309516847178266	0.413035209336895
0.43902197111897	0.653789674155925
-0.689244855548137	1.39705562269293
0.0504314176804556	0.0504120756116902
0.100987395865553	0.0968017412969241
0.226861498279286	0.286777615576769
-0.781775654918546	0.874536278023578
0.8641193543524	1.37834622753207
0.392609612295057	0.464569397403494
0.266240396496439	0.305335014552383
0.171681685388028	0.191979548641919
-0.409810893048651	0.49775550909636
0.504003518843241	0.615006816545141
0.337256009527694	0.35809593247701
1.02469870344882	2.10618677076777
0.280292389529244	0.285114491262034
0.0070680982701206	0.00448374303608113
0.100999861986354	0.0646966282206426
-0.786399850128461	0.698277677423547
0.556044561258853	0.365174002754804
0.861639185705425	0.769405268593179
1.38274642705917	0.824143358425527
-0.326945163374103	0.168902199094621
0.104426122061374	0.0262022938178345
0.312169837976204	0.137501197496574
-0.305267328343608	0.10462358397356
-0.417271688382183	0.124296578948584
-0.601623093103235	0.235285121635606
-0.39806720681668	0.187880524953206
-0.191016726605351	0.0781281150664293
-0.309043940057035	0.105234803050268
-0.689465894376948	0.343398908175785
0.508685077249005	0.556650756135822
-0.0469271178720464	0.0381134891848804
0.305810080429268	0.385032439876377
0.597748134433491	0.906094110722939
-0.24297188301685	0.470952833859008
0.106286846997811	0.134040084676516
0.613202085520088	1.09535681971194
0.245735246417972	0.279341204653387
0.134891888655373	0.180418340388713
-0.63028655934635	0.582018757717775
0.540456177869404	0.566560002172713
0.448575132530088	0.922494104443024
0.835653153619615	0.953392271908669
-0.397268982678886	0.189523394212352
-0.874515874017472	0.483521090217713
0.239201895151076	0.121818078246399
0.454692441366694	0.345477908888206
-0.140192676653036	0.0627681452538138
1.31632170396038	0.954086174005706
0.0298368671973737	0.0202497440495031
-0.223583928783601	0.351583832965272
-0.167638917245825	0.259064531026722
-0.237176467693255	0.444827298593463
-0.654401966190993	0.966699296854314
0.169568673661039	0.185910710171956
0.455579305531574	0.53610583966188
0.632204191823773	0.780553598803245
0.0640861702100865	0.0586535987898502
0.218735243499905	0.194595531405174
-0.00537805231133057	0.00399093357840701
0.211058183296302	0.170408888992418
0.251950101832711	0.131726021191059
-0.846343984721327	1.02966760147923
-0.186171270647067	0.303166338035839
0.0120536408900649	0.00966014543422511
1.16423000017595	0.776393440195996
-0.0959924172639541	0.049196379438212
0.501337821614862	0.732113443589424
0.905230289912383	0.92703707692423
0.357073909534737	0.140918156246637
0.905483469958377	0.691239726745618
0.246218410269225	0.127412952199596
0.218904572585801	0.166185190217506
0.375038397309093	0.235827024535455
0.455482748763408	0.352002929420199
-0.458015112856732	0.367907508039679
-0.0413907707457014	0.0235496698047799
-1.75548918068231	1.02113398545193
-0.23656847270996	0.136649059252664
0.22167992170462	0.167584395110216
-0.572484743394529	0.308534317579364
-0.25070789099398	0.288935198833948
-0.584254781212986	0.54452754691519
0.180702020291089	0.213962122723713
0.140894360170654	0.192340779001042
0.200803184625511	0.320129510811078
0.253919702609562	0.293477046387855
0.716243619139784	0.624526680003948
0.0749759444207401	0.0899818097441832
0.120648383805754	0.162457662260256
0.177647126267558	0.261878906060338
-0.552597688511136	0.371466025345463
-0.363939513806454	0.231035274732059
0.276456958100393	0.133703046955995
0.0646951360717179	0.021561449433758
0.822181817740272	0.420480030159731
1.14904431427223	1.02823450042801
-0.0924590324388923	0.128293946611862
-0.0362619791159278	0.0406846660348305
0.24588288167606	0.463357111541663
-0.087405241180704	0.112299826924827
0.228289756073453	0.329980673314304
-0.322548916222605	0.562581397241279
-0.0266041969470921	0.034684663889691
0.840453269978189	1.3559664652739
0.366153217864236	0.450659171772676
0.171806605957947	0.184616774875162
0.515034390642335	0.356167551328297
0.0607275838334689	0.0226787478021043
0.742199379637684	0.304418249633774
0.958018501304285	0.359750363369404
0.459403740854908	0.247945053146495
-0.326728803679266	0.168060518176652
-0.0685507863947251	0.0373696931633294
0.105890524878761	0.0264349398300663
0.442921014736135	0.158939977293702
1.16060840666758	0.764297623837228
0.0605283743910044	0.0203842371965663
0.0597756073302456	0.0199603490784288
0.0662068093797747	0.0222753475888815
-0.179562172838369	0.0747549305173288
0.306260562444637	0.133331472183949
-0.477607711857186	0.204576663223332
1.18664485406644	0.630881924234967
0.0710456135076475	0.0261334536539319
0.0613462242021701	0.0229794661153525
0.360463982373227	0.141922673363666
0.509537056183936	0.247752179144138
0.0783152874483335	0.0232771178433372
0.445253606763147	0.1548493668674
1.69735250333578	0.921501281689996
-0.483683467038773	0.211461617795267
0.0685536309464447	0.0312610686894566
0.0649300761668955	0.0218792745573279
0.35945114938383	0.142723364927648
-0.30480646244399	0.102673490009845
-0.172329831568368	0.0690827847120326
-1.24818833500979	0.726213690078563
-0.480968746896952	0.210761821260666
1.17073052554286	0.767104370433127
-0.684974042605206	0.338977348522851
0.612315255956096	0.269514846983388
0.449577300064732	0.157507044101846
3.60147889697382	1.40844569793178
0.73510071975152	0.304953970811166
0.817669606103185	0.409373149709844
-0.804010462978205	0.288213363817586
0.108750966471578	0.0729573508786272
-0.878908115461374	0.580199730272912
0.0666304947520874	0.0326619904058951
0.0418968779003686	0.0551076226775446
0.297432570123666	0.48752630364089
0.40779717746851	0.650032147158906
-0.239152584521268	0.335292679119522
0.0577904466483289	0.0525451575986959
-0.165491511922777	0.164944227757744
0.741598117470108	1.24374941580748
-0.553496122816083	0.472239254677401
0.427097239382045	0.449144867271017
-0.0161710269346993	0.0119514330656415
-0.150453694092177	0.126956194739207
0.37591889939311	0.541545501361099
-0.394306371722644	0.442230817528223
-0.787772589899277	1.06977997129822
0.601304210805767	1.01407922578831
-0.424746842667029	0.309118711817371
0.00676224849327696	0.00708001864553943
0.24143729242498	0.40652979146565
-0.0521314915130615	0.0584160676178113
-0.10659594862717	0.13980920723511
0.289359369182538	0.407531705136558
-0.106905564135586	0.0706757318953642
0.0525198046726686	0.0477642270312602
0.0841646590005181	0.0897909429138891
-1.00304925319816	1.15572618261945
0.701510313061287	0.514738723479929
-0.254677427997973	0.261333254929764
-0.626110569556381	0.52048934376467
0.604681270291281	0.277009755537736
0.471662990193331	0.544188174930346
-0.269180729835256	0.186272202101834
0.59136178323394	0.185500372343793
-0.681426874980267	0.16777191007134
0.127904097157768	0.0255858011311334
0.106995635458257	0.0264080056261841
-3.10513102544251	1.00725547399018
-0.309283596765653	0.105492578973887
0.127904097157768	0.0255858011311334
1.39556605419065	0.462904966613208
-0.20440855996288	0.123848227748935
0.332755048252398	0.487967814953127
0.198475053153525	0.222325453880346
0.233550365152455	0.320744632233153
0.0338680021657469	0.0368932002099299
-0.241051541340476	0.312637431992289
0.315930178978532	0.414228377179535
1.07284198775756	1.62951380419673
0.585838937983417	1.26433108270748
0.355668674276034	0.516739603928973
0.171269813658943	0.233671207494009
0.211567090224647	0.181830496877535
-0.0149896100137146	0.0109650265364718
0.110433487297848	0.131827229140951
0.46220717911487	0.542578043116224
1.38070099203265	1.26818990001884
0.994901740988131	0.558968123537551
0.941871012992126	0.824338435859047
0.228989124628294	0.167334505173379
0.667402111254073	0.604539477717546
-0.630264695999951	0.400451066256842
0.545891519660504	0.572248903840962
-0.713851858589238	1.59395180858348
0.122342027117932	0.149275765031265
0.0254093434060716	0.029269965186008
-0.0694655593342875	0.066672240441264
-0.439077487313718	0.542696292744617
0.287384506827149	0.280867414056246
0.328773227549959	0.370964739637222
-0.241838381797107	0.263615357372374
0.0129699061435397	0.00817036378674237
0.656932791791013	0.922324899531758
-0.00766893235841347	0.00462227217294287
-0.0251879547292886	0.0184464266952006
0.315305186549752	0.488040247872768
0.181113620016901	0.194639041400331
0.106254061767442	0.0673431136566184
-0.311851633578968	0.208141139850554
1.02379407608326	1.50994665559898
1.624667950315	2.68751027784689
0.673394754023662	0.605149167955867
0.867564386557804	0.787261695992743
0.357045894719173	0.240658824930329
0.469357884431341	0.359488731346887
0.690197953748482	0.718584776305218
-0.081294057512561	0.054904111678902
0.732669317787433	0.739262714571007
0.125670774731894	0.0972101287479573
-0.203040192173985	0.16543370788657
1.49060707730241	1.49991596546687
-0.525430512483436	0.414065479468154
-0.10710208294793	0.0906959532339264
0.216792895527362	0.128987459683728
-0.556909177958941	0.74389587557855
-0.507100478872773	0.589066244770949
-0.462270187738403	0.768291293629884
0.0868987899361755	0.102418323401276
0.128853887724202	0.162649124764025
0.0407570627194103	0.0336036026677917
-0.42103061144574	0.467307187461067
-0.0315854370317753	0.0306694134010912
-0.520312487599575	0.901229676385174
0.0163652787159627	0.0164501092497587
-0.0744581545937688	0.040533565037132
-0.12994887128425	0.0843260393728634
1.14332401609312	0.994136612041257
0.772059694623809	0.531188792813207
-0.335241447450092	0.254846520363962
0.459818093574597	0.253665821972346
1.02975202927059	0.839713959304122
0.0647714847562261	0.0292616072984335
0.40970444821809	0.238099628034697
0.823797181031449	0.774272341670767
-1.03097629892726	0.638126218717518
-0.487532121051141	0.272948560273309
0.137369893730291	0.103341899351731
0.0865827064669495	0.0913891164201864
0.0950317291400301	0.102786425678297
0.262349611423788	0.289396440097253
0.423846429578194	0.638075439083163
0.166870953323814	0.179435298993399
0.0138638378127014	0.0124842703210868
0.284415884340193	0.304696509210459
0.268581105895048	0.348826409100463
0.3982799434142	0.445925267548739
-0.166567784643827	0.187157465071752
-0.286700514660472	0.287902622624287
0.225385009542025	0.182636660144382
0.233186137757088	0.131214745516041
1.44307452188191	1.16646846825552
1.68275712158	1.22895079087428
0.0679720467249548	0.0281905507365374
0.359909298252822	0.242653885547359
0.706128795357143	0.620725674667613
0.617942175689145	0.378296392376204
0.0632846976897294	0.0329894321169421
0.615508739275717	0.377479303212133
2.96944523414179	2.11011894079863
-0.0306661318616408	0.0180411389254819
1.8236898257181	1.47673025505988
-0.144313283775169	0.0653993612407619
0.44345145374008	0.157395277673717
-2.19786114502934	1.69343570790621
0.899439772439053	0.674111861746414
-0.697403483147993	0.343997126060586
1.19499428466256	0.622130690202113
-0.18428633341228	0.076076431928559
-0.304738418887242	0.104245986734611
1.48751508748305	0.73295722024931
-0.395948636117722	0.184754875722353
0.0625251015473537	0.0261376626459818
1.00874062974934	0.588404514521294
1.19355752441932	0.65328045719039
1.24053740807205	0.536331068866015
0.35945114938383	0.142723364927648
-0.325520460764699	0.166955434320256
-0.397577506148394	0.18771042882136
0.365789194367761	0.141704819602383
1.2482597002861	0.549642118654214
0.980108220402952	0.473207288106498
1.49001846328291	0.722039684395515
-0.148687406868167	0.0669391159670935
1.25140962455205	1.23155516549233
0.608728381817048	0.276449518701521
-0.748652250819671	0.439292108097363
1.39588724367479	0.461696687758781
0.117830615570379	0.0849502552066656
-1.90133722361029	2.15765750723202
0.217702960315881	0.145112573017767
-0.0118887404713243	0.00884207535646651
-0.659954857830326	1.11434419116726
-0.247708183506462	0.284694190525637
-0.280200572915404	0.274200213056202
0.221360898553685	0.254610949291258
0.0134384290570797	0.0104215523523976
-0.532143277133884	0.71865751764177
-0.326925905303658	0.347083106385547
-0.273892085080831	0.276333681447216
0.215855485061996	0.154185746936132
-1.04457730985183	1.46458276827096
-0.355743904262789	0.415392086976688
-0.16327065983179	0.172331296686264
0.0691590062563131	0.0647076755356708
-0.455870605922812	0.595225122448398
0.638364233303965	1.00399132413677
-0.451231886413494	0.399249996529778
0.0261859999365398	0.0214801137833368
0.0695577495548631	0.0664121787803438
0.205762127977782	0.198884771457179
0.58390298620192	0.673438421734042
-0.00701056769108534	0.0052440599015209
0.264917346355371	0.265866226038191
0.174057271515204	0.193418722231048
0.0336359287571461	0.023069456932558
-0.92323137129691	1.41083730379282
-0.448996383105294	0.522471458074195
-0.71883723540478	0.694328397598721
-0.235731932495605	0.135002008178193
0.283700237523945	0.277064255833302
0.662659092364269	0.957465107868744
-0.094937301115743	0.073780686670273
0.0742660701674555	0.0362446956071926
0.337806805915782	0.250407959099014
1.30529448023144	0.941727898765491
-1.19332852414176	0.372477145095083
3.60147889697382	1.40844569793178
0.10515818389286	0.0265978431489755
0.10515818389286	0.0265978431489755
-0.476684814959228	0.209040469092827
0.0622943448999416	0.0258931792020163
-0.151832284482502	0.0679725810941687
-0.421987076429312	0.124246691999852
-0.397908247563329	0.181259665772239
-0.524346879277934	0.415360239027954
0.481794789295092	0.791268224808148
0.510664269430945	0.790333456337248
0.126775768527225	0.158227211133769
0.548683600196461	1.04737592874625
0.29065256221743	0.405220956988843
0.0740737622966953	0.0808591418207061
0.115242461443034	0.14068239012074
0.0701288767048094	0.0720449612682855
-0.191511717572341	0.24896106339407
0.103314600546475	0.11936861197109
0.357432514223199	0.529955057195128
0.178528560375078	0.199970084280156
0.276724970450172	0.381361474803523
0.130521785570308	0.156287321240139
-0.255311535147039	0.260274819199811
0.435462413060417	0.535710657395362
0.618636468238011	1.15628267432788
0.384493994670645	0.563328274702273
0.371942847433335	0.459291489937269
0.404423391145627	0.445939747996235
0.849860865997101	0.994481095015637
1.9228705381015	2.93343411793666
1.24148233469794	1.49395628638638
1.22554193517741	1.65881178005862
0.388863099876909	0.358583252739963
-0.0422349816500823	0.0341161614919971
0.215462199461444	0.260386067770558
-1.02164656603778	2.21150229641184
-0.257318704233517	0.279996396749706
-0.565431303668106	0.794708446749093
-0.0524489809693092	0.0516005879604574
0.359468749069139	0.420661930245387
-0.371931088726158	0.445793177041582
-0.410281053765444	0.51173863224138
-0.0176261406411072	0.0128488809164801
0.281238740093843	0.267112650659131
-0.0949803036392398	0.082450941030726
0.497464874941535	0.56014181527209
-0.229811062593191	0.184527537358016
-0.449141557997321	0.559499855805655
-0.581738802917556	0.888373283644192
0.591374481274067	0.673855095880801
-0.283462364901627	0.318218355839058
0.13439921124045	0.109457488042546
1.31689862320938	2.87256680780298
-0.3159880360731	0.337891816014048
0.472481404177831	0.554656602733202
-0.69313448131715	0.579067922255314
0.586033673162913	0.581193809552962
0.870612842729199	0.796586325127666
-0.0506046219443024	0.0356008160451752
0.216226416367549	0.137866788950758
-0.200866175410868	0.163376979326244
-0.0225554920159115	0.0165489448994237
0.730664654738376	0.817488936199748
0.299061546516005	0.27735215623065
0.553776261846232	0.485354161651235
0.0760970081926468	0.0602892822578011
0.612985855575058	0.761901268181178
0.667511494356421	0.867614931010519
0.173477898640762	0.182507544828639
-0.209102638526704	0.2165966437535
-0.650977483664356	0.688489978291679
0.144832972829162	0.123190244253597
0.746284347657992	1.01312662643812
-0.391811522556984	0.489346844437931
-0.366851338334787	0.485328821602378
0.211780217423182	0.232393055219464
-0.0306258624012416	0.0250031319075788
0.801444749192648	0.851470770822275
0.296318273565098	0.257806973756228
-0.457534353353969	0.365760421942145
-0.61465572205202	0.521679209518114
0.516514896909186	0.467998986946032
0.317539658626163	0.253128441098775
0.711074512982164	0.631444582813743
0.331198339015283	0.24352939035799
-0.164828911677778	0.120456508569569
1.59529459172761	1.70509237377512
-0.671995299449344	0.506147608400369
-0.646973678476202	0.64490921375445
0.0199473489877026	0.0159664760913954
0.0159659040605617	0.0143680625500934
-0.0240383377708655	0.020165376524843
-0.234143520544939	0.242972626148544
-0.238233594256597	0.26022588611349
0.213681312131363	0.209977110504659
0.799377410482025	1.20783287442097
-0.0830821819393421	0.0713416495385742
0.267019619542828	0.289977120850094
-0.359993008166335	0.521288157623073
-0.0710372449387593	0.0745202237296324
0.155376684439148	0.152391761012465
-0.596289656607761	0.722098365087328
0.00626357712595475	0.0039877068231127
-0.142681452610197	0.0914539739433008
0.335498427214219	0.248298049803984
-0.640663505571544	0.408857364692159
1.27453941798207	1.09055893550196
-0.544249081208349	0.466335841031813
0.38539852278815	0.242601494877893
0.308002626685711	0.254659244136444
0.454497401420616	0.341623700531412
0.32775849715363	0.253236524912258
0.540150693644001	0.47231403804059
0.0710283080197296	0.038136277701786
1.02470835268674	1.22738318072086
0.217136602365959	0.153333794920502
-0.447486863137506	0.399346106561153
-0.363112809246601	0.23397490509988
0.221167839797008	0.169432401117019
-0.279020902826905	0.152726030729163
-0.740352558360032	0.448627755739914
0.645363257013333	0.497104498768692
-0.785355185926273	0.813088506256411
1.35647758089058	1.4233792342661
0.0838742240120716	0.0476572907892732
0.833499127769035	0.652836418725171
-0.264839767008852	0.18000187454157
-0.554220353321991	0.381883119299508
-0.890734299230154	0.695706556346258
0.819337485826826	0.66265762590672
0.81873655272146	0.433267716079536
0.318204103724865	0.239670283060128
0.44082438063288	0.355845637117494
0.482641339338588	0.358364060669057
-0.631937064236848	0.405265175335906
0.816443830783857	0.426856736110067
0.0913418594917013	0.0555518301898342
-0.692484939883692	0.57437614568567
0.215404501102213	0.127788311827068
-0.0320143219253459	0.0188779917317783
0.105029467318571	0.0700043396993436
-0.00863170048985438	0.00525463185125099
-0.124164851440168	0.0597344529436709
-0.565948459719863	0.614587955306836
-0.782677403324229	0.869391015925598
-0.505208051080019	0.586938111003903
-0.121891739620118	0.0907961646564261
0.369390948305249	0.355317745545237
0.363912940977356	0.352229967682194
-0.340107207357552	0.286437815254837
0.530167822691957	0.620278452836551
0.533010946653655	0.641939335636939
-0.143710546317578	0.15258989327543
0.804413442757746	1.12744908829364
-0.0785505784757785	0.0688613956466963
-0.198661342251899	0.205126988540599
-0.326199733752931	0.350739380564653
0.42124654015938	0.456169145836133
-0.788647582758163	1.18218100594787
-0.179305489949504	0.201297360353829
-0.577589086232227	0.804099695610679
-0.0622875693461874	0.0550747547997107
-0.14982247849314	0.112734623584439
0.137316676692891	0.119002968260587
0.289070000718607	0.289084271187946
0.649670109159407	0.780810549659781
0.158180717558704	0.151385789162698
0.217079169925924	0.182777219630014
0.433015734357981	0.445532564499236
0.361918885190905	0.24355856374907
0.0271596144870287	0.0221022857956202
-0.0472141945802904	0.0387124094405286
0.00689427447159396	0.00559200279017436
0.00103099643974855	0.000849562144959256
-0.451293116771134	0.499275568092204
0.214071896832047	0.170225520020863
0.251950101832711	0.131726021191059
0.350230676459557	0.231171430609574
-0.173309156764619	0.108197583825038
1.1910089088602	0.637113550285591
0.520194301588722	0.261032029048062
-0.852936897575284	0.393111431600684
-0.693307329047925	0.347371581225896
0.108145869116013	0.0269229112941136
-1.35974649099216	0.642924202456963
-0.309283596765653	0.105492578973887
-0.311113602525904	0.104011526561966
-0.417271688382183	0.124296578948584
-0.421758626072738	0.126395145580207
0.0640181639473536	0.029431771100311
-0.23344427120254	0.135693971241325
-0.328308464704451	0.252562862316968
0.317163173465666	0.488302890603557
0.223303714861959	0.320416455060747
-0.325053060622742	0.490689559839421
0.189298642682352	0.24296408636384
0.264276214592018	0.361123267908936
0.0103199475320495	0.0118824185717201
0.110317299694406	0.136903127405918
0.266530294068011	0.408090854081172
0.993200637908402	2.60970265578879
-0.00908145914487365	0.00921120674849252
0.0487916250702386	0.0606988582015288
0.646183035059737	1.27042321798329
0.233079823247276	0.369275997292992
-0.344552574522627	0.522710602078867
-0.245784677126007	0.330918187135336
0.43175648952964	0.710814296523568
0.0478143562806106	0.0478951042672684
-0.192912154882384	0.217851012877143
0.213116531640969	0.28506839169202
0.183140383691709	0.243020824046974
-0.041555474916025	0.0384521035748751
-0.567532906268624	0.72309857272123
0.482372500960785	0.464352950832916
-0.488315883619283	0.466215692339466
0.742432894817016	0.744810943327138
-0.0990972523439	0.0869376855061732
0.0639755905998115	0.0483652079256091
0.488667390267374	0.60413615664174
-0.48476933364127	0.933772439091459
0.0769497817302162	0.0889128269827144
0.101346708520644	0.106130836776988
-0.173283120445477	0.183261687618783
0.0457535455600201	0.0490893532644262
-0.342070163920469	0.393116418135923
0.483415166131046	0.63970742550087
0.0625937059283123	0.0575366505560094
-0.398706261188652	0.420207804934102
0.110322524928243	0.105229445160525
0.37807492168485	0.545615986445937
0.270595136290971	0.318734554102951
0.996032661554866	1.57367802676026
-0.0719082535019873	0.0631014865739945
0.386898650463774	0.551372488657955
0.429002401075057	0.624864872643154
0.576460681603734	0.67399274784318
-0.129353459170829	0.118257911684106
-0.327714989786495	0.395756305417569
-0.190836158746774	0.1830185905251
0.264530190985867	0.271239805822719
0.139051901886832	0.118092260837961
0.208867244890804	0.164119109737249
0.90488871626844	0.922063331311563
0.457010884281291	0.458499181431689
0.29543343440227	0.266484627186048
-0.0465774443361466	0.0330150990495834
0.126575398860338	0.100236109514509
0.773516094350489	0.851191363688612
-0.403365945394421	0.417885387895811
-0.890627631191789	1.26813709709304
0.27111398717765	0.257627056668261
-0.143616513434057	0.106213673502713
-0.0551277859510395	0.0498458086813417
0.379780097026023	0.444286080075156
-0.208197513733953	0.213745331925272
0.0290504806496696	0.0272332794042048
-0.125575913289854	0.11737270225872
0.117139381652188	0.117170091833457
0.40867916631386	0.440761355521511
-0.290223505833506	0.355302831424551
-0.0120808857811287	0.0132047085807774
-0.229231805892607	0.267625198777813
-0.332802830776754	0.253328297013623
-0.00510708859397677	0.00382409440607328
-0.0194701165305918	0.0141659561610509
-0.742290295111588	0.433263739416562
0.306255972093755	0.238672523595245
0.766424036735778	0.758841319830218
0.631915945131291	0.590564045124392
0.11430565823844	0.0784889241439782
0.117351799954426	0.081178026290436
0.911416021460847	0.901979144721432
-0.521016346665612	0.414051693158608
-0.498311675607365	0.43963602280821
-0.0911882521875798	0.0614002094113878
0.666480410378312	0.593742183039819
0.0772556447692149	0.0642040780117058
0.0414825375363827	0.0339739176179069
0.877004804361239	1.4810507150449
-0.32541163460205	0.476655723969543
-0.0346657826435131	0.0372707588800049
0.407822187611654	0.523670556464507
0.544709797821247	0.741250930254816
0.0550653183015062	0.0573044367152213
-0.00826785427964583	0.00696042696938728
-0.0864660313809208	0.0842243259313164
0.454051303244345	0.85996628339836
0.150532690076444	0.196683187733486
-0.0922757060474676	0.103210934435423
0.635369665325087	0.868110131237689
-0.0458659229214399	0.0366120735473682
1.02036985927236	1.20964637240672
1.4977993570436	1.90394611026747
-0.374820811423995	0.335707162184072
0.414022762945598	0.244427285528646
0.883424862868648	1.12554356576746
-0.0707901088524695	0.0483324217659491
0.847983602952668	0.879399132966105
0.521049744721835	0.474364723829926
1.38189581935624	1.25685847294383
0.408002056393874	0.365163588237708
-0.1973740324188	0.159749236149992
0.33947841867761	0.237114091972565
0.339926365114884	0.237608524470369
-0.586516782770083	0.444158806863053
0.0320354418021037	0.0221267089110415
0.0917872663493615	0.0558075469083865
0.219877381825901	0.154383555459523
0.0721220325850177	0.037916456002525
0.2228178126889	0.133374629659441
0.216807494222415	0.137138114967541
-0.150631302470529	0.111515813155419
-0.62049075226702	0.523438062466141
0.561640182220129	0.370386679757815
-0.0289361832160731	0.0171475456833783
-1.75525036409879	1.02663270104447
0.531337762042587	0.473465363234869
0.121471771296548	0.0906220002623285
0.544712326313728	0.479169407776868
-0.0446814457532953	0.025472292728143
-0.596090109441077	0.456317012887057
-0.00753933447585824	0.00461875249120462
0.442737493088302	0.360022278675371
0.110050155238329	0.0737550957163278
0.123302003891199	0.0896107837075648
0.459074642423097	0.357323612997034
0.484226179672416	0.358440699102411
-0.0134970659053095	0.00816477131791094
0.139736420184154	0.115628898294854
-0.0452360739295494	0.0366982663709896
-0.269489493042361	0.231258475141502
-0.229624449872914	0.270598560404999
-0.652654257566052	0.871353041186301
-0.0642179292594329	0.0501837216296545
1.12562346142283	1.68507815969836
0.22442801736958	0.231964708668693
0.717647725571824	1.32195765534663
-0.188806679925158	0.191106904854603
0.160092150612609	0.169310347531623
0.368841299578153	0.527068276583737
0.260596509375835	0.301202958980554
0.254012488275739	0.343679005094579
0.393928464889037	0.526338945904751
-0.156291332763621	0.16823867709723
0.101280333185157	0.107756212445491
-0.625503865376951	1.01952142631587
0.380491961313532	0.539808541254554
-0.175592922521568	0.128336263460106
-0.0000487822976193619	0.0000468261215032298
0.217781081547113	0.20923516437211
-1.1550117745253	1.81556930456461
-0.180520192414675	0.163385316940391
0.213975279045733	0.19955009963994
0.681218200346849	0.958688329331455
0.297286607248064	0.351487800468571
-0.107052903500381	0.0916787828943147
0.4614902021331	0.4654723157712
0.215812978818189	0.148198043542252
0.0185042946373073	0.0141726190324207
0.359818528348853	0.422337662482095
-0.380419697362228	0.422283658431327
0.0769893182003431	0.0739034593240349
0.0870014050185896	0.074350650885667
-0.0238321665128788	0.0197153000632308
0.00574109818954216	0.00424270642420469
0.539359847125629	0.648166476263799
-0.336907961815141	0.172043489220618
0.222577976036918	0.141350891905207
0.0659197945332612	0.0349526691946919
-0.854666696494442	0.394157076908828
0.986949371204932	0.54898329207105
0.249866866695405	0.128734526901261
0.705513203159629	0.405816712126546
-0.233471147309066	0.0886928049215698
0.127904097157768	0.0255858011311334
-0.147223927739085	0.0666063511334745
-1.31900774308096	1.00090054853653
0.356838108282984	0.141528616770778
-0.803787551718507	0.290467641943904
-0.60062682755772	0.237137258405355
-0.671952417156443	0.168796242500662
1.18933350429631	0.646334831680903
2.96873755762051	2.10397597555224
0.0627263558779037	0.0234846175303486
0.8224665622061	0.660860237239881
1.00895058646205	0.711764242815689
0.10588327031677	0.0708881100125934
-0.769498307899033	0.55060102444939
0.24363890658161	0.362969981085725
-0.194302250142775	0.276839627540322
0.281306771928136	0.480010808407329
0.695445684722555	1.32819713379213
-0.239538260398687	0.355029989954201
-0.125463802701749	0.158238604981144
0.141537433840195	0.218365839888757
0.385912571600422	0.724584243157553
-0.390883539549739	0.581594224236116
0.345480915724446	0.555155728061809
0.130996473990303	0.188832695612078
0.564686963073859	1.27133666748483
0.518603430194163	1.04692851943757
0.249892844266226	0.410249511863248
0.543665743891664	1.02671203323645
-0.142463523905894	0.179698163571996
-0.403306944866005	0.545130570856361
0.363154915438781	0.527500019796026
0.19793174763258	0.261054781950869
-0.0900933114574444	0.116497785351298
0.0408238449863711	0.0412745583366674
-0.18587448275857	0.169009572613239
0.582021259523015	0.568728393682745
0.670662449104278	0.614101041123874
2.07569470579056	2.54476020074439
0.981811827675779	1.27938556181935
0.483833501805631	0.528844096184171
0.56379985170523	0.828919793453516
0.347540043585752	0.55816676788414
0.0722463955768244	0.0817756812445
0.119000546838077	0.146605260272902
-0.00120307742322965	0.00121306694587639
0.116856531507903	0.144158855041384
0.0698164049497918	0.0656917648120328
-0.3065003832606	0.403899160191322
0.496515310093501	0.631618165706566
0.0682497847653857	0.0538365455995396
-0.369583876836255	0.488379986718824
0.852664905900784	1.25860981756497
0.423302758838206	0.672627581451035
0.466423242743963	0.841647694354767
0.066722770882952	0.0625520546213352
0.011370139984878	0.00844789025086901
-0.0682656732617431	0.0549720509745146
0.187482668325685	0.241871746875293
-0.0299627723004296	0.0279967716715566
1.227525148704	1.91588166114579
0.22289181473232	0.262573109766321
-0.015278800587541	0.0139824796188802
0.159494609043319	0.157706106905522
-0.0672452893828403	0.0594240908826122
-0.403385463161145	0.361155551033867
0.0180907373181785	0.0119238573793721
0.868397501578166	1.07737668931752
0.45457227410716	0.438177426753623
0.208620869966865	0.187537491748897
-0.113238503673467	0.0751514016644076
0.3130577405773	0.249136785114549
0.393911695085262	0.36216958986156
-0.142557589672378	0.104705406752132
-0.738670915909342	1.05331218728721
-0.0243294266471533	0.0203452436649279
-0.181596610419259	0.150348964538312
0.159883450343525	0.154104105001333
-0.119582197769701	0.119419095362124
0.267250722349725	0.320046975932148
0.461981396016973	0.538436185491714
-0.211645816812531	0.260940840795231
0.0257654549419155	0.0259410808176136
0.443729082977642	0.695015502455034
0.132384146404471	0.0954337580892158
1.03697433807172	1.63187801281138
0.425040762107649	0.351582476098888
-0.0142186366887496	0.00855762967758119
-0.00113124741542952	0.000789423069967887
-1.02634548760362	1.10654507846603
-0.784708219555042	0.807458358115035
-0.999789471375251	0.843149530697125
-0.517244392537324	0.759648182118933
0.355043087717738	0.234531235865852
-0.525984156049953	0.415340398310453
0.0665115573145028	0.0354394326668876
0.212303789657546	0.167019217222573
0.408321800082255	0.362722259886268
0.603164088317998	0.578756434363859
0.552721136489363	0.813547249154664
0.0976850403679417	0.120337078992814
0.137939534230403	0.168078977012465
0.175859453596699	0.22828010829499
0.560677139779036	0.752081314909288
0.829967437274036	1.99814123891651
-0.668806061290252	1.30062662125126
0.389814462950276	0.634702468356468
0.23380071339323	0.347880320765492
-0.0238880525979468	0.029454394217748
0.284826073170434	0.39395237466286
-0.00588954912292484	0.00500411129480919
0.852275764304647	0.990677642355368
-0.882748244983659	0.767825838094347
-0.319821625608417	0.215724481408847
0.700139009473306	0.513407478066364
-0.126071935587086	0.0609626045822718
-0.0728806080847693	0.0400896925630833
0.221269026011232	0.153803758053122
0.965546073390888	0.951297059468432
0.559276798712841	0.361827062545231
0.633437434786873	0.594136049404199
0.757126910474068	0.624402146111226
1.15935721953777	1.39634198637997
0.693645222711975	0.501061730439491
0.0690002933120219	0.0283847644448512
-0.161463967994912	0.1023383229234
0.527045013217497	0.260591458251612
0.382063514478824	0.361639473914586
-0.277938492633982	0.19067009706126
0.645488662083126	0.61167957732905
0.642265410725418	0.491386849125343
-0.574130308332964	0.542322290945356
0.740782336171965	0.834890079061316
-0.432769910014105	0.260713579627077
0.358214777542639	0.240104854696818
-1.6742313642838	1.94688397724127
-0.159541958536093	0.119169327810555
0.218088542781222	0.137563913189953
0.0628107140962267	0.0329024741502369
0.46592917656305	0.251447072200597
1.68301277526024	1.26007818403496
-0.239046699141936	0.167728010489667
1.14183242399784	0.887772084526849
-0.200075690652215	0.120523669367304
0.31177547707923	0.135219815375775
0.21343132286089	0.150057060758884
0.214405056649735	0.136127805928544
1.02391369500485	0.840609748423793
0.819587738844638	0.649361200062495
0.275497241716773	0.132429122179727
-0.20551500483702	0.125088240299788
-0.37050446120545	0.311910896135384
0.322051217587473	0.341114288057268
-0.576417031135424	0.541914663234021
-0.125905372746136	0.0960197201241383
-0.478474203563195	0.619755746433199
-0.295353338580753	0.386755462247218
0.112828859246875	0.112504940198097
0.463801561305196	0.618334790656491
0.470634785054313	0.780978772986775
0.400954876432251	0.557667763946734
-0.194127332508097	0.242722748939468
-0.435951056377686	0.622038003833521
0.0078115657298726	0.00656994395048323
-0.0848894268915955	0.0811619727049087
-0.640790064378026	1.02869756743352
0.344671826364688	0.427441640238845
0.516614181683579	0.722115841150661
0.335245585974078	0.488575400308689
-0.245375960611134	0.283882392430301
0.224796607352799	0.288659258462372
-0.695468213487955	0.907235869781137
0.0726038799499174	0.0689540378962724
0.40469313267572	0.446799129063804
0.701580252294235	0.909099572312584
0.0240018032578759	0.0213461046779625
-0.151206699701892	0.139241677475981
0.269632221078415	0.28616772703075
0.805106701758113	1.23851103884116
-0.111003229030684	0.0959767826780803
0.489747623045255	0.538779664558947
-0.21793862147972	0.270446159302282
-0.11045652682935	0.105099102189112
-0.325490273180491	0.368605930236064
-0.573328200324548	0.846329512520293
0.279317788441757	0.301892908329251
0.869910716782194	1.0925182239713
0.756569598256729	1.11286654341164
-0.0649082479818744	0.0356503577198685
-0.239384233659995	0.138053245862342
0.604628582920435	0.274573306034757
0.309382114998236	0.135249197882436
0.620747921935042	0.384959728580406
-1.89318880135438	0.807575887256094
0.0656857406548986	0.0221501881029368
0.741678423508324	0.303934247191878
-0.374347948195163	0.280472348564071
-0.186914549602253	0.0776295895520416
-1.19291748838198	0.368017737325914
3.2362348724944	1.12536520581718
0.99639619455388	0.582212107480117
0.0666738466756861	0.0220914901990768
-0.225591451542239	0.0838933572664737
-1.19448214269812	0.373652093036025
0.370665962579033	0.142502027121295
1.44778940127421	1.1657503042661
-0.554234568442672	0.478537200485681
-0.0801817565302479	0.0541742166605612
1.02501192780047	0.707347953956464
-0.309043940057035	0.105234803050268
-0.41423650420507	0.123239241926147
-0.0997013978444743	0.144775043711556
0.230650147267742	0.37332020800966
0.061896338988395	0.0731042769522286
0.116249330870459	0.1461811245475
-0.277900369112148	0.431661735753003
0.134913259913294	0.187023398538025
0.151720019275873	0.199547527143316
0.0882976952553085	0.113615425843476
0.0198181180853105	0.0232247796316915
-0.263337374668116	0.388417394138852
-0.152235050892498	0.204360108069139
-0.268176640250205	0.459010363585598
-0.296399969158375	0.531957327728889
-0.318583010345646	0.565125903126875
-0.834496333917592	1.97576954314902
0.00922221792697719	0.0106949183224036
0.523587851716764	0.899559372634272
-0.429783721568822	0.557639095423783
-0.218964069132084	0.314032704034107
-0.0794533430807866	0.10095095562731
0.0739438252126898	0.0725329361509766
-0.452086003603508	0.501622368024372
-0.202783442172387	0.162075310867932
-0.0871673162969409	0.0588385196717015
-0.646720228660938	0.647247259913276
0.397836206938911	0.355981197885517
0.136279959987395	0.120316530274712
-0.121973332720307	0.131852632454133
0.152712398103675	0.206563148080521
0.171251478713133	0.242482500369057
0.0942880611209742	0.101866409828634
0.43285768314947	0.715621305784861
-0.366166470470723	0.531058338217596
-0.0499402858394811	0.0487497253408766
-0.258217030338323	0.280374270421094
-1.00530265160795	1.65618999468936
-0.402059463206043	0.524556476437881
0.222371467029938	0.227969755162782
0.437262352834239	0.559517849591898
-0.390416940484272	0.657357846382788
0.102141470757828	0.111075010894066
-0.304927167811435	0.347409753453891
-0.735646921555586	0.945856154839478
-0.449177039831433	0.581356573657437
-0.0931730534306761	0.111066399983738
-0.251375812253434	0.323753008455664
0.6977587661208	1.28656629734686
0.255820613873823	0.328618379895085
0.269927507994443	0.283959122128983
-0.10630986055035	0.071141640741613
0.520646051314769	0.636829567489484
0.774078750610843	0.863232502326649
0.0626647538199109	0.0481611997388172
-0.661974426130156	0.744348523471578
-0.261714544532833	0.239821647133179
-0.374124388500625	0.281681624741017
-0.126629416669745	0.118946137566667
0.280643916117548	0.266145448349139
-0.24653494239958	0.218175109473975
-0.0737682853452456	0.0655696790216762
0.160563545582197	0.171345835229007
0.331113870165703	0.364264743882982
0.47283101142445	0.630622140790863
-0.108486500033952	0.117450285609519
-0.114503530502838	0.133153314503111
-0.263979338620176	0.285294573702742
-0.654175553336317	0.818663147792439
-0.112568931788985	0.0866377956439217
0.34042454827379	0.240152778005529
-0.323784048618475	0.247146802543676
0.0123010699274994	0.00805725680253316
0.0128046503120527	0.00848573804505373
0.00297956173065072	0.00192545531256111
-0.367480055181126	0.358127338648935
-0.787356910695201	0.804963354224988
0.770715181360384	0.518329135815938
0.393688351478991	0.356601737282692
-0.594297254195055	0.601824975420372
0.119915462770177	0.0884491199143884
-0.0131963345785435	0.00975608224464688
0.529567036348655	0.727069796538449
0.287845412140053	0.386240066255405
-0.253108925439754	0.344244063767794
-0.214919045425305	0.286127111169926
0.300827916515476	0.480859384027432
-0.356127734729555	0.587357045859443
-0.395047943473579	0.692115572972079
-0.597986540444806	1.05369891180442
0.638558553188551	0.607262156615571
0.12122213374054	0.0879618530178618
-0.050583820970898	0.0291246594005623
0.855467360744457	0.889479540981057
0.445955958439634	0.356561547174496
-0.0480886380324613	0.027525197042372
-0.319821625608417	0.215724481408847
0.227390922278192	0.125048562830199
-1.71223386750051	2.6763312151468
0.542682192343057	0.47116019122457
0.338905717918259	0.248324934009637
-0.642392430018761	0.640968192469488
0.380488356494725	0.241812077330566
0.597323680267222	0.479326366295881
0.414272941387147	0.245472645296301
-0.127307907994393	0.0815458847179234
0.701201766567103	0.516872553383363
-0.550710892359878	0.376681927291556
0.442737493088302	0.360022278675371
0.632763725885932	0.379674361844339
0.580701448389637	0.577853843559128
0.904038198521832	0.688406470592612
-0.498563691377232	0.439697672635067
0.090409563983063	0.0543439620446454
-0.374557474868795	0.28266543999476
-0.971614647766725	0.910382481195718
0.642879024413159	0.494495013393828
-0.420618531070268	0.335777373364557
0.359021744390441	0.235350675623526
-0.423789345033658	0.3040785618889
-0.00692829158213193	0.00510453430863779
0.366027058385244	0.242895023389195
0.216821115904853	0.144564716806206
0.109521893144768	0.072149664190964
1.04452689833764	0.99498129411567
0.458383136423919	0.353755322808183
0.128775068891025	0.095847125891356
0.377315366306873	0.239078703993059
-0.785613364197415	0.81007051037243
0.5209433360873	0.471044486304678
-0.913580104243246	1.1071734165278
-0.307130341575663	0.387602516557402
1.07117750408977	1.54346437569195
-0.0574234452411707	0.0469213275974099
-0.397183255933145	0.567628753318258
-0.338099618743438	0.38229311152473
-0.826204207161708	1.42058921415739
-0.12983072035746	0.127721440166785
0.571884194126038	0.892722792332781
0.0799260434126821	0.0951187489039872
-0.230726430428788	0.325165812256705
0.023944722670917	0.023662637075404
-0.479632186079396	0.768245300651474
-0.225950951619236	0.308221940413937
-0.18348063762878	0.215309321268861
0.214416131339843	0.237186157001877
-0.995532886567275	1.96587011664482
0.189084755871819	0.241973417874716
-0.0817590640437433	0.089539904016845
-0.109009112275344	0.120681760230044
-0.137322001851852	0.103130951613491
-0.302027012702118	0.362105704822075
0.0335779216737053	0.0274392378843891
-0.660188279075157	0.876853330526552
-0.0642600714741522	0.0515666473645421
0.0985511866494737	0.0868293295703304
0.674376165585919	0.788834192289589
-0.388481412665036	0.480318380442542
0.161496243592695	0.168677021380717
0.0746868998095433	0.0732981715666824
-0.124969646194744	0.125822256575632
0.117132507773209	0.118268740413456
-0.636100054359936	1.07565433842948
0.142663643231106	0.121165738005848
0.171741008513621	0.165279599516959
-0.890224164325371	0.59826621474565
1.2564413782662	1.22571129467722
0.0573884828862715	0.025901246343878
0.980310947318697	0.471755155556404
1.14634255770038	0.886934196075874
-1.36907625110112	0.633771095196054
1.16472211173635	0.774702145147622
0.700183085747531	0.400002369811168
0.699636461957362	0.513361209647772
0.604736913243228	0.274939824177682
0.064214202102339	0.0240499192676375
2.48068087737747	1.36535966326054
-1.18828825244855	1.14832161370451
-0.328812166986184	0.168937002028815
-0.234189411377683	0.0888173739138901
0.604681270291281	0.277009755537736
1.69486823076173	0.948453332600966
0.0714525214056189	0.0374571454550217
0.22344382474123	0.133993911595079
-0.236872760250427	0.135876954686899
0.0641978396244795	0.0317217600570639
-0.877671478363621	0.489286312870819
0.288792280853923	0.429777234678035
0.952434955276521	2.56941286236938
0.702214433909214	1.80446997171002
-0.104482189511304	0.147179229809246
0.0203262337641034	0.0214366519733099
-0.766857758745772	1.80247186382224
0.346900786754058	0.470333402736504
0.339193769036979	0.643508891754305
0.492268669112729	1.07124185553893
0.247190113985007	0.374738231562047
0.087983447136472	0.107905628352815
-0.547727356192166	1.29873270694799
-0.48222454146618	1.04235246444655
0.0656811502715	0.0879611930599424
-0.114472087766544	0.153822979642948
-0.53113308882035	0.965225138065723
-0.207649868718925	0.307287290026816
0.454691265628394	0.638780896138755
-0.447144285995829	0.632798566888005
-0.0880259185031723	0.109331741222523
-0.162038298294128	0.244235070783405
0.344783762010848	0.48526788733766
0.00281068785361347	0.00185099624179907
0.690298208532524	0.711795392667825
-0.323477880417749	0.244430435222945
-1.34929268442549	1.46964490211739
0.435075823969344	0.445633257600827
0.215431093760013	0.179667968848146
0.219622284852978	0.240328998158617
-0.273002495580635	0.409087293557864
-0.548837658884574	1.02243680920743
0.197774431567079	0.315662268928588
0.0263228410330708	0.0242615247802432
0.0175900750425626	0.0173223975310115
0.17077204029336	0.175560497023467
0.870221970352675	1.55696185822149
0.055882944782131	0.0564160169376324
0.35626138642396	0.339067980896596
0.211681426089285	0.166261138174302
0.0111799959088667	0.0100302929736371
0.431495101262543	0.722917011890728
0.222242210537627	0.324836554620565
0.130588985895078	0.140907515845066
-0.14609425397618	0.134538437401621
0.809572909227174	1.0642420815819
0.372791339346087	0.645330157852969
0.011031551015455	0.0106637428836396
0.0151408284051188	0.0138305908058041
0.0314865428939426	0.03292044326946
0.149356721591603	0.147969922568165
0.494728861740476	0.461223385770293
0.692697491600202	0.712583354358582
0.810465481408618	0.767788926928287
0.22176152175605	0.162748279034294
-0.205792143358054	0.147602064650502
0.500404102716562	0.468475927026402
0.741092951502954	0.917023854274696
0.218205941123109	0.172812564874911
0.0447812202513053	0.0319973465399815
-0.117090924583252	0.10083775672874
-0.317808992064665	0.298638295160186
0.219553371167772	0.163104197427705
0.0206121438076331	0.0211282047979303
0.144690339173895	0.163706132173038
0.160754746566375	0.163210881459046
-0.886600641594633	1.19197233014093
-0.107092457167568	0.125081698224622
-0.3853503462099	0.578588250767762
0.22970719119627	0.292887700785409
0.700078638200236	0.806673159009483
-0.122220223045963	0.1027596888883
0.29609844518568	0.248242677790621
-0.048918764118712	0.0346305604995083
-0.647975232793702	0.648958045717329
0.293669259996689	0.280405466581276
0.550631678914768	0.554781458708906
0.425788597565803	0.355341112826602
0.358153951699867	0.238021194884606
-0.155372032665133	0.114032055037582
-0.157731980525227	0.0992422364347594
-0.849548665524757	0.934938643172377
0.543701995635444	0.475103569040459
-0.707830923814962	0.69835520091991
-0.227049928569751	0.181791839524956
-0.341503029186323	0.341455117767602
0.311810904336337	0.425458023522438
0.271596298234495	0.428529732421735
-0.203983921898629	0.294113937189429
-0.191892240251252	0.276050664745187
0.16917503081248	0.223949072656276
-0.654707111191223	1.28735298804332
-0.300239748129997	0.367232886899858
-0.578465825655013	0.661241028362919
0.0392471403148229	0.0268408432392602
0.411917107388331	0.24533461581063
0.0530059466117226	0.0375390986364108
0.349121720188044	0.243669985654756
0.11209945460084	0.0749314126718372
-0.410972185381163	0.334422149537323
-0.54610137665904	0.473712053303195
-0.591093928202368	0.457789395309449
0.00832993035186698	0.00530815915246679
-0.558209240333216	0.379796208394441
0.600920611004612	0.487242811438753
0.0216439089762563	0.014288012428003
-0.0463437348037962	0.0328423083991264
0.524564793318394	0.566221022134555
0.221176723152132	0.130600344559976
0.217920300466883	0.154104124653717
-0.887547091709273	0.690737758448079
-0.198600232411041	0.144046037955099
-0.284574180031619	0.193190344887349
0.120287122220223	0.0841676994325561
-0.554287216339566	0.373452468048089
-0.336452749733667	0.285458074936703
0.387452422153205	0.243248685590092
-0.286555888875437	0.221493057891921
-0.490357983122569	0.345862213764732
0.017422716023093	0.0115806452820388
0.709031549605858	0.624725940309006
-0.0129169190908428	0.00768694960948002
1.69722481401207	0.950401883871846
-0.675516670379467	0.500766705808314
-0.195824747041468	0.119779770729616
-0.364209636286883	0.235811064918117
0.362802030204228	0.241747584348394
-0.028024882837757	0.0166519144840792
0.0876174751942079	0.0531922238742038
0.705282368517231	0.406228416061856
1.6792595582814	1.59553591970384
-1.35914295540864	1.67768424367134
-0.204688229202877	0.123177551009407
-0.321465568171981	0.244445492370373
-0.201306853485204	0.123328386386431
0.0428714991947058	0.0369365392371572
-0.332923190057248	0.280870745521551
0.142159432381169	0.116123310876536
-0.235928289750229	0.276012092590435
-0.376145322820766	0.580988450489433
-0.30641122562654	0.425246990225429
0.106048689514818	0.0999047233348244
0.265430198696918	0.356158253395191
-0.0812224433962791	0.100341329512471
-0.488874766055758	0.805720114215134
-0.341348721513892	0.45417770503544
-0.0658650847114599	0.0674361048004959
0.265525678894121	0.323775404318309
-0.263779712660233	0.306623462488643
-0.1326564103521	0.130115243453979
0.0265247544311874	0.0276908256151545
-0.165335221158803	0.186032708746794
-0.404546093792415	0.520888594842255
-0.104787604056651	0.121647762739674
-0.0233290424412646	0.0167141850171901
-0.21049153659567	0.216893055459594
0.380697559795262	0.457619683413545
-0.0183327573217357	0.0170926374599903
0.103011776888459	0.0947830923827174
0.781074031090261	1.03423261942072
0.0534584797710818	0.0494451650822099
0.0643417718135849	0.06284623509383
0.214136593444631	0.246029522331389
0.0548684559550881	0.0476698707638954
-0.131335161278518	0.123978069090409
-0.150077125143578	0.159280418415283
0.929759479666949	1.69358243229075
-0.575050249111889	0.655244068185822
1.09608784288638	1.36576013160742
-0.305022984381227	0.104097161448539
-0.483454029787693	0.212436914634196
0.606121112048096	0.279159874439252
1.70543997446543	0.90949831726039
0.0654513756528165	0.0220047808089166
0.44284142659516	0.157745632749527
-1.691527570266	1.30714945021048
-1.56579770379372	1.08411020029551
0.957157087761067	0.357719802586798
-0.232753716095236	0.0881182616874961
0.617690473611981	0.378247579970347
-1.2519430357643	0.731895644349349
-0.745840362824662	0.448442721727005
-0.675690078922887	0.502960083579821
-0.0813652569524653	0.0550146608030321
0.342914327812882	0.242178128672978
0.0822884074036629	0.107748494350853
0.330190951303062	0.594817722416673
-0.0992185698662095	0.137501868812412
-0.169050246414727	0.249523467719867
0.0320095611519324	0.0364521462210088
0.186675577714782	0.264853456808391
0.157570736900737	0.204100751000677
-0.00528436906128424	0.00614785909322799
-0.280503141859507	0.487272415694427
0.564669742339258	1.10365861612124
-0.0988392115890845	0.133509150155262
-0.279898860110765	0.431787496470207
0.0770082955244985	0.0983623148919833
0.394709423680876	0.638488820249466
-0.364675478150401	0.544273969643728
-0.18533121470442	0.20118576266194
0.0160536407065205	0.0168357010910488
-0.124678287455929	0.166813259273559
0.610325353645155	1.00763365976075
0.522939745422111	0.61390555457096
0.848316211537625	1.00248416345483
-0.171439311168137	0.126599118635589
0.215439269547391	0.180683892697324
0.289375971262856	0.272017246961771
0.0435648491295411	0.0369741354454951
0.513039730762125	0.725978854235277
0.223887030452096	0.299415738813352
0.284142732010071	0.41855387001263
0.174628627468753	0.196592816067142
0.0711335922620157	0.0806269683366896
-0.2687182528545	0.35964313834772
-0.0576759184903219	0.0568997139637569
-0.120349577341461	0.136565532593176
0.272443048030358	0.277818547084013
0.0521357400738663	0.0384366021264629
-0.252110671979783	0.259991343623415
-0.407918534824636	0.622400848895943
-0.322012232339061	0.413126605758732
0.190550579053814	0.226188977949418
0.302821348121067	0.410866202171253
0.17056420276462	0.170984705027804
-0.00609905817280034	0.00571796313458816
-0.0199274609057303	0.0167024606008814
0.0585621051458548	0.0612638004906646
-0.0371390690449562	0.0341645504676751
0.132822325163234	0.151278074028779
-0.273604725263665	0.332104669839746
0.707107535029122	1.21053208007787
0.773606447494685	0.857867581788623
0.142364737651395	0.117950857312841
0.491193673737319	0.541223998636735
0.485571429484103	0.540003488079646
0.296008520088309	0.268215565734234
0.131063265358993	0.101563416708057
-0.0332573193549604	0.0232055098045826
0.933929782645156	1.22696034642615
0.630466091991244	0.684524854952972
0.760840797577198	0.636292729210073
-0.239317358073506	0.229406798353351
0.287009112563256	0.265210884886137
-0.0308278118515556	0.0223421824855273
0.211698900321899	0.243627005393378
0.0782265797651381	0.0654865665612138
0.0520429392375474	0.0464622150282482
-0.0559400409515508	0.04551192093068
-0.31669932449365	0.295455377072424
-0.119434801683742	0.101298889351619
0.160157258926682	0.151817456754046
-0.136234116660354	0.162742184779535
0.394752613466806	0.45385137311215
-0.650629202743907	0.642744602178892
-0.299485319837844	0.303780910653711
0.806434046000122	0.760926185116276
-0.102391136750159	0.0803279602358415
0.357967748533568	0.353623642954631
0.541131893002768	0.616258986386359
0.213014555075871	0.141867702816134
0.319398685143653	0.253987399070023
0.304450900175499	0.268231838109378
0.757551759514876	1.10998711081977
-0.0933145180292485	0.0734608846316738
-0.0427758270262036	0.0305391739874581
0.378341297785043	0.357311120424315
0.144906713567194	0.126362600819866
0.2666690903161	0.275365154976964
-0.0395968875826118	0.0396496321806503
-0.0160495351338816	0.0148422256691508
-0.327324038801627	0.369603943891886
-0.412223621386085	0.850915158159037
0.238883584907349	0.356366259424326
0.612222954737899	1.1236706444335
0.265034722390349	0.283111384007945
-0.630250496582669	0.579058411811552
-0.200866175410868	0.163376979326244
0.811886073520169	0.765053280587757
0.407452435059481	0.351412703488556
0.570602979503119	0.479780796894815
0.132317399654961	0.0985981987940717
0.769514307478889	0.644529019327276
0.402619761210702	0.354138134826789
-0.0352524170309106	0.0254814508194142
-1.17043196536963	1.38485937836677
0.3244686279331	0.247893686114838
0.126938668703389	0.0952315892441997
0.134945837966583	0.108658684816355
0.208997754514446	0.174787453555773
0.299813526659125	0.263134808720764
0.493398720593444	0.362670985845016
-0.271323717422632	0.235616501385531
0.132882493696303	0.103219983271646
-0.17087234432887	0.124524837274223
0.0950694832083173	0.0576733989020673
0.111485020933036	0.0746967162732201
0.781546104238134	1.13552635402204
-0.934690059027003	1.0224739352224
-0.465251099991306	0.371971791286373
0.0949178017154826	0.0569689937239303
0.233134246743413	0.130251220100948
-0.228715080148307	0.184266440899521
-0.200848903833375	0.123443943819864
0.246612978335919	0.129760153475771
-0.613484700624108	0.519098420434359
0.110376114171028	0.0768095309835669
-0.712990169871263	0.708207425439875
-0.344229419375395	0.319389280362339
0.0710566045585601	0.0350456638281787
0.0214926986465671	0.0142946322993003
-0.149679076701932	0.112189565244172
0.766365420899809	0.740881831920481
0.639510819388711	0.606209539940925
-0.372036715647946	0.235811771356934
-0.066858700860007	0.0466869415786662
0.0557643429076089	0.04136932019937
-0.226961507778534	0.196393594150109
-0.308580014370297	0.332745743541878
-0.110289303882548	0.0950131608076054
0.627444539047037	1.00356842496283
-0.29762980798202	0.299260327987769
-0.398877306353463	0.473314739639196
0.276937545428205	0.301716937144116
0.178274384909474	0.215313349408738
-0.447975277634156	0.707109228791488
-0.13079526529271	0.15669593098293
-0.0306324945380961	0.0280168799778389
-0.461379988397181	0.731827415840692
0.259239022239926	0.349053894753369
-0.509827177022776	0.838366263976704
0.163191401032275	0.170719534033681
0.211005080165598	0.241904483342506
0.332705169239668	0.468646727706259
-0.872684959616042	1.87490216085362
0.286608349704527	0.419841980215083
0.0654232815675709	0.0510609667688486
0.614204335110173	0.753298264142209
1.04903450654185	1.0012486793191
-0.0205226847091914	0.0149598294333041
0.461694089007529	0.351733152501739
0.289958540133993	0.282982920801894
0.669497315452689	0.880021606489795
0.907365634199463	0.931615101309571
0.220620525064753	0.185961905395367
0.324698267808847	0.374605936969124
0.0912171705525702	0.0817979309334978
0.0936152700534941	0.0977822908338319
-0.264104925803151	0.249174985174161
-0.0710103652477094	0.0634113635573675
-0.0894658663318354	0.0867297982958834
0.362848273269438	0.456822878279099
0.328922945495683	0.238040921762818
0.35553857145698	0.241198857367832
0.0777492152033568	0.0437124317388652
-0.590365600762377	0.455705677734993
0.999913354878748	0.587942027343742
0.0620987407750401	0.0256724319881114
-0.114534664638183	0.0560393820684829
-0.389663433319709	0.183791981873397
0.224119654483701	0.123622763235563
0.0823899367777601	0.0472990920064342
-0.692453071084861	0.335570085525022
0.230113749713919	0.12826402368328
-0.784184332621029	0.633449200411309
-0.739203035712604	0.44664102851802
0.152918187263594	0.205221972872592
-0.0995138616507558	0.171486442839715
0.406444915918802	0.873820701580933
-0.0157121622970053	0.0155869016513957
0.602624255705973	1.14729085658153
-0.437873240816105	0.68024562592952
0.223067765822387	0.394335703889524
-0.0509224870834466	0.0671402858387699
-0.445953368807441	0.861128979253444
-0.0973191400564546	0.123589711204873
0.254388826824516	0.441769831425108
0.157420194456638	0.275933776865102
0.0634511935227809	0.0900920361715454
-0.0514899927225014	0.0755537558529553
0.428743790253228	0.797162670268842
-0.139111043510036	0.210956202647496
0.398576351119606	0.60526197282779
0.493801954779933	0.625145622698033
-0.129482408959819	0.200587496063866
-0.30330938319698	0.631886696002346
0.211718849723003	0.255620307245649
-0.717587276582516	0.761908238508362
0.104348737603651	0.0694717607831292
-0.870510740290218	0.879770920587582
0.419800251577475	0.361573882646634
0.682324716917209	0.693511456123172
-0.16519269354246	0.104946086909391
0.502198479205083	0.725123690049403
-0.110579239906972	0.167414473486266
0.252699634674551	0.416463786704912
-0.217047814414359	0.381924791906189
-0.360119963588268	0.581663374111197
0.259251528979142	0.359348659471213
0.532019538004448	0.815166784097197
0.00754000296562481	0.00673712314417043
-0.483904700811653	0.764069970604425
-0.345936836981874	0.367547373345844
-0.0727841909263	0.0643794522061657
-0.0454285648875463	0.0446398868672208
0.207714862675987	0.322610694414536
0.062019876078844	0.0851500697947531
0.143689666819482	0.133789182722771
0.398664494298855	0.448012878518474
-0.0119470297052908	0.00875711375841481
0.395925362912883	0.83651791560883
0.214793396868973	0.155486197188488
-0.00785781218524086	0.00800883631857655
-0.0570445771782351	0.063705838818377
0.608948136507077	0.585440894584718
0.397922109202843	0.351698286067653
0.437040171495082	0.351850818406206
0.223364800013696	0.14948491428869
-1.28469553032908	1.48056419812027
0.320575557951273	0.246558046178348
0.0508838048073456	0.0377421104028047
-0.239905256763728	0.169373589929071
0.392592074017752	0.513067930146404
-0.241914748544458	0.260844298386432
0.173447991984374	0.214875334500483
0.0334295222889778	0.0426817006173755
-0.457509879705537	0.978413953437328
0.377721885319633	0.353669154933532
0.357380323907235	0.371136075016448
0.807641444735636	0.766414212315449
0.415099673700983	0.358819946524211
0.0677494485411697	0.0331825567374946
-0.990165336997387	0.833009247150093
0.394849341293345	0.352948595432377
0.102101261819043	0.0646790898844901
1.29188266403847	1.5119403091155
1.05254735088926	1.4481477633433
0.141532212660115	0.21037588582207
-0.0345009860370569	0.0474877239343909
0.38680213163162	0.709900178522327
0.417214316036735	0.694410814578635
-0.0287904913156106	0.0332041402210838
-0.0399679283951449	0.0526850915813972
-0.0048613206929278	0.00567973066996607
-0.451566914488225	1.04003305661147
-0.270561565702824	0.419939194923584
0.0261528277179613	0.0332861736773876
0.170861210024202	0.20446589494994
-1.11754807593204	1.78621386291088
-0.05352835795774	0.0305597355366746
0.0714659348667519	0.0402181813065797
0.657284808568996	0.696906089112024
0.0876953614900377	0.0520105725453053
-0.278446011258702	0.151355875577355
-0.637362447424186	0.406572632079306
-0.782671728763672	0.744846912271165
-0.707390311774033	0.694571763975115
-0.608208279705597	0.509241821481124
0.0644909186024022	0.031750629364331
0.381436059014476	0.240527591072508
-0.1040116849396	0.06798784811666
0.351929641434866	0.232287158338848
0.0884095055834873	0.0536953474651718
-0.704322236902577	0.680287192479636
0.435747022038292	0.346028016138019
-0.707135878549328	0.640718906786752
-0.554287216339566	0.373452468048089
-1.60173741135401	1.81351719206736
-0.0488682540908338	0.0278197905305574
0.596083898217111	0.465137413720768
1.27482299002187	1.096337033513
0.0815594949096748	0.0486328108944487
-0.63800630674806	0.412713825882147
1.15496920050915	0.904752974129925
1.30618506239718	0.956256546498516
-0.317679502026388	0.214125343147485
0.376725022527893	0.237488270567407
-1.54899495344112	1.38784738294314
-0.0812085612025172	0.0436081157850323
-0.092353604837117	0.0483173209827902
0.076854041909726	0.041000813601577
-0.0753822592626223	0.0414979591794445
-0.0873058406898627	0.0450482232736637
1.6857793585232	1.59174730400541
-0.0944274912402574	0.0486311778299355
-0.0282428714575734	0.0261699926163938
-0.653364848148254	0.65503070600547
0.325290609883282	0.365072952677024
-0.0683569149978402	0.0706307340490641
-0.354029215568019	0.660419874781074
-0.0679553411844858	0.0764588844528553
-0.196355333110121	0.300438890464994
0.0701842483653617	0.0961723919887683
-0.150104412425521	0.206715206314189
-0.0207177687791682	0.0234332800651372
-0.312422069082795	0.479663641190996
-0.259477814437587	0.264201194392097
-0.114344404047196	0.115663842300882
-0.385226773525918	0.592977396742362
-1.01081887353575	1.66824094509163
-0.324188892274263	0.431343004354593
-0.378112582503303	0.524547490716351
-0.881795610958712	2.03269650225295
0.233613588389608	0.342817184321654
0.20650244310913	0.191412700203862
-0.522608170582991	0.815335634541472
0.398475615692818	0.600028161403213
-0.110275763567973	0.131556827966833
0.0541972724569286	0.0554470404184953
0.258676637029021	0.35994376361126
0.10829432625096	0.122044042275467
0.0643805809274312	0.0601797456950752
0.353097097237264	0.457944005835129
-0.515200816887737	0.843948254297718
-0.357555764041013	0.405926544485498
-0.129427254822961	0.156235535303248
0.186537568688529	0.233666422104838
-0.78509658176346	0.862194893143375
0.411346234926749	0.447194762899909
1.16181688378547	0.762681493576262
0.337670094659662	0.363072790303801
0.392232876359803	0.345244568214438
0.815504741573766	0.427060609549316
-0.808266980796587	0.291624800414252
0.305768035896623	0.133353847057592
0.961334601985709	0.360708905177153
-0.306342794528344	0.103289905739128
0.0662740126704208	0.027589720981373
0.1317049809852	0.107559403377694
-0.146256201536125	0.0665894721360998
0.449588861518931	0.237326889329798
0.0644409202847637	0.0241020544198147
0.0545761063356412	0.0203058250328758
0.844790517395892	2.34032736610198
0.31588637140037	0.366621456576976
1.03049377103513	1.91594564232958
0.219500023909657	0.216261762311842
0.368464731028478	1.01805568591943
0.00480217884913502	0.00564168230563197
-0.50012928482162	0.962122676776282
-0.701221133952801	1.01358087433536
-0.297128492430556	0.506144767876687
-0.377071242644655	0.804714174211516
-0.0889193789177833	0.116848604412851
-0.146479895957074	0.241867094129265
0.348863491456159	0.46635974130747
-0.230408748417197	0.433665513261186
0.491478035175065	0.553690685600317
-0.463488427167824	0.478273643473722
0.0587743382037074	0.0890327094046712
-0.329588216520583	0.778189418822138
-0.189100687202028	0.155324195192297
1.15275351807371	0.903358980621043
0.064286447835075	0.0266457398048755
0.995103874979391	0.57367892035754
0.0660608991367318	0.0349098109954453
0.086170304412196	0.0490182106511725
-0.0639062260180326	0.0513547844569865
-0.117065800133933	0.181920317209112
0.216614602080804	0.391218241819127
0.074459078025143	0.133805293077686
0.322786177099687	0.518923136012886
-0.31372392370665	0.421078701430568
0.652617505645213	0.875547836330044
-0.0146959683675218	0.0117803309563276
-0.387545644095835	0.425668274819069
1.10963885078024	1.4902021741398
0.101241157983036	0.0658016479270386
0.52465460726023	0.56634932105874
-0.0921836594026458	0.149165443002673
-0.554344951785391	1.62246946049915
-0.0360921331535107	0.0300115998782075
0.727721087356267	0.723846753417968
0.344402258395838	0.380364075146085
0.21354808714152	0.140817538603128
0.752233185185011	0.622450031826706
0.0254632726418354	0.0168551439370143
0.0967006149243279	0.0613413145865135
0.562865157757961	0.372428965328323
0.464372368779102	0.358519916500185
0.420481539701125	0.350683794468707
-0.649661192526242	0.641859082204016
0.813500496434033	0.853782004062462
-0.369432519717845	0.276312134404939
0.350826732139607	0.354500893865627
0.160977283225912	0.284490749277384
0.654248255225053	1.30421978664128
-1.02724311276217	1.09294665245657
-0.20172441500457	0.296239444858293
0.27217221476434	0.491908044424219
0.193202688402182	0.340303625445205
-0.140679949372487	0.0631044238663278
-0.0640902614943412	0.0445990369484929
0.379794210577684	0.239376497842177
0.363087757633639	0.244450161260567
0.217713965025381	0.137389197368158
0.567351284279145	0.468007315127228
0.36326139318078	0.242773719724711
-0.42463902679233	0.312474824210414
0.315397102484465	0.249357900323113
1.00822782354807	1.3701589479949
0.578527751726783	0.93007456634475
-0.154616197487364	0.224202512878335
0.108365821614205	0.186827556747599
-0.635562025250798	1.98303340637925
0.185888448475123	0.347323167635721
-0.277050849861998	0.52974194569468
-0.238508460755897	0.4903458018242
0.065005971940365	0.116847113460998
-0.0368442680510315	0.041511238080229
-0.650668741768546	1.51186142957524
-0.386295721595753	0.592410381709693
0.0841277417135347	0.0701132319310826
-0.232228626050962	0.133876704402186
-0.874899260428109	0.489955919226493
-0.327666353782757	0.168751745429171
-0.23634405627809	0.137631301822074
-0.149872794143315	0.0665387874021749
-0.539064608104318	0.448162681459728
0.415242272785763	0.244170748530215
-0.0497862383569726	0.0286986734040741
0.233671026551019	0.132502820903121
-1.17715938681838	0.813579461812741
0.301434475630548	0.129379351088031
0.383311530404641	0.244017932543785
-0.764189425311977	0.528767694058931
0.254275480067047	0.132517766830777
0.414407401702231	0.244559380857959
0.0587897950784324	0.0221352474386388
0.245665554227795	0.127149863590758
-0.551459345986092	0.375868521357934
0.301209711939511	0.12816470529774
-0.144572850861537	0.0654999774670909
-0.179451935629132	0.0734797316617773
0.359909298252822	0.242653885547359
-0.228980879370548	0.0858748776544713
0.0559470064331026	0.0252427687371859
-0.117213617364547	0.0571272855092688
0.609173518376681	0.281793096734265
1.31187196195784	0.95373459940487
0.378460617111827	0.236651170186217
-0.556988103892853	0.380232867809614
0.0664405960761448	0.0223161032075269
-2.36487110352809	1.25361191632314
0.268980362257283	0.306040236247888
1.13994900068967	1.00322005508044
1.0811897380328	1.2467058154668
0.0501490888050967	0.0448134461293142
-0.188689659786336	0.317445883390809
-0.0712582279341327	0.102004616001731
0.115045997102985	0.172639234216697
-0.0220140983616016	0.0308866861613193
-0.782386510711014	1.39597024988499
-0.363509318778653	0.563139936816319
-0.105972731536262	0.148090729956793
-0.369174014996251	0.309170527418961
-0.0398761483996986	0.028698916966737
0.2883553029209	0.273982805473242
-0.787789041740164	1.13190776964269
-0.0224462225687764	0.0227741799294386
-0.552917961704224	0.672530490119606
-0.116433419833952	0.13578182697238
-0.116489404037024	0.134034628329196
-1.05395315295464	1.05146210343348
-0.332539116315763	0.522649773151037
-0.030656522460637	0.038234758979601
0.111722724667799	0.131485053342015
0.209934901863114	0.200808936091366
-0.00451592036001944	0.00422365347747825
0.216226142467505	0.288288987128605
0.276093766927469	0.42856126691034
0.596216793499137	1.01848318667551
0.105370727681772	0.140026114211379
-0.137410567821122	0.163548875253019
0.219836127512789	0.159734755766056
-0.451359692009204	0.582754316230325
0.221172642556951	0.257713151789811
-0.307262211987363	0.265816111344203
-0.428878436710759	0.262984541623588
1.14429257795311	1.04515308748333
-0.186192705547206	0.0772693288355316
0.326938835502919	0.368091541666972
-0.910714660694282	1.10755251513509
0.598885107800078	0.186151919528385
1.39704018207567	0.45637087634391
-0.417514238842762	0.124142433221917
-0.417749956591309	0.124353750954215
0.104838404507194	0.0260417581861871
0.590875138384669	0.185310917651937
-0.554598938142324	0.833807165549615
0.518267488415793	0.26084088620763
0.472478334234837	0.797889240044122
-0.12210114816916	0.163230641266698
0.450194106350693	0.903695647202393
-0.182050977324757	0.23812488681368
0.228249997894967	0.351077411249913
0.117707455846416	0.163165436710823
0.524630357901283	1.17482444599566
0.198989247263462	0.30595254659679
-0.39514754386744	0.818051820036981
0.283873816961605	0.487747268600752
-0.16976111272481	0.260902360459054
-0.0114209841627001	0.0114353593325519
0.00898458445737271	0.0101793355747499
0.161281883726441	0.263611704437797
0.234229985816217	0.358917112439261
-0.0803449098437912	0.101086736512426
0.501007438144006	0.634909112216409
0.332875148816749	0.353923040298553
0.085024850189136	0.0729585079054015
0.496739578487562	0.714206150210643
0.100642122570599	0.128048350871418
0.409247302746535	0.713818043992201
0.643848650452263	1.30525328927781
-0.0647921961258472	0.0859593789409071
0.272390480340588	0.387962037362497
-0.344079804010976	0.499132129965262
-0.168432014574817	0.1773493094951
0.13561257742361	0.15318193102004
0.222437096228882	0.23372155639443
-0.152383544697612	0.172745635901192
0.300846161216149	0.401919226021776
0.0420888298924633	0.0515199118803005
0.235099329205464	0.313243572642981
-0.0426523565562317	0.0414347690250688
0.629267326416943	0.927397788098914
0.101128752125715	0.109240823099386
0.359192628460914	0.364159094725279
0.0618157842117375	0.0473974927590374
0.0906616378648119	0.0732494545286312
0.0926616573540803	0.0809539590281039
0.810205863252328	1.0508775672138
0.449802624924456	0.452017704624998
0.500919384954571	0.4639476528836
-0.218339523770703	0.227927684307049
-0.0647905610185705	0.0567043077394834
0.0380133891156356	0.0259965756174349
-0.599243972043794	0.728296519558182
0.265470158648989	0.279441171551464
0.211136678728635	0.206646750322162
0.0201126958011639	0.0187314603230258
1.82509537608223	4.3044765635967
0.279907535968259	0.276340454221466
0.261391910184507	0.305246009812309
0.496423388356878	0.76939374939449
0.215293625387537	0.273418265404235
-0.0777231129290023	0.0812721512116796
0.014308044011608	0.0149004104820298
0.227682129590762	0.335296999731784
-0.5322088978082	1.01764980912501
-1.17645062570524	2.60406616986199
-0.100290068966847	0.0857261882103003
-0.778181301269545	1.19802650005142
-0.842129271250961	1.03853129604553
0.0550266981304142	0.0419976266703544
0.610473311879348	0.682839299316104
0.450745608821344	0.44911775688326
0.46245557911812	0.532859706610168
0.29476720374007	0.379753124021557
-0.107708373505712	0.123126831080762
-0.0276267077794966	0.0273242135777259
0.21386584680759	0.28964639153088
-0.0381460545667077	0.0453126907614372
-0.232314662815855	0.237973536026371
-0.0988704700699112	0.0863354652149888
0.2280597660465	0.239617913362923
0.233089594097229	0.307825051074018
-0.177461257478227	0.199372515200183
0.405709709986536	0.576377563524675
-0.0614559357190388	0.0793112331176656
0.612764578809268	1.22109233119681
-0.197456795282772	0.282223984182005
0.208699895147899	0.210562303355444
0.406460414405878	0.432651172019053
-0.493880417468863	0.430526384502461
0.220728052005691	0.161073146232431
-0.0776649827050933	0.0613277625946102
0.996444312444727	1.0744343945838
0.798122744185203	1.03564069154255
0.221450299681388	0.169342256643627
-0.363889819663367	0.322465475027902
-0.572934195348825	0.541180216121824
-0.332373246666401	0.28232334415506
0.0590619186899868	0.0448867691479688
-0.846842412819792	0.987604702614249
0.815152018827495	1.07046109330036
0.0767143554063886	0.0641506012639665
-0.233058002993219	0.185767341479491
-0.012344252264559	0.00900797544377638
0.225775950344241	0.124708238384467
0.772175831599983	0.851123602777724
0.057090753930528	0.0432941307613845
0.217654163137892	0.218140014931255
0.390452378130447	0.364545691169682
-0.580387392280605	0.435176253580984
0.208085205863411	0.156389911038474
0.293450360508929	0.272438554430565
-0.36406486081931	0.353526906449253
-0.371794471401602	0.237899834471698
-0.0975737292715262	0.0740475694432505
0.217019828386704	0.163242369673199
-0.72108387135893	0.751646860304799
-0.00779081124239734	0.00477975010853874
-0.950844341733272	1.28689623388818
-0.126223276106855	0.0962649360240081
0.212640042843124	0.160050029958353
-0.306224791339359	0.283098898041363
-1.07858393029908	1.28580124589796
-0.186034303449815	0.169485919075495
-0.291065221485838	0.310850282627964
0.214178278900169	0.219920473663928
-0.274855086591889	0.330417602358155
-0.591251764278273	0.969570228834341
-0.663190587685247	1.15251938949089
0.053835181031584	0.0494640098485159
-0.0088597199948742	0.00659736674851475
0.62606370817458	0.863760334039789
-0.291379130996786	0.308448928691732
0.0852175583720914	0.0905837421359927
-0.20762388717628	0.218992384668753
0.342960261498787	0.46203270454204
0.0302075799560015	0.0287216490106665
-0.158662211299873	0.169313768980433
-0.563373707313065	0.737026275120674
0.124116857983357	0.128853394376865
-0.0619493788165236	0.063944430624542
-0.560367993346185	0.885126147831575
0.166775491829924	0.19911818426779
-0.113347321704077	0.0734878299630322
-0.68232325744402	0.857305570805702
-0.0116970049174189	0.00858629132785144
0.890320614696705	1.01441929886422
0.0114251568196285	0.00720226015069382
0.131597140428292	0.107494994227827
-0.878617977023981	1.28207190526378
0.564157417571661	0.581701791260019
0.216901747202211	0.137861212784041
0.435501058315656	0.446924164569013
-0.105879447641937	0.0494630609438569
-0.125642481046122	0.102408190613839
0.140577917138848	0.115790752120529
0.131605403531803	0.10188055902873
-0.398653399117799	0.446572256575462
0.213269853394317	0.204391638851968
0.0664322476594643	0.0632691985225553
0.852515444091217	1.44491629391261
0.381292949566125	0.441692891992772
1.29901507648408	1.88668886287402
0.28032721684198	0.25409672508735
0.54528495304711	0.479894555040966
0.293954566299049	0.270873322563179
-0.338116699746831	0.309013130123344
1.81599895249884	1.48696338395396
1.14562751845028	0.888743217112361
-1.0179926618783	0.757916021353458
0.705743959478457	0.402407339600565
-0.394500514252412	0.186711019987369
-1.60887215710194	1.79470337336571
0.298514052005879	0.270596204298738
0.24331468325995	0.125134225079485
0.694136013650605	0.500317825708571
0.980108220402952	0.473207288106498
1.01030371431425	0.717877750146615
0.0978207889290877	0.13678630462341
0.520257564080674	1.13074333296962
0.051881720451571	0.0724978993282369
0.40423212796712	0.744454048444301
0.326133490872328	0.58986642155914
0.162801413919214	0.258505250218891
-0.112262633688637	0.144182434797742
-0.601978136281497	1.25958429542044
-0.26529419330525	0.460425802822743
-0.155076438172589	0.224355733652289
-0.0740881674800384	0.0951127321825022
0.592974041616476	1.38137924450842
0.52476146503655	1.06946755657731
0.23711847544653	0.417320475867714
-0.00463221947674223	0.00537110875878532
0.134758010702164	0.185351717067191
0.122862830217776	0.163964640159889
0.470560474468699	1.07141708859583
-0.760324997342166	1.73619726839723
-0.130507419835386	0.139674521371972
0.48128711918337	0.72934073746633
0.226395701332367	0.248552199460092
0.397447785521955	0.522932952833677
0.252902844510271	0.314994972447895
0.245470294577965	0.382229258580634
0.127612567728175	0.183563385032484
-0.0674681463926131	0.0800940645397636
0.134723058613893	0.19225156268039
0.193022119458494	0.301593435500768
0.352365134048387	0.544452400765256
0.499743550317685	0.806321851957814
-0.0601640874242135	0.0679729809927075
0.147673227216822	0.148404367653844
-0.0608343235636426	0.0638794055891685
-0.491993346844153	0.813274925193178
0.0697391637672977	0.0882776401305231
-0.0492593939383962	0.0628516948866357
0.292139788016782	0.445980653530167
0.21724825976332	0.233822967150289
0.52223286577003	0.633874083255539
0.122487908647133	0.115573988738736
0.177965422219695	0.199581299358882
0.149728045280522	0.136825698755751
0.0119303678526271	0.0100767543618287
0.81837852484221	1.14887477481546
-0.199846776573558	0.237507076185586
0.779588984413054	1.18656970547832
0.360264524873459	0.458742781471318
0.629747357464581	1.02819338590586
0.0398012005565763	0.0387049070866739
-0.880845012275227	1.30682523524424
0.405650973726835	0.552242422446726
-0.351729677001381	0.466626671075526
0.0682819883293901	0.0643849137996381
-0.362948468708155	0.476297585928663
0.176397501361409	0.219660384111189
-0.136420496720692	0.13673102840053
0.517427426464081	0.739306053846944
0.0187528880123359	0.0189208112278035
0.0225500361853137	0.0236995021783237
0.234742867380654	0.34507519988474
0.109116074077163	0.143184566617464
-0.262542145234567	0.304139593361362
0.00202946588629222	0.00207985275449379
0.256406769216354	0.322046917133659
0.161735088225166	0.15420016931803
0.0814787540532371	0.066411320785499
-0.171968289566288	0.176136013323082
0.310159089578001	0.366657283033964
0.146738079414795	0.135149854536432
0.2190128350967	0.195619204690616
0.330043844161571	0.37217700970172
0.022976246640001	0.0233308645017886
0.349375597752515	0.451961946205773
0.0253607322503882	0.0255020676293029
0.0297456200736873	0.031641134051818
-0.0940442478050014	0.117080771784618
0.158719338795214	0.209095838689838
0.0218140232744377	0.0230334333935078
0.0868260236427859	0.0776883250275164
-0.047575242583727	0.042099365501558
0.504360175116298	0.641333237407126
0.0522056257049366	0.0525353557721835
-0.483554714438654	0.638477462383833
-0.42591077255298	0.58579003891227
0.0964272684875591	0.127183894458505
-0.005327457853882	0.00681321157847419
-0.0918324932402996	0.100851843494586
0.122817433921589	0.152539225929548
-0.0532245949653082	0.0467769310510651
0.0570003416232866	0.0435996459745069
0.743097697652396	0.988201109818572
-0.127827508534547	0.10989696869634
0.154377815148543	0.140467950089903
0.261044420767711	0.2980090417159
-0.399027356976395	0.413816866106458
-0.324574863109317	0.328256090122479
0.132343624719583	0.11139977773753
-0.145057265794788	0.108199678026844
-0.500445900430285	0.51496957910491
0.80787685799866	1.05048084054603
0.0701948571902407	0.0568343750435423
0.0991316091062823	0.0874035521772802
-0.244195912987113	0.250350927206285
0.0967539432452849	0.0872894362942119
-0.0470310181392692	0.0386621543689973
0.202503063497787	0.204420005041563
0.0508848792806126	0.0442189381851573
0.121723266910565	0.119846503632773
-0.455420925403609	0.506847729448398
0.0881654809980026	0.0783317282198609
0.303965096994984	0.249765203490149
0.278729605141416	0.262547355103889
0.025195776466817	0.0164918547021526
1.42111143096672	2.2115903858841
0.0993493548549586	0.0898965650857498
-0.247603525599708	0.218090824542011
0.222190427261043	0.182034020565868
0.802865761337146	1.05028259738952
0.136921091077331	0.110129046573045
-0.0901159706392318	0.0701585719598257
0.0314563025042723	0.025894589409485
0.0743064808396412	0.0587530111837947
0.303316772654108	0.27078110407181
0.447539136698691	0.537331996851977
-0.690663192308018	0.875194233332286
-0.171846915853238	0.203937755555703
-0.516499927248708	0.667603996404497
0.304887262422521	0.416338507658812
-0.247235567899211	0.325997860982821
-0.0860917392262296	0.0888259217375472
-0.0732883452807403	0.0577185607423847
-0.0813042120971306	0.068669485590324
-0.309334774541008	0.33084541847335
0.235042942472472	0.26510436250842
0.306172647832498	0.385665066036972
-0.0915667589380159	0.0854925754803339
0.631231200553039	0.993789186698918
-0.382871349094195	0.546413496482187
1.04612395563162	2.19964596758083
0.0898538343979401	0.0790866523885208
-0.302054753131174	0.357809898959323
-0.0815003855585112	0.0872778554171555
0.0824358149232921	0.0826428393945587
0.0339513964995695	0.032676361142845
0.276945382060359	0.295341233732522
-0.181221961047913	0.150320597358882
0.337806805915782	0.250407959099014
0.57926105566101	0.572209934672494
0.106692443327459	0.0731745365737506
-0.199821042697193	0.142863483041994
0.0249103287847698	0.0165352102906315
-0.291316707372933	0.294558323784824
1.09203498437852	1.79342374606632
-0.136134436309009	0.100069897883428
0.112336729032272	0.0748888195133336
0.130143411859925	0.097162736056144
0.119075786836915	0.0858558438852452
0.0182542443851368	0.0118575011946987
0.63954635166296	0.772095010244471
-0.558123754314398	0.68264318516391
0.349716848147532	0.364256237621825
-0.0319339198620933	0.0264860641868443
-0.27706682988432	0.315403914834406
0.556444282895256	0.892295928139694
-0.0567134600466273	0.0509497012249514
0.0435164573425442	0.0369256009151969
0.100523102485197	0.092908452606908
0.313781435052918	0.25078331074267
0.561093295611727	0.645724870619129
0.0389159369797049	0.0274918108023472
0.00543600828488824	0.00341013483692793
1.14754559424961	0.884440304570947
-0.11915862908161	0.0893842705370343
0.554816262707513	0.361848518645142
0.251742236579811	0.128500673511521
-1.26954431438599	1.31194632856718
0.807472991633726	1.11952573646957
0.15701008553419	0.151887126497995
0.255585003073369	0.35775584296106
-0.487351886158503	0.996106148483532
-0.0922331000865886	0.132826803009902
0.194264445113487	0.274374644967404
0.420867986256271	0.51404824994365
0.544706175118263	1.07926220408259
-0.03947745873168	0.0394408009448166
-0.202853483209952	0.299168946364859
0.368132134440912	0.61311208684841
-0.286700189997614	0.356426315797822
0.775008274532317	1.68737955071697
0.0683345664754547	0.073280212320409
-0.0188931096948819	0.0227870025602408
-0.611071039714141	1.27874630341667
-0.0442285855933763	0.0590536252778203
0.122406992479262	0.184716319331014
0.008408253873483	0.00877030837247709
-0.344577102222915	0.481995821190703
0.0913922775412523	0.119852965572163
0.067274640434605	0.0920806658635643
0.348129012744284	0.626497110449898
0.191601809186908	0.271122569546985
-0.152262520696846	0.231406858917278
0.663318607350141	1.51136761019326
0.0904475236344546	0.114449716849536
0.134406306060883	0.162978846907331
0.229960342716689	0.297473211560161
0.320374954423137	0.500012984903825
0.0248851649997162	0.0255657933820109
-0.651689864546101	0.984509684762094
0.0452175416481841	0.03844448543395
0.473409304762228	0.829526999486201
-0.0472675294286492	0.0502690071525116
0.37267523771752	0.549236008458078
0.0786153111269831	0.0881399377862283
0.258481047314378	0.341109500752906
0.259349074610024	0.392558608108211
0.220597019458543	0.284775577072306
0.343276017467624	0.471978866131172
0.182106572855674	0.250361212662655
0.246517357775697	0.328525583694049
-0.100428456918072	0.116722269981837
0.158670820284257	0.199608284107243
-0.785959027382406	1.31966389346814
-0.0805918756773369	0.0840364787943614
0.219046640211535	0.282954210467704
0.229888595355696	0.308767645467201
0.382109100733612	0.540637610258727
0.502999640944072	0.877815063773314
-0.121752874071176	0.139915018496205
0.163184047586149	0.183123277314027
-0.0464670290662949	0.0507025272104756
0.134805407183204	0.150408013146961
-0.462439127855486	0.754410699014547
-0.438549981456344	0.674618023987866
-0.103509046118138	0.118769263525811
-0.0193961218627791	0.0195247581135052
0.256285238370675	0.331911605513993
0.428633991438087	0.654349467521885
0.0826770587444315	0.0826987028343099
0.0533671585114261	0.0525751546919823
0.182218915929695	0.189006825710901
0.149941474821621	0.138177544974403
0.520895751982985	0.472364189134714
0.804179761383369	1.32347746527422
0.671109996302821	0.883444679400167
0.606479611870659	0.745879194821056
0.503765670350605	0.628028296448232
0.117922379893253	0.140749576771851
0.26183023110547	0.33563201405665
0.421791573366738	0.6328155507045
-0.108469397909284	0.116839320835992
-0.437178880328934	0.622596374421801
0.0325759745576751	0.0268685539607363
-1.09349853798358	0.979415198037851
1.5394932042881	1.03332855477469
-0.417077840799781	0.30322315675172
0.0060003417753804	0.00377624163432498
-0.312231794884635	0.20934068153279
0.675519338586304	0.618315651968744
-0.33620789102225	0.406480127068142
-0.0865498290622928	0.10148287602067
0.361789489311425	0.448166237282068
-1.13946947892422	2.37190455355011
0.340097765914985	0.450643114633646
-0.0363339904037656	0.0361401247533555
-0.0468142541342908	0.0498841699754207
0.209251024031361	0.23809342037055
-0.0859530967761699	0.0761874176976416
0.715038981077498	1.1719666138995
0.228980936015024	0.270522536039613
0.116450037494743	0.111167577881934
-0.176821586668586	0.220278828603439
0.045606811899336	0.0397793143903955
0.617775935493755	0.938246749006136
0.303533041552678	0.383123835295978
0.454821966821728	0.67574267782024
0.179432560863448	0.201796568878431
-0.0243360198358129	0.0225445371997665
0.272094908331367	0.292085001914815
-0.239605524135233	0.295123067640574
0.0700417434124849	0.0771264623645468
0.102288186561268	0.0895418824636819
-0.369742172573411	0.512756624120735
-0.619675114370208	0.832370300323889
-0.230412760860103	0.282679174245658
0.401267914500003	0.436346905919198
-0.280111003826903	0.305767455594654
1.12574427281152	1.89822749831692
0.119573077621293	0.119278492744972
-0.155562653306382	0.167449324731004
0.112345487335582	0.105590396346218
-0.300409922552888	0.336568568065514
0.0717422653684984	0.0721224900725962
0.387460323584491	0.442433060509635
0.362632495237911	0.449637155218911
0.337524374552945	0.48069541421389
0.0937707531051765	0.10394338552185
-0.861862312674595	1.60025875372551
0.161673206366786	0.169597696030078
0.305673194197965	0.398040377841917
-0.656305823873087	1.09619514025912
-0.417413944768119	0.623304791467337
-0.662673630322427	0.478309867964036
0.31569721801769	0.26197004146764
-0.389342216442482	0.18635423216832
0.574938789399256	0.478398345483673
0.283341247324176	0.260387497027617
0.924833140432072	1.3600876848964
0.347426027721757	0.365875212479044
0.301556640249925	0.438997309489446
0.35611783597999	0.485597928893538
0.477419348866388	0.63952658417795
0.676698302202503	0.786869735151224
-0.207828485674091	0.183368798845994
0.103571408848818	0.0950650356574338
-0.347711455867446	0.395279704424131
0.502460447382658	0.617211754571439
-0.127036336491408	0.0967244395163465
0.299182950640249	0.262418085395715
0.624636871533055	0.37170259506134
1.16472211173635	0.774702145147622
0.0642841037109167	0.0291815454720515
0.384401878171207	0.240904800131521
-0.367031934492249	0.239120326216139
-0.432777864384777	0.313710441283932
0.130738160469392	0.101539364121626
1.0146491995525	0.721985851554048
0.607505136330224	0.275203550526098
0.0810999310497653	0.0239063101433156
1.14183242399784	0.887772084526849
0.520649432691259	0.260182930647512
0.31530366193253	0.251794286648264
-0.175182039836109	0.155127514051829
-0.0351743055824796	0.0337239204213834
0.245303865553465	0.298028202428528
0.215347399673395	0.229301537742255
0.211362747253095	0.190759011423574
0.100727278595432	0.0641343238487707
0.486599439301438	0.629182667277535
0.425143446132263	0.545381890039408
-0.138951350736507	0.130299955318593
0.0687031570510647	0.0555522164311938
-0.0300535739202785	0.0215409056144085
-0.790526166864293	0.969147629132498
0.214762000200433	0.214121566579569
0.00166193617974528	0.00104202778521316
-0.557676763884962	0.679206015579813
-0.130131764782379	0.0975185895350505
0.0860110392027111	0.0509221649629591
0.843307557217867	0.972812393270288
-0.272757701749711	0.237497497334643
-0.0910256373510214	0.0865689675358186
-0.461554270902144	0.653318836982371
0.288920141422434	0.495826620090399
-0.0669589722207541	0.0756154044279929
-0.735254617112126	0.992882666380504
0.0271760039695301	0.0268667800472174
-0.859440294560417	1.34587486290237
-0.0929913051648308	0.108170675773458
-0.423815343677083	0.556081190123012
0.607574181530066	0.807818516553585
0.548192572894695	0.93871247070143
-0.49019519822631	0.696087429314698
0.128208344337043	0.163296086591473
0.0184056406342094	0.0170450469698228
-0.549839028261096	1.17066203307372
0.0660657752872093	0.0895490203652557
0.256947882235062	0.285958388046468
1.10058912887092	2.0671801234499
0.243048764502866	0.415974717611562
0.258850157623588	0.290662312673477
0.725019724878328	0.736125754647641
0.628371415492246	1.03289645360521
0.591659525003104	1.15495577477096
0.10760434160819	0.140592485690507
0.112266969401159	0.137512353077276
0.216283156175222	0.30281009992635
-0.368078060872379	0.438304522785441
-0.0818432765817228	0.0854966731571474
-0.152422238137382	0.19454298460747
-0.654345389559377	0.705253023716248
0.3647190426929	0.354125888647288
0.261689458052096	0.355508019227168
-0.0264326031030158	0.0245761591674232
0.845188721699114	1.43173962663836
0.090943811900985	0.108562915323763
0.250688013646956	0.358717745973389
0.0757351003267802	0.0988899205252574
0.248973640022168	0.358978948123951
0.147156530627552	0.186379614409509
-0.306671026788146	0.460981381235168
-0.286134050198654	0.398596349602221
-0.404445832564252	0.583332970155102
0.227004015749685	0.289240425707163
0.221390250085459	0.310635015802117
-0.371619959931432	0.58887937983905
0.486446849233819	0.833610782327665
0.183355783485761	0.226626073582561
0.374634220081567	0.475275817297231
0.221834579007322	0.29823866369498
-0.564168016742874	1.09973274543714
0.719089702611641	1.23951007675142
0.19923387019491	0.283837379838263
-0.285494401099906	0.450856963939769
0.152956130962306	0.190048030313082
0.0556928257751618	0.058089998599279
0.33312800564911	0.478370784121772
0.556301173008984	0.912328945192706
0.268780127144168	0.323512448577502
-0.436904272970473	0.617025316750016
0.80938485332938	0.967891441906823
-0.151844915912058	0.11439199233441
0.159754788130484	0.165843157548251
0.213066829712554	0.261479780296621
0.634105113483858	1.02343245906069
0.296635959529978	0.269553263050265
1.04849489082239	0.980722194292274
-1.31282256766167	1.0104563688941
1.27127723716682	1.06392775433443
0.0741365352139126	0.0389137752912716
0.462633951127966	0.253531786711316
0.255488998641062	0.132610060487055
-0.732115004158011	0.989565591178387
-0.186980086500254	0.218152658792155
-0.371534152184466	0.450449854621038
0.319941240793363	0.362732579880929
-0.918512837162353	1.90698929701492
0.0345195195842395	0.036173284002564
-0.29133341021617	0.407253857134263
0.0809180273219086	0.082224230010822
-0.351110064634702	0.439942930582867
0.0504024711748523	0.050854272906394
0.257565231917777	0.319154754480215
0.272788177137253	0.350383183802281
0.219269877383738	0.265846471370673
-0.559229537960317	0.921407926092596
-0.527821652407784	0.839995379458851
-0.180771191730568	0.208694362334307
0.689809401761258	1.15608114147723
-0.240840208626429	0.263028995053317
-0.533500657261317	0.741621338597544
0.0233791956122738	0.0215703351099217
-0.154973514847507	0.165626565868826
-0.216799766435286	0.251226626369159
-0.0704447860007893	0.0784602503024717
0.510228092271845	0.838765078444341
0.559644993882768	0.831433268995373
-0.150773407860616	0.162389169513329
0.419366455213928	0.663600213965004
-0.102253901814273	0.0878615139120038
0.459310899348755	0.724183543829461
0.401757646042309	0.599726490846742
0.17243978812504	0.203821888550453
-0.196837839213298	0.232562536734931
0.0296581769920987	0.0305849294464182
-0.410763978161564	0.538773040183853
0.117489525158393	0.120622957983276
-0.596822617092587	0.948388045855294
-0.330811067909221	0.4601636933167
-0.282313159652107	0.431708213369301
0.172977356331538	0.215370714158985
0.566756389945665	1.0560398567216
-1.01130430604974	1.64447581704154
-0.408381271397134	0.665299739948255
0.208701896115708	0.255665917340432
-0.197331563011928	0.233266847222405
-0.373106294386749	0.281217163800111
-0.872527473922496	0.738882877526426
0.0632458156671158	0.0264136540304459
0.417971292129128	0.244814342976357
-0.0260118321464049	0.0154053705824233
0.616118546140402	0.597510230666336
0.377216455855322	0.339052319273571
-0.0171884124718291	0.0173628183707096
0.221423411405898	0.238639920040231
-0.472118487531831	0.553390886527529
0.280133120980256	0.285055906535488
-0.202239467737257	0.14686302080352
-0.339597221261477	0.385210927652504
0.0298776493010861	0.0246819998396867
0.209667046232777	0.163076280469652
0.317877237167749	0.242798918793757
0.40797521715847	0.240286834341939
0.0790478768938316	0.023442645076918
0.0667753455899205	0.0250848593980853
-0.671952417156443	0.168796242500662
-0.137532511952241	0.0606280421252333
0.105890524878761	0.0264349398300663
0.4064411051937	0.237439078905842
0.455963253156168	0.245130193395439
0.350670550290481	0.354512249440393
0.154585829775539	0.140720772125386
-0.104884865272572	0.106956645132332
0.165575829329208	0.160830151238713
0.710335344834116	0.820848051616514
0.766691673938634	0.744542607249519
-0.131416740504872	0.0993940277369311
2.23966394432057	2.96769934985664
1.01132436602696	1.05399224111748
0.306682738333476	0.261803107263659
0.56104749079725	0.667012243452039
0.208235120396421	0.176486323240081
0.216188075465688	0.12784957491554
0.225956669832099	0.169538780204599
-0.158064182116684	0.132273074669566
0.0224854315238577	0.0179840548618112
0.923781383226033	1.1362011084261
-0.119580788039901	0.102149578367418
-0.654077275257772	0.695507815052717
-0.580028804107503	0.540851738437652
0.0250836361542533	0.0171333627526421
0.03408485363269	0.0233750921138488
0.768551404423714	0.936160596011439
0.318643098258188	0.244528518438347
0.30458094423653	0.248065653425234
0.376061495996978	0.337236590473012
0.0502112602978907	0.0511764999476646
0.428127420627909	0.782209621217684
-0.126224511018319	0.128668494889987
0.843184996829289	1.06691288644483
0.395239403510507	0.4452196215996
0.726834789421234	1.09045721156874
-0.306188524429495	0.351156634595581
0.156386082223788	0.155451291970537
0.389638496822425	0.489972553599924
-0.191352049401648	0.172064916233267
-0.147299285202255	0.143834598244626
0.379403869519495	0.543285779184692
-0.0484670942777802	0.043188570730216
0.374826690914058	0.615532837576548
-0.057098530663507	0.0676234036056166
0.684373550932927	1.2150220917414
0.155305339775699	0.139068856312327
0.0422230568174041	0.0519476906126367
0.134860575838651	0.203479728592158
-0.0523874150681991	0.0655680059815535
0.176003203463471	0.221861557101242
0.444875748223276	0.621896089919952
-0.0848018781208965	0.0730959608235149
0.764533895322136	0.650525313609205
0.487220910609943	0.791047559672363
-0.0470847296733327	0.0525692707105421
0.162249385892853	0.217998811488618
-0.0315229133220885	0.0358957004265662
-0.177392891523664	0.223679680221276
-0.556456199136368	0.846863136251452
0.53141536795147	0.900776914787325
0.0405053118942649	0.0383092648882967
-0.657670140856937	0.696870964052669
1.04026749645874	1.3357710649267
0.403240874544637	0.548398686437015
0.355978793710571	0.451629884544208
0.383093777531116	0.44431236281197
0.142326242127423	0.203223011944328
-0.406193995454292	0.684621440987363
0.286718857345918	0.477159094764102
0.0878242351031905	0.101014717687772
-0.126523967377776	0.127608812736258
-0.298811792563034	0.437918596100389
0.185102839246292	0.254473568573291
0.474371032328843	0.849676649338203
0.519745658500026	0.894852906886263
-0.280151627406195	0.372191398709785
-0.131863453138139	0.159421158483053
0.500912966395287	0.809074073623991
0.59460596214038	1.08517842982815
0.467891624996743	0.721295635387443
-0.840079406106717	1.67354594525557
-0.21396541198271	0.239609714426335
0.0106076837721417	0.0114140422257124
-0.0746129955262813	0.0764215900625628
0.0760017019356549	0.0829481216176784
0.26126893820674	0.3648900331447
-0.0994334727927602	0.11494636592821
0.294856324821755	0.3995386932837
0.46519246497655	0.634688095504712
0.101807401506465	0.110794899675576
0.156193516294135	0.142392473236471
0.105970995396068	0.100854213520618
0.214888592952673	0.186748928108445
1.03641916571037	1.59272930672717
0.286331148669191	0.244956511374398
-0.777345243777838	0.797613208328202
1.27275645395046	1.06663488542377
-0.480397384052125	0.210516863116577
-0.38694947470779	0.17711840413334
0.129072648437437	0.097178941727321
0.448419375622927	0.239514262891167
-0.421456754611823	0.25847671159712
-0.0982549303080124	0.0858335465139194
0.0154713385010201	0.0123833594017601
-0.054143910671164	0.0438708394780285
-0.362829923812949	0.470570619012583
-0.638202080293781	1.2936599295259
-0.52240056931332	0.762517344265921
0.076916932603602	0.0806736060881104
-0.162107012096355	0.194243539279781
-0.109602032894363	0.129210280830743
0.0255527395075434	0.0234482508121957
-0.544477326533833	0.924215462504958
-0.823204486859972	1.51662106251154
-0.0251654668322048	0.0256741598108415
-0.350307074343207	0.441883329515363
0.139058140770456	0.162680088269114
-0.447405912066617	0.585225216100447
0.146527280064969	0.172267732751661
-0.421084400893576	0.597361006205578
0.148389806552171	0.174044201675833
0.426611573567601	0.728216752184409
-0.161713197522609	0.222005384334505
0.187436240693681	0.243086420732447
-0.0184762392717344	0.0200732964294448
0.0892390546066633	0.094889273315059
-0.401655497563047	0.574677359248568
-0.065275068033612	0.0690683517094083
-0.0916257035415006	0.0868359566290253
0.260770211332514	0.32799649343743
0.409978703114622	0.560781168594649
-0.182908162533685	0.216423593007274
-0.00656593151199745	0.00612289831414681
-0.0122752084620242	0.0113014594860505
-0.107050710914532	0.11764834143112
-0.352200319860486	0.523261552399765
0.224087442667655	0.285770876338798
0.629657825636408	1.11407691450803
0.32359741977739	0.426481764180295
-0.338299577946087	0.436978349875138
-0.262524791391677	0.367828207487937
0.150046310314248	0.133211216172004
0.303491172767794	0.388290744046614
-0.103721609924352	0.105209346053573
-0.463553971277891	0.662585733316887
-0.370398494933223	0.239467754991104
-0.152070883865378	0.0681369925434424
-0.180662629387915	0.0739834334136666
0.615018897451018	0.37523545171276
1.31863787692781	1.65946711541555
-0.0566995207437512	0.0459189773256405
-0.447126285157764	0.40192221976663
-0.249841231847214	0.219179008665739
0.331334007061607	0.374369902421746
-0.233289491028321	0.241134087899498
0.0594297673914564	0.0435556260592629
-0.640754735226156	0.625701147028352
-0.426256885811883	0.474032338755817
-0.998999294256334	1.14689485528344
-0.501312804562421	0.516335860853561
0.224867494875557	0.15066227471973
0.275247235891951	0.131570856440644
1.19212660298387	0.653285378424928
-0.693561499334975	0.345782030856192
0.737648969718431	0.308634402337749
1.24665433454279	0.526198323278643
0.279294568366301	0.254829587438301
-0.036357467426877	0.0297223410084082
-0.18094510337915	0.163854726006813
0.0527788049941089	0.0386478763636039
0.303136878394414	0.263977901226613
0.355720632940945	0.24936142198373
-0.0657911982352668	0.0457974112942408
0.340806229745481	0.235920774745348
0.996159379759108	1.33403839149639
0.545877376235878	0.47541933533986
0.493262890066363	0.459012188092096
0.674207180759086	0.795889657726951
0.0729172250827983	0.0586841039257449
0.0885731096396467	0.0536689799604108
0.0758877434873415	0.0402243352696033
-0.410403816370391	0.403475193278202
-0.863321317887938	0.886916490944253
0.0214443715911044	0.0170541426555169
0.57831700858157	0.57723035270216
0.107077609232008	0.0717075812881613
-0.973839202413	0.902179614934868
-0.0307549299119654	0.0182233890320941
0.130509988572215	0.100034386740022
0.675703642994327	0.611065348990768
0.782170641988604	1.38174024800671
-0.11953397750796	0.139450949405827
0.290090457465291	0.48014964224664
-0.0484277668591923	0.0507881784177416
0.300550956454101	0.259784783674516
0.317317829571761	0.401664088365079
0.67441521495746	1.12691997598075
0.713799011747921	1.24533523236912
0.269271176213452	0.317902386309952
-0.122170661499986	0.140737896042577
0.673114074409722	0.791363015072905
0.256926970155558	0.312347329374632
0.664273071665971	1.05490827841255
0.245517071672833	0.365696836844425
0.811709474851117	1.8849725613893
0.274681386274381	0.323567515399032
0.17217599777024	0.166187815364894
0.0810764349691467	0.100562733342335
0.157587608149416	0.155392968713881
-0.175806397372521	0.15791852780441
-0.0543250017382345	0.0309686608339972
-0.405184543864896	0.554903970454209
0.545550980159872	0.882411149481697
-0.0751829457538111	0.0918250192767003
0.86090022592112	1.80922331500176
0.0215625853076544	0.0217623947387092
-0.55830389821409	0.848451376484779
-0.559193414896934	0.942062711944001
0.0980557398458167	0.107115153016692
0.439070839919573	0.454638761114098
0.443295677268989	0.451724680889145
-0.0386698955476514	0.0349145882339526
0.162838358887801	0.166978549544025
0.838475610313305	1.35064495539216
0.19517977296852	0.265146964995485
-0.0261188580674581	0.0300211633811021
-0.0603897486210329	0.0733166685994808
0.18198094972787	0.234588224073058
-0.203443333763948	0.2615430985275
0.376976726450626	0.647803797014714
0.0403697483602711	0.0472795821406157
-0.395673038989403	0.722341784425695
-0.203636852854866	0.28833293024374
0.242039323311259	0.310182794400245
0.402851753880717	0.644738894416141
0.318394194372738	0.486515079489528
0.163695431022641	0.215732551961572
0.43308804067056	0.721719179735161
0.0894793415614998	0.091526933142015
0.25649695368566	0.331006474358409
0.0325871177501092	0.0312551338899969
-0.0572637376826161	0.068976014285612
0.0955495138973586	0.109908356490229
0.255250440912046	0.39741453612941
0.151673453207618	0.191365571567451
-0.660333684217705	1.14290917172329
0.535126524497871	0.725509998032237
1.0405237805931	1.72223809025447
1.17913398407088	1.7207503336709
0.346400530741594	0.358626102249328
0.105662513632452	0.0983310030023625
0.121059109148357	0.0903852284956159
0.0685536309464447	0.0312610686894566
0.0787446848866876	0.022842705873642
0.867370392278647	0.559537199320843
-0.413431928173932	0.33891079868668
0.698490212676273	0.396986142120631
0.824239923172739	0.665241906097946
0.214249636492822	0.190787366263555
0.0967176773008769	0.0875300506661826
0.269286140781202	0.311926939300064
-0.261550893858896	0.28727682395233
0.256255678353308	0.371558238171108
0.261672306868125	0.334804499832871
0.360842729655389	0.460322459873926
-0.646779222184533	1.04612669698403
-0.113280475615427	0.124263415248655
0.170638263272847	0.20401947352626
-0.329878973902942	0.437475142470596
0.0887827720801212	0.0976196215733395
0.0757418349247855	0.0851858752395842
0.10908391958088	0.109310648375062
0.514587820276409	0.804011130444593
-0.0140958046874149	0.0141802790439743
0.147947743579478	0.166919513470413
-0.0208390666107915	0.0211018049986126
0.139106682184626	0.157817047482453
0.261152856996901	0.380333031563071
-0.0488285026512579	0.0488653633865439
0.0784041051707004	0.0765583863421832
0.056187637542061	0.0521866791999183
-0.0382534207133441	0.0377660539009203
-0.0334268686896731	0.0304347611811928
-0.53706521942411	0.75871697246555
-0.0371110230853123	0.0375763128059183
0.184071432068684	0.232292656083517
0.121554517387131	0.122932494812094
-0.528527346033287	0.738837381249082
0.220999394446519	0.278684131337094
0.0669084071053853	0.0731274965676533
0.500902007127133	0.761518681761846
-0.0671946950162614	0.0791029604646176
-0.295539442439264	0.392912672451229
-0.474779230473675	0.811471830525716
-0.263549590080442	0.364464670972646
0.142453893468721	0.126948516786411
0.349007705698975	0.370352722392943
-0.688177894179566	1.16269579413419
0.350910191732824	0.431556787126441
1.98683999323039	2.2981057679294
-0.240689506830413	0.141093613212905
1.37654565547217	0.831618007327342
0.0919584489757051	0.0553842564282849
-0.0799227995389644	0.0541323618204753
-0.302686378499648	0.260622429917088
-0.0669954847468798	0.046455037428696
0.311632616900969	0.377033444539126
0.121130839499688	0.117482426315787
0.440501264198048	0.457121025617505
-0.332874226809833	0.283550734746137
-0.266501221297192	0.209506720727099
0.455581753246795	0.45692487841642
0.492530531280248	0.45689065027578
0.396265277403426	0.352763642213159
-0.194720876032165	0.118818392547585
0.0823521086813591	0.0492421692389634
1.2487913446758	0.542838111732696
0.98206592426931	0.464332960260367
0.0647518434452839	0.0263851835294073
0.736668723289471	0.306264000235697
0.438904064883951	0.155396835972556
0.69083388942984	0.492636344651669
-0.145456064152815	0.13564073923196
0.0633242087868706	0.0490216612997277
0.0259218000687986	0.0175421213782283
0.927370138764796	1.14997513621238
0.486373040685614	0.362373890301963
-0.0625692795298367	0.0422746122284652
-0.0545703403014327	0.0387008716949767
0.414642141803848	0.360441289465888
-0.608814795112108	0.653637371570396
0.444730760184123	0.44077626066663
1.0659752507428	1.11840158046163
-0.0510752915707706	0.0357459661103264
0.213411093533274	0.162568948864057
-0.522824819870409	0.486435015447451
-0.177556934220886	0.160560644229035
-0.725416118145924	0.766517503872149
-0.159471443539486	0.100048875584146
0.0692436685898298	0.0552426026301169
-0.297897806331716	0.256460586347298
0.214836679610689	0.157607206900196
0.137323449532881	0.11028075464544
0.416007745340969	0.440428138788568
0.0398962015783899	0.0285698307526668
0.467509453937479	0.880290576694703
0.0498628135445723	0.0584824193476426
0.121822354341692	0.0842695626058652
0.00341392110120876	0.00287467472751966
0.0550201701303896	0.0618215510512851
-0.00825456441608184	0.00951622689931021
-0.0476287196336233	0.0499293182339481
-0.173673212145811	0.142285629415073
0.0773935607353024	0.0840822582651617
0.465806831322675	0.825600238692659
0.227793620160585	0.264426289433442
0.379292314984489	0.459219973196415
0.514707949672997	0.823122907503503
0.379867331699692	0.447479161760591
-0.0525414107339872	0.0660619711947193
-0.115292476233489	0.109706053410764
-0.163504919857937	0.246790240597148
0.256620059787975	0.446614929906105
0.346154785406919	0.480052948373138
-0.0691055407524782	0.0817996732660781
0.770927812742216	1.28253850434303
0.205416164133303	0.183993079315429
-0.273325905847252	0.23846478182135
-0.0885059946078164	0.0987430836901306
0.00238999354900198	0.00262578358439878
-0.262297027095522	0.391786411102169
-0.0281253910027131	0.0295810028908942
-0.394529258318497	0.536303666489717
0.0643172009793815	0.0677803408093275
0.430385833895547	0.629147949786654
0.327648432894348	0.468473780578918
-0.103138092504007	0.0887289880688692
0.92295574814665	1.13802333912267
0.768137905438569	1.51995433781558
0.0817076533038093	0.0937463524625643
0.350570813950145	0.669502453793223
-0.14494196753694	0.195936555058125
0.111376963428084	0.147554891155239
0.0586742009865426	0.067086695574342
0.284673141948446	0.406813103076919
-0.00424138734204449	0.00465259545964868
-0.267651019349987	0.411747053131767
0.0251017678724363	0.0296425241079291
0.101579556638797	0.126612386307652
-0.0177275467605686	0.0186933381359631
-0.280956730735645	0.446448362926211
0.202948519203922	0.289407892913637
0.034603443150117	0.0437450216854021
0.0722020740995804	0.0926597701537123
0.289633424565203	0.456408938104113
0.0570476552594804	0.0700050279768596
0.456333477301238	0.799114528772737
0.29309542305509	0.472668032656945
0.282164620497883	0.436599267257088
0.0112345159239881	0.0132154558562908
0.460730762794764	0.719684016484303
0.174948561063799	0.229063521417566
0.18047255739115	0.195024630513273
-0.412069491145567	0.448804356258411
1.01430541583355	1.78525428042062
0.556114833569506	0.662558968420141
0.494170841786355	0.642268129994752
0.65954392183597	1.20027571859704
0.624865910904393	0.381709916469566
0.703785401223645	0.386750781575527
0.871486114039111	0.540663968335192
0.677531139917094	0.621916028403107
0.242014815878343	0.123325893993564
1.16351167691792	0.775366848887866
0.567417347019064	0.653351921444823
0.930846419797105	1.86917884231281
1.0390235045749	1.5080525164474
-0.0953907137952873	0.0981413181893255
0.136901539412168	0.157211976872323
-0.00267461980993455	0.00274744186292104
-0.0692265069142605	0.0814637636935403
-0.426787753036134	0.732805486931957
-0.358927807801735	0.599904135530622
0.0240009059407833	0.0245398449838442
-0.173313500963776	0.211962544606722
-0.12407441390698	0.13461379943905
0.0106590522211693	0.0109967370839409
0.54112904075558	0.859404670396272
0.138785867938542	0.160909392432177
0.822991829503799	1.68285242352826
0.437812899013456	0.694463547148439
0.68254837041931	1.26776231878698
0.283787352266146	0.427239478411781
0.639704791842488	1.25568694141299
0.219610168523689	0.315134730787993
-0.200062049285607	0.249681894507902
-0.111261375002607	0.148621819665327
0.126301622479948	0.172383677924865
0.180291641095193	0.219716814971648
-0.263155503576643	0.357194933368327
-0.679062636317534	1.04208492572462
-0.0943051157498798	0.10936890298469
0.29909513772295	0.394964864835398
-0.357532131719624	0.525960236353475
0.203113598691426	0.280654555112773
-0.236303367559985	0.309301369125576
-0.0319933195724553	0.0318479551073966
0.219850073855567	0.283486359217412
-0.399488608587716	0.618932781611081
-0.55591343352764	1.07244423217249
0.398565266392494	0.641449811648988
-0.294328035879392	0.512688507297181
-0.559239371819027	1.04157937932005
-0.978320757697476	1.21944107977958
0.117268819772952	0.139164691630674
-0.627549249465576	0.883801654145447
0.33954700956752	0.364688656983987
0.351591907872448	0.246290132013313
-0.886400795448745	0.595681979117324
0.455052335257112	0.249311229559886
-0.375971685361715	0.240119480876132
0.858015886676536	0.900451023030476
-0.0816875243188463	0.0628525195152744
-0.611621908273244	0.656843921327297
0.356895903499118	0.446258232983456
0.394600300655667	0.53572198868801
-0.0979733472671079	0.0859061807044396
0.211201698993638	0.204983010297757
0.410687271881516	0.351047341703207
-0.012213280956157	0.00906383610634244
0.40612957287068	0.364350987644366
1.05627882571766	0.981950758076696
-1.01754959206119	0.758655671587482
0.0656118688918025	0.0242331339520337
-0.574676294144405	0.305001601960599
-0.689702727565987	0.345105664437151
0.0739373295547693	0.0613332046845172
0.448860682083881	0.45930710616288
0.0459458961210925	0.032539222121234
-0.291359454427312	0.222934794478929
-0.775453891364869	0.73991744483445
0.556239464655923	0.560916832800297
0.991631650280105	1.29787166373351
1.2884913844263	2.08459348889141
0.92101071579845	1.28206422041868
0.660166091138266	0.701006917807145
0.324492587790705	0.357743264711376
0.407639471327943	0.450720154631614
-1.08665438023738	1.72227706117964
0.326247511126766	0.384017908846315
-0.101133725504256	0.0872874152289732
0.210324256597952	0.210845091702974
0.217088611234326	0.163263738051756
0.217427518034231	0.201380645371822
0.0915936965250057	0.0808067391789147
0.747367555953414	0.933932087909049
0.623055861255553	0.386694275208791
0.488094638872447	0.471086032708289
0.246510191601873	0.396489150298799
0.394442880235342	0.70346277685747
0.300364083689243	0.526401406815665
0.35158424607253	0.460640011085734
0.317487007316136	0.443091446842698
-0.0545124683002217	0.0688253837127766
0.283408546533131	0.409232065303675
0.0390211031390259	0.0330907173939006
0.377381558237826	0.555965025778985
0.407581426131558	0.611617179479461
0.306003721370133	0.404391275022676
0.495058592256995	0.628249551961932
0.597434552831187	1.10272804828828
0.153682290772681	0.14192448277289
0.209335925330477	0.294659580720502
0.621335174341343	0.940177779626502
0.0142412447161775	0.0157575933666343
0.20627299860233	0.338048325195705
0.225356751101641	0.251546862641826
-0.0177414617090974	0.0203331649965222
0.113463775136933	0.112819239051555
-0.0282492542225743	0.0234217615167224
-0.261791346625287	0.249366460276843
0.453555363955059	0.776942814123932
0.247139962497716	0.415881631864787
0.438190261292181	0.822197881844945
-0.127492992299914	0.161358877356052
-0.202902017012212	0.285830822066548
-0.137529373940055	0.168606499028833
-0.197204637529318	0.258886058498031
-0.484977411386448	0.793246748545657
0.982317425775261	1.46644254895077
0.519856036389437	0.82054675873261
0.21326952872853	0.227328082516232
0.397090808094333	0.778112538410375
0.157002735831797	0.215666071731436
0.0875941796685622	0.107897284059159
-0.186842366375697	0.251621124767482
0.0430453569978867	0.0529444812177576
-0.617500108129666	1.43692927747041
-0.465593496454898	0.887378608495614
0.0970134965991242	0.118147839694172
0.034047094549518	0.0429605390177096
0.0509141537520424	0.0560450640532313
-0.149188648728336	0.187237728591024
-0.368256395051349	0.672194126808892
-0.0450951825876659	0.0527507682064648
0.670016660321253	1.55721556971609
0.230168410000747	0.357498412137155
-0.0382225561263426	0.04012958458738
-0.563311222057618	1.04039988158636
-0.13247435868807	0.177318817970234
0.111099890102991	0.107510355528524
0.762798335585196	1.12153370369087
0.141903429214479	0.117269983594134
0.414495897733667	0.447846662514774
0.391067042430612	0.429828213917102
0.286432704765562	0.274832203641074
0.256287584552697	0.33900127732073
0.633632561021633	0.778737630952882
0.109645925542373	0.108929000803694
0.0575435255748881	0.0531580269973693
0.811056987972581	0.877153045690217
-0.767929602326553	0.544331937480812
0.0566676959529274	0.025600956004826
-0.314279770870709	0.208357834955213
0.452919003592374	0.359716202525693
-0.744626924425665	0.44827412949135
1.01575290100959	0.715644798525425
0.486041807604108	0.627277570146046
0.177532707055129	0.189492470107311
0.0939053038279911	0.102453994996921
0.224416220590911	0.286933658084732
-0.196778650548014	0.271879581055629
0.0150554739348971	0.0151373050057156
0.357397382879146	0.554004103449096
-0.335650679181956	0.49151483660066
0.088598974427124	0.0912199576268656
-0.319162651182354	0.381964079963265
0.00801218711335733	0.00808168922767913
0.417168043640847	0.688132903346665
0.296472770584612	0.392649294896175
0.356121309486926	0.565571513156344
0.271218983381789	0.461207766750712
-0.491570438711381	0.890158333167541
0.0214925359764052	0.0240291238968994
-0.0223974193808363	0.023765531362765
0.434669960487053	0.641127144445535
0.438256856048904	0.722099604894838
0.503678326652848	0.713364002582318
-0.208116847037228	0.258286376745963
-0.202563108852506	0.19624966142547
-1.13905671088948	2.94370786184964
-0.330242816906264	0.476136755058018
-0.159322459879635	0.21072916615439
-0.310753673110062	0.452557804151274
0.0806510743417612	0.0903280269651318
-0.283522596751603	0.405558334658787
-0.790345567793037	1.4423260751229
-0.578053526605834	0.908117752788262
-0.177777952428129	0.224259649341797
-0.0487124378068277	0.0595005029307137
0.0224791261102565	0.0272334821044016
-0.337351391754066	0.50727130317578
0.35232436553289	0.473085145605201
0.344277719148725	0.47383719300767
0.0760512388625875	0.0839325892097251
0.419935925971166	0.529705498860924
-0.784926941396823	0.769153927379759
-0.773361885817884	0.549981997771459
0.52208288866428	0.261682287526789
-0.778142916676393	0.631557238688342
0.216934885166673	0.155127301539647
0.0190524389085156	0.0152926544178911
0.443386012102093	0.355196147899411
-0.200867586286275	0.195481067681444
0.581827832072018	1.00194302321381
0.278415268761732	0.311178478835014
0.0749072082349594	0.0621771807518807
-0.0677417703185044	0.0541867642011497
0.0173239928789288	0.0113967253156818
0.290677341776948	0.27047371395083
0.865224049206194	0.795378629564522
0.762391960090871	0.639645987954625
0.359071084290416	0.137189510185164
-0.359754227233029	0.230490489479378
0.444221279866952	0.157927188282695
1.23924298615567	1.59143036697262
0.133576372799091	0.106851222907169
0.266250755950671	0.287931324741675
0.902939454288482	1.18854941544138
0.324544769178899	0.251293695141925
0.296805934959172	0.266207471424632
0.213420054904922	0.143215679766019
-0.00528032643863374	0.00387245149539415
0.28536671872986	0.272337201334328
0.551365732011584	0.475344320240387
0.417898505469496	0.434400272285975
0.27510397063667	0.272702843768628
-0.0486649430052201	0.0393910523828765
-0.0139812129837462	0.00845674908873861
0.002330931877413	0.00174542427926079
-0.156101910503331	0.13031836276185
0.491664716184376	0.451350114140804
0.287631468583022	0.257502447049398
0.694690320770532	0.720591368480298
0.657062186132489	0.692456484904064
0.734761773395225	0.306862144918958
1.04399797327147	0.968062010104484
0.518082176969183	0.460163918695706
0.483272705749736	0.452514909503211
0.629474286148613	1.40990603238753
-0.0423950856636658	0.0620920160091308
0.349164330885484	0.653609918210869
0.363937636127736	0.465972020567097
0.00420582129378368	0.00478493280588427
0.32870976997164	0.584966925265854
0.438630823528958	0.850283217143695
0.04090480987949	0.0382162522804357
0.461658139868846	1.00650849376232
0.057413154517912	0.0658590566685952
0.15172615695671	0.246789215508252
0.216219813539605	0.391974740099885
0.0375291738241012	0.0452528202155185
0.702810606848015	1.22601197438925
-0.121062920880736	0.19219044017973
-0.00333809380522716	0.00253650593208191
0.0208381899014569	0.0250285291220309
-0.129826261826174	0.187578648802268
0.0650121284129728	0.0930037534497832
-0.077842306548241	0.101811899952087
0.0395044022144071	0.0487922132633961
0.00557583351492458	0.00606680830060937
0.175638031393982	0.195526582419856
0.504407222014448	0.884823512392394
0.179424850655535	0.216508513561495
0.139515431645289	0.18429950332486
-0.045232846325407	0.0589677975330782
0.19464810148079	0.297989982780671
-0.0182202306541984	0.0195538860401252
-0.32315598921976	0.522046662667702
0.13479960487673	0.179282738781199
0.27051668089162	0.391637079948294
-0.323939719922156	0.545143168907681
-0.0605100379631018	0.0658432395675681
0.0446257926967883	0.0492980004291962
0.290723667325389	0.4712944041162
-0.071515862414756	0.0925079024065835
0.227686910702528	0.305792036204622
-0.563984767140837	1.0099230588185
0.0685240298210479	0.0872663537247226
0.217360991959806	0.258856874835559
0.571584478898164	0.820635682986449
0.557723027830765	0.660663286781457
0.0341283997963187	0.0241603283011967
0.153293617631895	0.187219933886027
-0.102812960184833	0.112230190958284
-0.17875711805697	0.199142501128605
0.147950606816915	0.143397820890601
0.913376992807058	0.93103572585338
0.52538548279152	0.264148724538143
-1.54870535920954	1.39353598467216
0.465386241793298	0.458824843896998
-0.325251605597339	0.167988915392457
0.340018953112092	0.234891152771355
0.0529792699580447	0.0623305111043547
0.137444078447703	0.156339237426007
0.259113160809727	0.336875751544431
0.494057383920872	0.733532018960142
0.377392074945482	0.546310896313172
0.261700809586715	0.346571617371736
0.258229922709666	0.371716390761099
0.0091779848162021	0.0106405438860867
0.307593958834463	0.512150719265693
0.0150776973124586	0.0158198516518983
0.251747923734134	0.356013455727624
0.373802794736743	0.537330411274593
-0.564828762251499	0.89571182176437
-0.670799722755279	1.21964362523084
0.170380381374022	0.199132887775343
-0.468664989171148	0.580027324250117
-0.0805232376621913	0.0837529958652133
0.26770363412113	0.352059673799234
-0.394662699037442	0.612908639619888
0.323939340555319	0.441602506773091
-0.00982199643405707	0.00910264095256377
-0.38972621767542	0.512622761111103
0.135079195604059	0.151317195134482
0.395872857305951	0.56477601460052
-0.524841701734596	0.848663873358747
0.900409562262576	1.99131034381499
-0.0710028095775425	0.0788424224121387
-0.342381067892751	0.515160187251807
-0.00193433260290684	0.00184806529054736
0.517216353424038	1.00045099436819
0.197226843602336	0.246162470956287
-0.0266004714947797	0.0280926455293199
-0.862564133904469	0.882801935192818
-0.518733384565337	0.493225481214019
0.830926899110644	0.662851379816921
-0.00791675695944775	0.00477438633145314
-0.17051447876535	0.152213842084335
-0.04999402904061	0.0487453022824047
0.105363612944911	0.089610997878877
0.470501564409974	0.831124294121086
0.234274910511588	0.359293302293781
0.166504676433201	0.167336661152362
0.223723518490568	0.255214457516092
-0.192781483393901	0.198731317469437
0.677033935408591	0.787484634422861
0.799021567954088	0.827034144536078
-0.171001880771484	0.125699606139511
-0.178840720952005	0.0742355554119865
0.0754647804490669	0.0401080453102384
0.601412024200707	0.275651602467076
0.512459294335844	0.350024841042562
0.355053704899655	0.358922570666516
0.500906556036481	0.544959080764988
0.500124072389546	0.637518529681196
0.398664877477211	0.357312470563607
0.707240017290499	0.823266624915737
0.210952884061393	0.197548441811868
0.148763575221277	0.120665057419378
0.0626147177084873	0.0490387854625809
0.34805892223768	0.473074424816202
0.540341938892099	0.788845510022458
0.377636038900961	0.357852599254355
0.603894519502282	0.744098704485877
0.588172714272288	0.666814783141294
0.675718052293761	1.04639712776366
-0.0143092995640731	0.010432323261665
0.0576380666322434	0.0438980230417854
0.22412610611946	0.174552125824049
0.308729420254759	0.261415357807894
-0.141222131205009	0.10506939223466
0.41005285465747	0.432998295586718
-0.945541918364122	0.95722098285098
-0.24653494239958	0.218175109473975
0.13908889783699	0.114802082783901
0.509100905835069	0.560944004170649
0.438539259555069	0.351066144631989
0.0660589634984421	0.0325199941814578
0.03284943449195	0.0226600288177937
0.550820728299747	0.578043608830164
0.442390383046803	0.158620416607097
0.322918798162233	0.379711345006056
0.263495916421257	0.498700046640944
0.122056220296172	0.181213487964823
-0.0644826507969975	0.0669927717933141
0.208734370040096	0.340145910808664
0.132443454083214	0.183942158577304
-0.0190478796051249	0.0240545847257044
0.752887738371977	1.93726958776507
-0.0633663610760433	0.0555473383881477
-0.00444170608616181	0.00540078234650035
-0.140436829148921	0.195630633428615
0.513828086610021	0.653711758419658
0.201174611049697	0.262670437853477
0.338963433989264	0.492573430655355
0.244780395496556	0.333790251584794
-0.63021224002408	1.23012547394896
0.0708766264870418	0.0798302555950458
0.233836547143469	0.318161263350606
-0.178462378045884	0.236035902523307
-0.317059744690786	0.449757887686999
0.479464670228294	0.785344257328665
-0.459207948795001	0.640263656825508
0.312793202141359	0.387329631586342
0.255919290049381	0.319197662599072
0.178718849334771	0.214143553607896
0.419364577364899	0.642100069240217
0.32874129305579	0.464040021696181
-0.0470184312236825	0.0470301537880583
0.414366787977536	0.688859903307942
0.026551761849587	0.0266405255575466
0.273811808334633	0.298886543512482
0.229391158267809	0.21343973931856
0.425741390100348	0.430094892144607
0.0869961623664973	0.0915913026444639
0.350559031616861	0.441578322930811
0.34417198168803	0.493369742475806
0.47472641455244	0.556169563126091
0.247063247795077	0.372793577079186
0.150161999258297	0.20446435549405
0.644405242112989	1.04226412976454
1.22651270665964	1.7914267723593
0.641211855844183	0.69468810149708
0.0119493089836319	0.0107331844771179
0.551468317622005	0.478881887345505
0.453579920004418	0.460580614740599
0.355546434816237	0.452928039880044
0.448031501126197	0.629396445239673
-0.189195237905254	0.20974161374464
0.0561937627386318	0.0505797687613681
0.874281402167682	1.19700725187065
0.385974696103649	0.435451121655969
-0.20990570131396	0.202809395955684
-0.0480638194302396	0.0434561002083042
1.41889495940532	2.84281693061878
0.404894951045568	0.51813773391036
0.162710521322165	0.162634981050393
-0.0164461258272513	0.0154166955553585
0.0619666138183256	0.0587609296966216
-0.215329990420559	0.224702869872548
0.342347659501418	0.435209170182238
-0.0944472584872265	0.0824122269453877
0.21647376629041	0.169151476430975
0.119088899047528	0.118643503375219
-0.657816088911645	0.914459303685299
0.220016436906333	0.223909160874262
-0.253239762061957	0.294096487786488
0.263191827945362	0.268009649793843
0.53118112356052	0.713812094522286
-0.174072465342535	0.17075925897755
0.214509063690559	0.215412644767971
0.252510261033152	0.314862971173783
0.12568019442159	0.130588333917656
-0.947044546070875	1.93906321477183
0.286428544811007	0.35481880713169
-0.779520924997987	1.43400188964216
-0.283666578386547	0.373773617827087
-0.0826562939376508	0.102804676772847
0.0297301483261912	0.0334323372420569
-0.393408142400191	0.340633452160294
-0.7147909091184	0.793556440977007
-0.322967543195102	0.247117298728734
0.299015994032784	0.242529092930434
0.177111628080329	0.204204992592655
0.0252048002443577	0.0254072093287631
-0.560548402875241	0.749850481224144
-0.0719325002827885	0.0900009953698138
0.128410151351467	0.170781739007167
0.169988497028232	0.177954158714304
0.10520980733371	0.112124109704285
0.030338087560552	0.0207740666691383
-0.0604226339918424	0.0483617050321982
-0.691368108325484	0.338700863827918
0.660636661414605	0.707038725457539
0.860234472183728	0.538734026852035
0.468024945721782	0.547548969980702
0.456619042611843	0.684315302679534
0.211040662309685	0.211242135946075
0.268068034433041	0.29816559642658
0.049595263695146	0.0516654596114398
1.16981434887899	1.42743319259337
0.296709997197513	0.259755199208297
0.121282051879396	0.0878907815630302
0.20997350209465	0.157736102027487
0.988774998735564	1.26881065189512
-0.255687277533774	0.202544559186232
0.32058034640702	0.255025730826587
-0.842539906187359	1.08429244288652
-0.054114578042833	0.0382870189557037
0.0827101435215856	0.0473782396575516
0.667568985730984	0.605777094878089
-0.113536665948149	0.0756582128258021
0.775264955983651	0.530811182680336
-0.365923504952102	0.238688441910477
-0.0542139184409501	0.0384670893385917
0.770982470000722	0.749427648762536
0.0268102996414341	0.0297683661951275
0.548508555705264	0.806374740549802
0.0620664958019558	0.0232717273285425
-0.00281849910291852	0.00394695935006369
0.49274936472376	0.726735743926568
0.220740530449446	0.247100722786137
0.160113302069601	0.171005084679635
0.0678826603739969	0.0781783876353047
0.623818513484651	1.0969766363783
-0.132822145722563	0.1508332458193
-0.0393016006769584	0.044365277646368
0.854423437080429	1.37096213355297
0.333416348109342	0.556673739496294
0.0105759795848363	0.0104276558929563
0.390678277717187	0.541475357823801
-0.741331782546144	1.01086428952317
-1.02941019499976	2.07634743847041
0.122103717269662	0.124547344287359
-0.450856481692733	0.573573346446787
-0.208524433642697	0.187573496392687
0.496289855702037	0.562887495389011
0.149432027819798	0.133943237273899
0.261962697851384	0.284977962542297
0.330821320876405	0.356866752376842
0.46435506090743	0.596732977768885
0.21850593831324	0.205077594342324
0.284496443122909	0.289048544938528
0.210489102526251	0.205562766636693
0.720111601110256	0.917844005423596
-0.49753076049509	0.612874264034318
0.116805944732189	0.113509561506726
0.31538368912331	0.380924821560749
0.26969710783142	0.305321240655298
0.255215194553493	0.339895353202641
0.247893644117621	0.318250240741263
0.204324364558045	0.174432862381081
0.305930300650676	0.402837575750377
-0.29714714328843	0.410380531546737
0.106557044417676	0.101002697296069
0.0151802492341731	0.0172999447824167
0.253328410697819	0.332965449745091
0.77038644291591	1.31170703624745
0.277803045845031	0.281371989042192
-0.61098066988085	0.660772833300889
0.612408100699981	0.685907130107394
0.130555963964406	0.094647988439375
-0.204543835583973	0.162723403127234
0.21560739187308	0.178386974926151
-0.0862736767575551	0.0764487038109504
-0.161364260859508	0.135508829803144
0.426708814156958	0.452834398386386
-0.423075684658315	0.34520405781893
-0.0116255209704252	0.00861815124484572
0.483338545813425	0.555140382129576
-0.128111366099116	0.0980540726216764
-0.30873836689691	0.288916404342417
0.154830914289794	0.142157376024387
-0.126540622012292	0.0962524459196027
0.13405953784811	0.106323627559805
-0.893847850651575	1.15284820404627
0.21403385138072	0.175982056027744
-0.399655663449771	0.389890569622184
0.267953010043838	0.277614799945235
-0.611075133295552	0.814366366198208
-0.430439655306197	0.59212576977509
-0.618208389862597	0.931488908194838
-0.450816810218132	0.657344627124444
0.459368150685483	0.792753782759848
-0.575047531331752	0.650854196178793
0.595277638914536	0.760798038108159
0.482108944248315	0.462908298720944
0.0634841613390431	0.050142705106261
-0.838559861562908	1.66361682314968
0.379974709347265	0.562216185310882
0.0409728487168649	0.0417042179264895
0.0346999455498974	0.0343716488170337
0.0431221949809552	0.0365797569303512
-0.257666614293779	0.226430396978748
0.337371503876784	0.250679366366889
0.536380299537491	0.460114229679388
0.645176818786435	0.498304347407396
0.376012285181185	0.362139079205253
0.211054654712521	0.169916941893058
0.398678301159681	0.352204973187863
0.687619878760772	0.70245993597257
-0.178263433853636	0.131491861059621
0.48651560938778	0.539415178812816
-0.418954566666675	0.30229150034484
0.401584910961487	0.360988342682915
-0.667759972999824	0.754607989771932
0.406694591533756	0.347349405105601
-0.667779633933194	0.492465242353419
0.23851932507122	0.119819975869329
0.975232175879737	0.956556446675389
0.51540934345808	0.364470949972313
0.624995085451312	0.384951459526537
-0.190682001334699	0.0762330512407134
-0.271100320340342	0.182708246749906
0.00599778728980724	0.00385788101260892
0.121833228611561	0.0874057613807198
0.141974877476139	0.117903408631885
0.402445561429625	0.512956458040309
0.531604771980583	0.738729475459256
0.226039498861139	0.32415382983128
0.0923989902192958	0.115334754693338
0.270591317959	0.548280697680505
0.209599049924566	0.190492187969954
0.157621602048156	0.204792957210323
0.131088072547286	0.137778535737614
0.326273461935352	0.667799967238106
-0.0591442885214613	0.0758367213523561
-0.0770039080462218	0.0999517121612118
0.478579188378287	0.700664334392717
0.575146280261513	0.75194361121653
-0.782215947898003	1.02225097208705
-0.105923156688099	0.0697355043671572
0.128329643933259	0.104435807393677
0.263948293156972	0.275332436774682
0.287083612649927	0.272507227900761
0.134909474253665	0.152573801575583
0.224097308847385	0.267808101991148
-0.0267415661439689	0.0345884016819144
0.294423729912626	0.38525308438283
0.296815018920819	0.267146745825221
0.428195648368672	0.460374106909542
-0.0968370344862476	0.0987989288372576
-0.346945335392416	0.371482692111858
-0.0750176137288504	0.0669706009325587
-0.194610515022336	0.156341297972793
0.31410722994059	0.266662545343776
0.446561949060013	0.463265016335726
0.0636860618992794	0.0486531410833076
-0.118250050144611	0.0908502406215111
-0.328085012918643	0.293219547936828
-0.367446486953963	0.38421728026711
-0.028735521798801	0.0205173571250103
0.199564053579332	0.176899365472953
-0.219104195732359	0.229502857813042
0.152789501332347	0.142484125497282
-0.448254808785681	0.521788030774256
0.0220992601880427	0.0176724859176957
0.102188022320886	0.0960237847002388
0.357508420556196	0.352535588033893
0.131605403531803	0.10188055902873
0.524663077525896	0.475252612528399
-0.177959738528233	0.145160037148125
0.42371228644301	0.442737320627369
0.103506424977086	0.0642614797852512
0.0603099886530038	0.0469460225626295
0.220298608717547	0.192344328384293
0.127169942407483	0.0985269807084236
0.617023923688136	0.761447495199938
-0.00277348851735572	0.00305108967415679
0.141313887789163	0.172553016744347
0.52280819957467	0.470958317984712
0.644109220419377	0.758897450911803
0.0409212531839646	0.029193346457209
0.322527083708786	0.258094781889627
0.733403611056474	0.738913280129146
-0.00298616436131259	0.00184016056086957
0.213482666594063	0.150138010787278
0.696665606559034	0.510137754376321
0.370365780068698	0.360456522535795
-0.672132706653977	0.503022039949784
-0.00307860630942626	0.00195522331519935
0.506036817946704	0.432509897595699
1.60343558543896	1.71436861804392
-0.522080734636091	0.496858941458469
0.334655632249047	0.256419056920723
-0.409228235757282	0.37038423052174
-1.60555756800132	1.79891621332249
-0.540242708358887	0.694518673939566
-0.148479917120543	0.125365677227821
-0.384837204391268	0.50250370748512
0.329613096165368	0.471609618747181
-0.0988527703151484	0.126334111001167
0.0410179447080489	0.043989665772284
0.00619360103628846	0.00636851630988955
0.225765853992932	0.307593481225947
0.642557143086868	1.20292292068384
-1.04210145378989	1.31667872956206
-0.806200376826005	1.36247459408089
-0.130875722325872	0.140854239544545
0.260959644283987	0.286630914032161
0.149819862996387	0.15521020461446
-0.0183694692802255	0.0151801234755742
0.487915425926502	0.630475700922925
0.320763773389711	0.25061203600319
0.243310391752853	0.126601485776045
0.966592782661559	0.933248529303394
-0.619409000953095	0.526116928825281
-0.778669678384555	0.750664445756381
0.394318810729696	0.351490220169107
0.400748614561289	0.35862751756875
-0.219710304693272	0.213407724075659
-0.232460418363825	0.0880735443925335
0.0696823866975655	0.031624922958512
0.22530938460166	0.133648562799408
0.382448709134643	0.241641879438518
0.668980111897013	0.61222502550096
-0.379124436921094	0.37276315409254
0.0334762186087467	0.0231888953639363
0.566436295806866	0.58389747936874
0.839390473184172	1.590503690766
-0.160708200635707	0.134926972820109
0.284573636135333	0.27113315994506
0.118568495181045	0.0818953085993356
0.300764383730659	0.268787360653163
1.01070232291522	1.46723063411043
0.557968425048794	0.6634324875832
0.0350140739362629	0.0298380207822312
0.358196699697622	0.441473352821806
0.0665521311397835	0.0814385120894007
0.297984899590109	0.494550548330332
0.604991917087571	0.772659125471452
0.447936477174643	0.448982295480671
1.08922804359464	1.35687367211531
0.133890264533413	0.213519862646585
0.0576791861289231	0.0589570509176914
0.0133065992360383	0.0128963876512343
-0.00527967686149746	0.00634048952437943
0.770269958793895	0.857862189899232
-0.727453584716711	0.815380147521627
1.03299483342411	0.860695821144464
-0.36578606784703	0.231014324175561
0.464121792555877	0.351059345657302
1.54976785683857	1.84785734514846
0.546860352890264	0.478138755888493
0.151757088265088	0.146241159742449
0.0329353924809466	0.0477288830284395
-0.315934360119876	0.317573944365839
0.542986139257461	0.573784532688098
0.894948987704167	1.18810343821245
0.306634683767013	0.250773045018296
0.701563096258716	0.510390363507225
0.437630466049882	0.345862747932191
-0.33310671677727	0.172379945340353
0.38539852278815	0.242601494877893
-0.424631664047868	0.256828701732764
0.016697510891368	0.0144670315602755
0.395253831598278	0.437463622946543
-0.78617685420565	0.879117955728575
-0.333999213350053	0.25364540669297
-0.327918050254455	0.167643933743367
0.413224546267317	0.240200262398082
-0.31017950921259	0.207021635271588
1.14947794302534	0.903082773660307
0.304849776255096	0.260343359952831
0.229376384417947	0.129786942118711
-0.0870420107052759	0.0592442513712058
0.383712807547798	0.241586077224839
0.713566417363449	0.631233929250075
-0.136780805842842	0.0893601860635059
-0.234474018826942	0.166756134831201
1.17067252447677	1.51674426255684
0.0946672805135866	0.0599425970365027
0.0632992016098889	0.0290859505926635
0.0689478114569217	0.0366311206579435
0.736868167684166	0.748713974181639
0.209008870410662	0.19242033790676
0.362629173154824	0.243649136140269
0.329808384453915	0.255312797966344
1.53970994380024	1.0388227164435
-0.490818716664346	0.28810573381031
0.219318661894663	0.130647622587685
0.0617314135195101	0.0252340614736843
0.0704328501498897	0.0372300795333844
-0.0918887010042184	0.0479517761091317
0.0813721464624871	0.0429378015408995
1.03417431565175	0.859988292666329
0.245883897554517	0.128693057878025
-0.87973610052522	0.58743184737228
-0.131891994442744	0.0841245388435814
-0.173875016065976	0.128419139634081
0.138980118958535	0.214292554940292
0.244813890153523	0.375333031238792
0.174550213811249	0.206745676667406
0.528538479331416	0.807321660940429
0.320696532173773	0.246388725461607
0.24525892980042	0.127762239188814
1.53125733640178	1.79133863205763
0.35597531128435	0.237242099937427
1.04643504581361	0.990299235125993
2.18447537617501	1.59188645574577
0.0623553610172962	0.0259264003221413
-0.234189411377683	0.0888173739138901
-0.428046869044422	0.303604066669111
0.56382325110678	0.373717708826479
0.910424685090161	0.932268551403514
0.274764198128619	0.131171528380821
-0.786411564544198	0.630335798016187
0.695602628019757	0.383274766228827
-0.428600012167033	0.261979708916772
1.69435852822368	0.932545194712185
-1.06438184191878	0.554096124999299
-0.203128613741754	0.123403799632011
0.0838742240120716	0.0476572907892732
2.04630467569257	1.90752722591253
0.866562126503426	0.547255954923408
1.56741471130018	1.35885268539545
-3.11398450969642	2.5083997413154
-1.19145907292667	0.369152271339228
0.364420275646785	0.145165237431976
-0.584382304028882	0.312361143279856
-0.392854933070207	0.188462067071697
0.501002909965782	0.553778786177379
1.49583273412934	1.50085904269473
-0.204206221466796	0.167199511990026
0.495837115475793	0.646004102965518
0.189456349177036	0.278981172125506
-0.00256285992252509	0.00235264979796429
0.249044820239925	0.288928466541186
0.159300531531135	0.145380187299679
-0.0677310450411121	0.0600355438697119
0.158851184587968	0.174218157142597
0.220923572372507	0.155252982418286
0.10367123607806	0.110427828827047
0.19176262396627	0.272259096429109
-0.0108696452138046	0.010249263815125
0.598498544666265	1.13626745563188
0.605126261577339	0.278283581757428
-0.241615919249249	0.140627017948644
0.0854266042113253	0.0484898893246291
0.127677715896472	0.0920037510489343
0.542348202067561	0.470170921800397
0.356915969438333	0.235169165366728
0.0634766062229255	0.0263896224261657
-0.870947872071603	0.485234591926472
0.364420275646785	0.145165237431976
1.48785874351159	0.730410415869144
1.24454910666187	0.546910543313412
-0.0296271471296936	0.0213585889697363
0.150736509641695	0.138624446635902
0.31130642382709	0.251422198926968
0.0795649156187852	0.0233536798027966
2.27859608031073	1.14159068914949
0.366703004523667	0.561123273642912
0.320325815659048	0.343344688901111
-0.49812527967277	0.606344258283989
0.0468072519703174	0.0397539689067717
-0.0402857129737199	0.0332558054880024
0.442151197256828	0.533323119548587
-0.191892593449108	0.187989965955608
0.0788396139467231	0.0653741119055943
0.587875762497937	0.741547371825617
-0.185988600133867	0.206757530352488
0.217195271137582	0.356018803720628
0.408757127332299	0.434360020229349
0.106020774288507	0.0999050994747947
-1.08619548646732	2.09390998203953
0.471623669246577	1.08926746420691
0.115082783812989	0.166605421933657
-0.637963053851464	0.922066504141593
-0.329318754470535	0.252909946665155
0.215785148133086	0.158349068841442
0.963752857949727	0.924341312278393
-0.0997465878551472	0.0516306815923962
0.420837849563121	0.342893480092876
0.232411702271393	0.22656815485985
0.208661176582901	0.150362388758915
-0.047932806456786	0.0651196728646732
0.640713696582334	0.996097647065505
0.207874751657199	0.182668074625091
0.107456523499568	0.0712645467832468
0.681618669263362	1.16712828890358
0.370708499059546	0.344428091047108
0.479646200379689	0.546522354323968
0.0879243268205895	0.0547309910511298
0.219086795427991	0.134495849010411
0.0963177783962535	0.0611040842146036
-0.196750312220941	0.11918009951475
1.16060664386548	0.75942584587394
0.0231947913468246	0.0152406753341346
0.760918404068461	0.816581301841508
0.268963627374713	0.311084282477774
0.419663076775251	0.455608500910482
-0.236188183166092	0.16538744224552
-0.447984848569278	0.392756164370266
0.105232058351888	0.0662457978938489
0.358541482104399	0.238825483213369
0.319343934298088	0.256247257689439
0.860597108723085	0.740779198884425
-1.68099579183277	2.0077498342377
-0.240790593095541	0.140065963079216
-0.309033386176305	0.204546985475585
0.90632812362608	0.916128851965481
0.0848410839250286	0.0512805471946695
0.933807209554083	1.03198431946076
0.639474585304597	0.606239107816878
0.108717352048455	0.0714687279302248
0.127914531609912	0.096429955966197
0.132579660608719	0.090825320798439
0.601878446083928	0.48317897615903
-0.406371926202464	0.360180056079728
0.634864360606095	0.864701049659202
0.516418735114285	1.08538391390548
-0.178229888986633	0.255299050922889
-0.123642410294885	0.0938687885076217
0.216961953705327	0.163723312968308
0.216125006489367	0.14392307953051
1.15012521772351	1.18136090338505
-0.47376019145741	0.379115028161307
-0.670596308485227	0.758712377568403
0.0657955835509436	0.0347965355499162
0.450237577670439	0.362287995132805
0.362778374120272	0.238336477533847
-0.135829353477178	0.0870423753451663
0.207435938710407	0.143702587397836
0.574066955199527	0.48285780220998
0.911863787720512	0.926602776807629
0.645323915640443	0.502865690635587
-0.049762078844575	0.0281973164957431
0.910882278144285	1.10718785792589
-0.0520118671908152	0.0667098284490315
0.54074574416576	0.974090440117113
-0.00837605511756811	0.00916141657675983
0.0410225783017552	0.0502570083614608
0.231316518692326	0.343869510919906
0.405078004491723	0.662334634414082
0.13104243121077	0.17464609711187
0.0647758337076534	0.0604059261971495
-0.286117478445882	0.266948421409039
0.808291585588331	0.957400737350887
-0.0421569074951585	0.0239159440252744
-0.480004280124815	0.341890578083196
-0.139403732068309	0.0903009301318358
1.0146491995525	0.721985851554048
0.108399407664404	0.0681796515819551
0.416290821034271	0.335315948351667
1.24210482196818	1.34154703159425
1.69112894573651	0.929385237225013
0.358691318713946	0.14226224221217
-0.365224869320217	0.231610219547525
-0.635733967019337	0.415402092576476
-0.604411846864687	0.24177949352879
0.0834463764317925	0.0437014635872445
-0.0886069210358525	0.0460244533508753
0.063232609437655	0.0311410068384408
-0.0992014696601791	0.0514894091326084
0.697141143712899	0.510918952564484
0.231621087157888	0.131341705967755
0.565967946397053	0.465570223504213
0.224376892846693	0.134466536156683
0.950839852605816	0.824235668180783
-0.0910964792467091	0.0469820328896369
-0.187405715521693	0.0778022321188526
-0.481396004043044	0.340367361355834
0.872362975493808	0.551314454799442
-0.130590953668098	0.123119374028331
0.434430020316862	0.439607427428791
0.0399068413916742	0.0275305685518105
0.126178663462414	0.137765937608624
0.0525105827712278	0.0529026166191322
0.0596495038986034	0.0614101645478231
-0.0177733280979904	0.0149629946192237
0.546289275226484	0.576299971147304
0.0764836633698595	0.080244242229675
-0.395196951304203	0.639847026456278
-0.485185618697519	0.749923777916851
-0.0903465222492009	0.0935466487730603
0.223699139329507	0.247905718216697
0.21978163858389	0.307610978243633
0.524559195530372	0.476754654322729
0.221489102683571	0.131079903111283
-1.31300409804473	0.995901164282001
-0.281352480357552	0.154010553523274
0.101867262905278	0.0644067647523861
0.325880639169929	0.249721493727605
0.0765490526564689	0.0223348203291186
0.0625251015473537	0.0261376626459818
-1.04067170775808	0.635870895914926
0.352610418770917	0.137615872691571
0.0618421765283281	0.0232145972031808
0.982804074158177	0.46558475884026
0.0592861880578097	0.0222753064209246
-0.808482625032055	0.28856914704907
0.562037740431044	0.363664762865488
0.185609522666265	0.209615709282959
0.0991731002335215	0.126133292013719
0.690682651446912	0.990370626839893
0.218445029139929	0.280954253940308
0.0152416492874017	0.0168692652607199
-0.0795076047296273	0.0926382619846487
0.516420102859259	1.01516205709667
0.0507609758640967	0.0584379940325408
0.00390268054959017	0.00456554427212801
-0.0726356307965546	0.0981063328537968
-0.164225602554548	0.235396043835969
0.427737911148843	0.721837011544363
0.00885629766858609	0.0109623089382941
0.131214008047604	0.198635258067566
-0.347756441633196	0.6934833846906
0.211003338588284	0.326283394515914
0.27163653083603	0.488109640679845
0.407013826858087	0.804237626510664
0.0439117310778887	0.0516499240927804
0.550151727980478	0.813260760849206
-0.645641541298033	0.796448502901162
0.131933761919306	0.0981359449416386
-0.137614167352966	0.127177877345483
0.406007089246171	0.550528666182721
0.11952148009826	0.143020405078419
-0.0327241174274026	0.0352702837016139
0.789297245762837	1.69298173070473
0.554122354002229	1.08284460474311
0.396240877684983	0.625062366580055
-0.0256145474493424	0.0211027491230844
0.419874381499449	0.614029437586265
0.311142225963707	0.419652118162315
0.148056272715993	0.196219308908174
0.209179494735708	0.215375754285638
0.579390121095047	0.899832363746666
-0.264288597997084	0.227024215175229
0.448358166432126	0.528237253249491
0.134110909146152	0.112925356511889
0.153932979480954	0.134952122291061
0.0243710576218396	0.0199920034826598
0.214120424920877	0.185129125135276
0.879303781996625	1.38763709425198
0.511799946864054	0.639863466145104
0.320589864530913	0.356495127725358
0.277605692535898	0.294825925864164
0.866417513479696	1.37107301662057
0.33695807750698	0.327524556550896
-0.166741516448458	0.151440256770851
0.723042188784995	0.996122648486564
0.209113308788267	0.20490447317593
0.343206688800731	0.363528315763064
0.463601187075535	0.628664026473609
-0.00780641803870766	0.00583430290457909
-0.219822084062089	0.211958606498494
0.163138854248707	0.150831628512049
0.340579481464635	0.363137558829642
0.217069033306852	0.175939904971977
0.219167726831228	0.189937349871855
0.329047682758816	0.353334496100053
0.430457339515061	0.456927266687051
-0.0653731494564462	0.0587332915911991
0.795350962675835	1.30992767722367
0.394123292534934	0.52543734709196
0.996282265242142	1.59763993954725
-0.196584095112302	0.260781380772898
-0.0324120938793763	0.0348953554263439
0.212758069464274	0.193456918191811
0.17770519319494	0.192032566824598
0.514760477251209	0.565150019718987
0.578999657099664	0.578386071683505
-0.111516395763379	0.0854974915809033
0.139546959627307	0.115227562458915
-0.785095844822556	1.21825356814612
0.502139462666803	0.470070455171323
-0.413129590012837	0.337355690932448
-0.514300414676046	0.596906760288531
-0.26843882222562	0.255700541046483
0.149373771294912	0.125255578737571
0.28186990752947	0.27508041226491
-0.111614050106763	0.0964621728616276
0.155426121826496	0.14643650259647
0.167502802829701	0.176749735246886
-0.0129199694247124	0.0129547840391176
0.137465326723251	0.196080846020099
-0.0945143497718869	0.0888720331769144
0.0718412101458384	0.0706639299428376
0.289939780285204	0.454338422042363
0.393557905840923	0.616005154646367
0.247607677872195	0.353433326209544
-0.0707529614196118	0.0689185128318025
0.131681546920789	0.0981475573451258
0.456340459024726	0.457031561077463
-1.15650205406958	1.53727355548891
-0.114202585126252	0.09891828166758
0.668524912548711	0.611886965473811
-0.0896914383088315	0.0606493508913111
0.223863480439119	0.203114287665574
0.347020815518482	0.358803717411167
0.480925774938355	0.454859643167178
-1.43147601310005	1.38832692512899
-0.0863051146154662	0.0581922775277254
0.326594091364055	0.252119466068092
-0.404362564006703	0.326806295335023
0.206325136095901	0.157785337503335
-0.26169260958409	0.178032593345071
0.131970596753623	0.0951858842027427
0.133972424676489	0.104059088607196
0.211024785017233	0.133186063104074
0.579082771179015	0.488428117301405
0.0806411542967166	0.0459619903551471
0.436893861106428	0.457860806318958
0.407557603073263	0.353016985357474
0.691175259185501	0.720764033504264
0.0609690875246824	0.0462923230981101
0.021274803620922	0.0132691353306124
0.335719965368728	0.255610045493734
-0.395814842062345	0.377163364644052
-0.336702893405228	0.385851171504718
0.186501961322101	0.216809614672203
0.0798283841046638	0.102747348368988
-0.0812712326120619	0.0906756371069264
0.15223606136025	0.136794668752523
0.579815845384986	0.747976002640799
-0.0884548335581259	0.0755663634246455
0.0396067423213378	0.0279500992313559
0.978475128963069	1.27020166744505
0.174126965635079	0.222661281300735
0.282482218837127	0.267477209192225
0.205996004179165	0.192040193281146
0.673486832026288	0.784298115190392
0.216413305992272	0.165293675429445
-0.088824670337116	0.0685665554126129
-0.729663039267656	0.429036739589671
-0.20795821966263	0.17061935513244
0.313200368448089	0.260482898916698
0.521453973242311	0.263384871856671
-0.527546640402279	0.41655667502944
-0.0959099917896147	0.0503515789763931
0.56862740413119	0.479538779998337
1.00072105478201	0.597105854112262
0.229633715869646	0.127768877488619
0.856302384530433	0.901387400275879
0.999196646846249	1.07136080085599
0.0300365472562073	0.0207321960828929
-0.204501990411415	0.163401139528989
-0.147331704605172	0.110499463034351
-0.158521252015697	0.0985584089949542
0.484293161211898	0.522243660782775
0.66594620768809	0.712624487525029
0.6451050741747	0.760907011060948
0.531625836238868	0.551398074172804
0.0720321773895109	0.0585780561178316
0.218461510950697	0.24210533817469
0.152145949635412	0.22303840484207
0.260505368712706	0.664748332984778
-0.035042601055219	0.0507601733688963
0.149402664794048	0.333802189099888
0.357968034854148	0.364886035733564
0.0287518256565926	0.0233616080572411
0.813361672302833	0.86436935963668
0.0790886587127567	0.123908560316447
0.193908080503177	0.251081089437921
0.395521354629699	0.766950696691314
0.124359504202494	0.188125532695929
0.0701808786700666	0.106592453044391
-0.217036064445735	0.207894101964118
0.207264399400843	0.143291847517531
1.3831673411715	1.29310959999618
-1.0608213793629	0.550433732806747
0.996606336658917	0.566725746112565
0.608001709068522	0.275600952644687
0.00270879126154866	0.00242376597567845
0.155355961122517	0.130653667563519
0.670000402303401	0.711235998986392
0.319573839285943	0.253902911885765
0.259419799414115	0.524873236661488
0.199883596572932	0.369209022502807
-0.143780010520827	0.131320036978093
1.33293170458413	1.55350906081375
0.126938668703389	0.0952315892441997
-0.129195359762858	0.232241921966365
0.27546305375015	0.284690045609379
-0.481242536373455	0.342442884697291
0.608759992062397	0.490072134681446
0.673249382015722	1.17558620797538
0.643110634229472	0.688517647879796
-0.0746887372474162	0.0593164729842298
-0.583161496034147	0.312411643424081
-0.242327916221982	0.139623711186865
0.275737363429122	0.131391602818406
-0.762489699678685	0.543319413940518
-1.69729126026518	1.29166082919921
-0.49824538667429	0.28762339250739
-0.0916821932708743	0.0477158742574248
-0.373589065024074	0.390901774066883
0.27864666492259	0.278640439243847
-1.35628549782519	1.6611551391508
-0.375261552926232	0.268193346792019
0.273066759570665	0.132078720695581
-0.279747404912997	0.153281060221501
0.0677400060028648	0.0280993169010039
0.229376384417947	0.129786942118711
-0.700604154714271	0.676662901227564
-0.0527277771906209	0.0299063240126734
0.220803334944207	0.131540377243871
-0.279627294586971	0.153239077981216
-0.199153244328722	0.122493188282659
0.0038257491735511	0.00244292275518454
0.0663087499351266	0.0351892400355675
0.650125452775065	0.500704855391875
0.701948835396584	0.391928404151378
0.468283088186947	0.463063097222007
0.543412865059438	0.63377360178929
0.770265563738018	0.531144579144475
0.00727134099709349	0.00874356414751056
0.0482383816824953	0.0612065465279778
-1.2473682979238	1.69832041117012
-0.73086448895477	0.425958008828033
1.4911812593461	0.737895668099935
-0.390552823129842	0.186556133810268
0.253302030177208	0.13217678110045
-0.374437398437527	0.233076217076205
-0.329331000222957	0.167022269399379
-0.737999822051833	0.450011870180696
-0.546535722051731	0.364496603244746
0.0832391571405371	0.0467802730612039
-0.880202036803578	0.491183564779627
1.1654405369214	0.773693604835152
0.0769584149177356	0.0438620028234333
0.112874409776897	0.0706652539412856
-0.331025171562779	0.248860127482589
0.446919357573917	0.442707577502488
0.306421723312468	0.51206199813094
0.0676019234384995	0.11222181487651
-0.230860283862332	0.42401531678064
0.323386682664183	0.633760580186569
0.359372698460353	0.358635412450973
0.0635651717891359	0.0264085231688653
-0.736123847813598	0.44489245466609
-1.24842795195474	0.717064376795055
-0.330255550608891	0.16839661873948
0.0663454584898298	0.0302727947637006
-0.992279046589546	0.82308140123038
-1.57570527288265	0.831219303468284
0.703092314482726	0.399875915062103
0.522574430557311	0.261427380363609
0.0730149974253277	0.0239919450019207
0.213206689141087	0.125564615029461
2.04253351053319	1.40207601959015
-0.329784419893598	0.169316041466159
0.825940491956246	0.42279723745717
0.710838656037116	0.401928426710575
1.48815769358216	0.733937277678948
0.0621835168249261	0.0253284315911872
-0.236809020542497	0.0896002539487192
-1.75105562598442	1.01887038151903
-0.0894350680393892	0.0891025299588418
0.486088396996439	0.641124007879302
0.0488712001913991	0.0654974402810151
0.269356200532114	0.414745048702678
0.952660018278891	1.05535006439317
0.216283661915458	0.330541525818325
-0.355383199604663	0.758929410890609
-0.293334540634847	0.537716889698604
0.154528877755279	0.248827531547666
-0.145046137005585	0.202561351205297
0.211100044070982	0.224290168758622
0.289114962755659	0.499793695223886
0.0605702156108571	0.0298753661031918
1.01513934139611	0.726833137655872
0.699759936036301	0.727407951751431
0.463069315330111	0.457617887831859
-0.686749877250507	0.568207771226116
-0.162890041575598	0.101903710391197
-2.14806016122547	1.03255020443279
0.596795994811372	0.189461070823454
-0.647946406979022	0.82673705872441
-0.414718141158292	0.123297448909558
0.596795994811372	0.189461070823454
0.0725808095923339	0.0214001929305057
0.466167140821171	0.355648517132591
1.24979155206649	0.549502354194424
0.964199017138855	0.359658479163063
-0.871987681485046	0.489451987173271
-0.883766190983269	0.681039523551576
0.230872816325009	0.131127943273918
0.700585573546731	0.510798162743322
0.873844308507886	0.796118942050373
1.14553577860962	1.04652951520583
0.510680170369103	0.341294601987245
0.22391598265009	0.156560200846445
0.299960534858902	0.253594292774474
0.0986998287053066	0.0616744545953576
0.439786264113074	0.351805434656949
0.257731065409467	0.285604389149497
0.220791881383096	0.337896518917814
0.19302126628989	0.419745766580899
-0.308421121456643	0.611820884712324
-0.0983089968735813	0.183378665100611
0.592245181964208	1.24337236765253
0.296952172249991	0.260796424972423
0.503512507122967	0.549566526111466
0.207141383777343	0.212986781056522
0.798953952305635	1.2222247519181
0.112045340195902	0.198990924346641
0.416127956951594	0.785248718813066
0.00105483862926348	0.000764505561702063
0.0589616659958699	0.0441190810509518
-0.067695135892203	0.0540730639664711
-0.312207571109433	0.634234838123089
0.287256374619521	0.415967634958619
0.464481422664948	0.764871554349331
0.334870663404074	0.522091572136109
0.483774458406517	1.09320377645239
0.313277141757772	0.400264734829939
0.335085654971014	0.561391902174319
0.132167669575828	0.0992156517183906
-0.0343048807066329	0.0437811956176767
0.327995003545274	0.694746821832225
-0.909614637973629	1.11647364322151
-0.0741550561847683	0.0402952039419874
0.697281133717654	0.382874649130634
2.66970242396796	1.60715400761354
-0.0896655253077224	0.0454230495655818
0.0659113056663743	0.0300535045626604
0.815281679165878	0.420748017055516
0.153195694596603	0.137668009744246
0.555773766929764	0.561419898581351
0.561690172383802	0.576417571178063
-0.335462942131074	0.285029436897408
0.0535086740531753	0.071227423773696
-0.019388899694867	0.0256663514670631
0.308492211348859	0.252587878135246
-0.49582317532446	0.438786915852359
-0.372731852611989	0.309311296840234
0.370975124556275	0.84997060131341
1.50832618096889	2.24726010080661
0.0824520719325189	0.0464446029298245
0.703019835231438	0.509189344938878
0.616508123276607	1.0014100991477
0.216765969317591	0.275110830774593
0.0655228603274646	0.0345044410959443
-0.116631454566397	0.0761699980830771
0.816443830783857	0.426856736110067
1.37447506948545	0.8225156273796
0.517811879989455	0.257964191102723
0.563082341144102	0.372231497090166
-0.871014777616856	0.481372918485553
0.974863433005676	0.460585944266945
-1.01872583146222	0.755274294835416
1.27527479047166	2.42428903259111
-0.0133692627780572	0.00799148415440485
-0.480274674442851	0.335202084326415
0.0631577405708769	0.0311537529570789
-1.11327405737011	0.467560014861912
0.231169792923501	0.129631137058142
-1.24639505099055	0.707365217768012
-0.739210763742965	0.445167364979464
-0.236400966304491	0.13577072032167
1.1659168903065	0.76789760947254
0.31036522643867	0.135322314653255
1.26951499369493	1.06201139066576
1.2510004579507	1.20547375099899
1.02413184476327	0.83261783633222
1.18769085272657	0.636770647226002
0.0817785746692791	0.0463158410793609
0.562338543647416	0.371095129780792
0.0762782796679026	0.0426306447036186
0.273630974778209	0.27603607535066
0.324720944730621	0.628327151828259
0.56655599031008	0.807407063678537
0.19246547913746	0.269073777285799
0.204453858234779	0.326256926994039
0.00546949185910653	0.00627752377394848
1.01161387935609	0.715046208431331
-0.889484327624329	0.596995715908432
1.14932699767033	0.901373009332038
1.44841484081227	1.14510090834308
-2.55512551443976	1.46640643876414
0.0574022867701634	0.0236059602237249
0.559541894524207	0.370329994337116
0.600314851081435	0.186369713555376
-0.764189425311977	0.528767694058931
-0.735915239729313	0.424339503002244
0.705282368517231	0.406228416061856
0.274489800808667	0.127067889001926
0.0689463677281541	0.0342440494813246
0.366057047919793	0.142714516543956
-0.633236855181382	0.408494013743402
1.15598474494285	1.26035079716265
0.348761777332198	0.642648450177213
-0.0788133585505858	0.0871529392399717
0.254510101195807	0.502606110085327
0.772861899409047	0.533163128234016
0.623291896911716	0.386354389809061
0.0777984265610462	0.0231215208123738
-0.60317969882698	0.239158986074235
0.596083778526746	0.189504459039619
-0.391642895933403	0.186414029154365
0.518039715434309	0.260368355337109
-0.337134021975357	0.169241863788152
0.0696990316339717	0.0230651388395771
0.609395417076628	0.28233561894312
0.0656857406548986	0.0221501881029368
0.303223920392763	0.130325137966654
-1.5831042752867	0.578592391284284
1.2480243654277	0.53668401314977
0.606618284083431	0.276169893734868
0.444460130118199	0.15919453369721
1.19445862852225	0.636381624860002
2.04161094165629	1.36471275439718
0.371538751003304	0.356660641018958
0.898903183893541	0.666142035944109
0.772059694623809	0.531188792813207
0.136961058364062	0.115903207222524
0.10007873567094	0.152090363777033
0.0674454626591166	0.0958335561366734
0.194408998177316	0.266162617243806
-0.0578695788655042	0.0396894248423467
0.109937617889797	0.144071484623644
-0.066347786709447	0.0919630761502256
0.0723251045175546	0.100388714849704
-0.0489876159628739	0.070707877643248
-0.159137632053123	0.267361752765163
0.103598671628003	0.16263339978469
0.21418450666334	0.284166816766349
0.0256407707995183	0.0215426450754464
0.622932681898257	0.376107444960244
0.100594594219108	0.0252723857013199
0.450582470002434	0.157646357879662
0.605401366572519	0.278571406038751
-0.372478170768418	0.274732538555714
-0.0751783189560665	0.0516192608613944
0.0794195317992404	0.0420066199947944
0.0973905083828289	0.0605002377090073
0.264890936032599	0.265692609076976
0.219745144752464	0.230015734390594
-0.95012432899371	0.930847153162405
0.104013731757712	0.0258356156402343
0.52401278017599	0.557077214537818
0.736898014348799	0.309812124917511
-1.89141354713596	0.801502700089428
0.958018501304285	0.359750363369404
1.31473065037689	0.949656749181985
0.128673740257697	0.0256349097748181
0.107826809107632	0.0266163148584071
1.1918457888626	0.643281037224477
0.703802200761013	0.51305933765997
0.238643402411984	0.131892003055795
0.413553309560888	0.244261318455883
1.14669935315223	1.03788072052229
1.46801262529351	2.04375019603102
0.660583728045514	0.707672854162392
0.00934653418552202	0.00727310945909638
0.15922182032508	0.151005621197563
0.362265056436387	0.631301815872673
0.0703263254282544	0.103241571282217
0.437567125044987	1.28303181085896
0.0792711617326515	0.0815364343062951
0.0867456031329811	0.14915369535492
-0.321226599875846	0.530467799266795
0.642479569076284	0.849803162003058
0.628705485712833	0.840514628356414
-0.270277245592138	0.332000253225098
0.501674691849476	0.63002376888345
0.0840957954477041	0.134185693990177
0.150749370190483	0.225972605351212
0.265368622086349	0.295953572778358
0.105064559625605	0.0970199521951367
0.5363063373	0.561401873719496
0.546372589082178	1.51802585332843
0.41392574415251	0.770833719203044
0.0626154215740823	0.0836795298757817
0.0651902213125392	0.0704742738591347
0.696771945916073	1.55137490764929
-0.0257898569783684	0.0239458470159537
0.131905177682182	0.194103232324571
-0.0343874177185272	0.0247142795621334
-0.0640083078810944	0.0827572851814529
0.104247155513647	0.163055584757402
0.478154756016359	0.446761949089447
-0.272565240999301	0.148538238748579
1.00415818385424	0.590442527420418
0.818599896442088	0.421000690235614
0.411298389096895	0.240128122033191
0.640875268624556	0.488518993925284
1.44379366109588	1.16758395456805
0.305856930638215	0.267584808773166
-0.354155191553454	0.707406099443274
0.138756940513759	0.203686038590147
0.125052817648692	0.091106360235506
-0.123875713570501	0.0596582445551755
0.140372693066038	0.119541931253361
0.199465552777226	0.34315832290182
0.12989481520314	0.0923009756731672
0.773406638904518	0.754803344835525
0.521267152571482	0.363820046698047
0.710769220384414	1.15123757201704
-0.000491713837474531	0.000391508920021116
0.490962405954618	0.45159484110139
0.898364344679936	1.02550007827794
1.24584898625924	0.542396117877974
-0.572484743394529	0.308534317579364
0.0630579098544437	0.0236461366945777
0.0661164532271315	0.0300562081074735
0.0733778346092055	0.0262956608453513
-1.09802381732041	0.997558395262951
1.30217419678431	0.938374980588551
-0.173452822712243	0.167589332720741
0.594250262086265	0.678814768319788
-1.54277190271382	1.3318148238131
0.459470806523478	0.244518863629608
1.3915772043884	1.28504504914821
0.628282331523615	0.383221395147747
-0.282877459914561	0.156588264084015
0.356195931944823	0.245419019961571
0.214005696933107	0.14841076660937
0.0881143192861202	0.052866000297679
0.99776765042953	0.589979976920908
0.0754848740159368	0.0426623934566349
0.644090492899454	0.502323752525706
0.633339442598239	0.691847355908452
0.215766661146037	0.150561436868244
0.382656933805728	0.241037406261078
0.0141174677518501	0.00876208633537762
0.320530870853938	0.24196576606043
0.209242159913502	0.167908261420897
0.440254223938784	0.445627496091105
0.0333797764207375	0.0408959692572442
0.287349047333029	0.533854257434519
0.281826518340239	0.286441132831931
0.765757791899712	0.75569894828149
-0.22074208003697	0.273258246634165
0.346380517803929	0.576986491372039
-0.561440716789672	1.16589163099072
0.0785847506323105	0.0416101080690188
0.96147837337134	0.928304321469374
0.458578906940503	0.250420973563572
-0.122459039584212	0.0591707525583185
-0.0864924247362006	0.0442204188737828
-1.58047872850576	0.823009874590597
-0.689817458829843	0.340287286911326
0.0810999310497653	0.0239063101433156
-0.18390006975999	0.0764000698388205
0.642925902731151	0.497890660442345
0.407988993614862	0.234834700496564
-0.743491530167192	0.444480946476212
1.68831857269626	1.23785032145079
0.609173518376681	0.281793096734265
-1.5592412589553	1.1097384981635
0.0360791871725872	0.0260602961483091
0.072965093306506	0.0908516372552342
-0.108357607998209	0.124275814285647
-0.0581572148900245	0.0519721890786773
-0.14637974539178	0.196586431874181
0.147359856568803	0.230000982591838
0.615602161750634	1.61545387877848
0.213518381392585	0.33669369287319
0.197131160964716	0.311702327561812
0.449235559996426	0.452736332255281
-1.24154925876226	1.04487829641658
0.358708683889129	0.142181117816891
0.275732552832875	0.133224950884388
0.958018501304285	0.359750363369404
-0.186423544908454	0.0771896160274795
0.865042339877065	0.55196500385066
0.254029211262289	0.13269188163226
-0.489988099313305	0.203097149763622
1.18885967451291	0.637149336359189
0.0615067452894525	0.022830613649869
-0.385655308501503	0.18127461267347
0.0623553610172962	0.0259264003221413
0.0682356660348137	0.0223922488023397
0.736776504233154	0.304696127501345
0.0679570356936024	0.0226224933931562
-0.806482473077647	0.284280234438878
1.48751508748305	0.73295722024931
1.53431912364215	1.03336820139976
-1.17952946535749	0.810638028379542
0.0509547081026017	0.0384588979576661
0.0736988046908285	0.0329911246812703
0.624137665301564	0.387008926329705
-0.00787501988199385	0.00586229947963574
0.00741239383094168	0.00905189628554817
0.444094250802305	0.881134194943895
0.23726556102789	0.385215262018338
0.582633566078965	1.36907715536037
0.220083032196759	0.280618998562174
-0.118362509242475	0.138131779556918
0.248512100593263	0.3068545367576
-0.177580607741954	0.130744672511794
-0.227381929607452	0.277697181661552
-0.42942414279236	0.883221377696461
0.348305904695013	0.57045824925793
0.204740698498116	0.3192043438201
-0.0518551953675108	0.0539275864713858
0.528026992899759	0.728010760783092
0.865533045404367	0.550014192493455
2.27694236995615	1.1366630984456
0.228606405673907	0.126886848181888
0.733593820338834	0.299958767792386
-0.0703860335055157	0.0384926561299491
0.235159226726459	0.131829004688802
-0.224095857127245	0.155865802328424
0.00607338261538629	0.00390271876345716
0.903223443839727	0.6720972743913
-0.156860637867674	0.156822924566159
-0.521937677383178	0.705462376647229
0.215191679376658	0.14841461347914
-0.677096655584079	0.501582662940103
-1.11457670763468	0.463411731370273
-1.76324346191642	1.03226164851934
-0.22785037461232	0.0840939995202381
-1.13927365545804	1.20318232284413
0.736668723289471	0.306264000235697
-0.426289149819423	0.123698977198993
0.00588707191992382	0.00516552152138823
0.212808102176217	0.15221832343412
0.100905654258452	0.0250362031444007
0.899188947349766	0.23823323420313
0.60617020775368	0.276361449360213
0.617942175689145	0.378296392376204
0.730430948115669	0.810477683682013
0.545375597068787	0.476425863843731
0.635501117922266	0.862613228726363
0.0560451724169478	0.0703693339596039
0.040249400703144	0.0586732158938698
0.112059792802138	0.215803197592915
-0.158808670874801	0.220112218362564
-0.573529804726656	1.90924809551453
-0.187641445301093	0.228042262587936
0.12576372138155	0.0972870860915513
-0.22819807398646	0.253313125174275
-0.596725968910156	0.826264434718472
-0.865718450696563	1.49250393626411
0.215306890428328	0.476172862411097
0.0208353629978393	0.0263169262096868
-0.195406883448535	0.178129101484405
0.0796680244030717	0.0643976236957257
-0.430396360566137	0.448807608372628
0.298589257415781	0.650040235648836
0.0504265776075491	0.0520632945471573
0.376716048850721	0.684107710677437
0.966058732049987	1.16559790268526
0.0488062893106391	0.0610726863981308
-0.0980583874812485	0.139040649143509
0.224005606930296	0.188734390653124
0.223823446310127	0.133851746975391
0.518529865273458	0.25969263718901
0.455471590962865	0.24530913891797
0.688782364484019	0.495043920195039
-0.107912098589748	0.0935225490338303
0.212920118719336	0.20200883876336
-0.149499346659811	0.110397904862093
0.194226024196548	0.310009279637393
-0.0279818970837879	0.0390156075173321
-0.548309667676838	0.628519490438454
0.348813886110871	0.245751851060775
1.09520370465983	1.26261547588308
0.422629020023515	1.00561888303847
-0.000237798519292064	0.00016977232780673
0.513146374421017	0.35541740860893
0.322622488791578	0.46408463351002
0.15861742051272	0.16403319123459
0.35472022047821	0.235367653081283
0.692226009812695	0.72307615920641
0.367035363322477	0.244531727251624
0.461738009924243	0.253550390974823
1.14504257103501	0.900205114507877
0.998751144860856	0.58130824302014
-0.399811406452708	0.188428954483226
0.897690355881006	0.658967115955141
0.275971339479864	0.132345892440147
0.385307685620336	0.351021469651105
0.218449705962123	0.165046030716075
0.462449528351868	0.360583782025959
0.913577064487188	0.682628868305516
0.277434632572482	0.133487969989305
-0.782262214340364	0.630007130963164
0.626465547823603	0.384672563564755
-0.114049310200836	0.0557695997678858
0.226797450930188	0.136214775317065
0.0589642820840728	0.028941794596478
0.352630212859553	0.233716973569801
-0.737992658484635	0.449780793717693
-0.762599896009566	0.535305631688674
-0.781604743905951	0.631777180679636
-0.568365714588729	0.299166754434094
-0.23633864698186	0.138801768936088
0.376388697804874	0.230638899762164
0.058830346037829	0.0263098228303499
-0.130222825111342	0.198142562703394
0.592079567048041	0.741167063945278
0.6369540738525	0.694319050965546
-0.374983932637462	0.557640199369401
-0.1792425794311	0.234557367873071
-0.161742839443737	0.231294744935133
0.219584483500757	0.143410614544271
0.067458805699025	0.0358213648656493
-1.01732211335933	0.751705536026444
-0.803496010354504	0.28742020785865
-0.39261945673622	0.187909480519826
-1.24663992102812	0.721257880435206
0.255371004732947	0.131973781851526
0.82683283819148	0.637579278087089
0.815690898064495	0.412854098351393
-2.43964068790809	2.18929535836136
0.609173518376681	0.281793096734265
0.222576652116125	0.133069236652171
1.89320545954411	2.02343329232621
1.16258427670912	1.42663299226512
0.18816722634011	0.31594505504896
0.107952783549318	0.137710311971714
0.231923831827715	0.365643411336586
0.218729352616784	0.160452845208899
-1.57476421645976	0.831958719422577
0.064397378707309	0.0235755213714013
-0.111829656644539	0.0536147774409494
0.0737670175004436	0.024072330190327
-0.242327916221982	0.139623711186865
0.334438529300072	0.24879700421998
0.0616709375709186	0.0203046322650711
0.434341508895674	0.151787077418093
0.359215351774632	0.142460448000087
1.69486823076173	0.948453332600966
0.0672705262299157	0.0251874385395721
0.249866866695405	0.128734526901261
0.73510071975152	0.304953970811166
0.0615710642288492	0.0205541327626289
0.105571162939011	0.0264299797824484
0.265559337919104	0.125150800294109
1.49043284038542	0.734868102104886
0.275481045477014	0.132031264928964
1.31263970622091	0.947280689444193
-1.1838086926869	0.828395459799237
-0.175826727456224	0.0720232171665263
0.268467721330257	0.127489969371407
-0.18101686171916	0.149678871619635
-0.974111706175731	0.905361164004546
-1.82353949202475	1.91170764647787
0.0253774551724341	0.0202440649950651
0.0603307590152129	0.0876262698163612
-0.046101880256462	0.0586575986014824
0.05065921808795	0.0614134673084806
0.0676570602121268	0.09600245889387
-0.0955620339439951	0.103559843864417
-0.0830100538248693	0.0927219905810341
0.225810863826694	0.282768409250347
0.156187129409971	0.183553293446092
0.0372537902407627	0.050835491332526
0.109892356261537	0.158010617147187
0.0576679345687759	0.0608230322584146
0.0600562076025556	0.0249429253871871
0.739399701149598	0.311050852910577
1.24772786111243	0.541234640351407
0.701893762862647	0.39956767643858
0.218351457278858	0.158984661730941
-0.231633151277091	0.134479793230518
-0.000904515328780622	0.000661979268042196
-0.304527691109153	0.329722850370004
0.219445716727927	0.188118304805543
-0.113893261955833	0.0752342463659701
-0.394607095553169	0.186882770893319
-0.303965205318992	0.103857001445785
-0.606590095026731	0.236679931388789
0.308486617189587	0.253851253878875
0.371170600087662	0.142438243137701
0.421508286753429	0.538400400742246
0.100882472254093	0.0913934788182174
1.44379366109588	1.16758395456805
0.59367860772529	0.184104142709674
0.265838795084102	0.306705171713092
0.100692837185157	0.126735398286701
0.186778266881405	0.353756542864064
-0.276293963654926	0.387508276580721
-0.400047392880388	1.09882498232837
-0.407608429621983	0.758885974945427
-0.153511260756458	0.165068552117085
-0.538173784914628	0.758379107229408
-0.81965670132741	1.78432093671157
0.250676404600459	0.324028718652109
-0.0375712003242127	0.0527999928527216
-0.245909118388271	0.380801610173438
0.11194859981772	0.113851864224748
-0.0903561561200367	0.102971136232463
-0.0893980011613628	0.0847330491824724
0.28594094244801	0.500076930884374
0.201332761603509	0.296864380776984
-0.115742772356501	0.158819158038856
0.0367512405074962	0.0465448608766072
-0.0940486786913961	0.12115575235353
-0.0842737414242127	0.110923545171659
0.355102138811482	0.23419198386484
0.214243967239664	0.218007131668163
0.0374743835209039	0.0318223125733428
-0.52476448221811	0.830787776955286
0.0500781223622828	0.0359283341124145
-0.0774111720046212	0.067849975277835
-0.0123531591581002	0.00914118976192399
0.472509139291083	1.03802559201636
-0.0729757786192024	0.0903404441932945
-0.366192649007509	0.412261162901993
0.126000004379932	0.0875462728008222
0.341198864553197	0.363542121987427
-0.173085490736502	0.272871754808178
0.00952502110586921	0.0070338041961833
0.309062285670343	0.243813882620633
0.384135855153793	0.241217077993825
0.912024619387315	0.669188561640243
0.767692986320918	0.749235027032551
0.665805596650838	0.599102828978673
-0.0518257784197124	0.0298118190043071
-0.475274484269363	0.491501854261002
0.343492477754465	0.235039909897712
-0.326731451680911	0.251289123468984
-1.26614372343414	1.2746599392257
-1.13890522343299	1.21368282211515
1.01041104470993	0.704731050190682
-0.487323038041957	0.345307230331107
-0.3729980513979	0.237039047618204
0.600524263126728	0.486948273034586
0.219773369143821	0.16179610447091
-0.0104104857297265	0.00627892655492146
1.01138093161827	0.715207775466085
-0.237085295433018	0.139772246823507
-1.06546516014212	1.28115613575284
-0.783853479779865	0.633357424385093
0.458141880461078	0.250242299446848
0.566801311739787	0.479042335041102
0.216125974904668	0.145287160588753
0.103625268118626	0.0687962139766295
-0.0466702165356239	0.0330886822870829
0.00340082521532953	0.00271496989700576
0.212737663559466	0.146767094545195
0.498966093796918	0.881918299453445
-0.0228107298174507	0.023928420217654
-0.225737891774396	0.231704117513807
-0.0453795678069122	0.0323874080261542
-0.675089631085303	1.38081997173638
-0.693736366037216	1.24985394214824
-0.135867281938141	0.163914081926296
-0.420604258333842	0.305088525688072
-0.564706463815059	0.374857719815213
-0.232896370353489	0.134332641051164
0.108226183442003	0.0713169604145806
0.0811027476482136	0.0427325749475204
-0.67272229654322	0.498690036322126
0.514957399382937	0.355726637460514
0.621709811918452	0.382405495742236
0.416916649338023	0.245245860467363
0.462796798191357	0.35551481071527
-0.986935990713933	0.821503691725793
-0.045339509029803	0.0256697486178447
-0.26367492192256	0.208132521201045
0.0747084456890594	0.0568512456708997
0.178760611019612	0.219382850873249
0.114403177376851	0.143309506589655
0.110631128116065	0.162695582349372
0.191225510942808	0.283807631143636
-0.0120750673096678	0.00735347910607321
0.31155075934118	0.134646446732055
-0.883042661185305	0.601933315967926
0.440988392262106	0.352478737172839
0.361134508329414	0.143768325310301
0.767894883074279	0.523270030832891
0.983413008523581	0.475818283294335
-0.230825708579943	0.0856525495058555
-0.288047101998079	0.157327431315331
-0.766601665262264	0.592104078403706
-0.276895291171268	0.191484786202673
1.44487899074153	1.13947683426044
-1.00244706708762	1.40243132084381
-0.135720297004754	0.0866376568424095
-1.28416699789084	1.49957801260016
-0.826514345187002	1.37774256081896
0.127459818198692	0.172921473306309
-0.0120264014367919	0.0130168742572968
-0.217381925717345	0.269156318948565
0.0937606869740423	0.119242138642525
-0.20279376001902	0.261432381708756
-0.11511199941403	0.133982310208014
0.207655145540494	0.197463582201138
0.824413720968181	1.64399965476863
-0.0875202779920052	0.0440241709222753
-0.0735965360419768	0.0399751604311523
-0.175703737314347	0.126880151181446
0.0964466618237057	0.0606795016567632
0.506254659451624	0.460728274514259
0.754691907524848	0.609186584488384
0.311722510757139	0.253788455770638
-0.0697674865824288	0.0485482159912785
-0.380691089234061	0.375007981620006
-0.228462427758494	0.182382264315826
0.811686647185597	0.775743892521522
-0.393525740443016	0.187886102448024
-0.245060143643688	0.215949009099191
-0.228719033475218	0.0863799272697619
-0.735678694801507	0.426986822875982
-0.738001097253365	0.446251489424464
0.464121323299655	0.35737515533037
-0.491004050180278	0.282915063829615
1.02973440682578	0.8451998028428
0.0942067978333227	0.166684935712958
-1.12252465638306	2.58959643373133
-0.0740259392703525	0.137134990725773
-0.0517367659480117	0.0734854293489819
-0.394372744311054	0.631993975045161
-0.660629505297945	1.08249689305691
-0.46239266164782	0.818198151027749
-0.310997396009086	0.454830661269696
-0.0465817257426341	0.0744276536223316
-0.247316205103118	0.451562475043288
0.0907956452128409	0.0978312163067855
0.343312743575347	0.616213089497622
0.159851651258827	0.248221332191243
-0.370004997426954	0.464011378770546
0.353123497635328	0.423692197025816
-0.0247512612142325	0.0311228248501239
0.194737386820422	0.32267184928568
0.261427743770326	0.285606000735545
-0.0798739403543807	0.0809566634760889
-0.621661064702878	0.867177358236076
-0.142537063199263	0.142979185115631
-0.0847542084874259	0.0813003259305405
-0.659109514171817	0.946498646058376
0.268140859303711	0.278955967452597
0.225021643260631	0.193116408547554
-0.337135923178813	0.611289504234666
0.11247654498629	0.168220975247802
0.384609486313549	0.493758991121238
0.325143725151999	0.24743981558118
0.0824079965469095	0.11456760547719
0.379479959101636	0.241414269017373
-0.495530711799313	0.434886130564231
-0.702719832851229	0.645157824219895
0.408963811855333	0.355787969688588
-0.0143239310250659	0.00865445719238305
0.208228488248093	0.232071744102393
0.445425275065665	0.455941966120229
-0.25377334771091	0.222235667643037
-0.570549301718419	0.613627123691843
-0.924032854893137	0.988499576135989
-1.02793945312103	1.08210419022695
0.214565567385594	0.15139191233255
0.416717525007946	0.358852691744188
-0.484518498760781	0.340123825545233
0.413169610479751	0.356306008518346
0.712433189719437	0.625127871982884
0.103405887115607	0.0654838081401567
0.0160727522425399	0.0105531832814248
0.395566128202466	0.35448331814968
0.109680571653939	0.0731438221408997
0.212169314714654	0.133714644454721
0.39026817184389	0.35651155429766
0.527770396934832	0.543216465268544
0.0501577747668893	0.0353674496072652
-0.205147050103556	0.123755216318556
0.213205234109942	0.16632439239205
0.0702819518888358	0.0534302492516909
0.139376912752712	0.169440029415166
-0.469995035779152	0.92632050220034
-0.552746244157227	0.81397069628905
-0.0483723771857394	0.0341052219764332
-0.0907325424834932	0.0991675827255326
0.0571960591178494	0.0657767399091263
0.297301964845296	0.441880166995379
-0.585022165895171	0.541005420243874
-0.936275603236611	1.30485701757866
0.50117739219858	0.468986119304331
-0.879001411559958	0.773389769386788
-0.0914107048338916	0.0477237207080305
-0.169016069295659	0.106487618984731
0.340394219830603	0.249956692653503
1.27153522305329	1.08637208382801
0.213080327162694	0.148793262148538
-0.0649637433250711	0.0452513142008954
0.0965342581305171	0.122034156343181
-0.0463187345674686	0.0409518135294395
0.20269024578436	0.196305043247423
-0.775820005277737	0.730893804577924
0.0623213469743287	0.0286199380674118
0.347671410932422	0.242849200473704
0.378264505358536	0.24074331380158
0.760612853538059	0.624665935098051
1.05367157480549	0.984324571998787
0.276692383173911	0.133272691998997
0.563345740672227	0.373048151230533
0.251467476712631	0.131772583503175
0.232918686453852	0.131217380568738
-0.361400670786393	0.230840771506671
-0.36192934496429	0.231519050630649
0.997275658623403	0.587238659660932
-0.233768154411531	0.164346069170331
-0.57474029270925	0.659004860480183
-0.016054057539842	0.0114904783816034
-0.0246589967519719	0.017902928349817
0.354713924003242	0.477054655839621
-0.323625624526465	0.601713213577709
-0.0948759689432143	0.123750936783591
0.260442729608916	0.420000909837475
0.0865149954139153	0.123298989281363
0.214788036978485	0.289314346311587
-0.297251976628033	0.3437672803216
-0.0994041843942081	0.100978442514256
0.000994650216062841	0.00102661033352144
0.370640917288967	0.540371705073761
-0.0119080553721008	0.0112137107932245
0.0502818399898593	0.062975399103732
0.698401508240831	0.50681406272245
0.0740925878354888	0.0394774447231111
0.718283316732757	1.07232700727313
0.160713444648056	0.149149293322585
-1.0986867124407	1.20697365503732
-0.0417781968877574	0.0299992435792345
0.37477144954476	0.235250422724071
-0.954817370757877	1.62507185876386
-0.147673060847707	0.0666736840225838
-1.11380210197119	0.468782937333356
-1.58001142908323	0.571388253643361
-0.858643820242825	0.383348550827614
1.02421837427017	0.840648986502918
0.418995571115205	0.438531363219675
0.0683119302359775	0.0221283169847257
0.0538658163416317	0.0783774430518097
0.15955656265457	0.28740527130124
0.252806578634935	0.32127788936325
-0.483685018847032	1.50934001312281
-0.319450735158624	0.626586864912783
-0.168770358667289	0.234680969863284
0.0536341367172656	0.0680205157696859
-0.229593491727509	0.361700489423267
-0.4115245715265	0.924542557413148
-0.227583221308348	0.463684058780093
-0.0372593520274086	0.0521090095722997
-0.110992056382813	0.157128427197799
0.0746693035710656	0.109326338021827
-0.107512269113025	0.149850691535994
0.14731544224558	0.249972024790291
0.101025608344222	0.127283457678432
0.539867343264703	1.34578703585643
-0.352922229402607	0.489166790257573
-0.102446797174969	0.113318849617412
0.601547085844368	1.61333519197686
-0.0630284627975704	0.0975217575757373
-0.38059346220139	0.563793638356692
0.412852510514163	0.352067973819635
0.88553433209111	1.01521552989582
0.0890594738476952	0.103124815442776
0.120463851197382	0.122537719620824
-0.139586731960564	0.166397850584717
-0.28939231331382	0.351946678617373
-0.63713043487339	0.93112180610127
0.104916778100424	0.0974881289094394
-0.203544560757327	0.242969072425783
0.515367889093271	1.20130162161915
0.0854481834339906	0.11725766511521
0.258693906210057	0.28654083996232
0.408037100948803	0.351908788203522
0.430880637323594	0.362636619507484
0.0507448989928218	0.0360658389074695
0.416571509592654	0.361763670263473
-0.366887550211716	0.414539035246283
-0.139034032343785	0.116670958678221
0.0832438327733859	0.0697137533666902
0.367036410843864	0.361037646821826
0.525753115294745	0.472396296159514
0.0905454873529304	0.0758374098710899
0.223367042216524	0.142676614707132
-0.164992795546818	0.117894552309105
-0.0367181414658605	0.0262995145711992
-0.328004406129931	0.251447066533327
-0.784726617553227	0.703309411615941
0.988623506373099	1.30007983402543
0.0197381164809674	0.0131290460911895
0.123945262406478	0.0978490228592997
0.438871367588208	0.359865342578144
0.00756123200185214	0.00483009890463306
0.727967650986297	0.738932860877053
0.667186106232593	0.709157924650652
-0.129435354183095	0.098329240221347
0.212106865967571	0.154173602507772
0.538358099862327	0.956942763285096
-0.358315225766936	0.562211658346961
0.173586193623422	0.200931216747097
-0.0423252841880397	0.0347064362839188
-0.102745161100965	0.130099010409239
-0.100293113446229	0.134666479628229
-0.0691819357818904	0.0833683900035914
-0.0833787628567614	0.0659711213652315
-0.050830162714171	0.03576465738166
-0.0682068237425125	0.0374604334695003
0.112919147336851	0.0777013041698916
1.24198288893047	1.48515101511906
-0.635113561424941	0.742338213206347
0.511045204470425	0.452433751705513
0.948311844567853	1.03129254136507
0.54588295654733	0.567260738872942
0.327964236315906	0.24225153948948
0.577186912612242	0.575937262822025
0.0912099082323542	0.123392581573441
0.172761502235154	0.256943149874455
-0.340359646387662	0.547010795036703
0.520063441262873	0.654118165634965
-0.0687817009899153	0.0474970745302128
-0.199252008535844	0.116744999493958
0.112739867270171	0.0755810577738714
-0.113836687030362	0.0743247395787995
0.0832247661427123	0.0500733603993382
-0.19550115944727	0.119751942883273
0.340829425553414	0.250467686700527
0.086776065490939	0.0524868526285166
0.373234304574884	0.230048218181663
0.359550330566312	0.234197449769376
1.16164843602074	1.17134779173441
0.606893864838548	0.592768190491411
0.963677551969519	0.354636820932293
0.0922428121008034	0.057581904139267
0.972088994057496	0.947577520498009
0.757868999206374	0.643662698464207
-0.0430907914155531	0.0247046444962176
0.667779005805866	0.607076052511791
-0.19284656249283	0.11524222963829
0.219169582922918	0.130853831317914
-1.81203350758291	1.52724003109054
-0.23371797714658	0.135372866681199
-0.157130079903098	0.176901455989845
0.144797065941577	0.11565398519157
-0.278484384481771	0.23907734114123
-0.345115393031238	0.512744510947205
-0.0539623443531606	0.0684498736666168
0.222219708008257	0.276609357081081
-0.216150765527932	0.265397488275425
-0.187687693582684	0.267821110096999
0.121251302244077	0.152252824671955
-0.121324835731892	0.15834274354495
0.283891476365905	0.429018799586745
0.21992316112516	0.286873686930165
-0.0893547065101761	0.0966199407103394
0.451881342142116	0.651147595259368
0.105490569579019	0.123089916640017
-0.496995794451812	0.880700808527342
0.0603960466820014	0.0681140973638611
0.0894274703253514	0.0948712179522214
1.14276779192075	0.868890512535153
0.512209244741998	0.357697643676825
0.109705005012115	0.0733932567835611
0.900114859273457	1.21948553178345
0.621145558023641	0.592993731249519
0.0566451977691952	0.0418773290093118
0.212415561856472	0.240017371190748
-0.407135024706981	0.501915828452357
0.134483389952219	0.108119866068971
0.526463350457284	0.473771462008768
-0.877393707532868	0.76984537252211
-0.182702236073438	0.202902214044524
-0.929693803019994	1.00636359685853
-0.853440821857992	0.393789324166191
0.733234878998137	0.304862540838296
-0.1843910270425	0.0765727962620448
0.359614219476838	0.141343440115758
-0.468024530076839	0.477160952392275
0.0893799225602377	0.145271509003031
0.222275533467328	0.459674412976747
0.170853177145832	0.181179864044833
-0.00290179599290198	0.00456057286577717
0.215065193747413	0.410834024659707
0.173777373177012	0.256188233037052
0.0700893611143218	0.0875658472626773
0.208096504482195	0.356223117974307
0.364262981238965	0.7149280545319
-0.149579363234743	0.262545717306397
0.0744233515864426	0.109723425864864
-0.0280052796836402	0.0371876891658834
-0.314139440357795	0.599896962200494
0.375474320644637	0.741050166929853
-0.0711101948662155	0.102679547678551
0.493014345675277	1.00889099964538
-0.247601325798214	0.472825058776657
0.330183294766028	0.509151670803235
0.25463680798413	0.34397110392389
0.515846913560212	1.24297902467297
0.0653131384728261	0.0954829386359174
-0.150124044180939	0.199560982097936
0.578655348758365	0.748802185166382
0.120898754565005	0.0883391210012084
0.0443999560558415	0.0313761176223101
0.395102963183533	0.425314407947191
0.0216757945694914	0.0143300204618967
0.365956527057671	0.729993716313592
0.0683687624344374	0.103524681879647
0.317917347572525	0.566457412772628
0.0816458651992597	0.0980211857973827
-0.504507113782111	0.645683206067589
0.0209939894119887	0.0224382945778001
-0.0124051981808873	0.0124821545622428
0.474098907854911	0.648288861291684
-0.145151030819689	0.166151153255807
0.0627490737526357	0.0587128274972309
-0.0728571527286609	0.104085173423088
-0.130876936487957	0.203578126039569
-0.246871342709665	0.31615694782104
0.144891918678849	0.128677881061779
0.411033127100372	0.580087348408257
1.29080867229842	1.96175014715776
0.315541035647902	0.251557446057195
0.334377116202498	0.256905691159351
0.665576718332867	0.596611540933162
-0.632335751956728	0.582832111107037
0.726615890318909	1.06717048311016
-0.0448155208345154	0.0424628316686937
0.38470533554477	0.440599594607079
-0.264525143148799	0.305285485740288
0.989607850743242	1.27823090781601
-0.0615082637861383	0.0419347959984551
-0.0615395530807015	0.0418519983267727
0.726510132334483	0.73647193471544
-0.00951540052714423	0.0058024733920589
0.0816396300832052	0.0663219057034513
0.378459615355297	0.448893408191705
-0.663030046926702	0.698489811125856
0.711173577895873	0.627285088352843
0.290571385157133	0.267103821758954
0.305954709568271	0.251031612138799
-0.226433362288393	0.182548401869067
0.383711629106204	0.349455881826752
0.453811754513928	0.627169319077164
0.919198955788553	1.14538178003044
1.16856020120787	1.53226652599335
0.415241977680476	0.450383960759724
0.299705666724029	0.262806546889354
0.223450890767914	0.230136914872062
0.215000287194349	0.200117312375668
0.214937293416963	0.211924571191341
0.620911869172958	1.37158668907514
0.489428846580867	0.937069333731978
0.397324799362055	0.57097585872177
-0.0847086815610192	0.0871872995210143
0.226942102296348	0.310560911154855
-0.353534381340125	0.577518530526727
0.365167045885497	0.631452364397888
0.00585586408449616	0.00431716119523947
0.454722990326109	0.461247382690309
-0.595435564972572	0.601814574179365
0.123739394408555	0.0930472964396373
-0.62229119074669	0.529086705915693
0.884140736122346	0.994408876553698
0.510773234927132	0.470992993887927
0.212580966250982	0.194538555299755
0.269949054619898	0.321383807055961
0.511993459252917	1.15874203416075
0.170068321516059	0.275343216884941
-0.0131792947580535	0.014594352279359
-0.39675313634454	0.777058234193318
-0.143701927225799	0.181839804306747
0.00294442392123727	0.00245898186629387
0.533884065547694	0.571350196426377
1.35605011159682	1.40385426304709
0.633706701614308	0.682383548565371
-0.000510282224936768	0.000369910528117009
0.91697964599445	1.14217198657669
-0.0322418849209412	0.0232772307669166
-0.0250839401030866	0.0149372637170976
0.853622306921833	0.886871689665487
1.01876837089797	1.21312524303047
-0.0852320206112386	0.0576931052921921
0.465507409305285	0.358450090497684
0.321683291316158	0.255491786022357
0.220825240872868	0.155995611753134
0.00200474813631445	0.00137755950653287
0.725522438477203	0.737861889364728
0.487634921406727	0.358668946542313
-0.0477286032703395	0.0272372952277322
0.809759014122365	0.881149434402904
0.713100331713395	0.623196993375017
0.553483966585698	0.55695875998404
-0.0776885559900358	0.0423558864469283
-0.235329943680599	0.166569791425079
0.2193823224341	0.161088732646614
-0.202004050864243	0.142827063428957
-0.107985110767379	0.072152740819641
0.120131386303187	0.0871466274102027
0.457031223967904	0.34875936872973
0.22105789608461	0.238052732100986
0.18304745208179	0.232670906344951
-0.0592928929202929	0.0714346569959077
-0.588771865364223	1.18695961668912
-0.203827209763362	0.297438053548794
-0.203762446382635	0.278131457288778
0.803623734718663	1.65135935200823
-0.311811557904486	0.389731970552764
0.655778420069035	1.29078722444662
-0.65569069656102	1.07261979384568
-0.121880765635972	0.141379929211036
0.184319224587232	0.244631354766233
0.24231901091353	0.333310517645968
0.106040074441699	0.130676427787787
0.544151661598889	0.63478239637384
0.0688178649728481	0.0837925662867297
0.396019892235369	0.362224900865383
0.440128514934333	0.453412151970756
0.662842184443443	0.708586217969185
0.33517637969035	0.230676937542999
-1.05985509769968	1.04696236561185
-0.25503202035394	0.276447675332261
-0.0642581922020585	0.06335416562189
0.295380333414182	0.267375984513588
0.0284330720968221	0.0232922238417974
0.119561920189569	0.0867688997731456
0.354872856927508	0.448506473722195
-0.160574221051983	0.157729568272529
-0.277084366669703	0.153357315751017
-0.143117814038698	0.0645171588586243
1.1646653897885	0.764204425991293
-1.03507727673639	0.646540174643238
1.30640127078362	0.957339779811297
0.53123002825836	0.570590998081338
1.14407144204211	1.02202191173598
0.237209435625168	0.133432871693625
0.32963276905267	0.547697809379484
0.365474635946038	0.421896338634415
0.610113690159041	0.281418384030618
-0.304286388248314	0.429962613462914
-0.285509790121845	0.580630636397142
-0.145273270370111	0.285212297519027
-0.283839876371005	0.645847662010509
-0.0884250422987025	0.158037788384762
-0.288499498880517	0.67254325770863
0.38982890619202	0.522071095865445
0.215602041665615	0.343253955092167
0.195338212569376	0.36584248010495
0.0686696812838864	0.0854226117200084
0.268282440895463	0.467833383428579
-0.00735279728219145	0.00841029220201192
0.125124275432899	0.190350837547065
-0.313328699781246	0.556193668702144
0.112558298244909	0.161748199108776
0.339632739400139	0.526878703016777
-0.399782036776498	0.94895285564403
0.077346424473216	0.103714696730661
-0.663248276284312	1.75914924318073
-0.24549241357497	0.426467348195014
-0.0479530847942957	0.0577679747638396
0.416836267412627	0.76358980709437
-0.348563690088746	0.71855526050503
0.115441907081541	0.148173744484994
0.51067331389819	0.905681446657037
0.115351088699035	0.116572854021439
0.446311077090355	0.707962192124132
0.262813044804284	0.4088292135848
0.126213122746945	0.162945332962675
-0.240963600117104	0.243602000580912
-0.120696642825268	0.18126489413765
-0.115650463097135	0.167598909094978
-0.226050965197087	0.339302200953977
-0.304908518215752	0.456770301402134
0.1784092407658	0.228602906893007
-0.0979654028893583	0.112268925257233
0.10848741236725	0.146990453238363
0.0346378406044961	0.0438566914563239
0.0760722407517398	0.0758389887294467
0.446131086746827	0.541750211917197
0.341948687247459	0.535188311074169
0.404402790239065	0.631188526119164
0.617297234246797	0.845217970566601
-0.452301112312301	0.588407962985377
-0.170440391861509	0.191592675967371
-0.308264808656719	0.388980424113894
0.632098060475432	1.14788236329345
0.0231497861542841	0.0220217288557118
0.0737450543823008	0.071461729839272
-0.431302777521464	0.563587241600971
0.4869014314794	0.624410199509179
0.0493466818198445	0.0493412835389764
-0.82914496052663	1.2805651805118
-0.261679565812916	0.283183000004447
-0.365201135129276	0.460923627744014
-0.0460737192466342	0.0446401673350797
-0.420328018163387	0.571504882537314
-0.00715110105238402	0.00664191044861443
0.0155863791172489	0.0141171038857948
0.0953359127039771	0.10269074133484
-0.582026395624144	0.779941956427232
-0.113685083023192	0.123526537161504
0.060286610828953	0.0564680136609131
-1.05693649364479	1.72372572471269
-0.315159882776862	0.391825239873441
0.0661919130772281	0.0675702167250311
0.378513189559499	0.506076856286844
-0.631453992071319	1.09403086040522
-0.707824902147085	1.2081913011313
-0.386897189960153	0.50820804454053
0.124359719715095	0.130795182960579
0.222383911539045	0.195512075651432
-0.196927710129815	0.141521474185465
0.0537451540615337	0.0556127618403904
-0.184820057215065	0.260065349053366
-0.805941604079768	1.46401485802686
-0.8363752016927	1.19726930325348
0.0773930180940988	0.0734069593398323
0.421514488950929	0.549607075707637
-0.285992826437627	0.423238922678181
-0.363688752206163	0.522919459195694
-0.190838937739988	0.19782009616808
-0.400098468849195	0.468335423816534
-0.587853729077729	0.918367780464489
0.46836856461525	0.606378327088556
0.25553123951439	0.309036784526061
0.554197549510807	0.821989449295899
1.13994434800814	1.01281346124486
0.52282092965179	0.365383993076645
0.662575826522895	0.793149751928262
0.154767312199767	0.134265775400374
0.00063735202897824	0.000830488175770669
-0.479627069932095	0.789894039473031
-0.120369969328075	0.140328434931081
-0.0661142755092606	0.0625213148254703
-0.0282024847359701	0.0230368808499271
-0.539219721147943	0.622241613945622
0.660277791239666	0.87284417731464
0.065297812618896	0.0513105000556878
0.466292235834575	0.513999878597111
-0.236780069290064	0.243990564645083
-0.533571302955114	0.812797579628214
0.333675030978909	0.360734947739134
-0.31734999647752	0.338372184689256
-0.469604433192364	0.483468803598789
0.282731219183695	0.267193231265093
0.223585989120324	0.235979150665246
0.429526201003183	0.458818964413234
0.590539502618435	0.741491028166925
0.145464965267557	0.130080280202247
0.364756852348789	0.43160765221425
0.345125442499795	0.356673851349665
0.316382868753372	0.25174909298488
0.870475290561039	1.20737927492431
0.452576610935037	0.457910493108991
0.217458416670489	0.208728352313495
0.0105670667116357	0.00821548422004444
0.0669955874511861	0.0546924274886869
0.674285526879495	0.94706382354201
0.381622625572777	0.431614886156343
0.0288997465357597	0.0272183045684659
0.284393835331471	0.392897795355893
0.409339895401163	0.353456025833176
-0.0164521422531332	0.0151800663393855
-0.315409214864185	0.421756868489766
-0.127624155753026	0.12877551519981
-0.185472120705249	0.288902392205585
-0.217789376329851	0.350666324052895
-0.588299447426685	1.25533863293224
-0.453810753981626	0.738032558325431
0.180645969210087	0.208321653194096
-0.294083132628161	0.451693666782334
-0.260967772078792	0.365099537590547
0.380557428087789	0.512235243222409
0.44576679444914	0.531462958938099
-0.0570759661285138	0.0466383594364925
0.128032708891707	0.0991888512646489
-0.0060588768044056	0.00452826691991109
-0.368537694203574	0.391559637371393
0.129472838349322	0.0967209626890428
0.209593935924156	0.199314902204655
-0.787331455100119	0.875692817991363
-0.125719267645225	0.103854032855264
0.587387835033997	0.739111767882008
0.0967143502314973	0.0833498792134353
-0.445559754301767	0.397515260166956
-0.221071233483177	0.197286273520646
-0.0265291540653427	0.0190615082525264
-1.04871508419194	1.31614767089168
0.856124955586373	0.899266807224169
0.469545562085816	0.542053909677722
-0.324282599631805	0.249246608842823
0.447374569603697	0.35137203868448
0.0744313360447189	0.0601312930888315
0.114674205649405	0.0800590569371585
0.808060996872904	0.861009807487477
0.100724159236993	0.0661817032607229
0.599222980995644	0.475066058172148
0.36086242730752	0.240765115205782
0.208356874429709	0.179378824542136
0.3055300093176	0.477900172884239
0.00641737684517316	0.00546826284963656
-1.25029264558409	0.70732303269446
-0.265702428521859	0.339684544996202
-0.197766357519891	0.411804834549074
-0.437566335693324	1.37049279097484
-0.285993504887931	0.763476019603316
-0.332611968687871	0.916009396603047
-0.01770110927467	0.0290676400820195
0.1041635958426	0.127977359564418
0.422959565461411	0.938653297557289
0.187500229951148	0.320447931261621
-0.390751504136836	0.806116292696338
0.306683763360761	0.686303151976058
-0.187807582526209	0.295406339855577
-0.0199380393308299	0.0241177612969816
-0.427750613495278	0.924370167286068
0.069691502074719	0.0887574447706163
-0.342827612239563	0.744630353820238
-0.382213650991769	0.734395110975556
-0.0800657984013649	0.12225351732436
-0.29439209815924	0.665957984597498
-0.00456160281176547	0.00589759842451538
-0.0226961572727558	0.0274251064458285
-0.351221339862471	0.754664037378894
-0.224022787474678	0.320059900077402
-0.0502116570048907	0.0567901961278988
0.241160487951806	0.360851551957066
0.406405884461547	0.618113032461697
0.365000879053294	0.624590870102588
0.508929512530679	0.981805029724592
0.0918621650266296	0.117510141283054
0.0922945977330615	0.0964418386495309
0.173325508902361	0.288863727864868
0.126108615280864	0.198313068133838
0.250598159819745	0.453029081551881
0.184617464716959	0.270535148341817
-0.219069428006973	0.317529690649552
-0.634938372608063	1.40206842458479
-0.0849567283941318	0.109748914520838
0.118987268208087	0.189403362872169
-0.193095718568404	0.227735150481741
0.124584180852968	0.126971443467017
0.324819902517879	0.48039360012832
0.547930178049851	0.911460692698271
-0.315971713032965	0.401600899210376
-0.0543675699492283	0.0568028405056722
-0.291709439038175	0.391382499520805
0.130153141441723	0.132678911260738
0.539552307481136	1.04782523353253
-0.319844369899993	0.445686368381322
0.339088276148703	0.372499438348954
-0.366196157627347	0.571632252226539
-0.451769686454698	0.669670384029244
0.404477482608875	0.539492991937221
0.330899589309208	0.467853718057595
0.915168071860234	1.87414489268306
0.344324753311645	0.440076243749456
-0.00655875039252858	0.00547812265086053
-0.041678517435704	0.0394380148809375
0.631929361949269	1.00998154051096
-0.32395292116874	0.369519600865289
0.324035381560326	0.382845107261204
-0.272628374201241	0.359170299132445
-1.00122837679106	1.86227971669983
0.219677374113578	0.265771878468498
-0.146324121027554	0.167940315994009
0.140441253410384	0.164153062605811
-0.175357267674886	0.209563311164686
-0.122910111686232	0.115833436849321
-0.0250309686288117	0.0279747567340584
0.0630147343020723	0.0678999981310429
0.30166391750867	0.389541475733815
-0.167226389202652	0.152791015957134
0.480518627939479	0.460625001255339
0.117268819772952	0.139164691630674
-0.644134299161707	1.14525576881127
0.402055298024475	0.52642345442269
0.527933759009217	0.808386263513175
-0.492536673860833	0.711476580347917
-0.0432515387325107	0.0431196746626927
0.305101088473291	0.454264596794295
-0.289090663387649	0.385955939556778
-0.33659565234245	0.400021424285758
0.155678211775108	0.159007416464347
-0.969480432795633	2.36122938480476
0.0249798365706333	0.0257155045612376
0.169941220592282	0.167868323694473
0.396744441694647	0.526686345260854
0.645069757594703	0.696377072188225
0.313643134880408	0.380305252511988
0.4124060977819	0.435284065988012
0.675327177870115	0.799417284802628
-0.113132987864871	0.166287776413936
-0.0693810164270915	0.0872418772350806
-0.235327861898615	0.347947130472423
-0.190476117657431	0.247822108474541
-0.297402858352046	0.362491992110034
0.0503380140815652	0.0357917012153965
-0.375212510280026	0.495940163993421
0.00383603130852327	0.00318636337624668
0.113234902160581	0.110057796375047
0.151455897286752	0.148350504215375
0.518250061064769	0.70918989468359
-0.502722568688166	0.516811524901282
-0.378724040248186	0.516787865225183
0.91260080643708	1.49353940766672
-0.161416421875222	0.160954841363117
-0.516661953589739	0.693452533760643
0.107837500693701	0.100625423568583
0.312043762063175	0.366984180950811
0.349474988909533	0.433983119306098
-0.149155100497221	0.125512226093906
-0.156257800854156	0.156503451667083
0.0714064352910474	0.0778559707513829
0.0490228426310409	0.0444385680110713
-0.146503035448551	0.203039100305435
-0.225343424493027	0.332379383697517
0.398554055961065	0.555796010640823
-0.0617798448812331	0.0686452013739326
-0.318942424186379	0.444777183239124
0.15094058826199	0.252947706780705
0.152952434097249	0.23994946787121
-0.596649145110643	1.3409512388692
-0.0450709163807509	0.051694780208293
-0.873904484953385	1.81011528660149
-0.180130015678431	0.272176828726969
-0.196299915749717	0.243846193005485
0.228095606899206	0.284647342383877
-0.305140356331995	0.349382806436912
0.0784729578906946	0.0656458662465273
-0.184036905744485	0.167696030402511
-1.27269481080857	2.05159814555349
-0.0546730081212704	0.0444763232354657
-0.195480312464309	0.172737506442124
0.0772923296585381	0.062776888021889
0.771637135429336	1.10812054716544
-0.0863190874321393	0.0830985883101084
-0.0741563856088535	0.0662364188688164
0.631425162869254	0.68763963117838
-0.184182870239688	0.152730939458124
-0.900607777069027	1.2241818724085
-0.430781558081481	0.413403627080959
0.383197531085018	0.351387337901456
0.297946231769634	0.262703047756681
-0.674343707223185	0.800318629765968
0.295285882867449	0.287918400295534
-0.0181097235764829	0.0132538823254139
-0.408246830434805	0.397941155587692
-0.863810375075359	0.8852817533726
0.125982591734771	0.0946531997881467
0.384530117071594	0.350444435788618
0.336765577315024	0.247713294817417
0.172722338592766	0.320612352564442
-0.036555899598512	0.032954921100888
0.0740740694766994	0.127834710275209
-0.129102162103613	0.2301674884667
-0.0728467685610975	0.100675908257274
0.355199052260418	0.799490370647621
-0.115081686674011	0.193570945897231
-0.0542110266498964	0.0806970064130375
-0.0120814724252676	0.0176319914329962
0.106807222940205	0.175194115805825
0.054691699153641	0.0742786311429017
0.289739513914888	0.640522307678509
-0.138865257360517	0.213697707616394
0.0997057371851044	0.149413398361831
0.421063034508941	0.773058344831822
-0.0887718824359606	0.134362490370763
-0.127520730533173	0.200378931083837
0.00752729128865144	0.00982565315012851
-0.147688711741421	0.254433183934475
0.0286353313053475	0.037299833086951
0.0339047758994287	0.0482045149218473
-0.0324042513410129	0.0366009777072569
-0.0187379540998426	0.023664140696534
-0.492492085095953	1.33939744378667
0.233080886227394	0.460281587036607
-0.394222144654734	0.653723115404617
0.044962413503668	0.0379251759761828
-0.0667048317907308	0.059212015068285
-1.009984320194	1.57941169375162
0.640467133525118	0.951750216914073
0.375702904261596	0.451142979006449
-0.0527619772940046	0.077081076106911
0.027003069183974	0.0375852188323877
0.108848298996464	0.152831084218375
0.115147830821711	0.137426559082944
-0.0940570077029951	0.115922968306744
-0.166322249285346	0.210824934438459
0.00135214894972478	0.0013219113640448
-0.175249262484475	0.233279267058614
-0.161896227739621	0.194207092765354
0.0874952968641936	0.127973247303925
0.302679603705173	0.550241352089907
-0.212624116298889	0.267793088759638
0.165783262667782	0.173469180078767
0.469152463156256	0.550348682101339
-0.166278732426081	0.152427331494324
0.583602865980284	0.893132348672859
0.151271452516214	0.199771784296435
0.00489810153558704	0.00426730422589374
-0.138153705792703	0.148981315934886
-0.455027168470817	0.500961271825194
-0.127470309450969	0.108844630591473
0.403501546142897	0.453981866025275
0.608428477938364	0.677072032249353
1.04835440309997	1.7256265266353
-0.66504864528111	0.703754765566642
-0.172732855734463	0.182836665294299
-0.00477089644703864	0.00405551431811986
0.0735344951371589	0.0704860426464231
-0.333273730810834	0.307593775488172
0.439093496031235	0.553375562531831
-0.345029787774981	0.321193725399657
-0.0111652447313587	0.00831402869805485
0.00563488448753289	0.00475929416272122
0.156997675061613	0.141703507561882
-0.174819630147299	0.193536229746387
0.457146116217273	0.546556193610084
0.860098973431219	1.36405130312171
0.66012721820943	0.949004596109981
0.165104913481723	0.178494291903202
0.083942637740984	0.0960752020969518
0.15392539557391	0.204817750863048
0.0534233083491699	0.0685994890758183
-0.127826925524947	0.155208946623973
-0.375875411981138	0.522321818020442
0.2537219534869	0.383349992421285
0.146405792981442	0.219921857882757
-0.296718711673751	0.503303241013179
-0.513780889544645	0.747160651497294
0.981758635108188	1.47805967553367
0.255355959969216	0.301208708828634
0.0602895703837123	0.0444187472200387
-0.432558739205098	0.454235009741525
-0.275670515077002	0.302441878506451
-0.0391626904848216	0.0323187375560874
-0.335227614944927	0.310207557557887
0.274927796241846	0.300847859817891
0.375105883014878	0.349416231544185
0.217504394553373	0.304949790397867
0.388495876059193	0.618000729505526
0.120341577008958	0.155296751639284
0.177681943304191	0.283463919657997
-0.236632313069318	0.381512127723772
-0.000462610229118517	0.000511762181676703
-0.422148927975302	0.821216755893559
-0.10635325577745	0.137757701114179
-0.521112553372834	0.759406636447175
0.386692170456389	0.355604847720109
0.293968942116648	0.266054880334992
-0.0277022411785206	0.0164705257620338
0.56919823672229	0.648754313693142
-2.00310519137638	2.84981816939232
1.07535861637515	1.65183215984471
-0.19614227993135	0.158015044510676
0.290352954787705	0.296878379930653
0.501948979622928	0.620546148039371
-0.348192353678879	0.319717613852701
-0.201844471202606	0.165003411453149
0.636888599683555	0.685340882070416
0.466417567075897	0.460732143155577
0.470166716024387	0.457344780226136
0.326215849209314	0.232958617442264
0.0165891821959448	0.0109070001746483
0.728300166590131	0.731117827983894
-0.0270022926987043	0.0192553724490673
-0.519887646754564	0.409227095486826
-0.222072807392751	0.214815853236067
0.099066132689637	0.128041176875634
0.19065791133156	0.246630239907658
0.00776502319531361	0.00922440732517341
0.361494384992231	0.646439559222898
-0.131235806855351	0.149009852861182
0.0565566133213971	0.0599807895430854
-0.143458863456265	0.190026448081476
-0.214695631153224	0.249694323984003
-0.307272014080529	0.468219201947968
-0.606184097970793	1.15811060502543
-0.0985475846855806	0.131590988389477
0.130703028112349	0.185267733652532
0.0901634943441754	0.077726589220818
0.0622644513438647	0.0478731217862977
-0.589905351982646	0.587317884042927
0.136283849286206	0.114309701838855
0.851524388849837	1.08194913299385
-0.280648623695189	0.356218897352802
-0.147673890895388	0.157819894634246
-0.307175752762754	0.283422483135539
-0.155733664154719	0.155196464504788
-0.782873429209965	0.969188209018497
-0.0338221443366328	0.0370143348549438
-0.365852992658108	0.457581695272795
-0.24443750584487	0.1706174047308
1.14592555682909	1.0340077064551
-1.13666407684021	0.926676359329798
1.23516737499632	1.46521598877676
0.0668343092780518	0.0304650306979592
0.210040496052558	0.139311953570022
0.315626877299931	0.359102210653837
0.221369815714529	0.177785787691883
-0.0335540569244641	0.0197537912778847
-0.636400750870758	0.407902737671361
-0.147673060847707	0.0666736840225838
0.596536093338576	0.473932013335678
0.466202393355954	0.352908875915884
1.01355061469539	0.713141035373609
0.483095575841391	0.357495234885241
0.236815788740725	0.398105168384314
0.0673470424612286	0.070646333101436
0.0779660158689093	0.0446979627039704
0.214689547084977	0.304796824853837
-0.124089163982656	0.206192132732173
-0.15571517892894	0.285540748549039
-0.351499416371906	0.78867175746948
0.108520953209672	0.181399114520679
-0.363149583845141	0.848184625755167
0.273578705209765	0.50336180230543
0.155330179785367	0.253166410904896
0.154227315051182	0.238781527225853
0.426688799820205	0.799794696776806
0.123085130533384	0.195861718774671
0.173953574420023	0.285230970442047
-0.0341713965855308	0.0477910757523325
-0.281323215450062	0.485806848534401
0.191736627759027	0.30642964426383
0.107403146944592	0.159015124916499
-0.33333916593676	0.642948786723446
0.0381993059611957	0.0537837303768636
-0.276405753152968	0.557095513774888
0.368078675306179	0.73015728678391
0.19293941338736	0.325849891305232
-0.262056516356753	0.469927483724293
0.268216963263138	0.494877335759758
-0.186072787859679	0.324621151443027
0.349133384662	0.490324860301389
-0.196077619539074	0.221390440358595
-0.235815770026657	0.274364011301398
-0.18354581419225	0.20474540914337
0.172115138665565	0.212439505221455
0.240512885270623	0.384314420410631
0.259151971617833	0.380913260776973
0.0812127492552262	0.112925618894107
-0.0229547621005823	0.0303444241924721
0.0300205981777935	0.0359002848964311
-0.160538021845677	0.225586397175014
-0.72172483196138	1.36263391132271
-0.286833056873953	0.367607946418895
-0.476886429866292	0.830527577562857
0.222195613846923	0.34458282198799
0.0261240715701477	0.0317417641187455
0.32522982323116	0.489221729630948
0.261590542214562	0.411077733073886
0.135848278764017	0.156962383932383
0.153281150646121	0.211205348668395
0.28691431021802	0.474678953346158
0.372691954087121	0.624131300754176
0.465786806725463	0.681918823792761
0.855713729662297	1.37199960522116
-0.0895107364284816	0.084351115138627
0.434494362455099	0.613776795920155
0.729861889485545	1.27323463570169
0.357059340734928	0.460273869212691
0.0592811151696085	0.0631505354698386
-0.0932065762068006	0.101753634164804
-0.344070139174079	0.431593867725262
0.805767388139716	1.40380629248406
0.140549581728239	0.159832938931725
-0.324158942720717	0.369999304422737
-0.30862403635768	0.304861861734568
0.301082625187847	0.373076493616061
0.212859180046393	0.266608513142647
-0.220359886136341	0.246492645762623
0.220343440718761	0.264259639463837
-0.39317413501204	0.51592177853992
-0.685511542404609	1.12916761048246
-0.740071479139722	0.961900472755584
0.0993755707112615	0.102056358530664
0.0753073408836611	0.062509325555806
0.261429178151315	0.279308454838959
0.283745525094767	0.288321098763844
-0.226870888705829	0.278272817356371
-0.0175024520769871	0.0162822719524052
0.265964612920171	0.313713874855
0.653912224610317	1.10584543019436
0.0125550637414506	0.0115823634238089
0.00443032603306145	0.00390037342394784
0.435666369115012	0.54613255494144
0.0402276257716622	0.0449820582212007
-0.0864283095364415	0.0830098139066995
-0.304488697087463	0.408211287494545
-0.896815647024132	1.94893072687659
-0.826628520893569	1.68299977319303
-0.308796385647648	0.374304050981061
0.105013199594398	0.119620413356593
-0.413385754742276	0.516109773244734
-0.145615253872827	0.121189530000964
-0.475992906213128	0.553280014717166
0.208361320366519	0.212283738791028
-0.073203664076202	0.0769140387475875
0.222969075359318	0.234802403420667
0.145258493279901	0.121491636083102
0.373049259638004	0.453903357610049
0.118095839806583	0.112976296701552
0.163856654660317	0.174261971080945
0.680937994919054	0.950409410887498
-0.102978193220071	0.105106453969804
-0.726105758797345	1.8255614698013
0.213773344923353	0.315980822566113
-0.301697718790259	0.468824201572379
-0.312324130257303	0.455872397990822
0.341014874865775	0.365948442825705
0.390429541978043	0.442490255837347
0.54343955464071	0.621669291248487
0.2071551666332	0.210541611386259
0.40396156666465	0.445233679797208
0.844071292726107	1.42929046486133
-0.269460374954015	0.255945153773973
-0.414859975239475	0.547382198389676
0.0923066072602208	0.0857669239395597
0.785730273228336	1.14313778918909
-0.233398695104103	0.260022106267585
0.054006886187448	0.049274318854511
0.0785062269342436	0.0659430940685914
0.7027233667091	0.983913505989078
0.145669723305121	0.119758220971687
0.0344590543633904	0.0283991772009977
-0.0964131831395282	0.0845079076747649
0.254631622535756	0.274057081221182
0.121389246131707	0.142199286481554
0.0189334513458094	0.0192184640150546
0.147276702788785	0.165907223554752
0.425839533850773	0.705939252210178
0.378629690218934	0.596016025814495
0.185480958896343	0.246817983617812
0.431729180398614	0.71803344148005
0.0605148778564959	0.0642692027341479
-0.329649236678156	0.463060821726721
-0.0110331259631815	0.0109893422001294
0.0483766509883636	0.0533184579917785
0.00928087913306269	0.00975584530648653
0.0409157001953399	0.0345657913772543
-0.0879699521808094	0.0694274368236119
0.208996795121562	0.183617370603368
-0.271891498039989	0.183987373017977
0.418475128856317	0.353306385571372
0.0164551065181084	0.0150692966577906
-0.518536155620517	0.564353985062061
0.0805900335225183	0.0670204562450475
-0.0873363994451388	0.0751768172263084
-0.305520928542712	0.260508476287211
0.0507394836060884	0.0449500270482061
-0.684943217332364	0.824277802125733
-0.222683307048168	0.153599934954712
-0.467817968111296	0.48713443919983
0.220357193919046	0.154884174108658
0.477721017480367	0.45419867881058
-0.201506349698583	0.144278420123254
-0.00230164203037398	0.0014966052454578
0.222286912240385	0.2193179148043
0.209181708739675	0.18045481386935
-0.547120931514008	0.468862693603944
-0.713241157920079	0.743647197096756
0.357677094249988	0.240487217380043
-0.707120243459948	0.696275417702449
0.314087522085338	0.250713728532798
0.219150507702264	0.129505548041717
0.548003142628243	0.633862127989706
0.598772648920869	1.15335103687197
-0.136457157336659	0.125467691493947
-1.26777170267232	1.28122623913541
-0.156928844417104	0.167657861736367
-0.428888028077812	1.02412778668124
-0.222158425077655	0.416858297267014
-0.549352979314005	1.49039183823917
-0.100226299752627	0.158793906786371
0.0824152943365453	0.132164123659918
0.263176467376421	0.341191837299128
-0.0803132213280763	0.104331065791174
-0.00111157263297287	0.00134346803113588
-0.0137773925915519	0.0187144092198948
-0.0792441483977308	0.105359804275471
-0.0892078223746954	0.102980780721271
-0.0402807028911119	0.0502214865684677
0.286777396957895	0.422198281759117
-0.455349585222402	1.01220292713693
-0.24093063316149	0.387532970653782
0.168818333243485	0.27898913307774
-0.544316337995285	1.60131904079002
-0.408562068169594	0.750784769079093
-0.0803561954127135	0.102485812302676
-0.381941630151821	0.851938875170769
0.132797574907267	0.184933930988691
0.351083757689674	0.64405715028433
-0.421855192582557	0.74822497387628
0.164004826581235	0.193537931457588
-0.123734700959444	0.158895364658298
0.14234951857276	0.218674493188039
0.00854490247089766	0.00836029531117044
0.116916301218988	0.113809630962211
-0.0695865794216751	0.0782687071885033
-0.879244198867554	2.48440547692016
0.288819734308541	0.505870054371644
0.184609945661104	0.242833873152429
0.404089709918533	0.720201867592821
-0.291789582881487	0.412175683037667
-0.290794445742207	0.410551180202254
-0.00880523851990542	0.0107528284665414
0.0722436901050698	0.0656982176149481
0.157560529807113	0.152003714441202
0.0797799564487003	0.103008678022438
0.213736703374671	0.287087458834573
-0.00492386460745331	0.00539441939810552
0.224770265859088	0.311722116493489
0.437190377258848	0.75207067711924
0.531549655619489	0.858253866334485
-0.0575806472832546	0.0602925532387263
0.687035545309869	1.23210864845382
-0.557324640438501	0.947968804621159
-0.17282562736361	0.209481398406018
0.305894193176432	0.434317794796383
-0.357292193458679	0.476184930849705
-0.148969437384111	0.200326560101019
0.284525405298399	0.418459591204163
-0.279875991905132	0.372145773699356
0.101806564680357	0.112640158027233
-0.144286964307078	0.157722409416055
-0.45079890243572	0.58342955228051
-1.2497517251577	2.8629488699559
-0.0305834649293388	0.0326875868335403
-0.259424325661122	0.319915754448453
-0.412421104803093	0.528039470258203
-0.212638529326893	0.26391539478704
-0.63968120868674	1.10678660582179
-0.277995082401558	0.337724916097134
0.0207660197249767	0.0212635557516328
0.133916933310388	0.146190446347
-0.343861829391504	0.430395717721475
-0.450190908724951	0.678721402958034
-0.208734259887974	0.234725372721695
-0.167386230010013	0.201200937338541
-0.768541414005911	1.61144908951228
0.205616455075471	0.239358457595435
0.0237321185824119	0.0225948260154855
0.00903731248190971	0.00875705240018528
0.0241347366225981	0.0192825992910802
-0.406564844282199	0.369648184804967
0.129385288742052	0.139756652901893
0.0657987811071812	0.0805652871365716
-0.442119815443848	0.507642595496906
-0.301271397414702	0.325863872786501
0.287792671017864	0.272251557774485
-0.185604323332744	0.209276236031991
-0.331833646862403	0.4766623891846
0.0950838942421448	0.102884580167016
0.218994475567877	0.220615226480812
0.33889344226609	0.439292448723734
-0.0607638329098579	0.0669298157402407
-0.199443922259153	0.235705198994327
0.0889528462117832	0.0940756933926515
0.0925013630935149	0.099945835872095
0.648741790260681	1.26305774572628
0.0753952816080569	0.07400434857088
0.604385070711662	1.22065657076187
0.0741998556112426	0.0706652222005592
0.37530741904671	0.355306002944468
0.383869989865386	0.240150298239521
0.883834182754277	1.48946021893451
0.210067965005156	0.153092999830864
0.0491767222977645	0.0350645666072334
0.351118864456646	0.560505121544823
-0.255841688223573	0.355826749406018
-0.318639023309041	0.405989141643292
-0.31075724061923	0.469075203681993
-0.199978577577868	0.229028936613886
-0.210182837159518	0.233990706025387
0.221617878600483	0.242610786769274
0.215824642369656	0.222589327010893
0.0937339927924448	0.0808866789536138
-0.167604848832086	0.177571001603178
0.2619592700151	0.275566163564955
0.514351326234226	0.644282200835425
0.526495563642606	0.694045396041178
0.726150803742596	0.99102908613767
-0.319780603763284	0.34205460582917
-0.940642695851848	1.64925938508634
-0.90642156425554	1.50951423137073
0.426393317796975	0.450961798884482
0.162970064441431	0.1581215152795
-0.336966280994046	0.332945188861432
-0.266119743912218	0.288973944413969
-0.0660872427332006	0.0644409109970084
-0.547016962153327	0.626235614181818
0.268901568184916	0.297781035454205
0.147999004792673	0.145116488524781
0.406220040377983	0.363490802399828
0.221699285622107	0.154335761962685
-0.14652064330264	0.14275085860817
-0.0589589117884813	0.0570066406024744
0.0937046426246182	0.0842284977595202
-0.420169467253721	0.783234916805307
-0.0343258644937013	0.04030438024634
-0.276924320556145	0.384891640957124
0.0982520737342278	0.0888201185104543
0.105422877875729	0.0977885132129815
-0.0154729370112632	0.0154913091972637
-1.12462576574507	2.56766414038588
-0.0124630249590906	0.0115151590283997
-0.091625649676007	0.0708939578363285
-0.322412841233351	0.300375325225137
0.213771639075494	0.172659320075626
-0.0570962684677196	0.0399274887044785
-0.0442842288192132	0.0311879130569225
0.21688165377152	0.177765588216473
0.776328571125213	0.949184492709972
-0.166303042248691	0.153089344670534
-0.727193889509218	0.822309196098064
-0.092954782774768	0.0711525847436549
-0.367144910534186	0.361912683274086
0.49337356502979	0.456363765652794
1.0216387851567	1.2050357430897
-0.0473369717288559	0.0329202320968169
1.15675202467077	1.27532833877122
-0.688778963986722	0.871151571842514
-0.634431098371726	0.760655059724549
-0.276372237084926	0.256099378107753
0.298250857926985	0.254177995634485
0.322261270900567	0.256069950415442
0.478779622739646	0.453296802851784
0.208757713333974	0.163166495656956
0.281816705826708	0.295130760900077
0.358708683889129	0.142181117816891
-0.627971949107258	0.906428038154117
0.0328608968435144	0.042147963628523
-0.28026261706733	0.510473259490762
-0.00849264660540269	0.0110942471674781
-0.0900813483213237	0.128115947849458
0.0545104350130505	0.0752002291910801
0.431695188058853	0.449296096938841
0.0630684303800489	0.084434737416568
0.124678344078069	0.157018588442237
0.355167335810719	0.462373793123992
0.189096582725622	0.241971475037443
-0.117739009412134	0.138259062777693
-0.585645779785951	1.22810049963894
-0.613723824379967	0.964194445212396
-0.012565338031608	0.0133272612420168
0.00445971906343687	0.00452827523456566
0.0710314372298146	0.0801541039269279
-0.173243514838536	0.267372799791866
0.425562091312865	0.682647661197276
-0.341319518973331	0.583834920181281
-0.245747686946924	0.418490197569812
-0.48159239304669	0.772686549264934
-0.171286194931465	0.204315860629843
-0.249163735969274	0.341527320438351
-0.0989640419157728	0.108899024119833
0.830568662176797	1.49080240838523
0.211093274738764	0.228891112629194
-0.0580118691975338	0.0596311443511479
0.050990525647823	0.0577308420275116
0.0415372631392702	0.0450395689092691
0.00388739323282974	0.00436476871347137
0.49452866202128	0.787416420177801
0.2355949230888	0.24524716698653
0.287174993285751	0.263635243432231
0.114887126638317	0.126989206912208
-0.496626913610092	0.870014967949708
0.0980649478468519	0.109856868538808
-0.0445126504068621	0.0436476620103395
-0.0578877188591142	0.0607587493530198
-0.362780794025026	0.483697926633929
0.233098413488086	0.275861452599931
-0.215597521810046	0.28307954755405
0.301523984040234	0.359099005978134
0.0221810559259857	0.0203021704677935
-0.0998107206011599	0.102448065497683
0.466697601294522	0.542994617653686
-0.0173053167086632	0.0175627824961048
0.397628684008265	0.601617609707348
0.0689655045267332	0.0751248188273801
-0.437956746968259	0.597283542204818
-0.0567891422400123	0.0629599660422989
0.550574829570011	0.818742026932003
0.00769008029802036	0.00725309505671181
-0.101374050095369	0.0953316021900184
0.0234883192685729	0.0186999528998616
-0.33912850057312	0.408843123394364
-0.208545157986541	0.234072070887245
-0.181630427474163	0.194323009260397
-0.7881360320055	1.3239350034028
0.0469111588582334	0.0414210821562921
-0.204020160530049	0.214477487617482
0.00110480135415036	0.000915332555073478
-0.570361814836272	0.88962137671021
-0.530108063294306	0.597584180167012
-0.268037320713253	0.291618347857865
0.0458532989923615	0.0405297934457388
0.0767127207334043	0.0775658750106197
-0.631463637711629	0.759002986352508
-0.161377385535445	0.144379558748407
0.816252036570048	1.60523956621169
-0.20768156869761	0.229915093095517
0.280003408242568	0.255090750387916
0.460842779754652	0.548440728782236
-0.383130851320927	0.431271425587861
-0.726358870491056	0.846930088193695
-0.0621852686169747	0.0558575595275965
-0.130931214519119	0.140318962804648
-0.680576645480716	1.03088952764547
0.0127073753170259	0.0110739800065041
0.289800738300564	0.261594851640199
0.382149459891481	0.466252706290139
0.117364775776272	0.118226486579243
-0.167358514339347	0.179691431418107
0.859739126618794	1.37854884806188
0.0638683220387697	0.0495975070630101
0.0592069208143647	0.0435740518735182
-0.495648442380147	0.608877994343704
-1.03911488397021	2.23078119111248
0.28710529212253	0.297074798037353
0.148985445466389	0.139739138694627
-0.188482832459251	0.199105206968432
-0.123170793901962	0.115005682083127
0.338654845721532	0.45200012869636
-0.69924812880058	1.08349350378173
-0.246841259792226	0.252476395272698
-0.293793131280156	0.290729506634372
-0.913318991618247	1.39080367142322
0.0116665509485942	0.00933732197641957
0.0275973751082935	0.0188806789409677
-0.137786185944747	0.114127316312124
0.205220915608845	0.134322302952232
0.806922171661074	1.05897346275516
0.850904889029385	1.24955475992066
0.215807805598475	0.195188639037196
0.329342293803311	0.3568602718195
0.159565738684604	0.165021122151339
0.174555141690704	0.207185842904938
-0.12402530821037	0.103460148714537
0.829684642290485	0.651373524708651
-0.188550668563505	0.112738521115372
0.824100611955063	0.660661115899993
-0.326502347028735	0.301365081554414
-0.134412600603349	0.0873507953282871
0.483120867491711	0.351850671697875
0.280737165822248	0.391365911668952
-0.421297463831081	0.629278288011807
-0.223338313576854	0.243229282578228
-0.792863149452959	1.17638417353494
-0.53149247195217	0.745812328990209
0.0315136118664439	0.0263081980891193
-0.344840118132711	0.367074607450996
0.148617609056674	0.130388694061753
-0.176838686673693	0.13051481901372
-0.437438175792445	0.459341941609823
-0.421215186333355	0.496867696103587
0.276587332634302	0.260243789421156
0.21790726137918	0.200111682365421
-0.314814236328837	0.20604394557272
0.359268731133451	0.356910654798388
-0.313124558246847	0.324455681788559
0.935228851026492	1.2386385765392
-1.3617572849774	2.64886078296478
-0.25225217550723	0.223445653741078
-0.127369369003921	0.0968040561099138
0.21697291458046	0.195444848431911
0.83451076156053	1.06916708825579
0.224253473217301	0.204397754910101
-0.327211509872124	0.326707273143518
-0.298746327154215	0.303118070262243
-0.255687277533774	0.202544559186232
-0.0212345143549182	0.0151343056900421
0.216602414984615	0.202831067601971
0.128491874384862	0.0956671050469341
-0.151079944241201	0.136528231651441
0.239443873974168	0.122569172067551
-0.0274111262574117	0.0162201805605317
0.664333276499336	0.703256730086912
0.648453438411003	0.952843812571188
-0.0211031677839221	0.0173987949431518
0.284916615484543	0.270912790904823
0.0542560291170615	0.05545352738369
-0.346449196482004	0.477035699361665
0.12568925302399	0.12905455558234
-0.0616019381853786	0.0427892017038758
-0.589644540404792	0.827205382763042
-0.468190389385326	0.667617797039607
0.0224245559184204	0.0178163313551754
-0.163538560003039	0.149511402303921
0.120807243898055	0.0878617146245149
-0.70634351868006	0.637494350851745
-0.645283895614541	0.647766416023003
0.402535977921507	0.447283530164692
0.450564700836623	0.454549830396454
0.558136433497627	0.567978826462287
0.214207425361945	0.167958260928189
-0.463539626542245	0.376884209877803
0.0231626335257031	0.0153092739343298
0.211516434672758	0.140535309036615
0.227557511963959	0.143109352655024
-0.134050005272493	0.102386411204411
0.13522206119044	0.107149941159902
-0.0264517407826166	0.0156433279838994
-0.0253080619554563	0.0148625316989584
0.00825414395591004	0.00523072149097973
0.671662168351963	0.607441404820472
0.56428790905872	2.22015225318693
0.131700131281085	0.165602184876779
-0.17033575506547	0.304966525026388
-0.228441452180822	0.410320925928664
-0.406099226753174	0.603253227717591
0.0879025254966098	0.101944340178614
-0.387381220575054	0.633051152424047
0.0709887498383745	0.0867082629322285
0.543101252072973	0.954373330845603
-0.123640350746	0.126339436433473
0.185616038007732	0.34117595560704
0.218539227559818	0.345283708263317
0.276987574559736	0.442294554800836
0.0169928039020246	0.0174599668196029
-0.427124452440539	0.832813909401319
-0.0126678355777972	0.016955675981675
0.0905147973955326	0.107249195849092
-0.0596767892916906	0.0819753216982987
0.176820896433784	0.226735461635963
0.00688131260801011	0.00938248815749516
0.403083737741108	0.540123428016107
0.450693255663906	0.634418554143392
-0.0933372977587021	0.147411919915744
-0.02630088638529	0.0360422032837864
-0.152042138035386	0.16951514374946
0.116841545093123	0.0820436925118725
0.314542406421112	0.251475261908431
-0.0362975159438852	0.0261147263109491
-0.297806404074154	0.249276860265878
0.0136360300374926	0.00906517946449856
0.560858937636373	0.575625762491388
0.813577040487969	1.41613597570325
0.104119570903939	0.150193859560864
0.172242573546358	0.290434306906178
-0.0572247223864913	0.0819923924531315
-0.548151631917558	1.01911846161537
0.0988546613329821	0.0934897243252559
0.0127187259592728	0.0123284653729601
-0.511820862630007	0.724742052609591
-0.349616054636945	0.440543599483238
-0.484288332447428	0.532319590978346
0.532998136745173	0.719674350929958
1.02717605868758	1.60780176342571
0.220093553227404	0.240515105136382
0.0572025187131601	0.0859020587326548
-0.00197999623500139	0.00189359343011373
0.277905475769575	0.28701541719297
-0.0963924209389118	0.0845071844754754
-0.0455208438333745	0.0592220406312047
0.141037178658962	0.200907782874993
0.612892627598829	0.600199040113185
0.221323689204305	0.14143214631831
0.11295064005546	0.0745482350379719
0.339307563723497	0.243558294175545
0.20812885885515	0.173791809949631
-0.318107939433464	0.210178805386035
0.682502531406419	0.807803587908916
0.330956881890766	0.459119080791697
-0.187944601721828	0.224219924118337
-0.327547331190331	0.350888673916079
0.613499488155528	0.594318709713112
-0.309179136263535	0.289466210103767
0.130867061608653	0.101518967104282
0.00644732794770886	0.00411628418232765
-0.255020741300331	0.198981141314043
-0.725728885789233	0.816462310778985
0.276857525856378	0.26977574905024
0.219312969674779	0.17470426094678
0.223816497422265	0.156109167205001
0.852447148016859	0.897292226867944
-0.903637073503172	1.15648369928432
0.103147138889154	0.065868520896619
0.378972331236195	0.358385309874381
1.23477589393144	1.83167459122466
-0.13283115300818	0.0866890959318905
0.440838019791684	0.45504911619009
0.549553984753877	0.662174248694315
0.12942856843684	0.100501734450148
-0.528620374490117	0.572890371399683
0.487198070976404	0.64094520564214
0.820606191705236	1.77578464866047
-0.366222532591107	0.352632781230673
0.0442725403383127	0.0453801035487964
-0.0044849931963338	0.00521571110674183
0.259634086140166	0.44733041298577
0.107223023043228	0.126824709608595
0.476689489859769	0.466049473122982
-0.408939988219068	0.746983503402278
0.788164413720809	2.15572036520259
0.37717704789771	0.805991594095823
-0.256754233210717	0.204102211321851
-0.0841715491841025	0.0669462442639657
0.0645158571618703	0.0293195778083584
-0.788352990754223	0.817655793403954
1.27586733419769	1.07698802561668
0.119170909028806	0.0849175095087551
0.997003824282864	1.07457530904688
0.121348437185202	0.0850536756119834
0.216076985825414	0.174378233382568
-1.12775991184598	1.4138062194834
0.540096645985803	0.470477548031619
0.814541721829362	0.88153886602621
-0.015064327202848	0.00906730973313013
0.361335913327297	0.36625536175219
0.710641658380879	1.12991760415007
-0.161142633109762	0.273979568035811
0.112579203419704	0.13087003204324
-0.337816546068795	0.423821382372907
0.0700916382380844	0.086154600169558
0.288672705036385	0.463676749866581
0.16530590695603	0.239295200700654
-0.22764982605315	0.298712682937509
0.258982058527967	0.394344328721233
0.134529058030836	0.206625221758993
-0.113579612448188	0.166591159064798
-0.032612914682232	0.0371047098876495
0.175152019607609	0.273383434131427
-0.447437160705797	0.687995300051769
-0.0185958738119579	0.0157325063726679
-1.17130303037593	1.35942438484786
0.218735549232326	0.13835921917735
0.50987472482641	0.352014968815979
0.11095272862829	0.0770209753819907
0.67272887381913	0.606651322015454
0.668134271327751	0.768914500805396
-0.331907303419739	0.252099667837637
0.942278918699369	1.04634249032099
-0.520682727261533	0.409830454643962
-0.638736754316379	0.414457884484587
0.0812924189602579	0.0464424882817667
0.818419786331723	0.778219671403794
0.458728707294302	0.356334815651476
0.0953630483719643	0.0572714299404742
0.671441748185582	0.616765410511448
-0.105233692311811	0.069441348018203
0.813002330831027	0.775334586773385
0.218124342552838	0.15317654065361
0.212964772111616	0.142867739786958
1.02265496594863	0.842062439369012
0.22261748606543	0.149258415274304
-0.710635036525496	0.703688189729908
0.333932586043242	0.242690193087171
0.686243247331019	0.814138384093401
-0.244021182590539	0.141921092023652
0.353102578453474	0.235628913871015
-0.109880757035698	0.0730849084972347
0.117376780912969	0.0821509058923952
0.826184746461912	0.669545947032838
0.335544391653703	0.24672341734113
0.164881735318423	0.224957860461295
0.0481736244835513	0.0552122715542027
0.138661801341999	0.182893978924407
-0.319041561824856	0.407092561043084
-0.903748215657291	1.79175877757759
-0.541517012863232	1.01100237943141
-0.0350628743202412	0.0281891961681274
-0.0218661120991592	0.0159689290870509
0.278493831588072	0.392119880737715
0.0172726576071847	0.0152568129847695
0.443069164391442	0.557661870189286
0.366447314342553	0.517976550073744
0.301773260393784	0.255530365916579
-0.026980186369842	0.0157218212425622
0.899996279186581	0.673559462492489
-0.097727196731076	0.0915329405142866
-0.169139585102071	0.178510527971053
0.391582561435576	0.343474496275679
0.875476248807515	1.10690136426636
0.303137295488138	0.371756895470026
0.434149608622764	0.461003815335435
0.702119085983708	0.403263335361737
0.51284994722825	0.351940647698529
0.360627921520169	0.143845143139584
0.269821445086104	0.299366363211367
1.381669880261	1.26552899096827
1.01427393434064	0.709158738239508
0.0673589816933551	0.0332412962313966
0.2868004091029	0.355442619179865
1.44756244912313	1.14777753419373
0.230660122107125	0.287370578858164
-0.163181510344966	0.266361101358953
0.0973557045521453	0.132645365806187
-0.179645236144373	0.274260162053484
-0.0032993091044431	0.00403742866272429
0.217946411969584	0.386050332901532
0.548019740066089	0.947174272063425
0.530110949994072	1.02678358203347
0.545494567416718	1.06399608951958
-0.25488961908877	0.393393540284499
-0.0517787793302658	0.0549404158647336
0.256985164347443	0.292689287570946
-0.455479341449975	0.802936970225877
-0.0718289225925677	0.0867842602380632
-0.367750018248084	0.549565751141453
-0.118213954025636	0.138783385189972
-0.498875269203381	0.784479929803254
-0.150675275958653	0.227784686688668
0.217875919751619	0.281405254935322
0.0876633815193397	0.110399612440495
0.0868953612307069	0.106741102095171
-0.0288053215246412	0.0337395024695025
-0.159205906336165	0.220717537004834
0.186032331270533	0.270610038679846
0.175096828401008	0.239639070835602
-0.580145259145524	1.08332627989135
-0.0269557934999863	0.0272122099738396
0.801155535756838	1.39442891652888
-0.386524405818117	0.436497310536679
0.164344108308615	0.172496284789084
0.241232189107223	0.289110238267412
-0.188049705869734	0.208058991822487
-0.132719166057691	0.157620964794025
-0.0632176338762118	0.0706103215403484
-0.195866663152042	0.254837872208281
0.477219339172986	0.647743269306516
-0.0421042937941324	0.0491894458517951
0.0656318510797358	0.0805750908037969
0.0605329742593876	0.0652074736050424
-0.397024147529358	0.586666904808208
0.52148768292921	0.815596904301727
0.0525198046726686	0.0477642270312602
0.163701930410275	0.181283136676243
0.477183047163304	0.686950516300274
0.330213330638618	0.454289222206676
0.417220659808299	0.629458368442226
0.156335553735083	0.16156152350802
0.0418291756226729	0.0499577520191369
0.0822921383500875	0.0845014301149623
0.0341478046681348	0.0331260847165775
0.398981603860984	0.541653601562425
0.0195270546475044	0.0174294136030306
0.0105189545955484	0.00923717661415388
0.69726768896879	1.07048049478184
0.67930203463917	1.01462119691545
-0.191321001077368	0.174607005544632
-0.367540919033955	0.41193832762533
0.0399590110499174	0.0383590722082844
0.0450583227669608	0.0393082457712108
0.0221446534338956	0.0199041769936713
0.156023914512606	0.151715263520322
-0.497680306675207	0.543987005879429
-0.0455917498062544	0.0447675826610434
-0.571175702358431	0.616425320861987
-0.0055581416579791	0.00412234911171472
-0.832263670484744	1.18725243171373
-0.288792319671193	0.353351432634774
0.718101239214743	1.25362666297381
0.292328125614305	0.260537765954255
-0.00806979148226627	0.00680611215334376
-0.228039006614915	0.252337305131313
-0.0792892678869349	0.0815936353403689
-0.232584487848293	0.184272548327344
0.153299680789642	0.138429695470125
0.215286379116119	0.220702878597205
0.00723564252478572	0.00560461143774726
0.284923931113989	0.311118126966402
-0.0550019795647492	0.0490814715671889
-0.193915422908912	0.201305868450245
0.400850646418953	0.43877055134322
0.37587131906644	0.455732096105538
-0.466237191084725	0.486154141285246
0.0825093574539371	0.0723865715894281
0.0268790491401044	0.0256653654582088
0.731831191290211	1.07754278977525
0.32612145092795	0.390560300846438
-0.24024550306718	0.274428663088193
0.396965951036662	0.454223680560581
0.610749079742376	0.941105921828579
-0.235786377410021	0.244903106050595
0.301286962675346	0.263234538998385
-0.183415565109972	0.166532281382524
1.07872674166265	1.66665843101772
0.0713066487467698	0.0599807425108086
0.0912754265491928	0.0823066018389714
-0.235194348984972	0.225086777143869
0.285318960720574	0.286120114407765
-0.290069866343175	0.226854183315629
-0.156027628314181	0.141394746265424
-0.141276935888551	0.118822502199702
0.633258391734783	0.779248366951348
-0.422262196725817	0.606302157791104
0.15281506522878	0.144429189542051
-0.353945934081694	0.521484038793028
-0.620900463006478	0.981542565663197
0.670375090854764	1.11997870669408
0.881966613757051	1.10626312482744
0.220181260445188	0.196535867296443
0.355589059938583	0.361552021780471
-0.177617902050666	0.186664417918996
-0.283513475726011	0.243051836531058
0.81590507493172	0.882659345831762
-0.0031814867731125	0.00323106995404221
-0.182528687453089	0.230077988929936
-0.14380505277925	0.156532445620192
0.274574841882938	0.271352096858685
0.415799338164757	0.432191643365673
0.770665291168492	0.840409197767529
-0.551468716439881	0.584527979134458
0.299611863324948	0.262386241055679
0.0629313721327506	0.0482868533832092
0.0770931824095049	0.0628925804511539
-0.346735822072129	0.319954736645501
-0.144289623845738	0.121528185856489
-0.443693668054935	0.43015730209011
-0.740454457919746	0.968016760037519
-0.24128808694645	0.210582113591243
0.502172780867924	0.548415425206857
0.0415813953786884	0.0298742821710716
0.205894871852625	0.164893035299855
0.0862957833263412	0.0737493641425824
-0.431772181500327	0.443028082881815
1.01602759899893	1.78522285373498
0.1486249740943	0.120715858996327
0.288391116386045	0.277844804028036
0.139524805240015	0.109966489282777
0.510463170136097	0.561296179967014
-0.106385867557518	0.0821784055818218
0.131758045668354	0.102515485329504
-0.301148976344565	0.259323019613168
-0.230391383396263	0.217334588531233
0.0446199928671759	0.0318096572397656
-0.371556252576149	0.336845544071366
-0.0987663936929762	0.0646130752247985
0.148710096827859	0.136302748123881
0.470654653501385	0.453878106202011
-0.401188602869896	0.355101806093181
-0.333697363606553	0.374774126937587
-0.579743932340276	0.939257373983945
0.272112953158979	0.314043699530594
0.0476460194851354	0.0527253636295823
0.00589666669330822	0.00567525304833517
0.209790322707958	0.242033548762786
0.0216546065789114	0.0190016787917126
0.711658816442636	0.626438990756251
-0.112044417071598	0.0743555560848675
-1.0665641050209	1.28952590242615
-0.202694933447644	0.144366853777295
0.813646490966551	0.640774845997099
0.700139009473306	0.513407478066364
0.2860367753229	0.577506211503127
-0.563239876145493	0.603121554679816
0.0436043175569644	0.0603838725058282
-0.261079482661206	0.447123843648111
0.38767336603756	0.641575715730065
0.10465339389715	0.141469814722894
-0.00110615138507351	0.00134305064179377
0.267074470211935	0.431206711875851
0.279486748715835	0.584132479546114
-0.252079836726635	0.410491065459688
0.0893638060380106	0.0969256023346725
-0.142480454603666	0.182253497817597
0.0496325115423546	0.0570756289207668
0.147770121700986	0.189586372628377
0.0668668498993762	0.0832566529908276
0.217815858610623	0.292942476199449
0.0710849176982232	0.0813710401314087
-0.142835544351869	0.194194587648191
-0.210006444912856	0.332206426757442
0.0733108901562103	0.101443282598992
0.261733373359787	0.440903649143569
-0.157624754310685	0.208938365407844
-0.120509040048307	0.169730270146462
-0.1265774002158	0.151287667681161
0.610965146905274	1.08875986264368
-0.00284329478191477	0.00348181137164935
0.517574085789376	1.23646966017323
0.0140411027729259	0.0139073856990946
0.58723411990115	0.668248402301892
-0.0825602112717947	0.0724407500650363
0.56804429584529	0.751078789121246
-0.547631575072466	0.636292943747017
0.364807641086861	0.352726998322486
-0.236649037028987	0.227427788897953
-0.608756215903098	0.96325236778318
0.478895907931979	0.949627503475366
0.402009423764571	0.786756840973004
0.0676210720462541	0.0849460524952657
-0.1448748976105	0.193768749901522
0.126361235659997	0.156227643540742
-0.191078412434592	0.213209610288585
-0.0748200312087516	0.0723070820869489
-0.333325863244275	0.409843700500737
-0.0153346203286133	0.0153898625355533
-0.163239439235342	0.173823743389014
0.107412034969916	0.103923176172192
0.223513083378998	0.364127498959412
0.309375901721508	0.507281587053599
0.281081619679047	0.293674639254365
0.421471463823411	0.837617498647603
0.0996091586331309	0.119442780574893
0.232998867467693	0.271758032243041
0.627676542791731	1.01788210339803
0.411058235366849	0.442752289808122
0.587115656991478	0.648856386827009
0.216006079639604	0.164458211065205
-0.649511896306707	0.768137441278104
-0.475329379465099	0.457641594538408
-0.0442638630884767	0.0357557418987199
1.03522294426991	1.61095794980752
-0.247017725289597	0.324221655305446
-0.36517424068422	0.497157203111672
0.361390828140689	0.357919466360704
0.143281122977614	0.117665042910845
-0.104386307413457	0.079806098456636
0.137638470217946	0.118895035168895
-0.236766367172228	0.204804810851146
0.00285077623291035	0.00189152801273172
0.31560739458205	0.259749928515638
0.388378874990948	0.351837401199598
0.732395576262051	0.827269753158487
0.524529989508484	0.559391030067059
-0.115906212823556	0.0893893464022458
0.297442057132983	0.282923844003371
0.307992008583279	0.240429685791417
-0.559447183187194	0.607050826293446
-0.408743885797406	0.361899312412753
-0.43571248324483	0.422555760374905
-0.836941138940422	1.03043764959236
-0.207830896784399	0.185434058217625
0.207767648856946	0.166127464015412
-0.0477676332296416	0.0392649822620191
0.271103103715436	0.302345524103556
0.182813976480836	0.208893576574672
0.223512540888307	0.295700429880838
-0.212413430325092	0.276526085224688
0.0563383783092956	0.0568880467422465
0.143071537752548	0.177682627796824
0.284449404515237	0.402379976771332
-0.0623442499331827	0.0504789694368075
-0.636071856930434	0.763918784718631
-0.63835070354233	0.611205715937275
0.0685251836732427	0.0365935290112319
-0.204429529551278	0.147036981677856
0.49883612421258	0.467540432089393
0.298250857926985	0.254177995634485
0.774443688608608	1.03563360959915
0.0702675565968486	0.0374836307077216
0.974199348270909	1.18172534538491
0.00374039544488933	0.00297891799984789
0.208718617487711	0.178936178584486
-0.0663706318256125	0.059193320435718
0.653048771957444	1.49199948166484
-0.0260677231473179	0.0292648560576498
-0.381638743812679	0.525911814341411
-0.102286360804182	0.125813425229882
0.503332459443123	0.796309238930291
-0.355186659395618	0.403603951513666
-0.14065055758849	0.152363278066114
0.248002595981243	0.393370507658434
0.190187542807939	0.26461732618601
-0.248991401909984	0.336202007194389
-0.292833901620562	0.402276079267488
-0.410118567516537	0.698558531715211
-0.241143429262111	0.293242821568463
0.0224419811100194	0.0200705265258816
-0.455160159942841	0.501611860109516
0.218841170452193	0.145134398160632
0.544919517483548	0.569362337943363
-0.143826158161592	0.107565288744724
-0.574452203446017	0.539005597736141
-0.787901437144986	0.863619431186325
-0.287056563328166	0.222729990428379
0.212568527080362	0.149493641296092
-0.0910187900175513	0.0621177232744627
0.0955375874055924	0.0604476202082603
0.72058946572386	0.629360018309829
0.213640364732016	0.153964402547456
0.71174800713397	0.621014075787125
0.483095575841391	0.357495234885241
0.0961098553757025	0.0609255762990743
-0.201141565963054	0.162825276696486
0.571552096239351	0.482001065324727
-0.0321042571554757	0.0189558972675524
0.322962003089124	0.248347977881163
-0.316066818664913	0.211178594819224
-0.334171276228603	0.255331448605706
0.478445963315547	0.446014040014123
-0.207902887105034	0.148368510306594
-0.140870813377703	0.0900798215246375
0.434800475241485	0.722294790400414
-0.0135967553723249	0.0148249139968631
-0.226339818210876	0.266707663051356
-0.0733118272955719	0.0809476317005664
0.373856133633459	0.579232118741735
1.06454222205511	1.59721875526133
-0.146429193944855	0.1539852116271
0.520429719499455	0.710423465001658
0.540411300931141	0.473051148725995
-0.598532647899218	0.604367629571864
0.379162618438822	0.437460411535187
0.65019841354053	0.956859730622902
0.0662740126704208	0.027589720981373
0.355587739189033	0.141052647307867
0.317821774708333	0.13611351590538
0.764998940306745	0.515321784157183
0.137329940148378	0.255700441786335
0.230941111531602	0.263369348323078
-0.149655148608261	0.276444995668856
-0.0624314934685933	0.0853299955091728
-0.0620141180745724	0.0784161348258337
-0.367700237591473	0.56738269269756
-0.483722938066164	0.832480735667354
0.0889712047269015	0.126959380328831
0.212237063357484	0.407656592185773
0.0648742374615075	0.0848089090759654
0.448505263751501	0.761810120296013
-0.337514016780183	0.626083523313784
-0.0293452240654498	0.0312942202237377
-0.244178568103233	0.401725007087809
0.103680318061581	0.156112299723352
0.246583766552655	0.347420864895206
-0.0355505369997967	0.0381973069822082
-0.0000348495591741463	0.0000354089745567765
0.14912369199092	0.22667582551432
-0.142792386858153	0.201175093090445
0.297903384869866	0.563145508374594
-0.689696772764457	1.64423860524385
0.128882676618343	0.199332723558217
-0.142218310945076	0.177913095718816
-0.286606406541076	0.436057777615579
-0.0316060976508327	0.0442207162889642
-0.388703625534292	0.847498907388338
0.0197371383882839	0.0203223585414182
0.388420844966045	0.442658796230485
0.34913037251321	0.364300154014501
-0.313065636486312	0.306480606406333
-0.506820211859214	0.521083721228991
0.404155439130395	0.449238208186618
-0.245363668078821	0.279556387837345
-0.405844648814543	0.584664572234825
0.125133649174196	0.191880303350368
-0.115482234821128	0.164701828540787
0.108859094680835	0.160298377728997
-0.0416365618319802	0.0470834993978812
-0.466686337081645	0.781780389076251
0.20777780713184	0.241487924948475
0.108312748936903	0.121153978399427
0.00219918903909353	0.00233999531571551
-0.00437388699437567	0.00444828825207788
0.101782205125973	0.100563735110401
0.359816390767771	0.667705520325659
0.321744388473535	0.363936698294531
0.0815805131814347	0.121120471784145
-0.0940721512553506	0.104334655927889
-0.00456402670066711	0.00532344279335076
-0.0244576885590164	0.0301648421870173
0.152837589218785	0.144034617859209
0.210827812305224	0.176468004414653
-0.453717474538637	0.490924075881363
0.061123719852552	0.0467282561857946
-0.542505173029426	0.622134711997386
0.503845691485937	0.626615854305991
-0.201459599341522	0.195691580381462
0.159040060730853	0.206506995596179
-0.00651859467904664	0.00609899027573215
0.0860670075020853	0.0853073399102679
-0.397544571811681	0.418717290306811
0.21812949153409	0.188378643135841
0.411758337972297	0.44719445708696
0.275345603821984	0.266088485898454
-0.285789198243755	0.269723153013195
0.367962449771307	0.365686225093406
-0.455848646609681	0.406585414477136
-0.927983982028696	1.40042619944064
0.320850509304343	0.241888379326544
0.612056289309878	0.683526026603202
-0.227884171039298	0.184196340268755
-0.347718278255468	0.395034651126242
0.775291702251433	0.944752924934921
0.125553057214347	0.0990710233212399
0.419300948970983	0.450102276833547
-0.505848377111351	0.521279957034452
0.00503166853051161	0.00373656491778623
0.0371509623133121	0.0303365905021915
0.0376356306635938	0.0318146916874393
0.969139492218612	1.74024163503242
0.460076685597489	0.549517591461171
0.286883660073871	0.47937432383602
0.0449078889705799	0.0553858881726902
-0.202357873386102	0.213244900490348
-0.527153356630246	0.57789790482805
-0.782135255905567	1.06496589404644
0.0284232574405987	0.022551292810115
0.137324033604551	0.11271218522506
0.667917169088599	0.88095522316327
-0.122038842177793	0.113397353194216
0.601420116906076	1.20813701693336
0.0611337309580447	0.0651333671240939
-0.452694088512485	0.76044245218828
0.699485870976382	1.25160728867319
-0.210511310204637	0.285496064267273
0.245329882834877	0.283751533942
0.610289229535067	1.30463508139348
0.289104685484147	0.535970605950914
0.256692096935028	0.403519769274464
-0.0148512437291318	0.0145527225925834
0.132080623935309	0.166108976201975
-0.221655197721217	0.290766241844814
-0.32529638470492	0.372221888594599
0.132862415531697	0.0990004907753472
-0.0481972716812637	0.0341828871589627
0.0261262944220761	0.0178834333234524
0.128391580991116	0.0999042724176002
0.961864473868106	1.36744028415565
-0.15521804129514	0.127476395008014
0.0572407220675321	0.0425694940666069
0.0790954100318026	0.0625421042112167
0.0563815148759203	0.0426886184814388
-0.144173595783458	0.122286185034101
0.992129777392796	1.35848876484547
0.492606366562295	0.362262184967927
1.16748224713785	1.42669697154072
0.488506626763602	0.471052126270886
0.0497573913035057	0.0356219244752829
-0.287769661811199	0.224190169851731
0.545541301413516	0.475757475115479
0.0866160695955218	0.0516283975164264
0.0352557187020051	0.024023841566337
0.209302597356328	0.169306220555643
0.315546436837187	0.400846949491207
0.0403343801108114	0.0425364167659052
0.0174727095812547	0.0185844581870696
0.00237389834401498	0.00234057704104807
-0.000652955824441627	0.00066177051897648
-0.0532028355902293	0.0553497699754721
-0.0956501456712726	0.0913265087202343
0.298650159470822	0.380140167477203
0.454747137487834	0.603964398504585
0.144919816730953	0.172058247804791
0.811548020667005	0.771241618740055
0.628947456853736	0.846461649022362
0.412254891650247	0.241440400044676
0.704777716390322	0.394436230845958
0.112734997305887	0.17506456335413
0.308722406226677	0.505346227832136
0.54449924341257	0.911594657865088
0.233398032064679	0.131430101853126
0.236466461346481	0.329675390166102
0.212936898461785	0.338579247598076
-0.217873889251411	0.333306390240947
-0.396382608054648	0.779353452976666
-0.0755955462574434	0.105427016781023
-0.424656209547081	0.868287509193355
-0.508405126443474	0.688655245313056
-0.139925629226892	0.174250916773631
-0.105476013796573	0.136644490163692
-0.129956935492521	0.201024503270873
0.189296768473148	0.245636491226843
0.330078180358918	0.379889867519158
-0.350628902280508	0.526123698442405
-0.224878847544563	0.292426145591165
-0.242974059975478	0.354220986078962
-0.66610880065859	1.24403256691293
-0.399290931987012	0.599645948394377
-0.178983658008079	0.235351920299621
0.284072410496629	0.414852091543253
-0.0363160288838711	0.0392930549205524
-0.495409292274332	0.853948089151701
0.0928827146498946	0.123028110855323
-0.199108738177069	0.312460601741256
0.784009938167544	1.68458044638724
-0.153181935659483	0.17154115074103
-0.171057378564228	0.250354402337245
-0.0631445147928903	0.0663202864264856
-0.488125074582312	0.69120684903709
-0.206606604955216	0.246986039491555
0.805959312406662	1.65505832938133
-0.076484765847399	0.0796430675107348
-0.180347271360458	0.200528683622957
-0.323161049400758	0.48853938048238
0.0338381782768388	0.0391253437694327
-0.13593049985942	0.159290504221656
0.261587049619007	0.293702287799269
-0.402767727351289	0.625326420862033
0.0778862245436581	0.0993167351550648
-0.2360577860592	0.308425899040914
0.250785450391606	0.322033085383458
0.0388056337940896	0.0433608101370086
0.476953175740149	0.863216289230969
0.0134840555807662	0.0125764773860572
0.058897220062552	0.0675395188572975
-0.220327823168176	0.239149907386507
-0.202804242468421	0.197007130455784
-0.478431800584482	0.6682151776753
-0.332433721245312	0.380433636079111
0.125296231063295	0.134576876478166
0.0703484339635062	0.0684061013519414
-0.272177702994179	0.327775262852967
-0.375093902286257	0.531773981726089
0.394538477580679	0.554043697643209
0.503275300924613	0.877721679437563
-0.145654622880643	0.145589102261372
-0.706036632945743	1.01743851087819
-0.329908729441223	0.397174828200462
0.279613003297252	0.252156592313608
0.14768658417078	0.140045094952244
-0.722825442107851	1.10087861767093
0.445103961709089	0.537027072306351
-0.0679674910127845	0.0660957488742325
-0.167406925513522	0.163053707047768
-0.0454492296336138	0.0418456059162775
-0.753011409172703	1.24306988494196
0.165744452828229	0.163531416210489
-0.464088223336885	0.689628576018683
0.358407336449699	0.457359805929659
-0.130786702573941	0.112036816418657
-0.0560215058255708	0.0550530871351333
0.119564745493008	0.122277483169317
-0.575154531242397	0.734418327913855
-0.370893168269615	0.487604081983268
0.816222619371181	1.34177130280866
0.957960877480485	1.52739720000637
0.43386821000645	0.527745026705911
0.122318928622442	0.1185262028356
0.164531937340177	0.169924781715551
-0.327681449914524	0.35483145474248
0.313863274008218	0.405311969279459
0.00711392562084572	0.00604359864891762
0.536764313655294	0.733757390538173
0.311499525898817	0.399754354964206
0.480670079022072	0.614274392426959
-0.0563027144497703	0.050012996184184
-0.536619760064395	0.682474103130311
-0.0257645714861006	0.0186958304387963
0.123447624324351	0.085324656217392
0.381438256510474	0.349549668611336
-0.77413397216407	1.0279004629
0.375963491688302	0.355064407260096
0.356600795731724	0.369527712700076
-0.353698744972542	0.551833984231013
0.568813557099788	0.989232017534729
-0.151355305411709	0.163475472019743
0.381981208644617	0.455669103334615
0.322451538535714	0.37065453770618
-0.216605535602308	0.193738499055983
-0.17616976349799	0.145302219568809
0.209314257351998	0.214216107602403
-0.436034469244166	0.424159319009314
-1.2691578365257	2.12358355957494
-0.180609957573902	0.146115192029302
-0.0429526327839316	0.0343669811452195
0.51263200688514	0.556570837943365
0.357109314270487	0.353492859193974
-0.0871573943420057	0.0767087332465388
0.0841175628216569	0.069926486628243
0.323602110540212	0.388391528567861
0.211355397135077	0.242771036622946
0.471821594456424	0.551608777564566
0.410866412610033	0.460506047777581
-0.386688341526153	0.534055179429526
0.0884697193219784	0.0752977159173317
0.0681331718403363	0.0537962707317278
0.159069541955509	0.15685722698492
0.149970160281964	0.13826001017623
0.210002863314485	0.210436978197363
-0.161309163334562	0.149163633154576
-0.284161884127725	0.2644189951008
-0.524163716231636	0.493326389301576
-0.370055558295684	0.366447991591828
-0.364050705969351	0.300507260653244
-0.0360635228763729	0.0260479180777952
-0.131075192316976	0.110747133838819
-0.121127910064058	0.113824297883384
0.141623125650072	0.125553441265422
0.308715666281441	0.250829945480169
0.00679282765865454	0.00434514158325446
0.763660275843052	0.751694396417314
0.0655548730264948	0.0516876457907574
0.369477498486701	0.438067575027165
-0.394924508620216	0.443649478710261
0.169441973868594	0.18554272566887
-0.846155417439533	1.64281787764307
-0.280768039025096	0.301022905683079
-0.0835841566902082	0.074429488268886
0.409736461721375	0.436890908805206
0.0953984691632772	0.0845505041257522
0.229552306811063	0.158511456679277
0.34474723551872	0.239889679355727
0.407398364633009	0.23779521939547
0.252231945294674	0.448363158948503
0.255749458196026	0.527227761331522
0.0909111381555035	0.114910742128961
-0.567713307189573	1.06579858677101
0.499361198579746	0.562232353330673
1.68256991762546	1.2330446335144
0.214202687766671	0.245676866944291
0.0990833159487562	0.125356810398442
-0.231358754872479	0.38750554009518
-0.0359246161509459	0.0450254712883731
0.302356318677807	0.556903246952064
0.645059952706719	1.66310028688631
0.0164250051516256	0.0133992506290403
0.253666952920702	0.308937578607787
0.404908408274705	0.726921820025842
0.102827890393974	0.148501740403597
0.516335627976384	0.884287296499297
-0.0687871243614788	0.0670847342628846
0.346975011557028	0.498687220169468
0.432038209499024	0.615708726015542
-0.0227776551710329	0.0236524482169719
0.0817262254849563	0.0950732984003028
0.0702041546545467	0.0757868389799737
-0.329558240009368	0.46376945954116
-0.200307358548311	0.270964094878028
-0.122900389614975	0.163337872569001
0.145640822449619	0.181899411261401
0.255714041050719	0.367819998093471
0.213430582218865	0.29803989125858
-0.010660258529632	0.00991428597706373
0.00963004881173334	0.0100994454118604
0.222976924398575	0.363145307606372
-0.279407791367219	0.405871871070297
-0.302426852369107	0.474055056021606
-0.284876614587618	0.378104849881091
0.70097544476337	1.44373993189353
-0.315828688985663	0.402140225206669
0.20416389544092	0.254269844930403
-0.267724744665583	0.370490238030484
-0.333795604269866	0.483499634944322
0.342488353864357	0.371586009709969
-0.576837605131491	0.723973375229027
0.254514677005137	0.340406334173148
-0.266041413921685	0.38712950726929
-0.565683813240178	1.01669303405111
0.307922529996912	0.380236707234571
0.0173721483274718	0.0156561536765563
0.734632558441527	1.34238036501178
0.354461083876051	0.451415625394877
0.286789068085158	0.408767827808619
0.59602741986434	1.07838347363952
0.109059036301777	0.12950343049398
-0.0597615890673424	0.0535029591279562
0.429616562546176	0.517748620236089
-0.404381232019384	0.560553120286399
0.0837409940307185	0.0825048616928314
0.270830864176715	0.297866146661154
-0.549265282637058	0.801739487596892
-0.411506783120538	0.497642061785272
-0.112431854891676	0.109888243084273
-0.425946919013838	0.550605347548093
0.5090369807319	0.727128047553039
0.416873203732238	0.54779748073447
0.045426545916237	0.0387753929298528
-0.413747349074295	0.486850707999947
0.109359672300214	0.108768991806775
0.0368254696026882	0.034373478419596
0.300149363794522	0.405184199078597
0.456062599220165	0.700552165809845
-0.368724240483376	0.482016322657818
0.171505533138632	0.191054915648847
-0.13999301974207	0.139825238935839
0.943885596555361	1.53339915787721
-0.0777120104588745	0.0676725565465004
0.070615946926604	0.0655490749854116
-0.0702610617753376	0.0673878742900775
-0.181516052746227	0.204401559012941
0.320081963227006	0.367404085892254
-0.291815998526447	0.343230261207662
0.625966896795935	0.984846684975737
0.603946330710444	0.664918485344074
0.211877210434459	0.190519216550925
0.457492321647777	0.611438079554416
0.747329044892915	1.26788508753404
0.469634865721116	0.627166764704339
0.668898618358902	1.13240094937168
0.0794983717134062	0.0761527630745958
0.277122695895436	0.317451908084794
0.083293694269411	0.0807836509268377
0.311321491253815	0.359953355872399
0.0421104142032181	0.0302150755442886
0.773745684838157	0.753508814294939
0.221302677420376	0.15380747496534
1.08935528244612	1.27127448272941
-1.02585943484057	1.09493671927691
-0.448147748469612	0.401571485003546
0.352024412258966	0.508642627676175
-0.334996522937865	0.406487009922328
-0.0609715334900029	0.0592073093216271
-0.422154089251214	0.536725743750498
-0.0601326986894024	0.0540405087867383
0.53160856263552	0.56443334663501
0.488818285839338	0.632885731172953
0.656970307111367	0.7834662364053
-0.104541601740759	0.0899271621462295
0.214358608543405	0.203845332940368
0.0353161520838035	0.0290200590002675
0.379484439568591	0.344879585220976
-0.617812596864668	0.827753771081806
0.289552331278904	0.267858072042102
0.396123255293039	0.449255438640171
-0.116774337623789	0.118646368951621
-0.0118178391394713	0.00876334283061794
-0.182514286673899	0.165736832593195
0.594499823437372	0.759579761776489
-0.0442775735369052	0.0364442327813
-0.702874541127874	1.01942347754996
0.527821634339823	0.730066342325695
-0.312912200606589	0.311919738500978
0.211060619864768	0.192565468083064
0.135915847886836	0.106180088624503
0.209875009416921	0.191112703302046
0.511926141814721	0.637939952799716
0.0324464061861304	0.0273412746610534
0.13775293171345	0.116751860555789
0.801224066222238	0.949347271564486
0.512732074983934	0.558210355566169
0.609864075782159	0.753123749320591
0.268229366892532	0.304265015845036
-1.14375774901392	1.9974231853323
-0.10678153048335	0.0917405211017236
0.149722093763347	0.14079234041308
0.266954877640048	0.250876401806889
-0.29263385850748	0.294894383280828
0.158296875175019	0.164775457013242
0.0269978147697223	0.025333699189418
0.42142784081773	0.360483772155153
0.822836997884995	0.781571544934236
0.631104627385949	0.582950836633531
-0.0594146181717653	0.0411363250240957
0.283436105992976	0.251179224905741
-0.503137626770436	0.582106052371333
0.558644148175983	0.571237492504575
-0.0681103384628711	0.0666863955738732
0.0156131529589223	0.0125440381919214
-0.319063841702945	0.385521119866822
0.553049089321119	0.608508747837784
-0.0506547596282744	0.0356305490352338
-0.219123845368028	0.23940821539553
0.110295657288335	0.100226837833006
0.258251897164353	0.318523931699128
0.504817292334167	0.47158349155627
0.698130088298679	0.723807323415909
0.216025403777983	0.151066627515795
0.935639921243686	1.01272263325084
0.192808143720304	0.372260531653578
0.0397264688666178	0.0618452656024566
0.0531548617122414	0.0929669903553146
0.147100128271603	0.272131814349968
0.273252429134351	0.610293538864493
0.0502612364215856	0.0808978046217485
0.175874950242868	0.315479949637479
-0.171695989823353	0.284339595621111
0.020665566107721	0.0302579737250521
0.071802430469411	0.110636983173269
-0.294769973059861	0.579322173254441
0.597360700667894	1.75564579621237
-0.0613431837887768	0.0844558127637872
0.00392930053293098	0.00499195824758284
-0.237139104025226	0.397904079763902
-0.314736936900597	0.607611181860768
0.248133027490806	0.432899040732684
-0.260844990226646	0.475302690370699
-0.132924550916449	0.1967014700778
-0.228815074947418	0.424386823951587
0.137765440937997	0.224814627288937
-0.285545651797377	0.615970424087857
0.412428695155931	0.996473404384203
0.226601209586619	0.37447712817285
-0.0937540295280196	0.161364820250369
-0.150509763506486	0.22436105410503
0.252112361570033	0.407695410999643
0.0471120983268473	0.0704703359566111
0.172211048531587	0.332748605145322
-0.187124994193269	0.318403240014349
-0.409753834602208	0.53046110976036
-0.101007685157313	0.0960176420670895
0.0875405737991784	0.0856005046084547
-0.109065906374043	0.118569962645901
0.607204381008958	1.00431636229585
0.230449565929528	0.331281301473072
0.519945867888134	0.974457197940034
-0.269395670807909	0.498848559960366
0.0416636979604637	0.0591949613016747
-0.144492880455157	0.223357626523728
-0.437016709711724	0.99513104891188
-0.197132647641904	0.313428513964795
-0.0603441507158208	0.0731679803871026
0.098327581407005	0.12350271945671
-0.11955102013642	0.16641055753632
0.0924929941484292	0.102358158907752
0.45081945034862	0.787893959281153
0.538766174551084	1.10450990267711
0.0286278498915476	0.0268808925657949
0.0261650532038953	0.021525019274759
-0.599672194794975	0.871441749948158
0.126903552575238	0.134376583527888
-0.613752012824677	0.81513567604335
-0.557889174969198	0.746028226352678
-0.501420479494996	0.757635403666029
-0.0278618498510048	0.033871967984784
0.365122459302119	0.545044944174733
0.175649293947489	0.217856221435998
-0.306001642817013	0.365273501183807
0.038975477456326	0.0376134881831076
-0.223424364149167	0.216860724411895
0.52386166198689	0.561296614355659
0.272419720558867	0.302870480578389
0.502850615843531	0.799643450433932
0.012386087652115	0.0108651487718488
0.207416270402001	0.220489293198234
-0.564491353589781	0.884020899807157
0.0317262544612195	0.0266486894750584
0.308240987033448	0.37853000821092
-0.111422109096294	0.111859088426924
0.0678843846187482	0.0653733685007153
-0.430217851894967	0.581437771045904
0.461077408877911	0.62193738403085
0.543313465972315	0.714002750298368
0.458173866139949	0.70655884275322
0.933276420365426	1.70887500157235
0.154985509235527	0.152792918545516
0.108520154176201	0.163803371765643
-0.41935195811454	0.533289500934841
-0.709858125295136	1.43554316762128
0.208965158843834	0.212876131863037
0.306790022257795	0.37011210053809
0.259388796905961	0.297172653148849
0.432790225672692	0.530905585927156
-0.0076605585041227	0.00715310979860211
0.175039527859566	0.17247923768822
-0.0449155496028152	0.045982046736865
0.345857264285815	0.542877525796709
-0.197996900653256	0.321271301009417
0.200817267640107	0.232999868286387
-0.0922733927896998	0.0937799524769056
-0.241066353518534	0.29394735711762
0.136648274707399	0.18741211675277
0.281781972812227	0.441133404426191
0.123030390257771	0.159157805959429
-0.0413932018056501	0.0518458742194941
0.0153701647436352	0.0194534354157513
-0.16974705624917	0.242906356343944
-0.154299586728246	0.193893453061295
-0.441393866280893	0.514812764954096
0.69774964847028	0.970220479664285
0.273569019972092	0.299779653948513
0.140631040059901	0.121871678983165
0.0235594828559123	0.0188195967600032
-0.166025131366981	0.147850710056528
0.0586667527366281	0.0545879110712816
0.144453574217512	0.123539737183864
-0.500843898682923	0.51673600767076
0.391070879432748	0.3564210090897
-0.246319590999513	0.271609268448175
0.274644812835546	0.28038114383719
0.492289084826811	0.620646767762619
0.221677510395118	0.207976679003038
-0.77494116910335	1.09419152769286
0.344831853934151	0.363376486046089
0.302457625622959	0.361579868114047
-0.621905193938266	0.710337188170588
-0.0416516893322628	0.0342826264834929
-0.252531793304215	0.259353887269033
0.0154164577490242	0.0119824987126128
0.43341930314939	0.46046986412065
0.277763792370091	0.290524263829283
0.00296012149371587	0.00262081199956935
0.56619778692031	0.582445405091577
0.0719800973471856	0.0583669606793297
0.126227156014527	0.0928259836941817
0.289169942793862	0.26011523438895
0.526837694841038	0.644669425112834
0.884190780497941	1.26532528605718
-0.457915285203049	0.54046401231952
0.839487580530064	1.18257329307464
-0.42802100616918	0.448113676991391
0.218790027433511	0.225252344639716
0.0496749579652156	0.0355532048350865
0.41998959027699	0.54582129830287
0.350515322125182	0.64746355502376
-0.434979555796775	0.809854692787214
-0.159068002576065	0.198877955382284
-0.012883534107193	0.0131296425719954
-0.438969520665496	0.763114152765204
-0.0330844622911842	0.0353516905228309
0.0419129095316729	0.049802140173263
0.287780647451178	0.424167731018985
0.1082970997371	0.119093526551798
-0.0369884717817648	0.0389202467560349
0.131544850738514	0.146957099348815
-0.0401059953744661	0.0399205641440053
0.0941847613892495	0.10969077272648
-0.401317857632977	0.700780638657769
-0.209893771065202	0.288880915770986
-0.443723662368344	0.713050411742704
-0.0539098050856099	0.0438861134875534
0.441653824066298	0.63082340795855
0.140538330169696	0.122054358222451
0.677830553678673	0.608533455413528
-0.848401934710218	0.853671619297409
0.213982974427878	0.141248850597888
0.139108163418068	0.27470581789795
0.246662981751926	0.61307784668652
0.117229912840822	0.219653661721643
0.214383776067375	0.504136330159434
0.152771363125347	0.312694351301203
0.874060103121822	2.29639445726021
0.688198415186946	0.889782340126559
0.390509401718151	0.54501955825376
0.42829297511785	0.895563599117245
-0.213005513640826	0.422978518196631
-0.00514817841144554	0.0071220512451678
-0.255170932231937	0.493856079833717
-0.409690017410172	0.891456007673427
-0.234700084372064	0.208834318052594
-0.737679928741128	1.67458649162147
0.367766968111279	0.720166982205721
-0.0539820741583115	0.076672200270575
0.084502505033747	0.119612425913356
0.135153790700514	0.162103051953583
0.0170997489760863	0.0193044755565246
0.255609766626923	0.351671107001335
0.27473089276707	0.47478807069553
0.268555858672925	0.400607745448134
0.492744887755635	0.876876455652412
0.0405683822167634	0.0524299230131148
-0.402324663422038	0.622524303342044
0.0667949564954863	0.0982243235748821
0.865099148966037	1.99198227156294
0.0489171266701175	0.069666234555693
0.34838830765821	0.746663437377703
0.547003085829367	1.09450617110934
-0.53038056045025	0.830685527017265
0.0945589130457982	0.137932361874303
-0.473886805821597	1.07880775024876
0.163523714497983	0.230464414710954
0.0740885364943568	0.0830855527220561
0.149897103475678	0.22044076901965
-0.480903152352009	1.12049362333441
0.24023802027329	0.401811461858453
0.165711809855829	0.265753800339411
0.0670696015766549	0.0806080509672732
0.852225403868799	1.87754645006848
-0.526444996589269	0.588161871804599
-0.602800873140379	1.3046032205461
0.302105923672358	0.624039154908186
0.0906837765229185	0.122453835670575
0.369334400951071	0.629228364670397
0.113540642749313	0.133803090158583
0.598652769636882	1.09088062974238
-0.0139730172422499	0.0158071590091384
0.321972425036516	0.557063231476122
-0.238951640718625	0.331100117643093
-0.171614992706901	0.227220668248443
0.257745701101523	0.351246257848554
0.643392813660569	1.33009347132767
0.054035417413976	0.0609854429472172
0.348565808666771	0.555793827714439
0.040736475713172	0.0458252887708533
0.0267948826434338	0.02779985868901
0.541095681265433	1.0282356199644
-0.108226664746133	0.132556192420256
0.564324508318812	0.950491374972749
0.412660756772844	0.714150103891603
0.0319076598054215	0.0333998174167899
0.451897305995661	0.64743541010475
0.100600726564971	0.126003021082051
0.851602683231197	2.10009803323518
-0.112341996708687	0.129930510162912
-0.217041268891858	0.257337632726695
0.355810521198993	0.588890531711293
0.110475552218986	0.129541188984904
0.286538559146591	0.407038484264729
0.372557362907049	0.525392557976246
0.071321195869026	0.0823832717161811
-0.215865613660846	0.204589668813866
0.387525247145823	0.616633882934177
-0.036358397036951	0.0387608551738194
-0.0152922099540927	0.0163069891052459
0.280299709871848	0.384751548485811
0.248049060403978	0.306106288031327
0.156644606094302	0.151438937271071
0.0535117196604532	0.0529434923031009
-0.05722069238376	0.0461396135151491
-0.151168508637115	0.184232506814736
-0.0171078126131761	0.0181234404721866
0.174916568329151	0.223342471643361
0.349589117396235	0.543745494801928
0.366490517453523	0.549230649648829
0.177965222510009	0.204890860300811
0.419606877454673	0.452685145825397
0.341855098049264	0.360382185713747
0.524602084548964	1.01968387042488
0.1532577125839	0.182079632722552
0.0694207870557227	0.075576037641316
0.136488601227601	0.159664190578226
0.434978398068465	0.629865270236877
0.44849778298863	0.363458122682328
0.96689116938652	0.949745195799405
-0.780693284564591	0.62919511835974
-0.0998205672995441	0.07777749352821
-0.107807021762249	0.0720494610965249
-0.694634883634348	0.571714375730741
-0.123986842393593	0.150058142723091
0.425835437740341	0.705925416538765
0.536897005974798	0.883668571825877
0.186975963070119	0.225505535110263
-0.326901589058709	0.468944154896141
0.270144651003535	0.342362887482419
0.129195524774743	0.139129877974215
0.301015517124981	0.375901273016892
1.10105957313765	2.08661465997614
0.297924569063906	0.381732950238804
0.426467286789914	0.540621465639095
0.508101460164259	0.722190316354486
0.00300598269955671	0.00271242207565398
0.161321881592568	0.160456224679567
0.406907157925084	0.536759309250975
-0.034914782780913	0.0286727839368673
-0.529152099051655	0.712065558999162
-0.376078972599418	0.473541134367987
-0.289178635045275	0.347045964186389
0.402560677680988	0.530867582516878
0.325693980488703	0.376649487318506
0.530662941751775	0.896909214518813
0.504612165777954	0.798903228159901
0.773246383291889	1.41467728644538
0.482866617948488	0.625574000078733
0.0142494506168156	0.0132611116296113
-0.785404610647401	1.49774833875964
0.0158272638490411	0.0144461062250499
0.209862649466964	0.261351282350052
-0.119226847886778	0.130528912483985
-0.332080149658551	0.417011176262909
-0.263439126966737	0.301985225478568
-0.0622865001899959	0.0594908999764497
0.203489143871773	0.168534942747413
0.0735298038364484	0.0702130131097669
0.27988375925998	0.323522080051304
-0.178882772349365	0.177944381435507
0.42277752232858	0.503748885974486
-0.101911738909758	0.11076426857658
0.111110157551493	0.125834480871899
0.22844388091673	0.262792067576134
0.0877489295040282	0.10176620209251
0.21404898035981	0.190022343055803
-0.174124894499493	0.107989181093493
-0.115116924857569	0.0562831278432092
-0.777074382395933	0.689251938918886
0.269488593792641	0.3216255595042
0.417155023864937	0.553508374995109
-0.466639815336848	0.481854353547163
0.312926536945129	0.472996534269521
0.172457994878932	0.236550484215952
0.00999732395032799	0.00995925424474957
0.358293059147598	0.443115955544062
0.381126552935715	0.453887292318458
-0.130092944674022	0.117797251846745
-0.0787629896095452	0.0753535798514539
0.0147602569956228	0.0116866298044546
0.127575905412283	0.0984961535167759
-0.0995445880199958	0.0655407148332373
0.270891890838074	0.128899262346582
0.054125194862114	0.0222056507567205
0.842602020697702	1.21817399701525
0.289553487608854	0.268866177279117
0.0712426467313498	0.0585933614183036
0.087700534634256	0.0742692077548261
0.0515672383561028	0.0375225209109595
-0.331608415309285	0.270114672774942
-0.0705379589968711	0.0563087591425431
0.689257140280513	0.806460178397678
0.27952557231971	0.255740278858221
1.28747183770573	2.07521166153912
0.208349457992772	0.51558091432632
0.177023361554595	0.407047047089268
0.152197105062946	0.317694787310801
0.130072045401902	0.246578206194787
0.318505388315474	0.817154135315631
-0.0000190012927332928	0.000120511367873261
0.803787282182168	1.63348176361835
1.01450600728733	1.50521263647616
-0.110108570688599	0.0851901114011857
0.469447459995097	0.857497686310739
-0.109129709793121	0.164155223148524
0.171232927974941	0.266553395265788
-0.0590492930441356	0.0734226999031997
0.0726439367230372	0.104754074643025
0.579089946458855	0.649960173946458
0.106359659648393	0.127586339951407
0.419513816366642	0.727454563452693
0.467829868417209	1.11190834228909
0.0987359367209879	0.135255128079403
0.455470486349847	0.541954657278868
0.481831939910816	0.804738404894481
-0.313336933946585	0.415060731071553
0.10245154743261	0.129361330336094
-0.0301003232878831	0.0276383843093506
1.013929219838	1.89458729265831
0.333006186679945	0.464369773668207
0.269458208962364	0.298414717740478
0.184647551149542	0.274404765250687
-0.093390270838724	0.103976385968609
-0.0845599908127498	0.125476669981232
-0.329189347325273	0.694946643226849
-0.146506752449548	0.163263038225728
0.357558087321505	0.539804858661472
-0.0268396575846457	0.0368257904419761
-0.351884000346368	0.678166835596903
-0.56410238836169	1.3444972051367
-0.0108157421327061	0.0139790754963211
-0.269464607577053	0.469299075246235
-0.24949471686821	0.454717593305212
-0.256316843477449	0.44831966691079
-0.240726437313263	0.402271587740783
0.651973760886223	1.19293718293229
-0.189960878568239	0.195212983948535
0.305159741266617	0.261757844034058
0.00957891172021331	0.00921147195623691
0.00879555933211432	0.00973721044467236
0.314386839198066	0.561649583709173
0.386402203079541	0.663938531689032
-0.371690779228963	0.580894319279298
-0.078983046062233	0.098687920578825
0.200797094387467	0.243657041986141
0.184915187091981	0.239700449456166
0.0236678216321959	0.0302410389529964
0.074405693627672	0.0946124051211564
0.462698647529614	0.800793875624694
-0.216322313434775	0.335652118855578
-0.0865158955220663	0.102197693686559
0.0257199430087826	0.031600492698767
-0.00593424883685741	0.00721519314457557
0.146555949543612	0.218083761665485
0.537414594810216	1.01852378249929
-0.32663807074206	0.449798976125079
-0.161899608869301	0.223756606995661
-0.0249067798237235	0.0264865378512584
-0.0364838868183516	0.0391428837082815
0.588940161098134	1.17346614984135
0.0896370818740731	0.0913280585092033
0.362155953595451	0.530574442151219
-0.315594766101863	0.507944041071459
0.109749574671439	0.127277809543495
-0.578414777332892	1.21205497775922
0.429539430539945	0.71105203451204
0.422722478774146	0.714408070040279
0.835089072075057	1.92470879727931
-0.00109148113654415	0.00123939113928049
0.2712839269762	0.351772761193221
0.455477849514821	0.839338438137252
0.62636661583211	1.17740210303718
-0.271506491381082	0.407557566324658
0.162853946734836	0.211474258740216
0.25307011932166	0.331018407888832
0.639929457278648	0.701488981758279
-0.307597796188062	0.347299511631424
0.560972806832891	0.999274714098088
0.260067887588136	0.405370165876436
-0.0919599265857514	0.0953151520057285
0.202036946719649	0.286223197854328
0.322739992215085	0.494310638547697
0.694699879153104	1.214728410238
0.821313415947363	1.58542703362463
0.164739207215669	0.17547284366299
0.0767960485932311	0.0646883668029193
0.744185416080101	1.25979603358647
0.272320752970109	0.26892783009094
1.2775597626031	1.08943490059542
0.234144709767855	0.131936147934592
1.16732096511577	0.76074958514368
0.869042382352514	0.792927258402717
0.219290486843599	0.138326431606918
0.934633649211986	0.804584037940988
0.0784861422995237	0.075256452071153
0.548773725032731	0.747626420374559
-0.864829034764717	1.38920516259272
-0.142229086412333	0.162987091476684
0.054576942064722	0.0566036577578752
0.395701416744088	0.63148627807016
0.176625294919759	0.216573436290973
0.366772843905846	0.57436321156785
0.143147922982804	0.158409897959735
0.141899658661348	0.158887162749102
0.0721349078278617	0.0709533512086475
0.661421594568228	1.20228200943765
0.849500522188067	1.51168165076277
0.19352901668059	0.245556545101321
0.429538654396929	0.705316143375831
0.21551908434077	0.240424310494706
0.388523966243418	0.550864100399557
-0.182592920305583	0.238094315956052
0.162329931474392	0.187116544249533
0.150194978055052	0.195632829590138
0.0635154312952099	0.0753063924390269
-0.00893529979856022	0.00915695609580321
0.431743407991139	0.620730315924147
0.450963846434841	0.671188224020045
0.583088811108541	1.04955689648848
-0.0969406691136509	0.107507606775368
-0.0135456362468586	0.0124866068874659
0.446052574888607	0.7059112366238
-0.139041843367813	0.137225018429784
-0.134547609007091	0.123545232577156
0.507572078311854	0.855620212631639
0.0533960263771116	0.0529008033277149
0.0423916030344857	0.0457737857355116
0.337786714848525	0.453027838035536
-0.175418681687784	0.215404503574572
-0.0937676981566864	0.116974967647034
0.222485426720668	0.292115246619992
-0.0449373417885057	0.047848864217666
0.0476397738017303	0.0454029451752488
0.00878946703476197	0.00782239246657127
0.417236284397755	0.246625659079554
0.627425700536083	0.387919878505882
0.248309264393658	0.127805873426808
-0.433135484486257	0.417183741732157
0.285735908435391	0.254136996923658
-0.634372010594487	0.58838403162611
-0.273935728333541	0.29556218002796
0.294051377843967	0.392697208268269
-0.211148359573402	0.187852430205626
0.825990847413067	1.05474329879855
0.0710220344501688	0.05834294141701
-0.339978918612022	0.338532012936975
-0.158394009279027	0.132654093912704
0.520051493579415	0.633255443343732
0.216799984714772	0.151404076064826
-1.01467552730002	0.74236427808754
-1.24794878367324	0.717159730842422
0.0624994627709191	0.023512317926792
0.528764015493311	0.692706480702722
0.551799662288654	0.738249530026224
0.708315267408858	0.912119432080504
-0.20188159101456	0.180886501079307
0.435349876150072	0.542971604093544
-0.475540469035915	0.573218002240227
-0.0088679942606779	0.00661018949137402
1.16735166196577	0.770316527596498
0.410102339618138	1.55026391846
0.308778055847251	0.844758976816774
0.387610628575726	1.09390518152386
-0.0258786770411151	0.0186249293480269
0.0324930741444909	0.0383286760458472
-0.679292291552146	1.68657930784018
0.257993803224665	0.425047683799722
-0.486340996984932	0.954798734768767
0.0359770911113394	0.0440870783468637
-0.0163625400803842	0.0120265636799555
-0.199846628681809	0.250265891526436
0.198518022989045	0.305976891119042
-0.285159649628299	0.497976135897062
-0.275360838608877	0.39099120789857
0.0565430665957661	0.0430366814598745
-0.290281285409574	0.390774972427104
-0.00698381364431202	0.00706720397164668
-0.0315220637682209	0.036784402015617
-0.061672250577935	0.0598597172646261
-0.332615301035495	0.400411318193063
0.279428032459078	0.412873759054176
0.300346071299478	0.387797792690071
0.540821132813557	0.946056465842083
-0.383720136668777	0.59771247222628
0.149496610015501	0.248569954195434
0.520568240413848	1.27477793535926
0.361690801696992	0.528625381957273
-0.115202322586536	0.125639668277047
0.1009883084588	0.149449945439486
-0.177940252514994	0.289065141700613
0.217968502697103	0.375560623613975
-0.603394788195505	1.41722518431227
0.0432436405598189	0.059637778218618
-0.107386938034463	0.16373534442946
-0.282028218259025	0.51824779254826
-0.643198398956663	1.64448465549764
-0.483579618326863	0.773773341509072
-0.42283377938626	0.594781260898405
0.086164189183707	0.0699490538993167
0.165857303168184	0.212560722947675
-0.104140673434219	0.126518097215674
0.202309930441494	0.281053407375944
-0.241862220607875	0.344879539987714
0.00860610632568268	0.00927827898466783
0.0063713789581955	0.00652456986656862
0.0211843154923143	0.0224140379978735
0.189945272470545	0.260026599492764
0.121526939068752	0.160688666010385
0.105762628488446	0.150026205554286
-0.268117582550132	0.44158220208064
-0.201601883862644	0.277872473304694
-0.204176888896019	0.327606130394271
0.449005477602057	0.863677657525757
0.0877818916824468	0.0998310805056895
0.0783828219381654	0.0810462269869387
-0.0942333816499988	0.121486005637309
-0.172497845920357	0.225377806626724
-0.443701642501273	0.710409064080242
-0.108395886719698	0.137376496592275
0.370896147898147	0.534248865157739
-0.33304558781289	0.477658321909068
-0.331204175648145	0.460234144273445
0.17090492289123	0.246032851942643
0.444926147857643	0.796926282651178
0.557361545520484	0.904140881371792
-0.140873361983876	0.188383996627616
-0.0469235137737564	0.0497942120513941
0.565996222629176	0.888068312387063
0.00666974742863855	0.00720813083598644
0.164832381092924	0.226778817020819
0.103058861383647	0.122209413317465
0.1551349074675	0.189365295280939
0.140475829332951	0.180102441467604
0.525750984748303	0.976946013044549
0.221636112125477	0.265280328688532
0.418502842390701	0.605765840838471
0.763738221102019	1.28165643128913
0.5860295566761	0.847954551915924
0.212088447957942	0.279527175384105
-0.131840812997311	0.164641372395885
0.134360113250472	0.152243464275407
0.207780973602063	0.274075176344207
0.173243756350731	0.227208577863038
0.307788622027156	0.457948070218124
0.110553980735996	0.126377961374811
0.153541415723332	0.182006219941792
0.125045433073278	0.127520004433624
0.0511377088732156	0.0472421625102635
0.341436526386631	0.361092912435965
-0.183593288823764	0.150463780570348
0.605761189794913	0.490668127530519
1.68279139143791	1.25916312711718
0.307943647364774	0.134773424839137
0.538419511812307	0.564471501848683
0.866663066020278	0.5543168024792
-0.0944749823393344	0.0494979435061452
0.570152722848479	0.751316067296602
0.261236101080518	0.328229768417989
-0.114068580622886	0.107912273858281
-0.172205821865338	0.192532106547572
0.481414168319849	0.71017436363842
0.82258180523962	1.41382143157893
0.246733861031947	0.272995627240403
0.433963458213012	0.648188496215091
0.633571474927625	1.1915951195343
0.124131271778077	0.126475682519821
0.0508858822031959	0.0511995900347061
0.244629672211458	0.316214672617538
0.14973746573358	0.194817409089492
0.287679212145303	0.421103523021244
-0.368308682055044	0.575725570766369
0.189421265978507	0.230326693938325
0.0472811703478612	0.0473835610485633
0.492666587790741	0.821752339404262
-0.201027738950146	0.264580444706137
0.208980187248193	0.283052909160265
-0.0915651213557617	0.0986041396671985
-0.00249034637934055	0.00231879710626687
-0.873537617139468	1.68779145740994
-0.0494617649236802	0.0401745868567756
0.49141998917604	0.682597181838579
0.209779856366741	0.263686707003714
0.0609943557610168	0.0638447006371793
0.500924071457356	0.648534036461097
0.219574848198902	0.297464740808131
-0.525049162255586	0.880436880395662
0.289848266178376	0.411144421069905
0.170867848438801	0.180134020951362
0.294377687358458	0.379095516945745
-0.508022567536937	0.952928955942412
-0.212141466032372	0.265726967148806
0.177688918404339	0.222311046174775
-0.400701393007557	0.552034370540807
0.180921574820956	0.229715000972841
0.399564684270749	0.543323757940555
0.159384804950271	0.157205503364278
0.545112800750752	0.474995794223667
0.455277663914796	0.250650425894587
-0.231833419020672	0.164745982232804
0.0532645127830864	0.0392569020981389
0.882807125889239	0.998977649932554
-0.106660954936261	0.100715352184343
0.172830127517035	0.200129530436158
0.171803791788736	0.174271135414208
-0.532992116459567	0.57646624299421
-0.367898443802725	0.306805358927832
-0.0503210683179802	0.0408428637441465
0.408290971088449	0.354003270014271
-0.478906674876032	0.457259518258143
-0.115996912283253	0.0568397947618312
-0.0405969703170716	0.0231064986189735
0.0610096185108659	0.0252232805371888
0.33782797328529	0.368304905435227
-0.0238091561166866	0.0200120036234537
0.203046434254007	0.181603023400916
-0.0561642074166728	0.0394275753272942
0.492715517326953	0.441179307658582
-0.526546338594988	0.646342390424637
0.566116700997306	0.653750965056975
0.84838159031696	1.17964873214508
1.4413616734518	1.56677914579847
0.458613509242508	0.251843650439334
0.70603378845871	0.607358833664493
0.276710211500603	0.133012931741611
0.626593488507614	0.846254695364345
0.738722873040943	1.87417619673185
-0.164281510876096	0.247713666490963
-0.34791468143526	0.632578552717984
-0.0675127657606906	0.0871672975278981
-0.239983639952871	0.399953089061133
-0.102000326974755	0.0782723201625987
-0.189482401320602	0.22096485294063
-0.136256318950049	0.19071484505457
0.1087756587674	0.170841479398149
0.161426299648824	0.214675550771323
-0.0976654763078141	0.0991334819557724
-0.397197994611196	0.567497167098232
-0.353710835473976	0.471314910848798
0.427563996137937	0.768209431046032
0.254343927741199	0.322183623875749
-0.0613619557522046	0.0656467271508129
-0.0974703888766869	0.12086530845163
0.0538234201025739	0.0549503689908356
0.188860875707849	0.275540872908551
0.643162718772896	1.32798977239779
0.193424800370689	0.340667864415432
-0.0138181359330808	0.0191976565773109
0.325164867747053	0.507662920119805
-0.170316449310853	0.203030411872088
0.293291061959301	0.564366858612716
-0.0730098359945742	0.110934168212011
0.216392222614113	0.362225449159412
-0.159792679989359	0.244332020132802
0.143408235547095	0.225101605202067
-0.123783482428273	0.177242190531077
-0.0936233283033816	0.135210028275993
-0.281182832989536	0.497340318782303
-0.222000804691719	0.313268936930285
0.0960986064149488	0.103821205874509
-0.20929021850178	0.187253214013282
-0.182494031830237	0.239753545488653
0.129226875094337	0.164665744260381
0.232592628154937	0.375672058162593
0.0401271951407907	0.0510830510659205
-0.101226102902964	0.119419780323098
0.359078251917496	0.556107643216635
0.150892852303803	0.184271576186864
0.166770577887087	0.247343491180716
0.10073074590536	0.125851771987565
-0.625230107174722	1.3975167795817
0.246288305550059	0.366290475332351
0.322605881853138	0.554623607095024
-0.136730177571292	0.197371510308402
-0.103888621623909	0.132374269566139
0.310171451330984	0.520733091236064
0.0235289142429369	0.0257833857464505
0.30936316746054	0.544569797075322
0.0256826571946092	0.0291251857704977
-0.0842561617714399	0.107359318134095
-0.194268965393289	0.282379424042435
0.25931612762801	0.355232114722483
-0.114879266719089	0.132015057203648
0.144859243383301	0.182200769964547
0.10210892075926	0.132487806784284
-0.221634058761596	0.290058091001955
0.227803189395239	0.292453615540704
0.0379944357511986	0.0402884359246861
0.382961500496671	0.687185518844187
0.328553808235615	0.462871901929603
0.40416692653735	0.695089788875101
-0.301786856499091	0.435447906817253
0.00441847537957314	0.00482171726584531
0.512770024518462	0.975992478648499
0.589266591614883	1.18315070035442
0.401724970505937	0.537901843930673
0.473105052670473	0.620207898657024
0.330145029078394	0.354570583362942
0.338794776010434	0.379696165941196
0.258601873620371	0.378912680158533
-0.183494935195924	0.250680036383437
-0.341545657000952	0.498208042424682
0.163161121153984	0.217435049209418
0.0451208829171284	0.0526784674719982
-0.207539773399604	0.281418170915435
0.160971495862582	0.16874575448387
0.10632247771966	0.116777826460735
0.430432078513309	0.52302830898158
0.30785094550223	0.372902580195771
-0.200096502345947	0.178780722088049
-0.0753822592626223	0.0414979591794445
-0.0951588392084493	0.0500431533274869
-0.778816630186478	0.62739990160468
0.772632424219833	0.53057018459177
0.639512937407013	0.474680486817516
1.06325566838885	1.12519122233647
-0.17799835466966	0.219295792831144
0.173404184522999	0.175141902974737
-0.491979041015782	0.66420596843385
0.442898258743477	0.707357967308737
0.297160768620588	0.410527689345453
0.263344147884279	0.385096953334801
0.0164534330573363	0.0178569010521171
-0.558633515475625	1.00708878997545
0.508486940472785	0.898761926829404
0.088006591374517	0.101876144593143
-0.282904077205821	0.41225390547877
0.183638486197839	0.20999967469307
-0.541936117956586	0.856787024152187
0.339533092080483	0.498326931358943
0.42604435327767	0.651210526511835
0.634585165789904	0.781377732448872
-0.315381276506564	0.434786258764496
-0.996130301718367	1.93103845658615
0.102092749770117	0.11963458643222
0.219184687575581	0.274823167400058
-0.189062836277697	0.226119844978976
-0.120390821639701	0.14554653813546
-1.0161571558344	1.97791958147042
0.184286183919275	0.218357427316181
0.156362426390606	0.180066973692148
-0.0184170721416919	0.0199903284140103
0.394789410803235	0.639319329366854
-0.806828226701423	1.6120059217094
-0.37569027696138	0.494384330479063
0.354476930115412	0.470225071511188
-0.412917943758411	0.536815999776456
0.122633305874502	0.124667166887388
0.601033605206387	0.485076273372285
0.422342663921824	0.353294307804779
0.585059807978375	0.656313561590201
-0.576856504340816	0.544399081666201
-0.454630377702825	0.582259428283757
0.0173386847704714	0.0169412387570351
-0.529533671545101	0.71562349878223
0.223614966094073	0.240501896667743
-0.111420689496611	0.0966092530224112
-0.404031705907032	0.447135194807328
0.444672743375236	0.437414411592919
0.0245815071521967	0.0196437122116073
0.436904758767722	0.350341475672974
0.565176595553283	0.372551831748381
0.0656857406548986	0.0221501881029368
1.48688429381119	0.742684370524493
0.355606801568148	0.350160270638908
-0.163915922110225	0.157722481422953
0.862674398052653	1.28759105346089
0.47665387011864	0.453033235562282
-0.0932616262185117	0.0727613869363144
-0.0955933967303596	0.0886478826505065
0.360505751984837	0.346524682529473
0.2174244995439	0.218087551181255
0.229550748659079	0.223915747075468
0.451529080460785	0.450109918834021
1.0504772104654	1.43387023747245
0.670082225613466	0.612623350243031
0.496095686432368	0.457110441300273
0.593761820675522	0.676079438957406
0.874201970240696	1.20784537761118
0.864474235578918	0.518511735018174
-0.298237387171303	0.452530043540475
0.339861828900071	0.675938794306594
-0.509557439118757	1.38740322692085
-0.229019923369907	0.382590040246673
0.0872765743841695	0.127518784548667
-0.25625269005378	0.482868386714288
0.0270756083474052	0.0281695600651396
0.125576527164395	0.170214937089195
0.244952367119805	0.39679396183672
0.273498750088957	0.519958624890549
0.109350697256672	0.146921705328478
-0.114781233355502	0.137478149048056
0.149657270708794	0.200647678921489
-0.141371549924035	0.191031282854135
-0.0380554365758128	0.0475255248637985
-0.241782821271507	0.335460814702738
-0.333237233352881	0.48213576731492
-0.0289583262171573	0.0377855230706199
-0.012455891767549	0.0136209109179162
-0.204937619061813	0.342613483454458
-0.0327420228790018	0.0419193802598853
-0.288440508863559	0.492145071442526
-0.284964733369084	0.549073206615177
-0.0185735911701142	0.0233173685691698
0.00441248402850708	0.00538597006623469
0.0984482286348297	0.140380742943029
0.224093804121525	0.325100306484143
0.594076313573021	1.24650589164705
-0.223676117973875	0.310784297219445
0.166246972893225	0.251232244889573
0.184423807601533	0.273221677555484
-0.398681755870845	0.714245550841892
-0.111332532802921	0.157661757121777
-0.589891240953478	1.2921050444619
-0.27998563269345	0.373548805062207
-0.719495327966188	1.36692479408097
-0.274533109722616	0.450212553244396
0.380928983036645	0.682223076042755
-0.623679000716735	1.23368962260807
0.0719365226512188	0.0836849956360493
0.481015922572084	0.822992884735362
0.269922480242485	0.355759876937674
0.252455970022168	0.376480499554017
0.0238770487934629	0.0273121004421302
0.0692519665311004	0.0836130585979513
-0.00978746684709419	0.0113065268756605
0.111035683423122	0.143244576088501
0.0918472360392047	0.112593353114168
-0.524923486215401	0.86180341650659
0.0576962882417252	0.0629306830924226
-0.115979364391921	0.149501771798356
0.655428945919693	1.2061094697918
0.554828513476537	1.10869951832662
0.273801460660582	0.412578761516387
0.295035587264222	0.406103307772922
0.0851111826070747	0.106341833605371
0.284602602253428	0.422009747199637
0.429325091285093	0.633745827455926
0.42840521550768	0.689690798509261
0.00289325574445578	0.00257138868254325
-0.441665092552108	0.629639546316085
-0.0214635633863506	0.0224629721085997
0.314262426549191	0.432264039585105
0.819000712121247	1.66215815290419
-0.095797757840456	0.102946924550162
0.116759523931874	0.140090790655141
-0.139174992346242	0.177222141325302
-0.258478942698649	0.33008123694944
0.0987747784370744	0.108774328723522
-0.522085858408252	0.845452587422651
-0.168146837524353	0.20098571660997
0.26466476291609	0.330410224681849
0.0334751505277506	0.0350297562547571
0.125014891496651	0.133978458525636
0.453263359542982	0.714753075913314
0.276579049079783	0.295926156006951
0.0771808161703177	0.0840791331404655
-0.040051502283022	0.039776529100472
0.0992010211044833	0.110430603130352
0.178824563681842	0.206909712152194
-0.0398867587875884	0.0487030866244497
0.0778670833373205	0.0946545170093777
0.214098981503544	0.237424163734685
-0.25084100263126	0.294965395205212
0.469674629708222	0.774167495381146
0.058254715193016	0.0606482624148527
0.261168005441883	0.306041107480793
0.525719711497066	0.898859507518701
0.168989014655403	0.181928995475152
0.365911681226202	0.356016163378281
0.212461104938548	0.155542831331961
-0.0849666198297587	0.057609095908045
0.327013821438473	0.376429192674437
-0.247932801000344	0.216352761296832
0.745500352500822	0.835615350022944
0.212756576330808	0.256670680955077
-0.202511721439534	0.278842117435446
-0.324140528598548	0.511532861170442
0.00947340526188403	0.00937510639294632
0.25016709763793	0.292828021489495
0.209623879823346	0.222022036784443
0.597003066479836	0.930788307577827
0.672934886076021	1.28905324307455
0.361942202682764	0.440845786374776
-0.346965827455466	0.43754140028846
0.378322927461844	0.549433976842574
-0.395504287830587	0.549277995303972
0.123834906766589	0.123788171130984
0.270800897736773	0.305816245084902
-0.0169220584691074	0.014259855440143
0.273604266218874	0.292317107732723
-0.103439992350991	0.0986786761279948
-0.116638137646174	0.118389661405401
-0.0000530525380128051	0.000045174218870043
-0.233969429347233	0.208291971106837
-0.697987158064456	0.970494846501879
0.413002325227508	0.544664023150117
0.101465173799715	0.112894269910426
0.212021351608654	0.219937976356969
0.0336427082391648	0.0318063295736299
0.300603585815728	0.358315036783334
-0.485767713617365	0.633543151107691
-0.186726169658819	0.196076047451244
0.78571965577215	1.65285938422262
0.335550722764241	0.45985129959503
0.103562745096974	0.117643822278747
0.900867408006363	1.71797142845904
0.325589412950928	0.382619765013372
0.0447810367388279	0.0448489234863443
-0.382388368637716	0.550904558698987
0.469928576037907	0.771183784034192
0.355058861198773	0.35011076217881
0.424960301111374	0.343481019482083
0.279701992254861	0.246167798658437
0.0176482860323191	0.0136863908815996
0.0523613160706168	0.0479603787213237
0.093610230394008	0.0871372314598785
0.131611827925441	0.148384939957889
0.53298602897164	0.804366090252701
0.601244811470104	0.929117797693143
-0.430731201133264	0.41518353065523
-0.0573862492046832	0.0460374825986242
0.0643499547939498	0.0611290578193502
0.485827084691882	0.539068904114099
0.264461909352619	0.314999859162657
0.0254632726418354	0.0168551439370143
0.625489194892744	0.386369212451664
0.935389571086844	1.04585666628307
0.35543214983369	0.348804853829843
1.15831936683485	1.41964567389817
-0.22600583844621	0.231852741084984
0.457766001497571	0.464360584125821
-0.371039121262331	0.385014309878961
-1.03271511229026	1.10467866338077
-0.0075712053931483	0.00462606409415461
0.0131936476772574	0.00831839464527026
0.207162152337692	0.160875007509096
0.582767179164444	0.564746640306969
0.683976089984446	0.698391317072378
-1.13224926378695	1.62503615210778
0.733074026207101	0.807098618686139
0.44784375950799	0.430378671071459
0.516815052054511	0.46895776132797
-0.0392211733412103	0.0650958898244789
0.0125136633939343	0.0177059756533254
0.00889815529536418	0.011871023197779
-0.109065006449584	0.132407899192849
-0.515149253781326	1.07593249547751
0.305824481668525	0.504909369456811
0.575493681887581	1.26403654448628
-0.296023411405647	0.633626721980952
-0.0513649959152344	0.0704633973139992
0.334541552961653	0.463552198948759
0.382187537654053	0.707311117812578
-0.444662267921273	0.742355491569881
0.383085369475317	0.782028263433872
0.212406533191287	0.324414056825346
-0.422358791725722	0.764331083010808
0.351344924359161	0.559582222908842
-0.294472269871381	0.511742026327806
0.00117200596448002	0.00146533862209825
0.0847149934188741	0.118436527619489
-0.0403500180039104	0.053181244925331
-0.51414461204845	0.911722674981703
-0.0870557436326453	0.143064825052538
-0.135662378564817	0.166625879626024
0.447412352282619	0.694201234931806
0.291732662636202	0.593655697079717
-0.243220784082748	0.471221706902545
-0.11445682323917	0.155009001516449
0.57619278767774	0.80731181370829
0.18493245160229	0.192403852987277
0.612949231696359	0.850185639169249
-0.113978144246995	0.106092233324022
0.314123383072037	0.400456122690474
0.177557326277162	0.18630907752319
-0.507211616284412	0.763658448184841
0.0635606262242291	0.0885477681509961
0.206437616395492	0.310148788625708
0.0120012590434696	0.0148324301516076
0.0916674010919005	0.110675526296703
0.27443829053574	0.417757748299008
-0.519085306218428	0.761008195727547
0.218344122877624	0.20918196911104
0.312682924501499	0.399888683049764
0.0223995079604098	0.0205362106318779
0.30348727507944	0.404221648089536
0.704572435306604	1.57042832597816
0.120514554287669	0.126207224914732
0.181213333316787	0.224253575695442
0.203006071680315	0.287980347437585
0.17691768506819	0.293352930406484
-0.0935138854125332	0.114484252251998
-0.168062185715566	0.227371270740042
0.109029724490893	0.108608717399012
0.388283791510837	0.434501286083724
0.274551850633398	0.286891648178149
-0.108889651247089	0.112274839765079
-0.201120794732396	0.211303639523302
0.269059166631686	0.280017902832152
0.139532887369823	0.160035731639131
-0.291444854665329	0.50208536082338
0.0720182707163605	0.0776797436661228
0.272712422046366	0.316821533789214
-0.0761249746334936	0.0789904223172227
-0.395692325000608	0.468884231114739
0.641274659520292	1.0190799045369
-0.405214794782809	0.446141283799839
0.419388273435744	0.533389458094017
0.0968372152383836	0.0987774832444362
-0.445556370833776	0.521860588952227
-0.450326377487415	0.560980125248695
-0.898039120642413	1.53805705314574
0.369052499612473	0.445024288463203
-0.39749685011581	0.491757297492693
1.02192144226558	1.79622792280861
-0.28160551959033	0.274908214874875
0.83391141522733	1.35949136556028
0.0388455902948112	0.0336735498775507
0.640487828556313	0.866815115040779
0.169488460781853	0.177021086920139
0.345360695446546	0.463432109980568
-0.370549517455007	0.620667191060222
0.287438744496533	0.510818501501686
-0.0573939573106793	0.0755497469083471
-0.128430217050156	0.147140909059103
0.06255911682873	0.0653732767859134
-0.0508014137102984	0.0597219805350419
-0.0495823111381183	0.0562098258001672
0.489817412958705	0.626278597701183
-0.545573498334513	0.556759902009894
0.211070929104198	0.228556136272109
0.123068652812538	0.122910193419796
0.0141458523292057	0.0109440003343732
0.572766316389121	0.735510100865146
0.270622414099302	0.268366479064721
0.327506633653275	0.362388387960099
0.19170879704524	0.268376418625981
0.0740309441226363	0.0913523073300781
0.474195451923131	0.796090994987067
0.0515307408929805	0.0596878125035051
0.275439659935609	0.318628320962143
-0.665861463538328	0.953035689257299
0.392119622839677	0.457706109034614
0.0458973903136672	0.0471329470326929
0.304437669022537	0.417427831060971
0.18474629066146	0.269632516906643
-0.0336361970024789	0.038045886296627
0.122440831504916	0.126779403340482
0.603215616830508	0.685986510584827
0.514831851287427	0.62489914754686
0.345742676358394	0.360683812800815
0.544232018881814	0.630099546549264
0.508731020422985	0.636238275199676
0.776384103624748	1.11699268715344
0.219053367907379	0.184932053372269
0.441303716999149	0.458031481604564
0.557431688118281	0.66198122936136
0.285946153093943	0.279481414364038
-0.439005868939252	0.457356168462417
0.13183002034176	0.102318762329577
-0.0351984938220068	0.0253706656673805
-0.239689023320855	0.209550343793307
0.07345801563187	0.0599968981552367
-0.111898056737964	0.086776387175139
0.366387751959884	0.34959596229152
-0.268466361176455	0.253583661187424
-0.107583171924203	0.0826116641699031
0.519472196949135	0.363403618706052
0.0805959577563354	0.0668259820849909
0.0674308252817872	0.0643788050371785
0.134227651060668	0.108054587352024
0.693883247286476	0.894114012683077
0.0269439312053972	0.0178272873848538
-0.254538960908126	0.276682771301553
0.219228640079815	0.215481635017579
-0.00745723575067629	0.00555210183837553
0.115856657329694	0.0806727089874358
0.891317485222355	1.38539159517516
0.155902713141065	0.147617856217163
-0.168337294643152	0.141257193845583
0.492061117825788	0.732231652546692
-0.188612064579968	0.212608194327683
-0.0654917597831912	0.0578895189723565
0.362835869779055	0.442413748352026
-0.400039278365671	0.392214993593874
-0.127646472884136	0.0966159186994098
0.0630229814525979	0.0622879121548034
0.172404736384603	0.157558535536838
0.15151841068834	0.141727142005574
0.623649147214717	0.385712481924118
0.239423943231714	0.212658012097161
0.409552198750689	0.344850023416129
0.222027990993619	0.163402720707859
1.15941677461379	1.29344281225119
-0.252275432104232	0.198478823097094
1.49450504176699	1.49006438993368
-3.00007227153316	2.1756092993081
0.342187644890202	0.25051559877037
-0.206354062223083	0.186693857616176
0.174868983285924	0.204761744492171
0.446185443968932	0.535896803808521
1.07723740975548	1.21188316647631
0.111684951368397	0.179611814076608
0.161156661542771	0.266236697124595
0.223470938298913	0.173474557929951
-0.0696723763769585	0.087803033388077
0.223454166022403	0.387205979105397
0.273661592948151	0.463778989017882
-0.0234481084323165	0.029107412503097
0.0100340088700504	0.0132598242047924
-0.203900125668209	0.336850430805977
0.2151533220224	0.302414717610693
-0.354186114026877	0.535552846146996
0.170450266928705	0.243620639862063
-0.163096434384158	0.220894773967474
0.265113189159693	0.405744664059723
-0.0491346190580336	0.0556671389688714
0.608575808734798	1.27374131831103
0.312125509599108	0.487626594202634
0.307127575570895	0.426352807122868
0.298027269241965	0.498013568437846
0.373525427971242	0.536280027290606
0.218417855472197	0.295238508807318
0.465908807238036	0.858183765474483
-0.064370531668237	0.0749605622187631
-0.128690151146819	0.191243174493455
0.434862022958224	0.744994161678211
0.398953474102199	0.776685025623581
0.75388738744995	1.81082243778297
0.434440282010964	0.802866774761768
0.121737201943712	0.173028809647404
-0.121291666002199	0.14996510478445
0.338406728478496	0.545056022811763
-0.396808864725109	0.593985482537991
0.026909327851264	0.0302044078564966
-0.402828187518618	0.76145575323162
0.189529760451472	0.248899898856011
0.560694465350347	1.19913790979794
0.121284159840056	0.170495324801547
0.287470304917191	0.412534389054293
0.357402159055016	0.599549283688138
0.388852192378094	0.720515804144427
-0.0448595800109584	0.0508522886097493
0.19044123180123	0.258530342349491
-0.554118329374463	0.84562546678693
-0.0506660343307076	0.0538314499647582
0.0632431161567945	0.058683410986139
0.870864455437119	1.80370504585786
0.629423761427786	1.10360023442439
0.48464463318127	0.7197840248245
0.170479414396101	0.254316376878728
0.263696926615936	0.405994993812063
0.322958237958376	0.471504699953058
0.264343235965206	0.397983800525276
0.0987088032616455	0.139103835948428
0.226337361754787	0.344016216533473
-0.292134182070902	0.425115758926015
-0.330913956142898	0.451474454356741
-0.00141994289812126	0.0014257799380445
-0.0382644357425012	0.037473245105564
-0.316736849300622	0.440474155600679
-0.144840802210897	0.156778374156928
-0.0585310590564133	0.0574484685350989
0.504853053696564	0.897007858161574
0.0969828508699908	0.121551292112143
-0.0127824291991626	0.0120501529809812
0.677728906546874	1.21638986054562
0.252106517420046	0.330884613015533
0.307771154051428	0.394922577020342
-0.0436503327303286	0.0440226302572768
-0.00134294213702504	0.001049708192003
-0.035367292134818	0.0380699905698278
-0.0887579950090248	0.0919900402511219
-0.613378406868666	0.932534551177466
0.573032425620379	0.981997072425755
0.866344339745398	1.55112843143445
0.183539575532034	0.216964985465452
0.515871960702566	0.976640259722916
0.00179317990186579	0.00137964629478987
-0.0238050719172735	0.0237775363200355
1.03550537136534	2.26213764378737
-0.242081744413861	0.326711935152164
-0.27423286532553	0.341360731879233
-0.0102371533254111	0.0103251255905969
0.2862961821039	0.394354591540813
0.706577204108615	1.61331871332704
0.216690478468897	0.221294814437173
0.442874517682918	0.627900273966898
0.652702913262695	1.04234856079466
0.216344768438245	0.238994043780554
-0.0475861338836772	0.0533136260111318
0.485432577183052	0.77108184943667
0.115387058865185	0.133770052082104
0.3037107001019	0.380552735994048
-0.157133235984281	0.167546089752895
-0.135190777637829	0.162705369274635
-0.285191145105171	0.378001700705866
0.219725757215699	0.249313456179672
-0.627667076127986	0.87939656324034
0.270378968879469	0.288613325975454
0.336834178773207	0.494627498130432
-0.0780745482104146	0.0872613885685036
0.217754153275192	0.233380563805182
-0.418579076409011	0.487546446656269
-0.132089619044079	0.109732130395669
0.670077589447236	0.71775954284123
0.332062564373736	0.377310563629682
0.208847841241334	0.19866285523207
0.205894136490851	0.2619659231614
0.848558360482136	1.43643579042212
1.23146253002785	2.3501796163233
0.269725062271137	0.316550076231843
0.668993198408157	1.11217092030003
0.363624421136384	0.465966906097914
0.646098767091925	0.92440176952932
-0.435146472328903	0.531889011417235
-0.0305810153727696	0.0254138907135932
0.168447257172946	0.176607145448833
0.0636014411130538	0.0580866484764803
0.085968510367403	0.0872316406297413
-0.221014851556498	0.245754033771665
-0.306709797231603	0.351233751220075
0.874004396933437	1.57043584965489
0.129679892030544	0.134419023948356
-0.398598756310042	0.475880767208882
-0.610673467475527	0.967066010080767
-0.128568313706522	0.130267896882244
-0.265011285291742	0.252215460275595
0.0396105776122743	0.0270922912147811
0.415763612763897	0.455853401672169
0.216543289735925	0.217007833612163
-0.124524887423664	0.127454862686097
0.0443205702360063	0.0398055738139145
0.304151825818808	0.356560108045611
-0.402481172641212	0.52445164021074
-0.354410567713777	0.378540466984714
-0.526793003163595	0.642583804290303
0.649292692550289	1.03398738694591
0.316031162414836	0.384228984580349
0.214600884371675	0.225244307141561
0.513210876222091	0.734837931669507
0.0640294480594627	0.0508089818594581
0.696972545154965	1.07156301907725
0.277189662852718	0.285285195264052
-0.168355557010409	0.191451514712621
0.294054769725486	0.273935102484225
0.444883532425438	0.538547079825642
0.470649319684128	0.464143636922554
-0.854801064521222	1.09239306410255
-0.470361603899231	0.578389634113651
0.0856960392915518	0.0753304230870477
0.422191224857752	0.550063481876165
0.935865812479777	0.805852226717194
0.0879724233453643	0.0786002909825379
0.216012531762771	0.197968943676739
-0.148788095567552	0.112013662720755
0.216455904394259	0.151810934557346
0.220373696515562	0.144596867467574
0.408228007301385	0.354469387237901
-0.0479593825532709	0.0336291281703836
0.0295070860791174	0.0235146515065183
0.21941666371148	0.16787144198234
-0.0706000981884189	0.0569186325488577
0.326426134724293	0.248353094680204
0.887837273401838	1.02267622338298
0.532787006469419	0.555696348700919
0.958749924000996	0.360659612404915
0.597616297699583	0.759599126780748
-0.0168400474620951	0.0166109781747355
0.178383629543528	0.285905912059516
0.439480089906072	0.778909749260512
0.316957793871847	0.523359013439291
-0.012671069292427	0.0151393005246986
0.835667568790724	1.07732026267028
-0.29929993080816	0.362442384314144
0.358201060107573	0.615946544321236
-0.187722437001428	0.25835195289384
0.172975307641403	0.212369982139911
0.283487923034124	0.26632616556088
0.00791446810817392	0.00689965018888469
-0.170540076979332	0.169353610458292
0.579659301780601	1.05878940332838
0.542393924457581	0.800303652870695
-0.328781193931171	0.453136820790974
0.594274314135525	1.12503089290469
0.0720100484481657	0.0581848108591757
0.0203127740141749	0.0224542267806107
0.451673872991374	0.701546128881113
0.0308067177538574	0.0387131973620201
0.186591860494832	0.317448336695098
-0.254689139855673	0.315828272430641
0.0273559079016322	0.0256162017238106
0.511468236263017	1.10027544303449
-0.189352308341234	0.293141144866187
0.223262255294665	0.344253187972332
-0.0621765975697259	0.0852900756320785
0.249364642777891	0.441507803703623
-0.206301209069619	0.363603279456739
-0.250963370181402	0.440624802660276
0.440426229537119	0.807709819710017
0.350704443602039	0.469980500748634
-0.646727163440307	0.857012604021724
-0.0853045514378829	0.058172740886736
0.868199233466383	1.781573229841
0.0455554491383099	0.0510052823487396
-0.111467549335681	0.142068283767625
0.0707144878196311	0.0806232624272349
-0.57296072863757	1.05174867272926
0.0465898972226825	0.0512464617679105
0.246835717967194	0.363982190260105
0.0391779834059383	0.0377559047938899
0.424497850013185	0.445833691160727
0.0681650083371956	0.0502534990496285
0.594747269816996	0.919154778485191
0.217056371010199	0.268266193481612
0.291751233761146	0.412999630567809
0.530003258112952	0.823461866690542
-0.287203371323735	0.452915416425331
0.0168965192666624	0.0200495552997717
0.191803245868204	0.292350622286582
0.253783370690854	0.366294373647712
0.0127066200925442	0.01404621415762
0.507428616186276	1.09534598356826
0.443537374292002	0.745807652471354
-0.270507800835646	0.392406290157202
-0.200438294143208	0.321220750811093
0.146187356159914	0.173129772637212
0.377591124077987	0.604812166369121
0.257085029720376	0.392561025709046
0.153639698575254	0.202887371460961
-0.0960204160518331	0.103116274444521
0.194818391149128	0.267830985791424
0.117037918025278	0.141531765144972
0.838989843552089	1.41120639221238
0.281236479328068	0.436786344689651
0.478975376686983	0.801464902699859
0.202769558911761	0.273405982735663
-0.267819594095827	0.373861906562629
0.396058707538003	0.624142989008027
-0.295917769544987	0.429831940484961
-0.0960926468242625	0.100291268077087
0.214840308604354	0.26971780184862
0.646312289569493	1.29364410652338
-0.242073400408104	0.326157864021139
0.153372272932999	0.188162888801748
0.0208852636425911	0.0226049699579196
0.445408275050128	0.727344476513553
0.522746757781609	0.636321288622602
0.844099688167284	1.20339506562863
0.00586201197703615	0.00375969967545352
0.342019796763593	0.46548673134517
0.153740835399049	0.141684339922623
0.659274931720895	1.49434237739189
0.403657327810094	0.619650879742253
0.341722664859401	0.446289276479887
0.0113084494605591	0.0113582552748008
0.188493978945154	0.264612601744306
0.259713337342763	0.367230207360173
0.0210902288936447	0.0215582646550819
0.223006719599066	0.240021111630391
0.207590251020554	0.202058886984671
0.613484457783573	0.596648494621374
0.576954662742789	0.365311562247092
1.30791755570025	0.948990873711076
1.49267561580986	0.734513854674031
0.231831491818091	0.130718217335801
0.630704226354057	0.384774926513972
0.391679563778983	0.448608148456822
0.356144074338762	0.441316609036575
0.2876627832782	0.371065998126136
0.303984248148914	0.37716491262179
0.514053736630224	0.783804002616104
0.427589293615996	0.62244684558441
0.446589392376545	0.68063171021566
0.137712929047498	0.155889275429954
-0.171631752166848	0.213781384466571
0.00405366218439071	0.00355692778524531
0.0567260894215692	0.0607524774493469
0.752420534821293	1.34483498990339
0.109344964699898	0.125955778628368
0.0906885732635308	0.103692458128381
0.0588037652488189	0.0630007557143133
-0.0730370972141821	0.0755303273800489
0.149610075380743	0.168788102989217
-0.16220018121759	0.180680002953097
-0.23740965283822	0.255168576221648
0.0735942043946958	0.0788459779072098
-0.084992990347096	0.0748197865903922
-0.119240899337534	0.121606892012524
0.225503585542207	0.254155130003823
0.253512342102855	0.326599461380679
0.00446071295787763	0.00420056034679399
0.290874846978535	0.366083257875409
0.140386704435459	0.15641818925811
-0.111984594381384	0.131166235481308
0.15877392692121	0.188697076107005
0.35051693618295	0.471988528717959
0.109188834480184	0.068890849071148
1.73015397541258	2.86859197559361
0.209521761233994	0.136134398578916
0.392100071898501	0.459883478971439
-0.0216606019811587	0.0178534936083997
0.208616704603029	0.200852045824036
-0.652894316272708	0.647800728620682
0.0696688252370465	0.0346277394337685
-0.03654708031539	0.0259666042114889
0.129527274189463	0.093398627402678
0.217261662047742	0.186873946563728
1.3067148533506	0.950263053120124
0.232369393909587	0.131236881242263
0.619423096165521	0.377074601341934
0.267012810047278	0.125411585231296
0.738309636275563	0.298522079434048
0.61493967276859	0.851702087996052
0.546574622540068	0.641895437438771
0.213575405239756	0.223406449347545
0.223646107397835	0.20914638033918
0.157701447042005	0.144902063298177
-0.886610971489381	1.19108655310434
-0.412538036680649	0.337068936355501
1.02711107891348	0.853121863815436
0.766145621243726	0.512102468387722
0.380760446727144	0.239118500786423
0.0138928037404362	0.00917609411069757
0.801277769831043	1.03225026451534
0.595319765068295	0.753175909678241
0.438879453819915	0.694324528175886
0.295991801009504	0.249490757863478
0.02528841956111	0.0164030080598428
0.403515933935842	0.654319523279379
-0.105221669946622	0.134400498890112
0.0322285014965727	0.0399676679758451
-0.378550066448721	0.633662759375614
-0.3317330018317	0.520871324300838
0.127689290809199	0.0949241165480741
0.0695696733606945	0.0675976747137506
-0.1313598481379	0.156348957655904
0.321337189051368	0.522068626735253
-0.331510019948726	0.478156018148238
-0.479814189806573	0.463557285756937
0.265255991709744	0.319614592099085
0.717087659367102	1.11729173383141
0.145408973280223	0.15922642659696
0.384540147006152	0.45965824158896
-0.00347642542683876	0.002877020064021
0.594328856036966	0.895414582879977
0.743027896492684	1.11589364488574
0.434354918930501	0.757161620092599
0.121146966684587	0.119345851242063
-0.123027101499076	0.16559671213921
0.0318087107587058	0.0377306302442279
0.6648611239668	1.02730825786832
0.222763117129612	0.263129591728386
0.235351209257459	0.36614333939733
0.28590623498618	0.520199419097926
-0.190291058362708	0.27603649492078
-0.131528805399968	0.204438265579616
0.590619570188042	1.37759829471488
-0.143654207734747	0.213632503492366
-0.227601833354434	0.389609300080066
-0.347766183593337	0.560401090972253
0.0778101393459644	0.0740139048349589
0.0881207602712861	0.0773690937899755
0.442010469544036	0.357361834247919
0.140998400569484	0.122779259850493
0.40928964931944	0.634076795897389
-0.0355816118841318	0.0412236542411455
-0.0265035289134577	0.0263942313387378
-0.0539589854960133	0.0533188023502923
0.416687413941172	0.630747419116483
0.0947791835436005	0.101088380240833
0.26317098721768	0.318589116811324
0.206932408624573	0.192145610044313
0.158756659811272	0.165603125882658
0.605475892774461	1.00201503681073
0.512353884369662	0.455743007958209
0.275963163209506	0.391596445879197
0.264700148378724	0.394537525173147
0.166104955248783	0.190822115601987
0.162886324986739	0.23297990014139
0.155075466217117	0.211933852903034
-0.000170548725126171	0.000217627517385816
0.0234943057290523	0.0276529057814063
-0.144933164069475	0.190491254557433
0.106645744471522	0.149109704685295
0.318322234560161	0.556242153592369
-0.132086292845296	0.161795524662258
-0.211013331417065	0.319035872928534
0.459391358890212	0.855598694208168
-0.955616673093098	2.046869427192
0.44664280629249	0.708789306682395
-0.0397640608860772	0.0441869752140536
0.0787330882817685	0.0887726402237778
-0.46907785659277	0.83270060824979
-0.320542116372574	0.454299620706035
0.270712484250245	0.321821782276219
0.232433803848249	0.31198420616408
0.124588668071251	0.168802891969053
0.492927443111003	0.955648349517129
0.756054544156807	1.46262350499084
0.130975546315309	0.171591488475726
0.148930711415607	0.187077127233285
0.0517496222666957	0.0591229317832171
-0.234399132385776	0.31700061897538
-0.0439378005315702	0.0531130582357942
0.171110492823192	0.202308793764721
0.919331643734442	1.87157061015947
0.402235300093043	0.772771254692727
-0.0454288497521482	0.0523183133386028
0.496752628241347	0.797015035079183
0.896649585780852	1.38139735697975
0.67904795457012	1.0472403488025
-0.393337491967706	0.441236600992483
0.280918746441785	0.268344355324883
0.698897721032655	0.904907400630404
0.811895003346451	1.24084208684841
0.363225001265315	0.564948052523601
0.0353166790619992	0.0371083472824957
0.0726551550299848	0.0710423518029782
0.713584529734499	1.21512941062059
0.0435438172532902	0.0508896392074217
0.232415365400592	0.331496362313064
-0.175784832561162	0.221617273814176
0.402298635592033	0.54437636611125
0.298674960352767	0.436129167745922
0.178001122123089	0.205092081904699
1.15175170185962	1.04028974127507
1.69847222601728	0.942183863880759
0.0630213844380295	0.0576881303292044
0.233052470231562	0.303691832530921
0.13394200819225	0.151011805312623
0.276004546580548	0.336534257653061
0.0821770561363148	0.0838483139054492
-0.180542814247052	0.200762764131947
0.340066186326948	0.46150643053918
0.0746251990148442	0.0810421493884817
0.272700338196829	0.387623015834088
-0.25344960025897	0.338957650145014
0.45727598426695	0.787368813411885
0.563485249066981	0.964239468748099
0.220243888291774	0.263896716830218
0.218900888018831	0.277370771889221
-0.393543212900629	0.561195664066147
0.271445531302323	0.374622675207056
-0.121173493079548	0.13272915949358
0.764482575516407	1.27646984336876
-0.0950602672475336	0.0903915324591247
0.0543817996054546	0.0554948711230861
0.30019535165773	0.403708479382467
0.246698735854495	0.309371288950523
-1.16395373277556	2.56160905798838
-0.0761338033432901	0.0681073919877541
-0.326931701547783	0.438022289548847
0.561447158685395	0.815172062341251
0.0617491444310785	0.0638116633821261
0.817098497792872	1.73982334210337
0.00818880136546175	0.00874951329338227
0.443384787170021	0.682363391537882
0.279004553284835	0.281240768669691
0.25701575511457	0.321389300929
0.425544358502874	0.353273621171395
0.00827244484421742	0.00645374480331767
-0.0599233886417631	0.0420319538852513
-0.0567110998309503	0.0454654799293623
0.0860281070429577	0.0513378201344972
0.213157841106868	0.174279846496707
0.846991078713874	0.975510941475252
1.22503055874304	1.88659124056641
-0.78959146343138	0.819761965887411
-0.124609734800429	0.0600571869543246
0.248163868115162	0.128948540843402
0.957896340775023	0.354233763560613
1.31023638867962	0.966358507253654
0.16477335196872	0.167016707987553
0.265387644029817	0.257694630593677
0.298153503983459	0.270311591321212
-0.190567653275388	0.168337607581955
0.0752968543780788	0.0624839314816315
-0.341723333210206	0.285196851504055
-0.0250344948257839	0.02076989773368
0.660166091138266	0.701006917807145
0.293505236142421	0.263295006613465
-0.546822144171549	0.54747148326301
0.0640181639473536	0.029431771100311
1.38979489002877	1.2970045081308
-0.297892983640924	0.251907194793573
0.861890926083064	1.18442048284693
-0.732794641578197	0.873650341641832
0.49702187796605	0.456429825208677
0.21576972005426	0.169405267677921
-0.11364468685962	0.097227931743852
0.446035830449366	0.855851624768339
0.251546601555862	0.420758380187433
-0.330361556318496	0.571166811066762
0.222513599742154	0.348367746323128
0.131635680950377	0.19352132165039
-0.346113674650155	0.342902108186613
0.256881253088334	0.3462706291982
-0.398564725800914	0.642005348547461
-0.285371052865181	0.503330592224065
0.419090747501399	0.71875814624586
0.776066834139895	1.03982444735776
-0.473968413069143	0.725873759517909
0.0468893949243429	0.0498813826546188
0.150198864334159	0.19250951357433
0.338268794956394	0.469550202099561
-0.263056321952919	0.288596644902379
0.150126467114295	0.17178859551259
0.380602626943586	0.449015666319042
0.186629629888116	0.23506626081468
-0.230300519819045	0.273330148603636
0.465104774124893	0.956597471915786
0.407603020817786	0.847334788651383
0.00610351598264679	0.00586618667535896
0.590152738019103	0.84284954707141
0.435571910243396	0.967975646700337
0.241173881843588	0.42660216009614
-0.245472850296471	0.451438044478938
0.137444683896258	0.204969889297385
-0.11023287497586	0.166124436010754
-0.0710239438390692	0.106832488528787
-0.0956699035447902	0.139305743058133
0.221232437612974	0.312731954762898
0.317777070842803	0.398674214919767
0.275119424400042	0.271371529457318
-0.279824951644454	0.262000001364437
-0.648987125186952	1.11069954202139
0.279328225146756	0.421949083564816
-0.0468769682816147	0.0566990670223905
0.308858706842473	0.467028036948287
0.301142924033397	0.410264918947943
-0.239699282041831	0.292086538849178
0.181983342426589	0.225151186719064
0.28568950942352	0.26375072966191
0.247383164712127	0.325007187828949
0.481885231734614	0.759289081347318
0.309833661528805	0.404021989093839
-0.563091509464447	1.13839655557271
0.0221870670606578	0.0241594412336244
0.339000764430077	0.625448173638343
-0.176829244706428	0.244685077572356
0.255067406852974	0.41026108013991
0.0719960042102581	0.0921979535762064
0.279056272716401	0.424086097795268
-0.142922219203031	0.220952672671385
0.0106677109626807	0.0126902808108718
0.157321501287538	0.214333102744783
-0.380048266791247	0.636813943318784
0.0802587681055508	0.099513811157259
0.394139685070604	0.726105029103758
-0.0667197328724258	0.0779051719994534
0.50635873403424	1.00641572635537
-0.0321423180158705	0.0367730764226246
0.10766164953957	0.132015313103896
0.386935830044214	0.710410317202055
0.407193742710608	0.74975114463577
0.309805573807107	0.544675215491153
-0.109162848119462	0.131678149416074
0.0961017029956848	0.118310136397668
0.0946791670100321	0.119346062764457
0.285307333571555	0.400979488288838
0.30898773268654	0.454018971509823
0.486697255381366	0.979011635620973
0.162345853990737	0.194398773242
0.496111209564343	0.934724777343693
0.0857735265844063	0.112389006911941
-0.104542863454854	0.130700857890041
0.389980650188933	0.524843953158749
0.130006621153905	0.140244201580358
0.166837021300758	0.172361083968429
0.493947418733981	0.62488890547362
-0.12765534945857	0.118133440320763
0.30812249093692	0.515491681424463
-0.105784697224612	0.121998592640497
0.0559101267320505	0.0668467841721967
0.33506522382913	0.576666029075985
0.195660618996142	0.294860557272423
-0.000826159707252387	0.000829450252094421
0.228685050521064	0.285645471893413
0.350154743829092	0.603731176167634
0.249984209893693	0.292366689215849
0.12998135610243	0.139134673080741
0.419097877340624	0.459641553967541
0.816110469571157	0.771739120252937
0.498981252208437	0.89106498921047
0.213116228150848	0.241716101110124
-0.248623141199674	0.315130011032443
0.0653308228606649	0.062262705202695
-0.000611075630331082	0.00060229581727639
-0.163617702976716	0.207708190965581
0.173696480948378	0.196376593760402
-0.246254728984108	0.29407119098294
0.275934511691337	0.420718755643049
0.137000447926676	0.159993817182343
0.622510165037482	1.27254450337708
0.633534227022663	1.10132219390648
0.188953304948057	0.230821147577285
0.379532321516928	0.53650984774984
0.516718356052032	0.774825668721688
0.423706899946542	0.655889922253282
0.328036111729053	0.37152870665408
0.181049016034328	0.22486751853596
0.186392792996134	0.22814886293448
-0.475372595012591	0.755785246011116
0.343663680619421	0.496722035013447
0.869896719064192	2.07594621779266
-0.0805712490948886	0.0776581675830759
0.576512562407116	1.07131221350262
0.530689734077232	1.02063540038224
0.315891687476035	0.463857031717111
0.306504058232723	0.360163837056578
0.50511979272669	0.818369533960003
0.314661611477568	0.237929462829011
0.215783387302306	0.135986572433736
-0.08047356279292	0.0641705651551669
0.0653412957907842	0.0611972446907043
0.201338187756641	0.188582949192792
0.0678736450849624	0.0520256431987503
-0.483792918928374	0.345117724095322
-0.0292649439354272	0.0237294645688942
-0.830091309768824	1.06846528785725
-0.637377305394185	0.588702975308143
-0.206162058299303	0.124241524848029
-0.78129848594984	0.637683932794528
0.600195797916114	0.271927950279248
1.67939824921839	1.23975700236647
0.731513575802203	0.302200351206137
0.292905416938424	0.389514478332698
0.361821277064962	0.441249597675112
0.209511008740446	0.232278796889818
0.334290321788793	0.378582984235877
0.276528921815758	0.338228632163029
0.389679651434426	0.453384785774404
0.66401703054905	0.800618432182045
0.0221796003402115	0.0185436112637604
-0.0826596495218931	0.0658135845953396
-1.05343821218857	1.65221397986633
0.146923788472514	0.124525301765419
0.146226531129357	0.130419549329982
0.0667014726131512	0.0327517870582494
0.341747307179343	0.251042131609502
0.332171109395729	0.34926130795682
0.0600132273071253	0.0434982589065734
-0.0547154391895264	0.0447157869741901
0.402296742255444	0.455083140979163
0.166340961836206	0.245218420268001
-0.042300087391576	0.0535049647811348
-0.341766309382262	0.587544485444031
0.0502685055385732	0.0564325479443031
0.283698665567124	0.28484870935594
-0.390190657646192	0.539466702307088
-0.0596526114646449	0.0696068717866228
0.450288473636976	0.909878256699567
0.433382901675887	0.762709888678601
0.0355787799557475	0.0305779701895865
-0.199860475426802	0.23709051092231
-0.0603931985939629	0.0626515264425131
0.16786457821618	0.207201800965357
-0.335456412420228	0.400212800294786
0.00574707748087861	0.00555898341745652
-0.189780602702907	0.212199680526998
0.618062803622122	0.961478957267926
0.200546984490012	0.279797066783711
0.228322548986498	0.298443307081501
0.135823119370894	0.177972898504724
0.0588629484133667	0.0762630376034091
0.01550188800754	0.015542560845652
-0.0351430575533982	0.0377269933342197
-0.0471441408297478	0.0572568830133664
-0.286794079719275	0.450242889311765
0.0433515646428723	0.0591809918596799
-0.143666237494505	0.190774280571744
-0.0852294860328161	0.1072183932075
0.405217544989515	0.831063984507553
0.101873953597793	0.137050705760795
-0.174541032268538	0.231493312268881
0.1733749199039	0.189895085709951
-0.199611521681471	0.179655151629473
-0.379120425101393	0.403887132408706
0.373000720867366	0.534953985136636
0.162173566286256	0.186354642139989
0.593230869435955	1.21311143346348
0.0430617911614017	0.0436847685319317
0.44965381551928	0.626658721406502
0.331845225715654	0.46147194822757
0.113451845427381	0.10527473977236
0.514567392980095	0.56192182568465
0.547210319820711	0.900103184812718
0.4137212941024	0.517332137026743
0.630305473871903	0.929886818717097
0.200376026693238	0.274983366983478
0.276407080241104	0.435504430103496
0.472476232035294	0.639664880877942
0.0619913594323529	0.0579654394859741
0.167942544957971	0.217092178806578
0.0954879484019996	0.107654551667278
0.332968550554069	0.484529718775252
-0.17948651616433	0.232672608434326
0.26485233021192	0.340454370806628
0.164538936014073	0.229829273556467
0.0210025278030113	0.0236891320002562
-0.137392566456904	0.174866039704438
0.180966811068652	0.205655581442729
0.641248819007647	1.06207334462084
0.0515777640978013	0.0542417947676099
-0.548728832338102	0.910677613758779
0.215074475512441	0.252708773001088
-0.175921931955687	0.237835808482182
0.425382011311288	0.652046936691911
-0.135100179728812	0.15715561141937
0.155713253669934	0.211319662162115
0.184430103109929	0.24535617078204
0.385653120726995	0.66311464515706
0.815637969993456	1.68950600241373
0.168788967229799	0.205661743649075
-0.161102650666714	0.183424054315747
0.126953456066268	0.140641217935833
0.479842869702485	0.781366133932638
0.334426255989981	0.454532274934962
0.00325236754829053	0.00309136162102923
0.476309231219997	0.797935018736426
0.295037159914605	0.430713920035868
0.679922232403383	1.20295439446525
0.247966389581453	0.287913682058283
0.338417502800925	0.446270109884933
0.416271166957466	0.539826229154261
0.181066669151194	0.223786368359842
0.339871645368955	0.454158456952101
0.405089914109848	0.449609699720172
-0.0503819020062358	0.0578652164523837
-0.747583856094792	1.20912478021805
0.468083046297617	0.640207358633062
0.66684602833052	1.28587109022418
0.591092469986881	0.972482913924457
-0.549277073464673	0.799704623395152
0.30911515831862	0.395050547348493
0.486734611591673	0.636245137499108
0.0545492601307697	0.0473513401344225
0.689088342693068	1.20444998173226
0.484152085870806	0.727148926898499
0.140866580013308	0.158170466635219
-0.185949624740741	0.18450358045308
0.317393096730669	0.363411403918068
0.226206413673101	0.204987273024387
0.557474392473133	0.569913880176516
1.5392235477299	1.81350507043683
0.718521175823465	1.22159653304066
0.225609154122737	0.270124065582237
-0.0110914520680259	0.00923647294119253
-0.0460215159904207	0.0419322853866538
0.0612650925204413	0.0655929121079829
0.0425208323271534	0.0417442452654787
0.144668295639432	0.166822014036328
0.0671115416766734	0.0616592838041915
0.161601662603916	0.174495647813253
0.376706386434403	0.531950149158316
0.267152356799387	0.307352392556622
0.636548711277487	0.988151900771578
-0.418172507374346	0.524463521635194
-0.176907118436569	0.207868478279866
0.118430596995907	0.122051807309528
-0.154342713039204	0.142147185876519
0.551541463076956	0.734516426557646
-0.617108883623552	0.908172110192493
-0.196074601685294	0.221623917040202
-0.624960370536177	0.899757357044793
-0.560915762054371	0.80761112949496
0.692492579695305	1.21680658522614
-0.043631118485431	0.039857056278131
0.251594362332365	0.334406139817735
0.404131071361762	0.529554307982058
0.383194930453556	0.55482401157795
-0.004929199793598	0.00458290816619293
0.17941146306251	0.19405153165617
0.794790336772489	1.38750276164991
0.574126017790422	0.897803228709014
0.202209434098558	0.185061149179411
0.979594231489409	1.27064013518717
-0.328983690084503	0.328381208867132
-0.43269573634886	0.44973031840309
-1.07809119027527	1.48734133843184
-0.0243857201235636	0.0203217072381797
0.211321917798059	0.182558396423708
0.354071652111717	0.247318634231982
-0.286350580433073	0.157176238330858
-0.320622912206528	0.215678766925093
-1.36004417746519	0.65090747212765
0.0618015285061207	0.0208222215561855
4.12724589285364	1.96016419751285
0.0623379620622729	0.0233529424140015
0.443160440226769	0.15916220103121
0.537509369944798	0.745067069048904
0.516785472290565	0.460767445211459
0.593761820675522	0.676079438957406
-0.0584994457806608	0.0467363626702877
0.272961963928907	0.263171804951592
-0.893057911409336	1.21725519671557
0.0805427617082185	0.0675510696155123
0.274125706716511	0.286112203881211
0.484202178240142	0.553892393095843
-0.134487851174266	0.102343058096911
-0.110597424379467	0.0853757045004927
0.0743417279641876	0.060667213404032
-0.0840727795295196	0.0743948299539561
-0.741242967957538	0.977796464743896
0.290275336492794	0.263084486865769
0.619860310838194	0.667159336277206
0.214615108992945	0.174747682732526
0.299129754736437	0.255025680653588
0.57711607826265	0.748366668666642
0.346241676344596	0.546610442309784
0.201641891641582	0.300923584234412
0.216973618923101	0.340440057227252
-0.0779804737635873	0.0926243115119228
0.00040395060643292	0.000629103908159127
-0.120562654770237	0.153926526026289
0.524584160104208	0.889180556403297
0.0290734215675183	0.0327754903141983
-0.591791587990777	1.04776926317408
0.174048699392474	0.23931305086381
-0.0717336127897209	0.0852816844687914
0.339499997338927	0.536084291991215
0.147077096557279	0.186005040491279
-0.396054040983313	0.670976706649984
-0.285691168954666	0.451991822128335
0.292535139511942	0.397945602552221
0.278942790816152	0.424880524589615
0.278802617039107	0.418562567840422
0.87502966224231	2.59920597373053
0.0926945835071489	0.104978051814804
0.142686516946231	0.187453640980858
0.00517492593024044	0.00673228693722048
0.349668778545986	0.678237239559836
0.408038275479159	0.556778906844491
0.480839073065832	0.626864297762043
-0.176592520628548	0.196508915997161
-0.172286434603719	0.202948877515671
0.366353219708931	0.566730509086192
-0.0636891731207816	0.0698728618384314
0.43350434457295	0.65423733993241
-0.531839582203978	1.08658879188435
-0.116512517196479	0.161632099859125
-0.263982864822472	0.324089829506945
0.0453149820123749	0.0492652072840554
0.384871887809898	0.614564623330148
-0.113971561696051	0.117363773329195
-0.3480975033649	0.526254748854339
-0.271477893124011	0.350608788572808
-0.217726315456271	0.237241679071965
0.159271822374341	0.183928416620334
0.263327458708002	0.319188187329751
0.17908903619015	0.215245060833164
0.304758329263697	0.399089200302597
-0.0929749655013802	0.101498721740953
0.725420504510943	1.55856264335045
0.231922550639078	0.258952282938717
0.516380840726837	0.62715146781901
0.438971147718272	0.534749880953046
-0.67033198706502	0.918237403408511
0.411271676276998	0.538288943469086
-0.374961267098554	0.446472471302986
0.371785577801994	0.563779325625698
0.519158538029032	0.801147054980646
0.402972399695554	0.510075281086289
-0.138621238500611	0.138063507836485
0.636457875201831	0.85584959176396
-0.0829091252480003	0.0727197691829089
-0.242513238113087	0.265581485370422
0.218921589985911	0.267777549000566
0.261747610137148	0.313654195415586
-0.497141096172428	0.708845584320775
-0.525066679421681	0.769953750886655
0.577947169085287	0.890535492091709
0.365718637886055	0.533804029903175
0.637896987262544	0.955538775479159
0.231778007310759	0.248352745755439
0.470199058886236	0.706928133296873
0.421302304390686	0.537759801417878
0.497823288748285	0.626163383848019
0.0444477519424832	0.0378916274035476
0.370093861426207	0.458381691870935
-0.257166641344666	0.318648252058231
-0.187903366397808	0.197236843980738
-0.070976922564459	0.0676113169745068
0.263158054735061	0.372111721695985
0.227405050473977	0.254397647114222
-0.738982026917905	0.931424430239064
0.788154466441975	1.04276058894301
-0.081565781900547	0.0717267149918006
-0.231961249539702	0.274371979221272
0.145189034414594	0.119301053450571
0.149150621939291	0.133725805454956
-0.48088638664198	0.458624110600062
0.772410959353926	1.02644316845216
0.440896096981645	0.46461380084524
-0.0836494426470461	0.0803900694496305
0.357187570531943	0.481431320748785
0.0288358806416457	0.0235583659158877
0.133358976561904	0.146100457678437
0.0130790497415788	0.012662970113182
1.14878217145229	2.25575444044074
0.0489162566984627	0.0512512235973614
0.220249726416771	0.207246647172125
0.483601711056432	0.55473267606944
0.846331314629627	1.08512594969295
0.879556153169232	1.19957848745102
-0.155914106413312	0.154263613658227
0.574079840959392	0.668899953539161
-0.00628571225769352	0.00466411049623573
0.658915208490435	0.783609043733524
0.167826546609118	0.169280687390495
0.353597143739799	0.368291546398734
0.21667390996473	0.182424225575782
-0.124023808551439	0.117251903441928
-0.108811049754217	0.0934241925438739
0.377859290804587	0.356570429603363
-0.248645491086473	0.234333159469091
-0.118648962440218	0.099820764064913
0.393301955342039	0.350887058120323
0.709241695059775	0.805559476973098
-0.162146848218731	0.14824930253872
-0.530913645062048	0.580648295944125
0.810332748344563	0.976797488249966
-0.216606069360112	0.191197773061089
-0.278359979994084	0.241384881704901
0.800251280226131	1.12930826724168
-1.46109576079008	2.33170469232608
-0.000752185508630376	0.000546026739453984
0.214389555564737	0.204645136020254
0.697387308563878	0.798928471592227
0.0514882874684107	0.04330949069072
0.215927814103726	0.15251068026785
0.547726098857784	0.696508688700249
-0.0821213739316506	0.0707365803785265
-0.226453435886351	0.202352999432394
-0.0732489081469012	0.0579536545528489
0.806998783590162	1.04646860759944
0.0352703951590954	0.0298119345645275
0.586904034507298	0.757921609708963
0.902554138736128	0.895481298354817
0.44494046467177	0.35893944414435
-0.193387124899304	0.137285569099443
-0.203388312299989	0.147814671719512
-0.417164984955381	0.303229356422105
-0.66626234836086	0.494743189369144
0.995144456801875	1.2968190620497
0.223818291047584	0.143068333619397
0.522742470465389	0.562412257613042
0.213653813697538	0.210088776033968
0.694782505036906	0.888366655267011
0.109342537651516	0.110606687800077
-0.696903745420878	0.965067552589976
0.0108884661020659	0.00678370754462282
0.0126257267248224	0.00979932298068695
0.114145021621889	0.0817871923832308
1.15930587301952	1.4229016768293
-0.405495977532466	0.363016970954825
0.766634661757394	0.846245709762722
0.805858092226243	0.869605516409507
0.613814657185803	0.593725704833781
-0.5024616279837	0.436857827466106
-0.414215566623349	0.341317737104763
-0.330760923398839	0.171766427540283
0.0109357298373958	0.00684147639762797
0.631304526855306	0.589651771467252
0.0576020705443149	0.0428082764461689
0.611603987603175	1.70102085332175
0.626665988527585	1.61844083101648
0.191008471091396	0.34237790355114
0.0903123647848053	0.140709721127031
0.405662245494899	0.706113567448501
0.0546290503821912	0.0709217358833558
0.411943798321256	0.675218570036716
0.161213559036906	0.267528562608319
0.179861734296797	0.27613416239227
0.406914103302895	0.663615341528125
0.312835762757669	0.504156199839678
0.459153848431396	0.961876945781172
0.161991082662942	0.223406799671592
-0.0734522338362675	0.0893284967365188
0.404194124493528	0.615349602455444
0.204954448179452	0.316956290402581
0.109642469257785	0.124506372188593
-0.0118928944644031	0.0141253964713051
0.129899209264681	0.185486760476553
0.0953816327586634	0.133877155008991
0.381841466183992	0.712384230580305
0.471451498172612	0.932311855378885
0.320823551275128	0.471888566199853
0.273817201685473	0.423175340809078
0.603864245222894	1.16378927605347
0.0229997356064936	0.0238841132826533
0.0587783390546322	0.0788387321797846
0.220798859461925	0.347257088408901
0.193263709220032	0.277349983864468
-0.107784366799913	0.135662820911729
-0.188545487195366	0.224792358918773
0.661587356072295	1.12658997647976
0.167062915076608	0.214742387913599
-0.0788212508033275	0.0958220693255478
0.237777322276412	0.315884668352369
-0.244529288422768	0.363355478640476
-0.107156153513035	0.12530096948792
-0.417466661231278	0.60402432524481
-0.118987471789672	0.142775692502775
0.595806494621178	1.01964495836913
0.188845950975951	0.254995323531322
-0.0727957660713266	0.0861181578141632
0.243249028978583	0.369599373910725
0.587832054937139	1.13861403715236
0.304502687729941	0.489981201983015
0.618585594943043	1.18757901936851
0.305749043627661	0.442868331207147
-0.501062256019641	0.848248686012587
-0.112297170001005	0.13360394691647
0.280148571778338	0.351876903468337
0.224952964331117	0.296382420416942
0.390418038748668	0.635428402028391
0.296025569290364	0.432602393274166
-0.479039784981659	0.767699750883718
0.363164945304926	0.552399296125401
0.438122543148237	0.622870681685639
0.397703296710537	0.647311222219557
0.4107085485149	0.609668519562924
0.068865284150177	0.0810132198271122
0.948101259160101	2.43065894910842
-0.221971214574964	0.287012824783179
0.160286447082336	0.210783093050689
0.289241662079633	0.409226426715809
0.563239484301364	1.04306218716621
-0.120776163464168	0.12198763343496
-0.250187518008144	0.322024494458431
-0.473609647475863	0.719600306257455
0.369576821935988	0.555223071015723
-0.29794646706087	0.411047053585419
0.219566195747247	0.285915008867976
-0.528689764795305	0.898404818592082
0.325702468419423	0.39622674205498
0.486247912010356	0.691501941154489
0.102692843880955	0.119717690350727
0.422002865027083	0.62811056947321
0.195050345891351	0.274290712756445
0.56207467855534	1.12593977809905
0.189237213641419	0.257964838418345
0.28883562815223	0.391546968358474
0.302876917775796	0.38465581428383
0.111052157075955	0.119912637490821
-0.00670716806299376	0.00731645355850258
0.403689188716472	0.61587888338923
0.261440136631292	0.356585132164
0.168579291403441	0.18721662776814
0.229661721083596	0.250175842520127
-0.226051691538345	0.266227425592911
0.61532134132375	0.92163299162569
0.360936751740301	0.577770092917631
-0.0188985840619406	0.0176154204211073
0.27358883542776	0.352056931076876
-0.0238034908920523	0.0237929043581741
-0.169154436180551	0.190428641511944
0.326711897826505	0.437984332789011
-0.446850324124372	0.641938702440657
0.125858814398361	0.133342984082412
0.779311229014777	1.03628955721306
0.325251163568355	0.358759582598235
0.386715556441891	0.549838097983583
0.00085331297453156	0.000729581210532366
-0.373620438119518	0.472722285628781
-0.0150118602106268	0.0147409617992429
-0.115049316949302	0.0998397152797241
0.542973773040416	0.741235798318551
0.620198289062744	0.777900677671105
0.487758562532283	0.739944392810149
-0.538896090356334	0.724774605481079
-0.215911146629008	0.239830424976849
-0.0225994109715211	0.0206083184010018
0.0135034782906347	0.01216713261029
-0.294022553271627	0.265008824022581
0.0212196636890673	0.016951026441616
-0.150658146742174	0.165491093830019
-0.472998077725969	0.641497455756634
0.448115181701195	0.697366727555993
-0.213983588983013	0.223218865988346
0.0563322255380113	0.0500534640741819
0.321813854661057	0.379094365827054
-0.190493543651178	0.214998994088989
0.456059833738589	0.631807302844361
-0.251120132890962	0.278408579280079
0.397746398165685	0.542247670947334
0.552676532765196	0.805775197011799
-0.0254480913225062	0.0181231670972503
0.224321712285332	0.181364163411631
-0.0242159279569541	0.0200292856378153
0.397346572809963	0.455588236961531
-0.0290539078571442	0.0267417883011567
0.361825327447555	0.459484042415493
0.0578855143071569	0.0543151814400423
0.204877260350259	0.203290710272466
0.0900944107264396	0.0793562325322633
0.854067637611009	1.33345365813019
-0.656707657254337	0.872471657723853
-0.278541906072022	0.285189319653647
0.220209576673441	0.224139141052451
0.129931098006892	0.100642102248294
0.3299524533652	0.252979770465896
-0.859802100472945	0.87412268227361
-0.0924957013117826	0.0482271989151939
0.700613855730402	0.514191512644833
0.765831454685807	0.738952430100961
1.67852450572825	1.5910157972891
0.415981865621294	0.357160642337276
0.575358681242648	0.488003762743741
0.819644515993782	0.664646297947691
0.48625836896154	0.557264092064619
0.151208398846116	0.149850372402868
0.218542964901784	0.186740205571073
0.0610606922283434	0.0586941257882019
-0.0287111105312133	0.0257550446950365
0.252248070264244	0.291143598183638
-0.475908955633172	0.555043450061085
1.08774580248053	1.25374359185478
0.447614739182893	0.445424761277743
0.214900293888531	0.173308126866606
0.426566520209452	0.355620944346542
0.670490652823475	0.718102084729233
-0.462699801185969	0.471470720575334
0.536319236710864	0.642303218725536
-0.0446081687616388	0.0313923753228853
-0.730634607903438	0.943612460176238
0.357892991360472	0.354401509182323
-0.783495508582823	0.859441579837188
-0.0202377725604389	0.0147706357454772
-0.135396972367683	0.101915335632337
0.363842589648896	0.348884048081227
0.370302228675589	0.360346021007545
0.134235279810371	0.111666165570238
0.4167141171542	0.452054874896197
0.097867591156961	0.0860470951504833
0.212415051224798	0.198769796653552
0.421521716941727	0.349639627200732
0.21292924398376	0.171097823358116
-0.0633602406573781	0.0507550072383987
0.294825274741254	0.540235566283382
0.153257907568578	0.221332277871141
0.799832267054693	1.12797165367931
0.77124413242008	1.70862599452074
0.685166097774632	1.52141151707444
-0.0709185963544014	0.0890106828505733
-0.102090049836044	0.119703394285891
0.16605389762898	0.168366501019163
0.502754039470766	0.790748661941922
-0.254783339138063	0.336053584894232
0.354393728094764	0.538488646258871
0.26085614758556	0.35588377175926
0.169452251898521	0.185672691015382
0.381111122526141	0.632992329921889
0.0699071014834817	0.0645288895416763
0.0803051373449202	0.104459695133029
0.488083503540048	0.818759273124416
0.564387520515214	0.830236390651377
0.295208588736907	0.537940784612651
0.147392272747228	0.210139099572873
0.0515307964409317	0.0615318233631763
0.2309252943548	0.34803171411284
0.000512609017494156	0.00041241264910169
-0.00346268477329404	0.00290746722760781
1.00616252337669	1.41032243891745
0.423584201683031	0.612003936494984
-0.0330088560628353	0.0380681429909069
-0.459821590773637	0.864292592354102
0.211419105232643	0.301217692724966
0.0313598065875685	0.0294259988364583
-0.120113919409036	0.133108448139422
0.0571228477781279	0.0659761461204356
0.182621889516371	0.208343518121461
0.196790546574681	0.25819600019223
-0.154868036182829	0.17570526939648
0.686237421769468	1.0566871481515
0.216415529863356	0.334813292574485
0.208996963427528	0.279436081531862
0.0524114704990837	0.0604119568491776
-0.0559446294857471	0.0680963154311754
0.310225299561792	0.388669760587881
0.513668620452137	0.885758875430574
0.627513112108669	1.34357840364609
0.0522896985761294	0.0463539378142274
-0.13075102800922	0.157994919084537
-0.334138492481646	0.524185490284541
0.311738720796317	0.482003101574984
-0.148820980326046	0.195722146491634
0.050041430016313	0.0510904769299891
-0.143058520053868	0.155348945728074
-0.0497264624942379	0.0554817787714347
0.571822269664869	0.919651011228853
0.046578606914447	0.0490860664032016
-0.215946370490699	0.292675795628363
-0.182324733488063	0.229825381589463
0.0719093645758142	0.0819258615063579
-0.204113145327973	0.270545060412247
-0.374938403527936	0.571659650562944
0.165034641995813	0.178094775937975
0.491608698927939	0.731921660488056
1.00556785272293	1.66134657393803
0.0910617784197419	0.0784120673078882
0.0681389178204056	0.0539858582325205
-0.0445465023370691	0.035161309517326
0.182308052471352	0.223691829116656
0.150189333283824	0.178374612813
-0.259948124044697	0.371745916205092
-0.446808248695947	0.639502462687503
-0.0888837266250726	0.0986839955480293
0.255974589613929	0.358594403407462
0.0842360197949704	0.0874179786421265
0.105604974754261	0.100176502434603
0.27147209386367	0.300281173317826
-0.372148122002068	0.465619597416232
0.305512821075174	0.396953837351213
-0.483698983399928	0.683835945456755
0.216503232441779	0.249125266457141
-0.178857352620633	0.198810406678129
-0.192397056014689	0.18452848705199
0.902910989683018	1.49246703995332
-0.0455573609857171	0.0414986551852757
0.366226630158708	0.35265637883905
0.497638212903633	0.78984348344727
-0.202153750952453	0.231752555000205
0.239622681488283	0.281661855726552
-0.397893487784705	0.59576173526388
-0.274168026038974	0.356297714423912
0.0196904852216556	0.015826399631723
0.317554564303017	0.391716534333951
-0.00537904975050884	0.0050448916516796
0.212864582451043	0.2496106515759
0.00112693146741911	0.00121745650309518
-0.3147983746703	0.358408281371877
0.382736364499128	0.448337112349587
-0.370924713570438	0.414957484421635
0.423624175434191	0.542269157659583
-0.454520373447109	0.500737613964351
0.325302654365752	0.47554841173214
-0.474371593203276	0.728802187823789
0.13887935720006	0.147846553718801
1.40299164460002	2.89156462453188
0.00628194980988234	0.00581975732712539
0.806741993675053	1.41560453232092
-0.0830113583908492	0.0865415991971673
0.208051867221636	0.243326771299365
0.371775332416492	0.435124657756576
0.164151023715737	0.171940691888535
0.10163337245642	0.0943499903166542
0.0452511928348543	0.0392465221492272
0.20550220447882	0.141806043709969
-0.878619134517303	0.760432662957722
0.366503441858869	0.244721244870239
0.86432908105604	0.55058410860476
-1.02286474017549	1.08673970497302
0.063225027665641	0.0486303990485032
-0.250977797577256	0.197174565785698
-0.398653399117799	0.446572256575462
-0.0128215573659444	0.0094217463687432
-1.00431460462306	1.39198994188735
-0.981098190389533	1.1697718639298
-0.24374794407508	0.170597173885974
-0.724836554119993	0.855986984597288
0.515062672981296	0.536511435302173
0.824239923172739	0.665241906097946
-0.234925313375177	0.136230808831606
0.559590006053466	0.372115834577807
-0.393831802200729	0.18879707452248
-0.333594220675972	0.172130914555252
0.444698247929886	0.157307694536187
1.24076829583068	0.53813553962861
-0.675918136396435	0.169189709498233
1.01621628246465	0.722330705254251
0.685422471375351	0.616036435541865
-0.0918758003224084	0.0481394351894346
0.27806365219171	0.269782314882698
0.287153946793929	0.248706509286977
0.393602734189871	0.351258605756881
-0.00796612352618046	0.00743032121717098
0.102594286903134	0.0678210042113771
-0.377202783493295	0.280831206512083
0.608500842911494	0.59410778199554
0.204448723231454	0.177617301411766
1.132042985906	1.59356027835432
-0.00146713989230495	0.00107690332866512
0.140628189367781	0.11328137635068
0.210990758685803	0.18089429225783
0.895913104150794	1.20446212569311
-0.647979849679273	0.816030233471441
-0.093779126811164	0.0634122419757209
0.13675241909576	0.108612610454853
0.338374587502849	0.359182336830728
0.216843803909899	0.174335063332641
0.0741387312466826	0.0600871172205234
-0.161694651985331	0.135219716157537
0.671008745844752	0.617464451180173
0.547498730296028	0.475582873803802
0.605428945993822	0.492655272926591
0.938160592275248	1.50285522916852
0.00228932072214198	0.00263434988521732
-0.406316211496368	0.799761854780094
0.0483044876813138	0.0689433889663803
0.071093292634288	0.0905390435230144
-0.250929985845718	0.258380908339142
0.297689522879679	0.401768482430928
0.147170420087454	0.166037892456004
-0.0784573430526767	0.0918695593451699
-0.0956097522775956	0.104481279826293
0.260996231572421	0.328279213641194
-0.346961372331705	0.523146605883574
-0.201111360031522	0.234823137944805
-0.0552964394043405	0.0667469392104997
-0.166966662304535	0.209167048516867
0.518029826793664	1.16770467863512
0.265954159613692	0.352717935483267
0.288030806644316	0.578552091898307
-0.037549462654865	0.0515536446040908
-0.278522577089211	0.528827217716726
0.142683297979841	0.180974475042546
0.133744423704161	0.13902321031877
-0.0219717871163402	0.0184277012627929
-0.0720603479292044	0.0580038583796023
0.293488378368293	0.372172485824131
-0.169506893591698	0.243534121758448
-0.603628402611006	1.19075022986225
0.121557859900868	0.149651387367434
-0.0111634715405466	0.0119115367379189
-0.12100776454364	0.160431579404478
0.164100623039936	0.197160496614655
0.308101863267467	0.406734726305492
0.389605712704796	0.76921963552137
0.050413039892365	0.0665401133868038
0.319391199453607	0.488283721755766
0.148732640561292	0.20957038492324
0.273311931107538	0.400702429907935
0.12182059930875	0.151392018342561
-0.0515467442541023	0.0587865294574272
0.380418490186677	0.680453524409979
0.420891432422059	0.804802817205107
0.187549103003905	0.274844798119978
-0.106535754286067	0.130432293451808
-0.196021958502449	0.281079318732774
0.294098925306405	0.50165015060445
-0.296249422290685	0.394821482813602
-0.00497976585185566	0.00579034518494934
0.409904839413869	0.714891506273069
0.0334154012930553	0.0357455775283797
0.463280898971117	0.865462626074465
0.0577990986428962	0.071294287326308
0.558131806642672	1.12054189135553
0.279750669416738	0.434272685869651
0.215341353404376	0.226388751258783
1.04288684873218	1.73137521974351
0.439752541604311	0.535147792293412
-0.0110191611339885	0.0101412274821154
0.54402554659684	1.08237418091355
-0.0672600411124602	0.0879596193059937
0.104298399620494	0.121238908583254
0.378899540152305	0.638446295920937
0.207505536160191	0.306261270687552
0.109676981971245	0.120402115762576
0.0357023902210096	0.0415095726756731
0.429901098973427	0.67777372137965
-0.556787806613951	0.773779093386994
0.404112033429912	0.568405429256695
-0.362382966919195	0.453994696303607
0.0851759038089946	0.0986893574009887
-0.441664928970351	0.70638656767495
-0.271203363780896	0.334209491747786
0.0785460805441017	0.0808608233113233
0.0491763374705948	0.0452215792737178
0.100372128917155	0.0909107136854862
0.317820533227259	0.243335272643769
1.68276549247314	1.60270536171815
0.515447195624884	0.644841298512101
0.326738491802848	0.458683047889759
0.307745027506628	0.418904074720265
0.345150125464585	0.461376331060663
0.539625362108664	0.828333930863286
-0.238667914471842	0.276225902668645
0.125720176942636	0.173580306098627
-0.147222964053455	0.169735591269515
-0.132158444212837	0.156751356376058
-0.111240113816281	0.119860424274248
-0.266410642906392	0.346814362840517
0.0452702542687834	0.0502694664783645
0.220950310622841	0.295920726802353
0.225502593342994	0.310157952406727
-0.611220213439552	0.804119221368515
0.551422355480198	0.916074927115809
0.762762170503603	1.29911969234285
-0.423326565933802	0.730745820958014
-0.500915492577457	0.756516978275239
0.490207690838755	0.728143848986827
0.225810015735857	0.315252489220792
0.295775626390659	0.439061405642186
0.0279769874927411	0.0288966220803631
-0.343437920219285	0.479195344888688
-0.0141776658295322	0.0150587732478041
0.150137151360468	0.186079689171523
0.37752192472649	0.517167165786188
0.268527009276646	0.298290290515737
0.267394461399151	0.327421700766851
0.0974282674369394	0.105660581826441
-0.602955927912946	0.883925234259424
-0.435556871947253	0.41827049404778
-1.82592234177873	1.94315712834922
0.86714907147507	0.557957559956189
0.644882195593724	0.494747236891075
-0.492983205005337	0.429327224089465
0.321467433478455	0.264446328029074
-0.784723409899056	0.814456803019865
0.519295472493813	0.720082567890651
0.166830122477274	0.173993363825165
0.416782810468099	0.461765831628822
-0.0576039602519446	0.0407271923282984
-0.343453778484178	0.344543231733989
0.276281131908315	0.261082360121531
0.0222859802471255	0.0147336979612511
-0.666436334040191	0.746160050869589
-0.422841734013649	0.257780813811861
0.998482783552471	0.590780673190261
0.0722598336952745	0.0261127288249207
-0.48864187640772	0.281784531688151
-3.10479103037243	1.00775884248494
-1.10606583697194	0.459191886208015
0.980310947318697	0.471755155556404
1.31565494520183	0.958252823573706
0.356763861289638	0.235922471568636
0.292206073808162	0.276990244342095
0.0627022059534846	0.0474691532860743
0.345795503564754	0.348513534394775
0.00689856581985412	0.00534242248082884
-0.0166711793873679	0.0121830066135774
0.364959869295942	0.353435300460541
0.478686109594223	0.52010233267072
1.08036103962916	1.73973662608446
0.979014078539612	1.47343662509151
-0.300418800959305	0.302169701240531
0.021874379934994	0.0179703035557965
0.321496835038331	0.343183781370159
0.579675985540469	0.756074149526379
-0.226278753125426	0.201533900547761
0.253769442158864	0.286864698546024
0.423063388243346	0.541795742733058
0.0646943945534784	0.0490639635825744
0.330000440457384	0.356098909208375
0.0731386011656047	0.0584831257674582
0.300113131957734	0.263745229040469
0.685383753642667	0.975939736060571
0.458166640318403	0.447833242956856
0.323180591058271	0.360437185407615
0.0592030185505999	0.0791276788759532
0.317579599858837	0.587396169439846
0.186198530501751	0.311969493446482
0.0959016101133048	0.119678150764923
0.128184061941496	0.095484532631684
0.482907155762306	0.817305137729551
-0.0258132838654717	0.0283121537571593
0.0816411948838681	0.106742011107702
-0.00145691788861335	0.00163969220515314
0.141757228131941	0.120147503041914
-0.158024033577709	0.19258403777169
0.965896703360639	2.12448525979936
0.288142304507232	0.409206960286561
-0.308481758244833	0.352643079603922
0.149977306170164	0.139553028882855
0.189788669235287	0.221454255473198
0.533985912989002	0.720634726463449
0.682492222099363	1.28815918096766
-0.255287022099337	0.329854399651715
0.48365268649621	1.01170239512822
0.0199236143162061	0.0266501142312995
0.0990799488937458	0.15373627334943
-0.357093491989327	0.572222740925037
-0.219653098463823	0.240723652730136
-0.370489446586083	0.442996237406279
-0.344304352860209	0.320602043703937
0.443985185854916	0.598745493144423
0.140284815385347	0.167315259624744
0.416711293613491	0.766824124785185
0.428421924698576	0.696405685567945
0.306794352342486	0.380618867652143
0.13298805686246	0.148028253082828
-0.0297398927563016	0.0325221962411172
0.445759785488282	0.866391288767239
0.261218680242642	0.362642738581545
0.519855144292228	0.944980238483695
0.4783358287677	0.85630041400363
-0.347684839834017	0.559853242545165
0.261284189839157	0.302631565631639
-0.0881955162606826	0.110562964772973
-0.225077069786346	0.307490026742858
-0.0826044351596256	0.106549727673942
-0.423156368881181	0.703255748717674
0.0039954369740397	0.00429847098986925
-0.32090237264372	0.510264515266245
0.410029988363508	0.709564131464422
0.0815297972583641	0.0943555154853652
-0.353049341361547	0.508004681557503
0.503402268121692	1.12352490631382
0.0227292396659277	0.0251896376726349
0.415073762844542	0.670411403647164
0.570423349036364	0.919401032340019
0.446069592219064	0.533445097523005
-0.0174589287818053	0.0155395265469111
-0.436865910756359	0.695947506323138
0.0838239238290109	0.10187985732638
-0.339728953770814	0.532455735777953
0.340840356369444	0.532228333058527
0.155236498220054	0.195168821446023
0.403812506358922	0.68556018490788
0.12994618324012	0.139800480265929
0.0677406263378349	0.0724422039037676
-0.00355664953924423	0.00333210415076381
0.220780976171881	0.256221178917722
0.444521002508588	0.623474393045003
-0.175857171841445	0.234107263947077
0.0630053597609746	0.058506144729373
0.516627698594225	0.619268093661305
-0.149588780590989	0.138789675696987
-0.862204100694813	1.42422495398888
-0.019978547103455	0.0146842400887091
0.557087940698688	0.361268376713991
0.230927418499414	0.137857250490549
0.694482682591585	0.494773215323781
0.220289550566148	0.152490216015038
0.379225363528417	0.235995857276421
0.765855348265312	0.529756024544679
0.0593959797833654	0.0523000164431124
0.453669345749901	0.538760391894912
0.179523810356266	0.204835196542196
0.434504774562356	0.651268894990794
0.781548385363446	1.55524297165079
0.0124251662000498	0.011772221228244
0.190357108812589	0.220850631767412
0.0609023400133231	0.0635662909783944
0.0155265550799973	0.0155612740548996
-0.134126811415978	0.154335594274438
0.390870138646258	0.565424830251132
0.0666538158143524	0.0724621822511483
0.654503406076294	1.21085001851195
-0.264815980227745	0.359473624571874
-0.587307328052379	1.03173206194369
0.465373308898559	0.617453930600222
-0.0524901428109409	0.0615931449343039
0.207707766090728	0.214915725717231
-0.0355275006906288	0.038161102081563
0.0683255693356638	0.0712629191157415
0.213565637505008	0.246496951303623
0.295370736385529	0.394184882031251
0.273067836390293	0.291895282268497
-0.25533033974866	0.298559799562591
-0.0565100877159221	0.050259546636103
0.375247677088104	0.636790772604737
-0.555140757717331	0.954962916310191
-0.362695671322448	0.608790832250604
-0.153996163277118	0.193665483955564
0.122220458122975	0.127416030402668
0.0305905857127974	0.0258551184340945
0.506169243010404	0.790517721951303
-0.331904969391523	0.419432508539424
-0.476970284120322	0.561421700749825
0.770982194588524	0.532048425820811
0.250874903726301	0.1317161931792
-0.480168447315438	0.210151154066627
-0.179793732123827	0.0746607770585653
1.57507706663911	2.16224978480324
1.91322500463216	3.18110354886969
-0.0981556422773975	0.0647108626326757
0.523932328829453	0.550388093217545
-0.191060218387306	0.172399591382504
0.147346646854547	0.131040389576629
0.30219302614456	0.250761505481681
-0.409136788858885	0.369273809124426
-0.253709898208965	0.200002525993173
0.514013143644583	0.457453454762982
0.463238811673766	0.361024494873477
0.764438635521207	0.641935797607997
0.360548707455908	0.2405547974642
0.0632224714691229	0.0237545697448547
-0.229223468021514	0.0868419132365657
0.601689675690617	0.273023001103154
1.25326908707589	0.535368305805517
0.493625019509645	0.563193330019784
0.10542189703633	0.0924740299104779
0.0425595923268898	0.0357447889338597
0.153586495666508	0.12986488502481
0.321709478709096	0.247279768582602
0.110763804258901	0.0733318715677462
0.494141355299161	0.621877857979738
0.27417263961394	0.293557210781609
0.394807454312168	0.453264353210151
0.604278521767022	0.737495366831347
0.334292460822577	0.350948878739874
0.279473182258881	0.268980417707571
-0.0701376161872174	0.0631058893776776
0.279619557701096	0.282613764226635
0.48700389920848	0.77657896464043
0.233130716706703	0.130509978921806
-0.0538560067753737	0.0522110162036821
0.189259446578157	0.307418410188242
-0.00472922740944622	0.00612056329085721
0.0275501474029881	0.0347840638629898
0.0831844311084238	0.114457217558391
0.150877538214436	0.135357741137572
-0.130940594612549	0.150839608417748
-0.237770890517955	0.346216619381773
0.0730763191483381	0.106473234850298
-0.0492152394486745	0.0597625870893794
0.472294280299473	0.549778151927681
-0.335413029711846	0.514830360859141
0.492648123074566	0.730053103184305
-0.0417514212159716	0.0503531662192424
0.482944707662854	0.70491384425465
-0.187249775021106	0.169179338006966
0.343862317422146	0.457816229408235
0.16417546726312	0.17259408380948
0.252244526570105	0.377661296863204
-0.164681407677844	0.184570742407534
0.328519791858364	0.600404455626558
0.148765028126465	0.172849905002133
0.100242590968042	0.090201580570655
0.304136886765143	0.610838663292349
0.0174410627569723	0.0214177512055718
0.0961068342558448	0.0904358355086807
0.344703978416731	0.355908551483265
0.110372346414399	0.0740109454495246
0.357126530654456	0.514173761623346
0.14802800278386	0.208357171333861
0.218351554535435	0.271241090791725
0.0696858119179931	0.0850177045113073
0.174615815389948	0.242815145114864
0.916540368262278	2.28973447935011
0.03158115867567	0.0360803162669
0.158158991662499	0.232628810946229
-0.209471978246817	0.304080110980903
0.206507695956539	0.334078577746282
0.565128922986765	1.2441539416708
0.342243501971326	0.606745206403082
0.128937780079966	0.170333861843025
0.248993282285599	0.34358130451114
0.416254629541608	0.6954286464057
0.292566630585856	0.466119701751115
0.311807409008613	0.541619293030283
0.617031011395641	1.21447187628057
0.158472612771388	0.196148719893898
0.626610997405135	0.865417926608996
0.84191344529278	1.50321420752165
-0.58466708759568	0.671615939518695
0.54741080835518	0.656242494594091
-0.220981379181797	0.317066909967021
-0.285052762368002	0.385629111013994
0.143478938933476	0.177239162379621
0.394461197011845	0.695411242624632
0.384611413418505	0.735219742523131
-0.145559067652687	0.197907580759828
0.121470206116451	0.152266182168837
0.143021513239053	0.169379226345535
-0.0205228474709328	0.0192045688220772
-0.218475117037444	0.253389553741055
0.000905621920114319	0.000998518970323462
-0.244266970753094	0.346723706671914
0.791493752901572	1.31237491996927
0.50446363603692	0.633784096480318
0.167913125813747	0.177103214829943
-0.0576452664874903	0.040210478662572
0.377953407393126	0.235202115591879
0.0659699431185961	0.0329729210322868
-0.618630040498055	0.234889586979421
-0.367720752526132	0.276476442642298
0.456538427891792	0.246891452519575
0.601171429762771	0.478800903726037
0.260024548348725	0.30406013833811
0.310502834479521	0.382594781491887
0.374121367312334	0.453017329627898
0.28980699267587	0.402444722662185
0.161514823356322	0.186690137930019
0.342875485433356	0.511292416483889
0.30893459389129	0.390027004973046
0.30343448435706	0.399513218128417
-0.0784554050652425	0.092268090728421
-0.037163912941554	0.0367343065174369
-0.0508874250956814	0.0634523318201401
-0.446728384440296	0.666185730608795
0.395739814348139	0.698710658628112
0.738891918849935	1.51566777814663
0.14023023394688	0.169189790560982
-0.564960958031589	0.912472869787119
-0.498093992683144	0.861529033418028
0.0257051219590198	0.0264702549017688
0.25542208084375	0.329208258433659
0.325804940251136	0.375795747686229
-0.168829108599114	0.217444987745838
-0.130744567568974	0.161221172053632
0.307570556802969	0.490294677708063
0.50494153976116	0.862150626548694
-0.19738563520656	0.222942852609511
-0.249104885991549	0.328007210909382
-0.13636638431489	0.176614321693812
0.205255838555627	0.283047353879769
0.2652638719978	0.391020491025553
0.0791632757327192	0.0925072917165919
0.0126538208424842	0.0135241050393022
-0.390878259651391	0.643142543099749
0.0307565796960686	0.0258204863904498
-0.0796229765205728	0.07938872644758
-0.813790794281976	1.44647409913498
0.0986127798314175	0.0901852643164683
-0.584938021735786	0.446755372734881
0.281792551488513	0.133819966083204
0.229836131055494	0.136924864751209
-0.787538958617754	0.677637931633087
-0.0872277340759533	0.0589835762928743
0.209750333876692	0.180796568364862
0.720802322801661	0.72656844906793
0.38393192238818	0.444753118259813
-0.271658105534865	0.314108141394732
-0.046437204882218	0.041918068929667
-0.493464132354935	0.430878535720542
0.216100036969043	0.185785546063743
0.345298921992073	0.348197830403941
0.881193914127296	1.12390024919466
0.697517437430465	0.391850971024333
-0.689465894376948	0.343398908175785
-1.58798627148629	0.584585350075341
0.95896139638816	0.363703630688584
1.81548188238984	1.43986296338797
0.51600959606289	0.650365111000224
0.216326286739325	0.217622104531482
0.209623033709879	0.191171327736117
0.144851649192815	0.12858821935422
0.167258401060819	0.179935821838575
0.266376528712646	0.700451922296041
0.163562713729147	0.214618666707472
-0.188127631178817	0.0778668664837858
0.23050618787988	0.291714241325211
0.0675483777569483	0.0932074591719625
0.201612661844887	0.43074834102262
0.109893885140943	0.192385281892868
-0.0465472379624552	0.0727830988933382
0.35467634531936	0.889203270219382
0.0303732376560389	0.0288798608899706
-0.331052576335253	0.570023069682464
0.392992217004841	0.85779420473876
0.355159668874843	0.768580168457433
0.567447615862885	1.35026472832954
0.265621620571044	0.347620879679858
-0.348876827146943	0.524084242539165
0.123457314107873	0.159076274497524
0.0449509540773266	0.0591611181756092
0.423106078473348	0.701507629491481
0.22525314859754	0.284920063908762
-0.224833804383515	0.317401590236463
0.0471000963628088	0.0462825332056413
0.0988882610879067	0.146660695840053
0.374442322855977	0.671245280469709
0.231255161012414	0.392198448185951
0.187290334819807	0.360015188840747
0.494758402256959	0.842558995468763
0.323220358754783	0.47896339161939
0.195884648482627	0.257519855039325
0.257458507534133	0.282252233401736
0.375765403478133	0.355380491657842
0.496524024112605	0.857509372034469
0.364676486689872	0.690844216487218
0.259109353713185	0.454598749451528
0.458813499433946	0.733960610295519
0.146798328426069	0.216825940055598
0.393073085454346	0.686023890491051
0.135026826553625	0.202076788944552
0.00473570378953812	0.00564587864802286
-0.0714506700490295	0.091775241595517
-0.0184477304934406	0.0224935049630295
0.0123586448511911	0.0149025318469133
-0.103957977479649	0.145809098317512
0.518357409436279	1.01223209844377
-0.281288602244769	0.375340554498048
0.60110910435776	1.08361348880535
0.232650973460148	0.372836886385054
0.0650392516099257	0.0604811304495365
-0.229736589436988	0.23126741065054
-0.831234110985892	1.22617556157183
-0.109112424954785	0.111638603464275
0.289741452928684	0.473345262884538
0.251242747248897	0.420702801002303
0.00892809761083436	0.0103744903441002
0.118072713039047	0.155024783834819
0.158324170507595	0.211065726457925
0.243964264857186	0.392928096965523
0.203598734652981	0.269165321789561
-0.184509660130418	0.23120480722686
-0.189546488718256	0.214438152683702
0.245653434918471	0.362222584200645
0.234642242043526	0.306891418536029
-0.291959439142413	0.471266755018004
0.16930541823601	0.1949034371903
-0.182827018088549	0.178190062363747
0.407134422174108	0.44852627564112
-0.0212611763811048	0.0126886632594716
0.377003526328625	0.234261287766615
0.213054757576335	0.134673153511529
-0.57721913255688	0.537655180314167
0.102797966601005	0.0684656253473034
0.760353818365468	0.638800919887762
0.282262976239614	0.431305072811136
0.40418702256777	0.617966699554422
-0.0574825754676937	0.0661224318750912
0.502735458628899	0.84833542651997
-0.111881450149315	0.138549065111855
-0.334319307101069	0.514997217755501
-0.17656703008273	0.232450503457836
-0.0887028510295562	0.107466019163333
1.00310580559432	2.64148132026681
0.411411644957019	0.650058784465634
-0.0438117636742116	0.0496224587535353
-0.0184693715346927	0.0201436912568134
-0.0198863154048516	0.0215782490594573
-0.0932486890100744	0.106950133835036
-0.0651979778431756	0.0669864385184751
-0.243917807424089	0.279882746638711
0.186955053731928	0.238453927720405
-0.029194807433064	0.033189343877661
-0.0716991910438586	0.078710270884928
-0.00680701862706314	0.00695992649836972
0.167254625299283	0.176210308394954
0.153748930846097	0.190737393318244
0.132807445092893	0.15977833851141
0.272944195815898	0.411612629076068
-0.307104943738018	0.460970534331598
0.0114200044348056	0.01294635189028
-0.134962018284587	0.180179976396206
-0.10380577674933	0.118777580150308
0.267396919739947	0.368284179337241
0.219154778609595	0.312935811333161
-0.308995701698873	0.374936093396269
-0.545372150105976	0.799712189843737
-0.550615221493656	0.557043847691166
0.0773701902606116	0.043516329308338
-0.234207416641125	0.134574973513167
0.385663930912355	0.243695264562183
1.425614750939	1.7640368386321
0.571508437986266	0.663644485851061
-0.78633371533619	0.824652352162545
0.118879657063894	0.126554630146595
1.30116573895458	2.85642694821576
0.0541683264638607	0.04933678072991
0.484701547418414	0.541161542515138
0.69898198887889	0.396441796442641
-0.307674298106499	0.202295794334645
0.274026897553833	0.131521800130794
0.270986069925958	0.319428171338716
0.269032378245488	0.279623831718451
0.148227544889066	0.141429092146326
0.422468355061663	0.52346694387139
0.334127775405176	0.940337623168055
0.382950205289089	0.74672662359934
0.110854559876141	0.073857109939275
-0.126366434295586	0.143164697419146
-0.0225094341885621	0.0302322798697219
-0.133583955837586	0.219621727038613
-0.195772800161751	0.36656836261019
0.272335283934992	0.522037725257879
0.202995882232091	0.336285553760138
0.817534126058707	1.38506229881573
0.663009920186764	1.25248165023651
0.160995652560285	0.258727147261161
0.357940019646112	0.729989356428653
0.11742363349639	0.172453906789473
-0.230337191753552	0.262813942375373
-0.327792509790463	0.48617802345899
0.0170277537009014	0.0187727905214913
0.411395732611351	0.689262532229797
0.14020235495511	0.164393282557341
-0.863156450114917	1.87357570839522
0.39057298469651	0.681578814614634
0.379403869519495	0.543285779184692
-0.103426833073192	0.14431464715318
0.243696916114014	0.336949231681844
-0.197353790288502	0.314984264583357
0.0802356165470638	0.11310361650812
0.924097563367556	1.7928040690001
0.211956239486698	0.250975017077504
0.162435429619804	0.15655300641816
0.664100710068094	0.704956171565173
0.759608128653682	1.5256854117229
0.22884336426981	0.343154394451736
0.134766354627046	0.185967020887678
0.542881633347471	0.801838583039487
0.351737989235556	0.53466944867874
0.094833456200268	0.114242667184254
-0.186069738495335	0.24513787884009
-0.154130905745246	0.201866371952288
-0.0597597108765076	0.0735995488932674
-0.327103630715593	0.417666362837672
-0.348960798605856	0.549745502720735
0.324406149465036	0.467863746017968
0.179005495201494	0.221802056943258
0.0893949816307634	0.0781289110883075
-0.547456620172359	0.560566393648283
-0.0450731118801426	0.0407419643425869
0.532826436412926	1.09709900407733
0.306734512395965	0.454995030619453
0.388952866419706	0.539146868931844
-0.373117264943548	0.605362469319017
-0.106560174238434	0.124448028533697
0.0669551046711948	0.0733100340093064
-0.0366876297790221	0.038732333618927
-0.417061964506034	0.522550948898216
0.0561234248211602	0.0513115420502206
-0.153370831648881	0.162330621112037
0.00289697661200108	0.00294047985076409
-0.109388938787249	0.120420822135544
0.542837452899818	0.898221230534034
-0.0687240400918789	0.0659488428061742
0.637035619109635	0.86843965169954
0.218782628645899	0.182814024245981
0.811715246206942	0.767293044203541
1.00689956984468	0.702593310989349
-0.780769495139457	0.617494499271092
-0.670280953491907	0.504597448057973
-0.124279895058386	0.0791074151654176
0.330091707341112	0.37359777892413
0.570157009950851	0.823502440102451
0.103822321905156	0.101490844184502
-0.0982394656337409	0.106215522973913
0.195243936198316	0.246736695259493
-0.190171439082225	0.221865140687004
-0.0470551148728311	0.0494350796872414
0.127771322898809	0.159051213547599
0.617080745730147	1.20469274809796
0.53671854276318	0.828119716884259
0.479384649598332	0.712107745804103
0.354483045222981	0.453641965542611
-0.376178205814497	0.52184085049352
0.349639407496247	0.478024171366441
0.103212273063866	0.10407082311693
0.24875321319868	0.330638582560427
-0.286778464866011	0.289407603068191
0.569640346014251	0.753347122798296
0.429207773151272	0.599173317263366
0.220551329526461	0.259805149608033
0.247914059156665	0.300120017824346
0.274006932553032	0.299644866202911
-0.151091952696681	0.152923136133392
-0.226548698310045	0.252721350721456
0.045449524562836	0.0453945693784339
-0.278116907688446	0.338174557864939
0.657479125472732	1.16159549846693
0.333160836990723	0.455368775180397
-0.169232470781602	0.213846327403455
-0.0632416945464824	0.0614081573443914
0.298967700772129	0.378103126839339
0.378917916063931	0.462655767804974
0.00959231282006408	0.00838598327795043
0.104627598809799	0.0660732009262133
1.07623155791785	1.23790484096612
0.222563825737739	0.122963058684825
0.079712789596408	0.0448457188860945
0.612427163714783	0.598617880459965
-0.198395820672337	0.177980133912515
-0.527548612698708	0.648967642515622
0.087187551452351	0.0902850451996345
0.31224391305544	0.400699288529103
-0.12175225100109	0.112692335667757
0.773873852058914	0.947188846884984
1.48677123569416	0.733088568518191
0.519966158729438	0.260815196477758
0.442921014736135	0.158939977293702
0.735623576030552	0.309223758483486
0.393140509677583	0.460222894984029
0.401929752781295	0.463609247480254
0.310975570419427	1.01352603922311
0.811647781813154	3.08012175243372
0.712747199993973	0.630430043006656
0.670918324266084	1.57844660725607
0.178734539820504	0.326964035498168
0.0996958182338505	0.175163768688686
-0.314615781268348	0.717675116198768
-0.209047596638295	0.376389888807245
0.504466790181874	1.3442832081442
-0.202644932797521	0.242003189907886
0.225495164951264	0.361288534613765
-0.0442030005806381	0.0599426562381277
0.392747170967831	0.85835833520267
0.624318299631021	1.5052811970148
0.854105449887498	2.03640920483444
-0.0819206884823164	0.109203728730893
0.0166594857331719	0.0187637009382633
0.0630654710242121	0.0826490251625361
0.217811717532243	0.295785564292271
0.144604660091852	0.182210854011399
-0.0991362166598061	0.129396538641694
0.0514899216077349	0.0525261780698586
0.464452925817901	1.05683065720027
-0.191970801997079	0.268775371261221
0.341351587937404	0.652411366664348
-0.0793226917090686	0.113819551255772
0.254752155514279	0.338862640381763
0.446345551743066	0.729720944985662
0.27630065604535	0.399665085138502
0.215904732062915	0.275167931464553
0.0240687897697725	0.0265540163097424
0.0936335761428181	0.099501626700061
0.126749118723692	0.160908475101205
0.476915623275972	0.879161842300418
0.256657859059337	0.324660640473428
0.441508227505797	0.781961071811949
-0.0736092038300594	0.0715920499089918
0.415142448732513	0.548520284650594
0.328655715803685	0.341137581209131
0.213408973490778	0.214153248090949
0.0220331952049771	0.0234099670853993
0.157062208461839	0.200726331090571
0.525762912740744	0.721127177470333
0.0771945443286795	0.0865290461560437
-0.48428347659292	0.831414829537635
0.0286469538319787	0.0282378964816943
-0.256547810756627	0.312326463641819
0.363888592488873	0.446903432923009
0.216593400107346	0.263796265686865
0.423499431278023	0.594391357765782
-0.0443245861737168	0.0463046073676174
0.107163308977779	0.126766955240504
0.0484702367839841	0.0498635666186761
0.140480327611966	0.157941481369523
0.0777050751833307	0.063446782263643
0.0149607428141727	0.00926983514545836
0.467844410460037	0.252114393475545
0.0561239047634779	0.0416038963768952
0.654653032267675	0.603082110372648
0.123078947820639	0.0880914777523628
-0.0351991616892041	0.0348750925913973
-0.323447361234352	0.417913872124476
0.0519775888248236	0.0523328348339563
0.11239170539597	0.116649529016431
0.456722847414047	0.712327322813346
0.702804833352798	1.23854956404982
0.422148354366777	0.514616359110269
-0.00897688679115908	0.00757702276847249
-0.717875232010104	1.20334494085651
-0.123250499253514	0.124152318211014
0.344701145212914	0.349458985793392
-0.127244312394139	0.134169244417291
0.0245219062806146	0.0250937845987118
0.644249148187575	0.961878335947175
0.450889010232957	0.533478105143819
-0.17909591338466	0.132253043703246
0.163791521026519	0.179305478390273
0.678771771785087	0.978238393369168
-0.00940959882430135	0.00936537687750013
-0.00422661770795105	0.00356736581617501
-0.168789275960316	0.161297436116926
0.25994579935891	0.351606179621951
0.32057181304908	0.398343844051932
-0.444895877873501	0.631869334240324
-0.264938630753461	0.326771984636756
0.208326362360658	0.22559899679796
-0.106245699405736	0.116352225823985
-0.141255124185132	0.15228705626767
-0.385487712524383	0.535035078267875
0.314466429234934	0.234644706978495
-0.580599369030081	0.546508964424275
0.0704861177927027	0.0379320439501441
-0.422789105537236	0.307448635339316
0.332275713507435	0.242979433428708
-0.401223106605294	0.386724001435277
0.581716496216908	0.579335748081751
0.0775215135278634	0.0761482674034439
-0.0869863534304327	0.0900763373765594
0.345931120065473	0.472528438640478
1.08805287744616	1.78369165959807
0.61067651535754	0.357893724384588
0.412402544366576	0.244473807454089
1.37242313306389	0.826572681440539
0.371643784794536	0.899280295429634
0.514726171354301	0.354335876786846
0.645910963616718	1.40688112614735
0.371658391682536	0.942688161447801
0.0165511278735538	0.0259058395436177
0.321728274771363	0.793597091295955
0.330642275496475	0.755799918579751
0.172112363814796	0.36339096972875
0.21571348118551	0.230379542979666
0.408761939625065	0.797572166282393
-0.170503062079927	0.301227499811748
-0.029697463573808	0.0448204071999047
0.2304703086263	0.430417650599051
0.300118872069905	0.409876835214356
-0.128029297494257	0.166598598625352
0.752765955492487	1.76360901394851
0.13415189127465	0.197331262647393
0.143119157201813	0.174629038491735
0.103618134401792	0.128690058284833
0.286799606790457	0.482720335248811
-0.31816349384669	0.418318191515667
-0.0361735966070956	0.049919851685454
0.0745872168940604	0.094064982952494
0.051445506801894	0.073193873679426
0.173409313142026	0.312810513136196
0.182365739585067	0.210131953123131
0.347825829628609	0.481354233603842
0.697566705541335	1.44282183240885
0.088302560227952	0.10637204690015
0.11965113837033	0.131919682605822
0.82417089036903	1.68313879080462
0.125561491708268	0.132458110640358
0.419320290501808	0.743417201851488
0.128736403334652	0.142479398617477
0.331691833281812	0.383276996508571
-0.0195050499736493	0.0161105934874506
-0.0199248459267151	0.0185179618841396
-0.324641220927071	0.392736625926778
0.233310780563149	0.327469750080277
-0.0335447654301278	0.033251608297193
0.492890631294382	0.798423256503228
-0.403602595355436	0.651560458229225
0.120964295908663	0.141570515306737
0.201987558086249	0.211947400098931
-0.0320435846865194	0.0319714962500281
0.336756576608446	0.376661606355552
0.11820993657651	0.121953839924163
-0.577850091253205	1.07404091326989
-0.228932514183764	0.298335427328507
-0.00939057328966105	0.00996361082776966
0.311351416686239	0.380078248484574
0.156871187711661	0.174119693944755
-0.313533807830046	0.398455723754081
0.0670799386887866	0.0515457836480248
0.599605787750627	0.470975877762716
0.819978082002892	0.652167421065787
0.841049034237128	0.984088897247262
-0.481314832064642	0.339992833783451
0.846353217681852	0.998329281066005
0.142263232080515	0.174174354136042
0.193288174370048	0.221321356983437
0.0204558306787676	0.0206226343407713
0.404221437989581	0.528854668456807
0.43103713249675	0.641815976534745
1.22149534322379	2.50883830027544
0.537384630197283	0.82621353588497
0.369329303360156	0.441674360039974
0.232781245118367	0.259342874957962
0.834856899697333	1.64360980038424
-0.0715176884186618	0.0752060600634348
0.0148228806830771	0.0148543688959256
-0.285752536276792	0.312833532282381
0.505783673614925	0.647663979845165
0.344552525827802	0.467658765968234
0.0548759721953903	0.041683157470575
0.115071720389652	0.116080306094399
0.213731668543733	0.245309677647204
0.0141985944324254	0.0141598575375682
-0.218955854487801	0.256340790287297
-0.0159330420205815	0.0162156789819326
0.271886119874034	0.292710625293401
-0.551908751803368	0.838700265135237
0.177235882914426	0.197822625220859
-0.928654255228856	2.26907466531551
-0.0149881380015997	0.0139971150924334
0.222331010415201	0.263015530468098
0.69848046838843	0.718905975325203
1.32746255021114	1.48992386682468
0.736375578567082	0.309304985206354
0.229941301991859	0.128714833276104
-0.282375033618628	0.29841280166122
0.428021847348315	0.518822859646131
-0.103933930668388	0.0883822449737367
0.31402472308297	0.427963151244252
0.365286852705032	0.459455809667529
1.37447506948545	0.8225156273796
0.764269294869949	0.730114648895175
0.4013877815917	0.940552951293379
0.124137132519932	0.256816910283745
0.45029001908198	1.66363929768055
0.0591812554828467	0.105424783471958
0.209816957596214	0.485285828576297
-0.130964114708446	0.27257096723424
0.81685192841345	1.75395674091312
0.0914739284166737	0.141853299375427
0.0675607894870266	0.11597145310182
0.235157539743022	0.557263501290099
0.0592751439023019	0.0947360088110901
0.400882444848045	0.64427964769374
-0.0111395680709767	0.0143182428326027
-0.171093834262339	0.28234573807683
0.300208099575574	0.608332591894713
0.428146621073247	0.860361408238884
0.520580756500055	1.15189851882903
0.165921058920758	0.255590158508396
0.726983973636076	1.78562059287299
0.333014236263495	0.726179410741897
0.137760058759966	0.214029767787488
0.191386094086046	0.365784280460372
0.290464090307738	0.483967832181078
0.374030921336783	0.583922227215477
0.354897189743927	0.548729287524339
0.234180279267203	0.341610721533624
0.222172055109604	0.315370295670423
0.559242228232443	0.900087797728316
0.300760442302045	0.480269596107369
0.176613855109334	0.209511227758232
0.328121305316009	0.475870078882718
0.33037048114373	0.466482742527562
0.477224429429417	0.641790559008044
0.213099245273622	0.236324005272202
0.320095918369909	0.359500160285046
0.111364480171645	0.102993599211135
0.0327297832052737	0.030145935965503
0.228762150107809	0.297506271838841
0.114544391482481	0.146175781181946
-0.154718248852114	0.195912570224303
0.127142922185918	0.129175102769917
0.718692282219229	1.1646306651734
0.0756548388378604	0.0710204095924312
0.31453780923248	0.383544959893723
-0.258395654185561	0.381722011845413
0.221486534983072	0.293901355007544
0.597274543760322	1.0151998418997
0.150837723183016	0.200552619011589
0.220131607557947	0.309937777829907
-0.148778007230276	0.149578686508615
0.211011597215398	0.176693721748196
-1.09558861337013	1.00740010781591
0.104275024328165	0.0654741145334769
-0.681694310582729	1.40605856901684
-0.610669712610885	1.17815234429145
0.226890355522609	0.279475011244201
0.405597127697971	0.541887016874649
0.168415357048235	0.170656263307946
0.37023955178259	0.44689117025576
0.174975071588245	0.200944480707453
0.114578572381802	0.115295320275416
0.392418169113097	0.629254614132264
-0.714347106552775	1.16400648294065
-0.195455272139474	0.21806487943833
0.208529281315697	0.18133757464412
0.392443722523848	0.539126966556428
0.437339245653281	0.639075135749075
0.110401138530357	0.104064305776459
0.0645998271923396	0.0591525276877205
-0.561865165897379	0.713263880553098
0.0683419070273798	0.0646370520510715
0.128406730607112	0.138048158987924
-0.532583836848329	0.813157000357674
0.00848493204037105	0.00852682101377434
0.0649679862257621	0.071941476463213
0.0492776986764021	0.0567226628672451
0.00693651953757732	0.00749526606860227
0.331100130327233	0.509286428977123
0.120168976353664	0.0864868551642587
1.24428538116403	1.46998177072675
0.384925173740212	0.243047847033062
0.671173543694181	0.607921550930565
0.548730666687683	0.724135392407901
0.360355526172162	0.43982404436021
0.207693443136337	0.21191825055842
0.171709646365128	0.241983143233787
1.6252537002515	2.73629083743396
0.331890490024692	0.828253459256261
0.103791278921667	0.249017659271827
0.741311002132215	4.09297262740062
0.152562675290022	0.398492538226478
0.113848002626426	0.272919267515402
0.170628842188174	0.438850180302836
0.589882885594637	1.47095432441749
0.0471929785659841	0.0780372087504786
0.226736417416606	0.514668765745841
0.0228841340293032	0.0420703114969691
-0.562596184722444	1.82188951464525
0.0778756341000506	0.109256768356767
0.217719469650346	0.444899322660114
0.316524891081579	0.792758388994605
0.457162261041773	1.3215522262059
0.186117704782619	0.305031933008346
0.0938668011891439	0.139845459566321
0.0354722755922413	0.056841711274639
0.118421260775319	0.18972276772215
0.191046705627412	0.388842596854004
0.0861692951008424	0.134134853151655
0.0700713169322129	0.100801127592011
0.0508107825440791	0.074648444941482
0.0759158227275756	0.126160252740923
0.292227591956242	0.424608686918322
0.144010932236199	0.165295532965425
0.434755277322136	0.641767545925976
-0.117703487599782	0.118407150319984
0.479717507478257	0.705078725023988
-0.329100805371104	0.455231309921854
0.0962749895542079	0.0988973567860337
0.0744176930124165	0.0750467754646923
0.308497850208042	0.386283523002896
0.190571203656919	0.214237633432638
0.0558652935798816	0.0510606747474286
0.0335024699159509	0.0309017915835565
0.15925151459562	0.177475217906926
0.59547221325101	1.08632772305377
0.153916748973557	0.219550123519982
0.235664497375456	0.31090882178935
0.698053134087304	0.789708262584334
0.0876121628126081	0.0726093315444101
0.13392659095438	0.100754063378944
1.11121291961394	1.7418891328045
-0.340469386825327	0.587747233313741
0.333187792444401	0.571611875386878
-0.0251043703643617	0.0290154471537044
0.0533574277921809	0.0463497372708181
0.581230479258122	0.890493868893099
0.877070760731537	1.34977433849012
0.26776556319337	0.290448947442968
0.213049506628204	0.237214313294962
0.0737063493082769	0.0689748013855149
0.261204017949405	0.315033181107532
-0.241526277086987	0.281464256477144
0.627479542823412	1.10799189417953
0.55573023198975	0.581306917235087
0.621228750820574	0.932912857197812
0.152069891228976	0.136966321231502
-0.338899408569976	0.428537845442986
-0.450966923755733	0.601494159185575
-0.5272928033795	0.771059618890267
-0.366056066474452	0.500873517011993
0.106333182796519	0.113405361708636
-0.27613798878168	0.385049108718589
-0.161208928325795	0.210519359772113
-0.280706144972568	0.396023001888967
0.00508907321355265	0.0044872020014333
0.222571149089557	0.141006549304314
-0.0914695714260375	0.0718223401408425
0.132440093209151	0.102557003629563
0.345760402618648	0.463900739384199
0.985220491954113	1.84365376259873
-0.0196525221486021	0.0401722439008815
-0.214454161459074	0.528300573700692
-0.18812076224099	0.433715421931085
-0.149508835617796	0.321513164120292
-0.181186804105793	0.416122677567852
0.0654724844912509	0.118435175254548
-0.156583479075103	0.311292336819086
-0.259049027487331	0.499506335846556
-0.105564663650455	0.172709089053023
0.0723456628035341	0.114364140144111
0.00156983006095784	0.00227147994586876
-0.14127457269582	0.274950373594924
-0.585474040305861	1.57652143966271
0.000540348080478304	0.000706249497972144
-0.515805012220798	1.34772451750122
-0.00659938014298573	0.00932186230179123
-0.41624622163527	0.964226422525714
-0.0838578986401573	0.122001660290219
-0.423665915713106	0.89281881783412
0.018881224172788	0.0264784471755123
-0.125305634447179	0.152797930663488
0.0905861523730903	0.140705391083155
0.528651007838055	1.36421212252108
0.746039937669646	0.921947715581938
0.430540898344366	0.434749598835345
0.101601350019562	0.0676618722970781
0.353348615110154	0.442857353959437
0.420427470827198	0.440454671667963
1.02070621534975	1.21274623025544
0.730848242147962	1.00786157449328
0.132482600974036	0.103130930433381
0.808769055806584	1.06773607932146
-0.0434575592491578	0.0535695851351057
0.729480927769977	0.734062367165235
0.22418212656366	0.194650919889985
0.145040575938003	0.130068433788468
0.179794023953411	0.227291556404592
-0.0831714530876023	0.104191946095862
-0.235850236282195	0.369594214605565
0.305987412487901	0.496302290292516
-0.487396985338793	0.843862331117811
0.112999665195235	0.107854824916189
0.378721310708166	0.342354799536551
0.214379156996569	0.143182983557509
0.016394183773904	0.010786990019162
0.311333467457533	0.245016949127765
0.487634921406727	0.358668946542313
0.10633408656754	0.0671701453767269
0.210696213014584	0.139510044455695
0.542357487183102	0.475382822319559
-0.17595221823304	0.130334854138305
0.0997810656743867	0.0622826511040478
0.116608344463157	0.0812931333213685
0.556526190923616	0.366412872193423
0.215432133005145	0.156664256440752
-0.319375578464662	0.213539220650165
-0.77785451968539	0.80902164010456
-0.383007248481615	0.455265613008237
-0.543466829673534	0.629071008185307
-0.607781508886997	0.891377488145329
0.255440843274819	0.366120596880224
-0.351388009220516	0.550591138973245
-0.33650728112105	0.438191540327142
-0.257242017418499	0.332895194196367
-0.426293502717574	0.627904058326664
-0.594427480549358	0.968103144985402
0.295258669286419	0.44259097920469
0.433624585848232	0.660194050645201
0.077640340657627	0.198115014051179
0.366089628319912	1.00208567731514
-0.166471205300894	0.341817935504109
0.0333317638043356	0.0573699783691955
0.233196826108537	0.548015163802844
-0.313426196900849	0.927339424330924
0.0101499965676671	0.0179246062535387
0.530517827282673	1.42091766877697
0.41903557583592	0.99655152785787
0.42432205507594	0.964657997466954
-0.17439163880639	0.397395831441153
0.085394210111946	0.149311840509037
-0.683571761084057	2.17195906495854
0.127125206516568	0.198995372250411
-0.219554589121079	0.457300494586225
-0.152302080966941	0.300874926864302
0.0489770066686853	0.0775158060004036
0.364926815926071	0.847062140474247
-0.231673076449965	0.405317225045731
0.0981257040138211	0.167355284410026
0.0266262806773796	0.0272695348541902
0.0299126845783967	0.0335312975480437
-0.244064173784088	0.449745798108498
0.072496492064001	0.125871556391202
0.581113854029926	0.653626123401086
0.402573854763363	0.356169439735935
0.456735179372468	0.461423266170292
-0.52616269332255	0.495683896131487
0.576700482327732	0.477674850759178
0.543128247160143	0.467389276987604
0.56928773555905	0.483107653705254
0.548158154482972	0.53872033301361
0.123527600389756	0.092490472446041
0.81496255505539	0.881678500479776
0.378851472777602	0.537532630616148
0.401333506166413	0.449562794620157
0.0538856530429314	0.0400084166596889
-0.461968500185504	0.369491166079478
-0.252511302936626	0.200396429196604
-0.168019287574051	0.105761072322802
0.4994138062421	0.466835276155388
1.02597798392536	1.88354677157633
0.338347985931023	0.236700768847562
0.195700977825032	0.249388951798835
0.223202562798527	0.139088801147593
0.708125863460313	0.815636669013207
0.91336703562023	1.12459701231021
0.641734456147836	0.695786621948862
0.496196507947054	0.46080148285256
0.21528098659161	0.158569870278502
0.215361647408709	0.15851256742247
0.584031681852891	0.585804162234419
0.00736389678950595	0.00536853244172642
0.544425107492318	0.74540899304655
0.373202982706545	0.453441389760006
-0.146286713144207	0.208976829713348
0.133427807123787	0.176913746035243
0.0674487170480332	0.085366279638425
0.0288737434199412	0.0329908505459701
0.0745309734251239	0.100258097353329
0.130629277422114	0.193627743114061
0.106588210565938	0.165032211810992
0.0059352370281944	0.00654199278431397
-0.0773679764587757	0.10198085388138
-0.189921171241965	0.280783114666341
0.155405818105604	0.146709264660958
0.144246398520132	0.121332774419251
-0.105699180715106	0.0700490746014746
0.601128500583228	0.479093355660782
1.19141059599537	0.649707298940526
0.707722305981335	0.61262458945651
0.836954919456084	1.08398858292294
0.102278044205576	0.064897886334067
-0.228286395318573	0.180761143352977
0.640482278700657	0.602069788846028
0.360402467003633	0.240274808161497
0.833183560305572	0.664696529200207
-0.131897438400044	0.0853677980036005
0.419158042439907	0.247027713656748
0.338527161087045	0.247345055415206
0.223128146134118	0.142008069397934
0.358463087743683	0.235567817216236
0.24457228833715	0.130898558252945
0.346089040648425	0.242104249725007
1.27479678120982	1.0709983309556
0.69740263491642	0.510932340975702
-1.81631805469461	1.52299219134459
-0.00807160597368768	0.0049164713552307
0.936371343140859	0.816072201158125
0.101488166687449	0.0641479054450001
-0.233860324520221	0.137063206751476
0.549838747321168	0.899643922221538
0.075225827984732	0.0592852296458578
0.724776210589649	0.996535583424995
-0.481215880231476	0.768482761329669
-0.139867115888719	0.209291714399159
-0.389406709623763	0.668666424802439
-0.116113971084711	0.127939191944108
-0.520824610046183	1.07655695654608
-0.418237069783621	0.667168737439512
0.228906300833861	0.339865337834687
0.193214276666109	0.264217573998633
0.664957947259795	1.1351727376036
0.325722743435843	0.444882812360253
0.15829804307868	0.175221160847566
0.428164547964627	0.624074503139263
0.150297906931579	0.184753087974177
0.389663610230976	0.640682628855193
-0.0495281523741534	0.284739197176323
0.240477478735027	1.20675199770242
0.33545815294878	2.14666128193852
0.389521756080238	1.63846493915554
0.290060964987448	0.469966642589496
0.17023066740895	0.240275048828239
0.209345157012399	0.405503341711932
0.483953311469598	1.0005291011016
0.47185559129256	2.41438410582386
0.403668041715989	1.34709038998958
0.560443270147217	1.09534095598544
0.349194994194182	0.467297333421963
0.101135234670457	0.111444318920791
0.200551024485002	0.522288152103084
0.262395223213942	0.556025949924518
-0.155109294860748	0.248560647903996
0.520126685505242	0.890913512063063
0.101541541747954	0.176853250742866
0.59790533341988	2.09209498131999
0.163050930897259	0.24311908907665
0.24066012210134	0.510871636210404
0.681053162891668	1.20991860477979
0.0586292635502092	0.0917826877222948
0.741137020212205	0.841766790594823
0.0509860047553202	0.0370569183811073
-0.00820493208811977	0.0121843348716391
0.141126526224638	0.283883683970593
1.26620803786192	1.05108549479869
0.863318959415632	0.554643411181974
0.866997576107346	0.538524712970663
0.641719012457185	0.482558632138874
0.997688833163405	0.584792728714716
0.228279254650318	0.127260036552117
-0.572484743394529	0.308534317579364
0.567615605246485	0.3745120347239
0.0694237289951036	0.0344880284107246
0.930194072349966	0.786929295559931
0.0649848974104799	0.0636532388673487
0.346684760675084	0.341357446346304
0.340829425553414	0.250467686700527
0.0700140220858508	0.0340092300007549
-0.371337189795676	0.236219881390696
1.01819107965233	0.724989489772487
0.517449870820194	0.362534374140207
0.614924429648326	0.770691705017631
0.543644652308399	0.458231742902054
0.220986758350816	0.298277271602988
0.619532538015589	0.385385245588447
0.355435255361427	0.237595958244493
-0.990860900076823	0.82352971097951
1.27105176908267	1.09128642637832
1.314238415438	0.963885383174121
0.69845836348806	0.513513599787255
1.03216769840933	0.843283099358247
-0.233178227065334	0.0881988443468704
1.25179108572142	1.20184372128394
1.37948937062101	1.25652261091341
1.00558497256599	0.594885865664578
0.00944597505096191	0.00596459616339894
0.751943493086655	0.835563923862485
0.456938202407449	1.17053468852879
0.126090734491362	0.164616655301138
0.769838441145698	1.29416316317413
0.0105908557827371	0.0159108369856657
0.0832254837226272	0.131088174890225
0.285332316564524	0.526742025449539
0.32073230967839	0.789146563991384
-0.0175677668481672	0.0294762198675233
-0.213422661070878	0.263154368231184
0.134227682175996	0.161730185611798
0.63993624975218	0.603764722709629
-0.6334831165785	0.396172637013562
-0.579752610001096	0.31033956661526
0.312396703441737	0.137444459917191
0.22344382474123	0.133993911595079
-0.639765268893922	0.414062979322936
0.0704636557132735	0.0343183795642678
-0.489141529493687	0.283486938185429
0.246218410269225	0.127412952199596
1.16905363361078	0.770112639596839
1.25197331898978	0.541865668167517
0.701166823041614	0.401142697673106
-0.862272896621135	0.391113532712955
0.872092928315505	0.560758459163796
0.992140600719329	0.4520527445298
1.16110040183728	0.762671380296845
-0.111966152299135	0.0544545750964184
1.00901164411823	0.579814539413076
0.997544444081051	0.586511974924782
0.0660533919099082	0.024786693792521
-0.799441219488048	0.285143111946641
-0.0895619905128919	0.0463922793714774
3.22562714384054	2.69583868710587
-0.0203522645110772	0.0168862625181022
0.562384420472578	0.370682682077441
-0.919418182691413	1.04854423774049
0.0519758885522533	0.0472597547969147
0.193118456968545	0.376572254458271
0.155496604816206	0.280248691828602
-0.200702257787434	0.353799460756635
-0.0820906213789786	0.132375659357141
0.0535797953197704	0.055750043108233
0.0718789104675714	0.0941421423777074
0.278852792691933	0.536265549378836
0.652646311514535	0.688558969898214
0.0801535994333262	0.0672071725605433
-0.349305482783585	0.530078930996705
0.256463891062808	0.298514012877452
0.279594435787546	0.409057293505693
-0.0749116669051207	0.414101792903724
0.113700857513862	0.695401832625836
-0.289336352253503	1.54017701690569
0.579194217789151	1.43039329172132
-0.0499730117663663	0.0533441099028885
0.113785435964605	0.160823065533619
-0.0176602900820982	0.0192931688630412
-0.0105157027640579	0.0205204796857224
-0.00603660038923122	0.00949421089737872
0.298256467174194	0.274953670113791
1.0814357248398	1.23355509077243
-1.1372573610418	1.17647309295804
0.0103997132782654	0.0151845895534464
0.236587227881192	0.328376034064246
-0.563013583039124	0.815886146968859
-0.715496756319529	0.68801259445335
-0.480354538498798	0.701051885757381
0.596850642476776	1.15310303782972
0.571316391541499	0.73259330217041
-0.170607075546279	0.213704394826924
0.488861277320775	0.363222611580494
-0.118240296922415	0.119380097638505
-0.88221191709845	0.758141606447681
0.517931151416674	0.261495612915739
3.88701704182107	1.65580825170796
0.442921014736135	0.158939977293702
-0.60933285586167	0.244012188642137
-1.58380450711784	0.583453381752594
2.73820213311211	0.822889799219994
0.905420857145439	0.241046379590989
0.30455655459272	0.132705861338259
-0.874404522173448	0.656002383974823
-1.56793177898746	1.08730307271227
0.0780985704487699	0.0227793974190081
0.958749924000996	0.360659612404915
0.596083778526746	0.189504459039619
0.525545490103355	0.366960030288936
1.75429551861252	0.684677906269539
0.213947113436582	0.259429131769368
2.27912937417005	1.14419855327729
0.904668349139708	0.244160033683449
-1.89910767293494	0.783752297046324
0.59136178323394	0.185500372343793
-0.802535128249913	0.28676063179581
-3.10479103037243	1.00775884248494
0.0618015285061207	0.0208222215561855
0.962080049821588	0.3606881564924
-0.181113565018025	0.074067628404894
0.909728136580255	0.23761188686864
-0.308514300180337	0.105104657355703
-1.89192635596824	0.804900550609612
0.433578739831623	0.150004476286838
0.740442675488468	0.308066811721016
-0.183537775507469	0.0759718253486424
0.573019671560532	1.06446648788838
0.312275266366991	0.259302744125808
0.351468984578817	0.232474442417675
0.0626747363730991	0.0254817075505108
-0.67153799298511	0.170102873689301
0.903573207610929	0.241123987931757
-0.672293539799	0.170698973183562
-0.854162373172257	0.394711670453272
-0.672293539799	0.170698973183562
0.595602538872684	0.186980939514248
-0.574427778805566	0.309744490427382
-2.59068535304955	0.735256447992514
0.904668349139708	0.244160033683449
-0.673772226487545	0.167772106924677
-1.1985841477504	0.370593483939686
-0.676670822376276	0.169771851257444
-1.19407169434025	0.373753725478209
1.39704018207567	0.45637087634391
0.903573207610929	0.241123987931757
0.105571162939011	0.0264299797824484
0.1303545361838	0.0257153407808376
0.450874375774684	0.157295243324725
0.0655578846531826	0.0245965861575336
2.48120660293797	1.36849048998437
0.100905654258452	0.0250362031444007
0.107826809107632	0.0266163148584071
0.906812595206296	0.241893567114766
0.108562102257908	0.0267572012711165
-1.0951348101045	1.00646707031033
-2.15638034089316	1.00873309630782
1.75381137045801	0.683343045987637
-0.873065829548138	0.474428059933116
-0.0273986452859718	0.0321324763961857
-0.561306269183965	0.952702909890797
-0.488570494822487	0.907647086058268
-0.0759062516785065	0.0933824231402443
-1.31881289096426	2.15537282631577
-0.00692840005978413	0.00584132933280486
0.366577110691523	0.363580875752863
-0.0082794605389505	0.0397735055903734
-0.227019746322415	2.01141014912575
0.279361046385897	1.47271736792404
-0.0773675307469692	0.222607745157783
-0.0742641357063789	0.215594378647254
0.109128913422845	0.290395751008237
0.197857896792123	0.906448656819327
-0.0400568285479801	0.104572258571656
0.180493873230453	0.414240323573253
-0.0807208806018841	0.150481587067219
0.0981073168173925	0.167313172225552
0.0336668772719743	0.0807386280717349
-0.189810282086407	0.524943252862684
0.0566353838810228	0.108672262329097
0.10365165892415	0.176842877656328
-0.232161588977634	0.571236479269416
-0.414325526608059	1.47675255482131
0.160173071323168	0.34457450924599
-0.251075470208202	0.707460132375654
-0.440053255566299	1.03766704601396
0.0772360301116704	0.140659732909701
0.132782867021926	0.162516364340822
0.12839423173829	0.138262727403863
0.335660905491478	0.249006353473951
0.767617474192174	0.759544265826752
0.292277609406843	0.262555980638255
0.124219246969871	0.0971123193443058
0.629232874340946	0.767658604931289
0.288156874072727	0.391974450512241
0.275857790992484	0.598112973118766
0.904013631299987	0.686277461157868
0.456809940600225	0.352401265693903
0.23768751085316	0.133640308237433
-0.227237830949698	0.182887198040358
0.435180967605028	0.34976697308619
0.319225397546039	0.38742851697956
0.355722903810266	0.363306868174876
-0.346192843753854	0.335678764594016
0.0700131085991016	0.0376993253764413
0.299798917729922	0.255348730278203
0.0292626037109743	0.0337588708627528
-0.211155079769976	0.215818101906963
0.137712623877375	0.200982391042289
0.131985997215804	0.209749753806124
0.367019846558945	0.34259274358222
0.313714952756093	0.248413729982317
0.420074802399052	0.355713523587157
0.20922716633506	0.156415667900141
-0.136134436309009	0.100069897883428
-0.545888712775652	0.366144794130714
0.35977524291191	0.239914646085832
-0.0846792403670828	0.0567588910377026
-0.0128612962268023	0.0078230964561368
0.228896541808818	0.129426654404832
0.136340810413336	0.104430347077085
0.332584431286782	0.253599725057547
0.478769562106473	0.459214112611476
0.205294661658061	0.184459967443537
0.0368164563144294	0.0538125650225718
0.159060775549877	0.288882762615149
0.154563376631082	0.323681399868527
-0.151638909454463	0.307553286978176
-0.036247998057579	0.0500164178018829
-0.444279238466235	0.794646953483351
0.276781648400375	0.294698977537017
0.307905059388257	0.252480906459644
0.813446916836824	0.763005392258279
0.21463683841767	0.143489445594786
-0.0722693710147509	0.0400475038284189
-0.30518814089323	0.198398798329744
0.815241168042399	0.772339560757888
-0.991681551790682	0.812426104904692
0.522510858415637	0.362868048048661
0.0804387830990864	0.0459245748491918
-0.455330079526363	0.360434839644796
0.236196105563741	0.132575493456997
-0.645490199399771	0.642878430268095
0.424336748636929	0.353357671661962
-0.02316213512772	0.0137604698970024
-0.127576128078969	0.0819615970937098
0.248690645585443	0.128395859606724
0.0925798000045611	0.0562637713726424
0.698927677731203	0.509493585027057
0.438904064883951	0.155396835972556
0.628874094453791	0.384857127135179
0.80949944825168	0.76067713164208
0.458578906940503	0.250420973563572
-0.173770487358555	0.108933217407705
-0.882735079231237	0.590522694570797
0.251467476712631	0.131772583503175
0.719270084383944	0.621707949697939
0.617461133186513	0.368363246133452
-0.147185738984411	0.0664817096869382
-0.0534848510257812	0.0365904106917702
-0.126109214353083	0.141326545712105
-0.342810628180797	0.318589106684085
0.652792443391768	0.875690615817084
0.582675579323454	0.958068234082583
-0.181482016679102	0.342962190859582
0.152847291021171	0.265686793641058
0.0402310857285758	0.062057671018865
-0.324326322222562	0.780852451841843
0.142343445522145	0.199375753983619
-0.0553381371434479	0.078832996515055
0.0497638424046441	0.0674051834280967
0.223021900811865	0.320415317974584
0.0952661318608831	0.641639805419705
0.0130712609552257	0.051213850960929
-0.0709905302565884	0.296434867199264
-0.0796786790198742	0.308735006213417
-0.095658732012098	0.380849795466844
0.289929319748872	1.28618063695746
-0.0238763879531534	0.0644360166858948
0.126224339777317	0.393387009817579
0.196637925786079	0.708793931254201
0.0609999314033793	0.143131431983093
0.0741266385866154	0.178777001732996
0.11475076514575	0.311049651593789
-0.165524686762922	0.461352970905259
-0.194674059326829	0.542988529552121
0.104230056600574	0.222012788759849
0.339791192880304	1.1020748444
0.22827225529169	0.637123493930202
0.259245741482335	0.721052613224217
-0.0310091600021702	0.0574409399878364
0.137374137925307	0.258173236839589
0.0376912099937242	0.0602209393501569
0.307937620199615	0.740328869415866
0.0245702356294564	0.0410737014053379
0.297705343776349	0.735507140915097
-0.109558827825842	0.189788193361687
0.0846558287829939	0.11258775284115
0.375823210232168	0.548544129268853
-0.257564826101044	0.299609797573744
0.522259944461337	0.706936116471155
0.355417025360417	0.467268952812965
0.324750000202251	0.477310060743832
0.175550449104375	0.292205822903588
0.0669345707749028	0.111628497341362
0.303762033762403	0.656656430036825
0.240725382523335	0.464770814814642
1.12969411025611	1.92846574501384
0.22174102065203	0.226026967737904
0.06903799859688	0.0652051174875877
-0.00931825874785161	0.00693805435710113
0.153871971586342	0.144487708265737
0.0746106529071568	0.0605522898662359
-0.303884244534299	0.446564768750379
0.574025079390551	0.827569092251856
0.320656819415806	0.382932566796491
0.390376023252219	0.345585952785374
0.493059738533311	0.545403012670698
0.45235624925039	0.531106568286286
1.05287971564661	1.42773919046129
0.34085555906457	0.354071747094969
1.51142320515005	3.03895524837536
0.1467696438633	0.134156203497736
0.351249687113258	0.357623211894272
0.84887332469928	1.08064313265288
0.304385462609034	0.364387063584161
0.220756110964268	0.229971259538948
-0.258359132262099	0.391762983407153
-0.781914817042138	1.29743277876583
0.352067191501586	0.540803118729752
0.0412262302728375	0.0440990883383599
0.270106812912992	0.367397836427169
0.716347564179999	1.08653978960321
-0.131710849305955	0.121786556866917
0.222425991552601	0.197672237207185
1.01672299042671	1.69034715046641
-0.0610711966135277	0.0544410896680848
0.0532570798233112	0.040243891763626
-0.895340241959265	1.15901947861392
0.053232939931683	0.0470610927210794
0.675741786989739	0.950590200763339
0.16011341297042	0.154721590513557
0.393714570394022	0.441655559199235
-0.0387280918798506	0.0346390080177361
0.053541485471308	0.0557937523566951
-0.101515931397532	0.157393977373183
0.275561962378162	0.449039121883241
0.55196108476587	0.955658696496482
0.256832362360034	0.363159729024331
0.488746910765254	0.91194632503116
0.0836207236306617	0.104048535867719
-0.240564146411683	0.362357793050586
-0.243879479431103	0.339114318579624
-0.118453216495456	0.101069143085845
0.140050858254432	0.117876108096789
-0.245744767656304	0.216453594339689
0.420056491995589	0.456425402878584
0.136386788532177	0.106391189960744
0.681050176235439	0.893501042522001
-0.275320468327989	0.280843781791881
-0.960711774290254	1.20541004111245
-0.840244824833451	1.02748879806473
0.877261488826482	0.792487515540833
1.34011366182949	2.28242574345591
0.692715018212794	0.887604950869153
0.304014785619466	0.254811972296864
0.219273050285731	0.167675555524723
0.00839789297540722	0.00623737954176242
0.525289051685483	0.561294162309307
-0.166657664719474	0.152720560727503
0.300616530545063	0.254481948979126
0.56135317677129	0.354137599248549
0.458840627345482	0.458633500815562
0.0579869783784823	0.0443541311740997
0.807269584142173	0.974361762272966
0.220201543471789	0.211621845839571
0.219595044410743	0.19006737908378
1.23988084330416	1.58610396241987
0.550347971872319	0.665496374572766
0.562306161481813	0.579966987376437
0.274081199452544	0.272356256794723
0.0140646113354165	0.0158337175986955
0.0519971451791857	0.0585325143263675
-0.15728885416556	0.188648823689679
-0.712455997489477	1.78699919616167
0.0716482997772609	0.0824975163233892
-0.175017158683895	0.214289373123488
0.27261409243843	0.354930669617204
0.393988857819254	0.636037200122903
-0.0949807285521693	0.118022122651524
-0.384994815693911	0.749487539913284
0.181655284578222	0.268950511088414
0.0204635485451251	0.0969922853556245
-0.0725972490235558	0.373406333354441
0.000460343702190842	0.00149196480231497
0.12907479815317	0.62774771358968
0.633697802819129	3.2630238525007
0.219099232930866	0.838587700862886
0.233325184081984	1.02797287848885
0.159164013206131	0.620571907627329
0.25642721643915	1.06493839230909
0.162248707456962	0.364657170764859
-0.0252744659383973	0.0544242738183996
0.121674415456687	0.323972140303823
0.0741685866125313	0.173249386776116
-0.153940493323076	0.326100614879069
0.232349608957457	0.548691036402298
0.0884048561582781	0.183796051758284
0.299143706428083	0.728832857050473
-0.00415511824207562	0.00714712633345135
0.0132043623774095	0.0212532341668308
-0.387605183653441	1.19787692654321
0.210984359666052	0.512384089316278
0.138213580657469	0.255124289573145
-0.0380887409898391	0.0551202039500524
0.166172450631777	0.355333442342677
-0.371045897167486	0.805649514740621
0.149323182189784	0.233358512312494
0.410148540431332	0.807640649390563
0.964719179300796	2.72438904600895
-0.109812498985446	0.165824837797747
0.17407829800763	0.282028231955536
0.102557941047944	0.16733347600195
0.196970233176068	0.315756303199705
0.230119153628533	0.38845832613826
0.391634979466927	0.558279480656028
0.22239620547124	0.273191646155954
0.0356745411263168	0.0333160395030681
0.0906164270369666	0.077813090189264
0.110131719611179	0.106440401175327
-0.254023456632897	0.309517162414033
0.284701011573472	0.405546824852334
-0.291562506248379	0.35315736147746
0.0728666224239269	0.078524716931268
0.53255353909886	0.892478197512156
0.213881749324576	0.246913567142405
0.138963886642504	0.153398141677544
0.26825377437969	0.297362000754138
-0.227564323282702	0.213488573306341
0.496070340410929	0.715468814304995
0.814151032521293	1.49919671724218
0.312279746196438	0.371408927131977
0.359590523269083	0.521132789292862
0.176900542867677	0.193902244435362
0.674955265787806	1.13524136118303
-0.0732773099458135	0.0696840928160303
0.227351276793098	0.271488895460913
0.0174827442283367	0.0178675596072484
0.636958508832305	0.780030065296397
0.960983270851593	2.02803787543335
0.285222519939177	0.435857875287988
0.12433281947847	0.139015115532998
0.343623782831621	0.458497915657479
-0.247898135496994	0.273178052818626
0.282776110234172	0.295290927571545
0.668329322149493	1.12171018753087
-0.0176859775942669	0.0188198949020543
0.0879192584919892	0.10474155774817
-0.10179497698061	0.134835380727878
0.0573392427977545	0.0828229521732788
-0.160007221290989	0.19877843485888
0.105994987178179	0.100098373896961
-0.0811064959154653	0.0955014447755045
0.323939676103717	0.462760521417167
0.33604097153969	0.494215823322489
0.329172739254058	0.37093448644446
-0.121201622058138	0.104464873331003
0.120638303350951	0.121850134591465
-0.0976342229169502	0.0735236243538567
-0.0245823780433861	0.0224233005520494
-0.0842607668696602	0.0740495858469132
0.222109757905256	0.232074517050643
-0.107104038683041	0.090453224804184
0.397647997061475	0.36589410781456
-0.142364655633336	0.133070642115425
0.0817359693702588	0.0689065726871982
-0.113213162674593	0.105488404925815
-0.10966376392337	0.0851817666897766
-0.324868610435225	0.328497553470982
0.158807432016632	0.154036372528338
-0.440884727904237	0.54742456280413
-0.00904938879427641	0.00758754672136248
-0.231603237607014	0.239278630362306
-0.158254504424908	0.176840107703752
-0.12533222962024	0.144593458542037
0.0607188069157316	0.0568237430910037
-0.205579760080085	0.226486828905704
0.167529958579597	0.182322394447429
0.332987310771265	0.350345982715584
0.263579184264931	0.288058017254087
0.506376781323125	0.641972530767887
-0.286018216897927	0.340424917848423
0.290113839473614	0.267209178875536
0.22097063933334	0.220510321464047
0.281300685337816	0.307685901653809
0.687612201372848	0.967370430146593
0.0532570798233112	0.040243891763626
0.167962976798392	0.18327401607286
-0.100588469590748	0.103219544271217
-0.0861440487279733	0.0877116231385898
0.213162009343924	0.25314124013971
0.0997499529750036	0.127280250698043
0.0296991333108811	0.0306742126661652
-0.576031010619861	1.10190622542849
0.045919383687689	0.0336567028607537
-1.26205579882362	1.86293806277745
1.23931543715755	1.73557687385935
-0.68193849467145	0.856751636589466
-0.341859063965918	0.491169642503146
-0.0656355323009341	0.0867363228646613
0.0597697736745277	0.33693346054291
-0.150231289586092	1.02525740630452
0.036801026582737	0.149637609345305
0.539333779652569	3.52786126885468
0.0000531577815778661	0.000104680045275946
0.366223801936529	2.30654144813748
0.342885040798136	2.15032398347313
0.152694206558571	0.561131736123303
0.152340502984302	0.382499299650634
-0.0675564304826549	0.174937357612714
0.273009500746675	0.992020405480336
-0.0754265919691319	0.18715286799661
0.352383257810417	1.17468217338495
0.286006310630835	0.719738176093899
0.0699192764342428	0.151600941831322
-0.0372423104688727	0.0635767342714631
-0.118596966647836	0.284423931675637
0.0746025969084709	0.127196410552739
0.066043491069777	0.126567456811964
0.0115613045510558	0.0198872681868663
0.322051967179354	0.705268335268797
0.416849791845384	1.00516037875361
0.0480955170831622	0.0869238010432168
0.378804438602276	0.809803233563131
-0.189847532472861	0.286039194680598
-0.00233480244559694	0.00271615484468417
-0.245027225096768	0.411792143552493
0.292965982199485	0.543694283413998
0.0959700018592256	0.167984313617641
0.281257512089029	0.398233488527199
0.2047702773279	0.396253945120601
0.263462435827655	0.287877413981879
0.318188493335446	0.380725445915721
-0.649591700858202	0.885787623221356
0.260594038249988	0.287148729689283
0.257635728461189	0.317762702804184
0.186986712025005	0.224433715747887
0.295042614642757	0.369864023751305
0.180423796184127	0.196201988560949
0.572683688980936	0.645280322792984
0.157374215750705	0.15220956732599
0.427209077197904	0.547102899147735
0.381814289432719	0.559492179196862
1.09929046111958	1.97761944176505
0.309175577235882	0.390288832757745
0.6859723019526	0.981929411876047
0.384410889652762	0.55190615744578
-0.361610457998231	0.516392578506388
-0.316233657005784	0.425221514921195
0.0129593476892442	0.0100499886273282
0.840179831780819	1.60765991447685
-0.263768214617469	0.325416316958437
0.262477654936677	0.32462288195972
0.384546714299472	0.608689421192076
0.202126376603228	0.244115462623023
0.217874532436738	0.251443076329801
0.356534191027435	0.454859871745377
0.297349173812845	0.396707133545119
0.314440457608772	0.358875712430065
0.253015408397085	0.398254699135435
0.780516790144084	0.941000405738255
0.959182669708465	1.34874452572068
0.307256622685707	0.370428341203079
0.336082400953256	0.360161617349149
-0.238800303125017	0.370188771143854
-0.0101314682621462	0.0108092158632567
0.307255241185232	0.397937750576442
-0.372417639704448	0.446824329162537
0.681321112331186	0.804572870609562
1.01671281909721	2.00305014599196
0.722438016114654	1.06332481687786
0.278612774794731	0.283739828735102
-0.177770335990558	0.161200189205062
0.49529875414648	0.549083520845719
-0.077657715154571	0.0740541065458051
-0.319915550257964	0.29714674698383
0.0739640514537609	0.0580355632636464
0.839883839785713	1.1841800724706
0.1446185416319	0.137073427435684
0.282949065198491	0.268235535089905
0.321850810468232	0.248358746090252
-0.66456622891839	0.92429163333412
-0.0109103831478342	0.00924597754921739
-0.344876583885978	0.365138847648016
0.585100182943077	0.898942179706782
0.662824009049677	0.976024976552392
-0.109810294690793	0.0948092201127479
0.389233924186674	0.532644062943299
0.163577035973164	0.165077464868711
0.399156912014049	0.459426594726202
0.926327479790548	1.33943944160071
0.825988425371326	1.24009280754658
-0.364461517130274	0.40684520774801
-0.306576198522615	0.352434985573046
-0.0862941963564907	0.0662897259673493
0.370592355484887	0.437690488030073
0.510166099712576	0.625405938184746
-0.24391249191757	0.23506253221453
0.591912745028823	0.752715827767843
-0.00000659161528261264	0.0000681312916688748
-0.0755906069929288	0.0787833042459919
-0.285003206047464	0.326155124397722
0.711921408688923	1.51148580469188
-0.081233422852292	0.0971517072805799
-0.38485219507897	0.692605924074847
-0.596026413151034	1.16477965536161
0.027856058151307	0.0234789657930167
-0.688024822355696	0.866082707300551
0.296708742904136	0.250826148975953
0.0716074776642662	0.0655534073137792
0.223425783353306	0.298853114406969
-0.00252290095079807	0.00272229928428822
0.376993719454611	0.55829369721654
-0.0441768955270523	0.237852126456446
-0.0527819868192108	0.253225361215405
0.425965803546717	3.23001228101951
0.0100612575627717	0.0317410417851133
0.306889727472504	1.94340494769764
0.48778827539824	4.11769009522189
0.236628228378504	1.06421724338054
0.0251836838923684	0.0560685892501812
-0.139549899276943	0.46478002857254
0.0710092548702074	0.190656792512304
0.0789829598523057	0.192304943109195
-0.0413740332013692	0.081214460721759
0.356996598558562	1.17350747906034
0.482756397956069	1.93894594327664
0.113331384573822	0.234114247459579
-0.121767597584262	0.289116311402791
0.157481794455656	0.340194280329501
0.0952051169200266	0.197134490915693
0.0409366344922109	0.0737056200049835
0.11204873302897	0.210835816988434
0.104824151543051	0.186052881646214
-0.517441078355628	1.75270825170967
0.301270986548913	0.581613651031607
0.597184909029361	1.47112830114929
0.322619781311177	0.507917259307536
0.603159489164955	1.39293719881257
0.230863933808713	0.368481826711337
0.210483145418894	0.392167847543433
0.0574275163884506	0.0921471810988674
0.090524891818366	0.150714486487758
0.33051256944748	0.672141930228329
0.530586585445269	0.63099650279294
0.156671498119059	0.170538965777782
0.389852641282775	0.465388436784338
-0.0267788850390668	0.0247617316608505
0.0528010087600576	0.0475666548651562
0.645790070533969	1.03952699298621
0.467164408551936	0.783140056990883
0.0928290304052474	0.0967209731272479
0.598907196439568	0.92753506899354
0.153668038832556	0.148037661477241
0.21925317058618	0.228790828813725
0.26374742676888	0.331708727232721
-0.0852340898404016	0.0819266769688037
0.280236485912302	0.415730545301871
-0.0159317605757887	0.0174760765678675
-0.0996694514337309	0.100657255188558
0.247625360575662	0.276637805908883
-0.00127065210741492	0.00112950210004355
-0.0206551304851706	0.0231426110936663
-0.0784716749826354	0.0941266813805999
0.15795065124018	0.198602669900343
-0.270782731462406	0.327848007124593
-0.422573456144943	0.737861948917659
-0.0193591579974772	0.0191877949151455
0.386160967171501	0.459547273215745
0.252269826309845	0.314903092554921
0.582865633861746	1.13395729419677
1.09865707796836	2.26436712847335
1.1300031853859	1.78260859267507
0.379474596449208	0.458253717386301
-0.352132331684117	0.375613224676992
0.939000921755463	1.52643876294588
0.0580875268987602	0.0615767518575804
0.117567003556382	0.119391469952087
0.165985471405057	0.171386550124166
0.382528481697838	0.870585875170286
-0.256130705353051	0.411254397829763
0.280705480036042	0.373728640715285
0.0130460783485755	0.0114558902180469
0.670366616163281	0.884844811307227
0.491366295138326	0.619532459967594
0.10822062262599	0.10666133222998
-0.200692180789564	0.180941926608793
-0.435163856862571	0.499895837853695
-0.749875115004247	1.08236975485516
-0.423390691887438	0.531904584061618
0.550313185151193	0.738756213029675
-0.684211394276483	0.856341859745021
-0.368093824782303	0.3606253223903
0.579585733780391	0.806580627705294
-0.175953963613307	0.156791047236829
0.073703598509147	0.0596213221083941
-0.272552313225911	0.278653749494576
0.146739008974818	0.134187606576871
-0.0544487846293161	0.0434001162925929
0.17773159406348	0.174792691408549
-0.280963344003813	0.327218926122409
-0.0868160248515518	0.0767646221961257
0.398717990748172	0.523682698265431
0.174364617770568	0.184718233383718
0.983775336904683	1.52299345832318
0.215996848822491	0.221621784619203
-0.410336148287638	0.477189646838976
0.313442136839047	0.250463420414333
0.986639872262302	1.4872833690685
-0.143342670626928	0.120797152521116
-0.0411593570543272	0.0369919272765804
-0.341217587261123	0.31525926409696
-0.00447570244129711	0.00335585285871004
0.488293568346345	0.610826640816896
0.20536128495533	0.194661752013799
-0.0110974104248061	0.0082346758874882
0.511063288777426	0.641748281440682
0.177087269273092	0.185667580707082
0.112700615784673	0.10948932673864
0.804562326958507	1.39730378133285
0.132221768495054	0.151589403050194
-0.111904739863207	0.128688997537827
-0.384667082682133	0.664438080297361
0.379753570730004	0.717041525610975
0.27225653853098	0.317481288745008
-0.101215663580003	0.10483098571597
0.548765299487794	0.749173044680463
0.50092268027069	0.724261834426121
0.327485658709343	0.593631853700634
0.000942733789566336	0.00108521792199832
0.0832156499002723	0.120472173396533
0.134639738867644	0.230167244933241
0.0478547873754782	0.263792855251515
0.0281195966174445	0.117477573893049
-0.485748047194001	6.07248213255623
0.0766035178483157	0.331864427525653
0.220030431757017	1.37156072577871
-0.211976083767072	1.1233402367881
-0.206436018476996	0.797121140240588
-0.28785629229239	1.55288353143628
-0.101073437253152	0.338013811869641
0.0196861835324451	0.0476440707856119
-0.012578972166342	0.0268683856468199
0.197217212169244	0.573753752552329
0.119962123539275	0.312631972463762
0.253061445195206	0.714357110841535
0.134775206023394	0.356884226734122
0.012469820611645	0.0212034822028089
-0.174628432930812	0.420176031983046
0.36150603111107	1.17367567635201
-0.0433835802429332	0.078515166956898
-0.395959134267144	1.13483370181607
-0.538818119999973	2.05134251805244
0.0384862634333999	0.0515621923614098
-0.0295751900840873	0.0393430708148277
0.297914675096075	0.505364244446074
0.197567134623043	0.295009093318707
0.0183860462842542	0.0241332853307796
-0.0477553108879458	0.0533664917659816
0.111098150506323	0.193117739732724
-0.0575388937308063	0.0571181283076956
0.0828252911520901	0.0831280277794498
0.901922784821272	1.45907301609887
0.668776007506362	1.17482937601404
0.471841162309019	0.643686206289618
-0.853742511624125	1.56695197924583
-0.0382982123800763	0.0349290219554823
0.265667582565386	0.298599027620131
0.116187447910936	0.1130137116713
0.0221603563533466	0.0202630157208142
0.42693417372248	0.431662212648744
0.143006539748333	0.158087908258134
0.22586970012668	0.250546609033478
0.0929999883959203	0.101729975080318
0.219277557569619	0.284393339010921
-0.123221482170845	0.14055804519945
0.570655334811119	0.811353852099517
-0.633157369722161	0.807899965787494
-0.00657527738079291	0.00667416287131104
0.115426267542276	0.130888396871371
0.0302331746165428	0.0288399805897677
-0.462328098429008	0.755072601860627
-0.247240509953032	0.332773763635808
0.179834970399474	0.23143776504121
0.697315035216506	1.0679071779248
0.133177132964554	0.11142802591355
0.306379527648851	0.363410313338955
0.485415996342982	0.784757510251647
0.512152732544583	0.642180165382964
0.0980831580369367	0.0864767151107842
-0.150433509493262	0.227046670465892
0.348686912097301	0.663553378849854
0.284547078901572	0.435503002708999
0.533638597054319	0.741266488954475
0.734465627248919	1.08710925699271
0.0929663201586512	0.0822249688738207
-0.232740449507297	0.239139207695172
0.838448978626025	0.968374442050639
0.206753103880531	0.181197990038953
0.778677312233782	0.921754648842447
-0.375030245056108	0.374032674475445
-0.171051732305416	0.181725409982958
-0.0419032706423209	0.0337316125790962
0.491802671627639	0.653169203772754
0.254759474397046	0.294374239464612
-0.927456792221461	1.42870008450973
0.0955782267637074	0.0847244038395099
-0.224206623580369	0.199163180142552
-0.11311158952036	0.105706228118637
0.421612255406837	0.432737520257154
-0.533390230940974	0.577804651992025
-0.112689411253023	0.104749201149563
-0.706036632945743	1.01743851087819
0.509808760973316	0.607680365709817
-0.327549255230607	0.372554230762752
0.33721331941644	0.357050771094007
0.15627119305151	0.151152614463521
0.213648385838809	0.219541752673603
-0.177202586516603	0.19461457877781
0.108615019822461	0.097311002959474
-0.0959094570054554	0.0832219026231295
-0.636770552790781	0.593732489149859
0.215242954849809	0.228681017622299
-0.0574900613343872	0.0513380027970173
0.134402477318752	0.103569841358869
-0.73659392686001	0.912066825808747
0.406967322861605	0.428367860859134
-0.0986954426321245	0.086046230879442
-0.346411889730633	0.346995966702522
-0.310154559129649	0.332656244356393
-0.683544299425648	0.852686154424664
0.527320041361485	0.619876428293991
0.149970160281964	0.13826001017623
0.206342817204879	0.205301854932111
0.409069026059939	0.625424203837611
0.0823912421105839	0.0934678422452155
-0.030736636611435	0.0327746389726688
0.31176269189735	0.379863174427661
0.00570559646475292	0.00836628797675151
0.26042008574536	0.490085313778399
-0.0996652643535617	0.719674725940045
-0.133612927335265	0.94154398533036
0.683642255531299	7.19563542436271
0.454912645282142	2.81479141584043
0.176992351092592	0.581022763093002
-0.142079682687818	0.644132245010446
-0.234465634894638	1.09767164806937
-0.169574262120472	0.624163226613278
0.270140240223811	0.726745689981363
0.19010077803956	0.570930422801323
0.141266225504573	0.430599345586276
0.140832116620267	0.353037631847024
0.17614136089623	0.523023448901382
-0.282544026153217	0.697267186399816
-0.0144456267395133	0.0282428861344863
0.072583570883685	0.0951337897141915
0.565642924288455	1.11123240295737
-0.111306527414935	0.251020921660344
-0.0841199112502415	0.195560384895352
-0.106397852644301	0.147403071638248
-0.843019086469924	1.03498507010428
1.17617375471289	1.74057674301545
0.257703271139082	0.327200470664239
0.0339190344382609	0.0580364275151051
0.165257087498574	0.338221101633616
0.0778998222687667	0.157100115102238
0.50559185919728	1.22693004802562
0.0812524979554009	0.104934543909681
0.0390909926379031	0.0367814478153322
0.213758701424519	0.139287971481348
0.645111006104705	0.604482196157135
0.118633438169728	0.0861049280245857
-0.572379108169151	0.528862022662233
0.0468573922744873	0.0339473924273521
0.218350667523376	0.153952201053125
0.664100710068094	0.704956171565173
0.386343945979525	0.346960286093183
-0.275049099155098	0.233398513845756
0.890445097027261	1.00672834774798
0.103663908506727	0.102756799173776
0.365287045127968	0.632536729056671
0.533226333071748	1.12498839018759
-0.111930386523664	0.164225958794646
-0.207851123893458	0.414328749368165
0.100675304890534	0.136413118681215
0.499492148642667	0.519667178699031
-0.0883043220001914	0.132190519981187
0.08132379237951	0.116686993471059
0.0982403389102017	0.154507214251233
0.612657456814168	0.768190074769923
1.08606701525909	1.68126252441281
0.319409252901735	0.245816423598045
-0.0797138222299495	0.126459971353833
0.132198062080701	0.23301968528526
0.0585783288623441	0.0929353882051409
0.209395282910914	0.354834941893839
-0.0177701305848659	0.0256956037689786
0.0533157964394468	0.0887377665299159
-0.0286945760187741	0.0493678756517166
0.0177194035486423	0.0197574958227785
-0.290204505561849	0.575722215164096
0.234542099206485	0.347004175827079
-0.389698339625685	0.485789521351151
0.543257400973858	0.46023086023341
0.277181466810294	0.133792553782408
-0.494380132258216	0.288331741663202
-1.0973572004829	1.00218074725414
0.0599786413558808	0.0271647600071353
0.305933157265746	0.246412483642161
1.14630714272244	1.16896739581915
0.0781063060058247	0.0443970851882326
-0.87373103861734	0.495041112716575
-0.574180292186563	0.294506153889497
0.0782897522896687	0.0439301448772215
0.696387325549999	0.510604002609411
1.27252801996862	1.09338558938432
0.517222533989988	0.36221763004232
0.420506930332242	0.35211170787231
-0.494865294455934	0.288167751259308
0.211837043334761	0.142014842570564
0.238911983275381	0.133381384799445
-1.03291217586259	0.647900556216171
0.220156716001061	0.118550821433202
-0.115362013599531	0.0559632478989987
0.458180681494268	0.249113866199052
0.906576939751581	0.688260108715809
-0.640822176719163	0.408406405030865
-0.234584159027832	0.135663492122305
0.486402336683468	0.356026011105908
0.0654319984286931	0.0241524537976362
0.452947728126163	0.247223632983098
1.30952716242784	0.964073601815376
0.061634314347512	0.0255401868475516
1.30443837947534	0.920445350887033
1.03877905231107	0.969954386144023
-0.883351334021732	0.585951250604566
-0.734670138878965	0.444541678803245
0.0714445401128457	0.0375220837608277
-2.02108883724573	1.94602963535519
-0.467761210603962	0.379708581955297
0.623175668066957	0.386450734260144
0.765254840036995	0.517820665077714
-0.195035905377381	0.250277387172299
0.395787529110459	0.364477557201812
0.0531170293005148	0.040360695875684
0.149680569479883	0.175629105181285
0.465053756467057	1.06465327842112
0.158695881053383	0.188509987621359
0.35856791093838	0.457392187961208
0.0589981218511077	0.0539674423654258
0.029659846751346	0.155758852102573
0.318445490180399	3.22269679220021
0.0553206831166486	0.220125206414328
-0.304468904023636	1.9435506672341
-0.270326690118309	1.64633185112171
-0.408041486658926	3.11524321022348
-0.384210108293182	2.54195121288798
0.0704118876878701	0.178276274979847
0.0610604661343935	0.157908736354388
0.180818128100457	0.602889530760996
0.0840755714707225	0.209561249395983
0.0348172743082408	0.0769609988626269
-0.110793339040505	0.240107026340273
-0.120811178887438	0.298213610351346
0.0755918790064419	0.128274450850652
0.131813357789957	0.229641097795693
-0.0621854806883479	0.117096423301883
0.0703074910567094	0.146017802799813
0.115878025483792	0.214406827043406
0.450165387586662	0.717322191847792
0.404183287255411	0.629873337758578
0.103067799230589	0.151836679831271
-0.0700402959764354	0.118957813401885
0.232904176713315	0.502938548769327
-0.237635274527514	0.501577824992664
0.202949976449012	0.389002868353284
0.203332403655946	0.353525663866887
-0.352174280474081	0.587784587832487
0.222391560037784	0.298351582180224
-0.00991405393384078	0.00736242592122311
0.0927488248947962	0.077535148064721
-0.319447675843093	0.366991704063044
-0.0694611289326712	0.0546786629381466
0.500936756554037	0.465986802148354
0.884896915027012	1.25821021028738
0.388820686157775	0.456645733863641
-0.175626554096313	0.170810356562448
-0.0661668509652927	0.0586340959241844
0.175260655248548	0.199629655020081
0.798657145281978	1.7967865722778
0.0775224245753904	0.0979118970390423
0.951002321020489	2.44849273576364
0.199029598271506	0.298745976741812
0.223504145123235	0.247544945193029
0.110503849908487	0.102630784153563
-0.154140015911768	0.138174816500469
0.388409339579798	0.356986318526349
0.150834299070561	0.254772791679328
0.0101467370220925	0.0113596601910089
-0.254077590387966	0.39671616574144
-0.0818015246431095	0.0960431200811038
0.0473041197660508	0.0628794683109693
0.321742015951129	0.594689407719218
-0.0771932148611584	0.117811015032363
0.156626043611521	0.248601888286482
-0.227158481730679	0.421965763555353
-0.168465620939941	0.233264600636996
-0.0233444682282346	0.0232324808092065
0.679528239873438	0.878812534951207
-0.22229299411694	0.198182939149806
-0.439689259869546	0.458167571208406
-0.647273105944676	0.745175593378667
0.108071741720491	0.0715438114949148
0.00418793565303762	0.00313087954212749
-0.229997835692582	0.193228772166513
0.140631085637423	0.119819421484873
0.122380863848065	0.0887829618517698
0.582897673466476	0.585813517644769
-0.555392365172029	0.480524064185793
-0.364827263843801	0.330568040546151
1.08998043644482	1.25846809925659
0.135981279766881	0.109129948397346
-0.658870099292825	0.704611051127911
0.367751552634693	0.357586590123429
0.216984694380586	0.190594865170643
0.289120344701498	0.28891924893909
0.112949640640516	0.0809217609861227
0.0383750393946074	0.0272362826660418
0.51799459801652	0.464236082553628
0.919251137736022	1.13990251600169
0.21114284666024	0.148294799459176
-0.676987242778959	0.801037742537847
-0.428457377435253	0.447553213574466
-0.270561239318483	0.235796166462586
-1.14141038340569	1.19768727455554
0.0097521348121302	0.00610962149694602
1.27301815499645	1.0868774020028
0.634545881996024	0.58943827462264
0.0135366793696078	0.0104720801711271
-0.651307130461235	0.687978289470668
0.281455570591659	0.254831109723767
-0.695700617229927	0.569001411179981
-0.985222659625295	1.20389813857086
-0.458897707315609	0.4664472560441
0.319474078375751	0.254869430613156
0.11506376823498	0.0755953482062368
0.504742838162625	0.468790225692292
0.149123976173564	0.123353878793848
0.488488731907387	0.468763231280201
0.252535571679473	0.309794608056801
0.015989314533	0.0143951478811196
0.5105451819182	0.811911529023801
0.0788637672794317	0.0898305098240156
0.0895747204825326	0.127551970327577
0.315190927633033	0.524947756760056
0.103097479483291	0.673326756148764
-0.0807424119525566	0.422604670755542
-0.432896897030404	3.99841285780144
-0.619845962701618	5.39676037309607
-0.766040049343978	9.09675029012419
-0.515542859045348	4.27988785728831
-0.12109018951795	0.383754726379368
-0.0864887429485263	0.217929340976658
0.201264112523631	0.56684391611109
0.533494822319892	2.64487007931945
0.195004452065869	0.495836939997101
-0.114896528515565	0.285012868492178
0.0373509607549602	0.0679111812007584
-0.451274700510977	1.58377441946379
0.241730061345953	0.688837494352956
-0.130112992463719	0.264965781082352
0.0996223007822447	0.168411492527652
0.12828759364971	0.204072863923335
0.0402528871910665	0.0535428766691341
0.25552937537955	0.416640552838152
-0.412892805524566	0.686328775624295
0.188842683913136	0.338408557204049
-0.286710815414608	0.556642940536301
0.247276512965013	0.422326869793887
0.255000717792342	0.415440597099185
0.167992488419963	0.200159467462391
0.415628165237071	0.536564833550508
0.721862859245995	1.1712321170325
0.439055430562301	0.452919402982341
0.631809866639313	1.00065332314072
0.269388532895696	0.311636207985289
-0.309565005261807	0.329782187951414
0.268903491564513	0.307426991552636
0.164314432727906	0.170586843077466
0.0801211406459177	0.0645186862400898
-0.148007501531122	0.138278046958142
-0.00299549942285669	0.00245415908326594
0.323485520415435	0.400029343033516
0.302288630246584	0.361232397483707
0.341964142833614	0.482576956670465
0.416778501460309	0.527060210835659
0.218198960331162	0.189408605609464
0.132890726431202	0.103786643664844
-0.0309501605767512	0.030197131761418
-0.020184306718522	0.0205610900027583
0.0645368509424967	0.0597383916190305
0.259886082458825	0.306965292292491
0.115973803207291	0.112192264436688
0.205420466954327	0.302753995028074
0.407824114862361	0.666033778634297
0.0219806890727732	0.0244813067502073
0.448303933593686	0.458659529663885
0.215542364977085	0.15648581200618
0.568894684810009	0.661232729993971
0.369541676206139	0.457351797629127
0.687051609134385	0.816516910854924
0.376577704691111	0.356216018673784
-0.100455533314983	0.133495789211865
0.108676350975562	0.142153233269397
-0.0166678439779648	0.0191815065582063
0.273172538320485	0.320518010804944
1.25261867711763	2.5295095285422
0.222720734278191	0.207347061083598
-0.434881051407962	0.422779218029522
-0.427823653326779	0.478094986303626
-0.913580293684732	1.44768513422082
0.0247282723801042	0.0203322507987176
-0.0171698637133678	0.0140989431118846
0.20760162439984	0.183286403323578
-0.965409826370397	1.21489865613705
0.140492617778036	0.114729700198621
0.143277164930849	0.121969945645742
-0.463408465560357	0.505421633230609
0.531236525207056	0.655247830456613
-0.733189013972584	0.913559650100905
-0.0378750626762993	0.0273564221389105
0.217662859125789	0.212195190584914
0.467595838395993	0.541400847427011
0.019723968889806	0.0161479443381981
-0.686192637519217	0.88949112489131
0.00876471278951968	0.00642534698925318
-0.13010042523846	0.111772100518092
0.722357382532662	0.922622047189661
-0.425339090932032	0.439267737789563
0.813592071591914	0.861755304183873
0.428737958749579	0.430021231653547
0.000666082873471719	0.000583472964839822
-0.422387148920706	0.437038004167566
0.265178336903531	0.274348528227197
0.903385076864534	1.20885374824523
-0.283496499181334	0.287262152765719
-0.569258821014187	0.617508872407609
0.207341132204041	0.186085928215812
-0.236294382912771	0.243651324421679
0.393491400241495	0.452726188042711
0.216838248900143	0.24154605145992
0.0842218315115175	0.0722425085898417
-0.473254253964024	0.698658518237083
-0.0231514337671946	0.0247836033602404
0.478768247603854	1.06365002295523
-0.324104839821357	0.656599832276853
0.404809240812329	0.766580269612772
-0.0306318824792373	0.155191436332166
-0.176439391106861	1.23652811304122
-0.457110186298812	3.94737550609339
-0.460637097417759	4.57308478404165
-0.0997820291174933	0.420595676642044
0.222616630882299	1.06895301703213
0.218988494659714	0.785203183217943
0.309200872893778	1.23624214085369
0.478523448488423	2.61135244779324
0.169061000703874	0.451625872756678
-0.120742790214387	0.34354825510866
0.190240749292317	0.477493531215576
-0.00886148557253564	0.0176920682957133
-0.1033335922835	0.25128788462701
0.0236652617701787	0.0406737143252894
0.207735877642032	0.434645906546328
0.145615530842387	0.209519661690075
-0.278533401961107	0.338890870346153
0.00715817695869989	0.0109006542592148
0.290449909476926	0.675576419612517
0.2024269705896	0.396812920032953
0.209888215874627	0.33394309455858
0.0557919636206877	0.0763195507419083
0.895963047535672	1.87841400099735
-0.0983057505750977	0.107921717292154
-0.148146513556266	0.16651867438054
-0.253565551711835	0.339326276375925
0.668823103822473	1.05996092980865
0.257907394574068	0.302183227881062
0.0226983098838509	0.0207291160287314
-0.0108459869924967	0.0102273391290386
-0.278481843754863	0.370418598366084
0.148342740555358	0.18099458306375
-0.0877172749925498	0.100583456459009
0.605960001767408	0.99443793927632
0.210300211119652	0.264793405580962
0.110315827743628	0.124212344650671
0.181755594205695	0.230947473004571
0.504959481707199	0.802109195691659
-0.28752494264227	0.222530274274898
0.503518454422992	0.551523470062942
-0.0478782650738078	0.0472247877997928
0.310663310082994	0.361322467864902
0.699871458465936	1.38104550587718
0.114845656945853	0.149097150323284
-0.313326565909455	0.432384475454368
0.956245692603563	1.46204115644262
0.185504289679136	0.202281573831201
0.302677814170322	0.248954855978221
0.322662602575902	0.247315629183704
0.796985615488696	1.02315429824172
0.730836653246705	1.08047898799455
0.372510415423504	0.361029106510466
0.0483646637051984	0.0342822735139579
-0.293621235749007	0.5442752156064
-0.0366060333083618	0.051163415488166
0.0360060940027565	0.0449530290114286
0.124301501268257	0.164891583432713
-0.0968904285983247	0.0959156833685874
0.525993971833826	0.721825766100349
0.406446211193992	0.530997096517267
0.103818026494387	0.112967297312667
0.00306816757057998	0.0025920144625604
0.314819070987779	0.356729983966413
-0.417393257382665	0.524261709889278
0.093505935753361	0.0948885107970084
0.0508536779304117	0.0520104181312156
-0.478838528724315	0.561307260387227
0.458422830228321	0.543309842424351
0.38814629789954	0.529782038357943
-0.0332144601646591	0.0272396867307131
0.121216077959923	0.125140098142312
-0.0585310362586007	0.057384723511223
0.512656752799764	0.804513305481228
0.449474607646666	0.629358144004525
0.679415214744495	1.0448799472321
0.709077373518979	1.06129692189525
0.0409932079248793	0.0403365775967669
0.00738306720721071	0.0064380117437102
0.0634222471434643	0.0577330978006239
0.116354957303167	0.0813854553474375
0.705906665017951	0.964166116760518
0.335471297459939	0.378598060167157
0.494989774801027	0.627761967941545
0.163391297251251	0.159530596023844
-0.313650973191819	0.3336486477458
0.318869959324573	0.38978068076226
0.365650048379057	0.524151566475479
0.499940450168978	0.639259383965484
0.355034877241321	0.44868714944612
0.048530825636902	0.0423791333404951
-0.247883250124585	0.27418845892519
0.347201578820989	0.473489535968102
0.690693377452997	1.30347597677379
0.264614697764603	0.531780815651821
0.133200328985255	0.227592232618866
0.0186058985383508	0.085598187685503
-0.0419250203532489	0.18359065430966
0.074711817191251	0.353174110831786
0.126400787716344	0.619630145613606
0.384068067650573	2.48308227293481
0.406858253099348	2.06644092794327
0.604444915357312	3.54109603866449
0.517864727129752	2.96353532834794
0.344534543276421	1.26699268770839
0.296218050144618	1.11971871675782
0.290981209753324	0.874232207011291
-0.0354130232955559	0.0710113467871877
0.19561876795093	0.510649028820116
-0.19078533743094	0.435465483676245
0.241908580501502	0.525404362862545
0.615361615529572	1.80463958801043
0.293934278728044	0.650933924823547
1.03946652299708	2.50142649924632
0.238079951461311	0.460697502054386
0.149375357651437	0.273540257091502
-0.12277301070076	0.1767287806335
0.44571593813733	0.849548566731881
0.218844045261275	0.323406491366803
0.407586683695542	0.710995615909261
0.251592155338671	0.26266451320952
0.405275571213373	0.42522825455906
0.03332100379843	0.0282068772021716
-0.280797122219844	0.319740893690219
0.708556483391583	0.821908848401304
1.12806307025706	1.71031811120438
0.106515216392476	0.100664642120743
0.582954380831657	0.747589973836402
0.0477874984877536	0.0405930003365841
0.492879915047833	0.639785700072019
-0.461501318358544	0.566866858388859
0.34717992809195	0.423038642215617
-0.383098108089955	0.448473985792451
0.116623569343172	0.117394622881956
-0.436665479399686	0.7232340572743
0.210586109560694	0.232851922368813
0.310159089578001	0.366657283033964
0.342472641523939	0.363296509467997
-0.0706830569583212	0.0492203564123112
0.168052308684733	0.189487766470203
0.548089895296001	0.821794631176879
-0.0349948429876924	0.0323347952806497
-0.558226161179856	0.599841977293859
0.250784842188565	0.283671585234733
0.123905587177549	0.13971454502644
0.0612865222187282	0.0467974106356918
0.355113504907046	0.353953074416007
0.436512358700689	0.466785625056999
0.0793726118089318	0.0895175916757098
0.605486780911927	0.490121934974761
-0.856230445898584	0.933668937601325
-0.0601673167519198	0.0412342743425486
-0.13614312142369	0.123614206959998
0.0000869078078354593	0.000082368216826954
-0.301211113022453	0.278693529830365
0.281733074875539	0.508127424153848
-0.155269455269891	0.225207983415741
-1.197038598559	3.82265251610354
0.448092685890987	0.710438892394587
-0.198101702049192	0.209048629241782
-0.297082615256518	0.255653121160273
0.28631001699215	0.297432798115216
0.216765363091887	0.185985156716338
-0.407517341408017	0.42918187417688
-0.287256315538903	0.26816688939791
0.159084410642535	0.138808819008593
-0.0992503989452169	0.0873512988771828
-0.378986372076069	0.368239368807175
0.387061054493652	0.357464143824849
-0.0358082505901318	0.0257271582708287
0.596692183438028	0.758509838573068
0.617828583654224	0.689395698209159
-0.116544360946974	0.0989104071907707
0.637048512672852	0.694174983450092
0.85227113777258	1.09803095909563
0.271244845350738	0.294631831035343
0.722014896786231	0.996375811025554
0.340458336699347	0.348877732362181
-0.000297904711971866	0.00021355761020473
-0.0173511240037704	0.0127011992325612
-0.485756841594213	0.479921768506031
0.103801814034706	0.0654346128228121
0.205758429674373	0.176748293595759
-0.263949248845126	0.272627128272028
-0.0472439222496423	0.0383347424223981
-0.114640614283447	0.0969757768586892
0.640145426204328	0.70121090068356
0.223255696985631	0.209862404616027
0.341864381482544	0.342727122469962
0.463756422645796	0.538976044550102
0.600482968007797	1.06396702358815
0.0320699047858061	0.169653400800175
-0.0712415487033236	0.399304815473242
-0.0615636292686058	0.259342106678295
0.617008292885255	4.61410661273288
0.507383708378098	3.70710851051949
0.347678747949341	1.86772974305949
0.447459188496244	2.22030716020481
0.560721360546988	3.48140073953604
0.261173323585463	0.691640096712743
0.128549460858505	0.336850576683608
0.153111053876182	0.26322756989377
0.660982023669167	1.76599897458728
0.275182915043205	0.837609527222316
-0.0765587348407887	0.16983577640086
0.245265930754177	0.448200464625754
0.80741240914044	1.21794595964349
0.275915027328958	0.30125604987709
0.375722529628298	0.363628539441077
0.849851254504245	1.3110049184864
0.909527479046222	1.21624947400181
0.358992163966668	0.603173101203977
0.253305915842842	0.618540594932521
-0.141919624097672	0.318450014509456
0.266123742180897	0.55477018156565
0.103588538351999	0.135036885398295
0.225255444381813	0.302058946885076
0.319560287473243	0.483116722221051
0.119011807769667	0.140643005672221
0.0049310158320617	0.00433656959021129
0.506287926075033	0.789660604858619
0.0663203222847202	0.0710898435539901
0.00596349629906821	0.00872565243470001
0.326526044111358	0.239283072581695
-0.682262303869152	0.759850465226065
0.93879471697136	1.242855288906
0.400573582702592	0.36438866527888
-0.784604571080899	0.756277815187491
-0.346474073482673	0.3482901186176
-0.0318798315122529	0.0189291178694683
0.702976085687128	0.804330010137231
0.219802762800248	0.201357562705867
-0.714514613508944	0.695108925844729
-0.0990766549863117	0.0866027865970296
-0.375389614679719	0.397771554091782
-0.443644946034321	0.390817826012408
0.413292723369743	0.693933158940253
0.184988339583425	0.203124114243997
0.594822562736794	1.35011746206323
0.245642622467041	0.399170825211422
0.0991595243940946	0.148730352673668
0.00843126911179273	0.00900623857081975
0.111061130620944	0.0979398537741797
0.107592381905824	0.148307703163044
-0.0692654988396309	0.0481862509745368
-0.049573165685959	0.0282965555253316
0.214247455714738	0.162543557416519
0.47902072620558	0.458809415036497
-0.781480125759235	0.795386862976124
0.115225812441831	0.0829991053301266
0.569725093927904	0.482661807582177
1.54405831975872	1.02986759721215
1.08333014395015	1.11893916037284
0.965016326429608	1.93280953680766
0.227568885855786	0.450363066555128
0.276712118350329	0.515112380191289
0.35230437920154	0.705391211651213
-0.136824133580015	0.215970944920755
-0.171326591655229	0.250551975893313
-0.239512234034787	0.424625604512179
0.0248182990322695	0.0383064240419851
0.262031012808127	0.5872381053498
-0.208914909974807	0.276899263681983
-0.164197929590403	0.264135790642548
0.16906736643762	0.246851823636111
0.911059916913342	1.42025845963165
0.00612079203211813	0.00383494165568313
-0.0305150929619319	0.0178666054684398
0.961335802315017	1.15988583828007
-0.416418168103351	0.342299042268037
0.897951610013768	0.670772145613069
-0.696274926454128	0.625899766334409
0.217132124390968	0.138939951641445
-0.139444231503325	0.0906286710880494
0.136083260210982	0.101433845709862
0.696565361561885	0.388514171289346
0.234704357163484	0.129452091666046
0.232384242259999	0.129307426774768
0.322436648403454	0.245276840642628
0.712431987165398	0.618133174909777
0.376255482894071	0.236887090230453
0.518960191782896	0.538459249906768
0.222235965718465	0.140887862126044
0.957942157511783	1.15207488851023
-0.575158988949618	0.311301819921733
-0.427130625519256	0.311611818355809
-0.768357539385889	0.531744926246324
0.222798026686868	0.149891966498189
0.693445277985923	0.499261473899164
1.36032741564733	1.39616683016589
1.3667948500125	0.820543262820456
0.34723329990609	0.241719915330437
0.112183040268335	0.82452308195195
-0.402501810752787	5.01258917933313
0.4376922710363	3.74200613381604
0.450684703978205	3.47799045083807
0.517555958725641	3.92636454799048
0.466128453192298	3.15137208651664
0.26146449759261	1.06869585025423
-0.0048780742910679	0.0108274220473709
0.157179119534736	0.444808479335856
-0.055896801553003	0.11385648625483
-0.180777295008789	0.433354404242657
0.186904225306541	0.467275735436868
0.255323756004081	0.701635180790207
0.136637749428811	0.285266374881428
0.548571389410675	1.2633618855202
-0.163506118692414	0.215536924516658
0.124498142234626	0.158753328011967
0.402156581235665	0.609712188487499
0.106528634510189	0.137708929858221
-0.123120995389294	0.217855960562913
0.228387375561952	0.490523502476293
0.220528805015957	0.428236005141179
0.0991785695090438	0.164232772392372
0.310307892575586	0.724766561868788
0.0887735703737679	0.131494700948354
0.260269441234854	0.427424640771937
0.160767026187331	0.216971914015735
0.121795691910551	0.163206989629074
0.70765545590641	0.999607665702914
0.483696228874183	0.632307274581006
0.580882403375731	0.652887083505262
-0.154582240647079	0.13069848866113
-0.840527046277053	1.16628707371753
-0.322810703638097	0.371463450763048
0.143884928425027	0.127038317056123
0.526513659720083	0.643459816919205
0.276731373517685	0.289697284981254
0.162463112614888	0.152176135945778
0.430186655347012	0.453182319155041
0.55820561996624	0.727015921378856
0.275734120806747	0.268428180140853
-0.153511922984997	0.164796291641649
0.218803536685238	0.258280482253268
-0.311819035501583	0.327923293322968
0.128077063805601	0.160503520100284
0.068255397216823	0.0718389138577916
0.192230319629571	0.231838777036872
0.00869906124943043	0.00874247037974418
0.0334643482263642	0.0282404013128378
0.769373294500441	0.734232062618686
0.381450214267285	0.359779646927894
0.688076647410774	1.04643955953825
0.301228276584659	0.276013341791791
-0.0198653239924621	0.014550043628409
0.0743398825391959	0.0599111111523774
0.440514137022946	0.529667962063552
0.484608951425154	0.706236399407945
0.165314838680653	0.166285881400669
0.0358438730141118	0.0449375315667965
0.259931163187929	0.368897794169654
-0.266521542069652	0.383611302956867
-0.128622583350862	0.159089063632934
-0.126268138557953	0.173414766410952
0.376937082187926	0.635786835429223
-0.0047785579663591	0.00569110064520835
0.160471524398926	0.243476886376349
0.0000574521898970992	0.000116022587930917
0.0779321539932393	0.107338502328062
0.126593783407033	0.141283951446066
1.15955456371758	2.23759622544585
-0.19270922729786	0.137163537755572
-0.0466255963301529	0.0327141542518676
0.0725593502304277	0.0605602120800347
0.610314606916807	0.671138709067603
0.801772055681785	1.26048523824125
0.461785151518446	0.450634214604977
-0.60632807935739	0.642073827218723
0.083151166833352	0.0699243223252625
-0.444239250521404	0.423700672210518
0.650459395052501	0.777929200182802
0.550295708801964	0.64957601557477
0.632370932370248	0.773578833143679
-0.0602587185729854	0.0473785233326341
-0.726298044484628	0.801123279512335
-0.0321266449855625	0.02287896736971
-0.0303146377531704	0.0179731923505917
0.129979609328039	0.0969331779469318
-0.00898448254162961	0.00543001181644745
-0.379653868342754	0.315582157972378
0.0257371746866196	0.016839293340818
0.559841659544862	0.655375349134953
0.873214024374104	1.26586229232983
-0.116639495208889	0.140039361656927
0.417261105977154	0.559155002849351
0.307580982963935	0.377919143634882
0.408807144601458	0.521426526811401
0.595463310399886	0.759488491503492
0.308675041713928	0.400582471548672
0.308335429661718	0.405550897325243
0.00311070227952691	0.0135590641820809
0.22482949509162	1.66669733893939
0.262469746897719	1.77035976230796
0.232604227902707	1.34314547404363
0.618928617704853	5.50776499446178
-0.104493467211388	0.337376525532505
0.1142148836177	0.353020163341901
0.0440656148213313	0.106482205079409
-0.045138700692792	0.0911582362959413
0.0885818165470436	0.194772005328814
0.14344388678117	0.334257784974506
-0.222361774726545	0.642224308010206
0.255133066317323	0.655285218958392
0.00516871451911157	0.0060315880476631
0.770837832997748	1.81324043407107
0.210175143758036	0.280256548317856
-0.022475502556991	0.0246704404579607
0.510892096281979	1.06798059432158
0.124671738136904	0.16171952758377
0.0801583736788779	0.120843656072606
0.374894862013573	0.903380845445706
0.325160331759879	0.678697316750526
0.307647081553997	0.714062100070023
0.275441031061375	0.468163001801401
0.290814775924225	0.283405394322764
0.368687815271311	0.352649485514191
0.27604390000771	0.26488691072251
-0.753470913524637	1.13185049788672
0.566223420915625	0.651955660611027
0.075453701107412	0.0745780531171004
0.273933953035896	0.280576845540716
0.220422710069563	0.218353195159624
0.261798242809176	0.275531242089593
0.277776130099874	0.248971268925211
0.207066230587012	0.18353689275629
-0.563688820534694	0.679179360227917
-0.444203305139742	0.520044471490692
0.109066064437885	0.107559630612964
0.0882865933803722	0.0776275647931672
0.335311636891489	0.360574017152768
0.479035591307893	0.731258181109774
0.498960719950779	0.650709677502689
0.685385900521597	0.960265452683694
-0.0712621195302592	0.0559735640648087
0.133105392573699	0.1093806477984
0.426713760651611	0.527594300615239
-0.160011478506817	0.11913334062227
0.138625429236088	0.115510263583931
0.76913411078957	1.01241813593119
0.371287792803703	0.357899684273732
-0.385293319033817	0.42323908647474
0.34682235735059	0.363323310383839
0.549250105828653	0.647851977774485
0.119108911107382	0.108397571014719
0.173497417814836	0.190111208009734
0.367707104020727	0.454348269377819
-0.372792537960309	0.482916058826946
-0.50905390644253	0.7804264906738
0.305003622043928	0.488001734830111
-0.574642469467951	0.866722081707575
0.190904556113073	0.243859304847233
0.113519048894301	0.136851564223964
0.306852898569919	0.367779295459188
0.340440444612371	0.3681164595043
0.375778181360509	0.360752088041012
0.221250471765275	0.185734646106692
0.913987681654045	1.27672945812997
0.663114404097509	0.852290748968523
0.462552416392214	0.451114905421935
0.217929677363221	0.183754059700921
-0.631083260454925	0.5804993331918
-0.0964113375975474	0.0759579312179597
-0.284233843670609	0.244314046727482
0.500976317586452	0.540480498624205
0.472596162164043	0.554146210730375
0.140372693066038	0.119541931253361
-0.221944186808999	0.197006400287346
0.331827992538396	0.263192899390134
0.308510184096235	0.263261439026246
1.02529975602322	1.20954238629563
0.0324841739668488	0.0221953979281788
-0.0503679696180328	0.0403239492164119
0.263097511664102	0.282598240205321
0.943833283689712	1.05076149114359
0.208974655182003	0.19513382548586
-0.119503615268379	0.112045324389211
0.0149249674445163	0.0161319178855125
0.0024242772271025	0.00218436894137015
0.11863785494375	0.169486790019001
0.19610634206271	0.301092333152016
0.417071752875705	0.430260604860455
0.556279096854903	0.571048435868385
-0.0212704799370748	0.100779296105585
-0.379338013357549	4.67889507008777
-0.113392940317181	0.579085930018813
0.593762783447198	7.27011205695939
0.169539042743476	0.819214089064874
-0.092306012211813	0.337814756646541
0.0933894906037512	0.28499028001073
-0.181272840572635	0.629713489998622
0.208871924185357	0.688567754657729
0.174273743947849	0.484434594367985
0.201611383323603	0.596413845964337
-0.0251261692675043	0.052440112608756
0.0463585227633037	0.0702022230929605
0.0889424525678229	0.134959270980294
-0.0197409124202106	0.0277780724990809
0.0830105578812645	0.113270138871812
0.106490586903928	0.15828016914
-0.00825939978517678	0.0107069646086118
0.347867517419196	0.934033273313647
0.285868882966968	0.616278250221296
0.29852049174759	0.517430860648975
-0.0694206657902892	0.0616465083253515
0.0412405807949532	0.0349734739221175
-0.519749123006979	0.671915293699351
0.169973510728616	0.1860525426801
0.329589773172232	0.365450105659689
0.0401102962141612	0.0346809226479976
0.460698701492547	0.602885827219907
0.260187428394572	0.298139256187968
0.217994849269324	0.242498525846946
-0.283764667249088	0.345742239389108
-0.0947154494651822	0.0972646579880307
0.089211555163449	0.0796352256226842
0.559644993882768	0.831433268995373
0.792133097718166	1.47905015971009
0.158517146694609	0.161990720654172
0.325539361329538	0.452861389099474
0.312523830510402	0.380724329183019
-0.289002075451489	0.286136645299692
0.00757694536102157	0.00638968077031706
0.212594815793089	0.215844279631951
0.330804107872279	0.359015483586653
0.282103059721761	0.292807183187786
-1.01462959338233	1.39954547312482
0.438574481287115	0.538996301568191
0.214541590268861	0.218047122143575
0.226525023653373	0.262782017707714
1.34647112742763	2.80689809325672
0.707823628429518	1.24045131458783
-1.16115204245822	2.34727381555843
-0.0414548712136554	0.0402299863388122
0.830501072714042	1.32528864793903
0.689751933787097	0.882880183273006
-0.0597665699101162	0.0533310864268305
-0.0203568984800662	0.0222010376392116
0.0889042836112143	0.0909779735531412
-0.055435623487857	0.0496613903332633
0.0927333934508518	0.13532888000684
0.476778278996274	0.552263698462772
0.0387909954680846	0.0325706270563948
0.476320181611396	0.554740783957494
0.351186956333234	0.357170855277273
-0.311613084155961	0.28924914575163
0.143024301892569	0.124995768607066
0.332012254877961	0.368579658085613
0.522368390086764	0.701477903425345
0.491285821172169	0.538516792681391
0.118533567617759	0.113349966656751
0.102898905874997	0.0938712757288465
0.106158635483945	0.0985986992382972
0.544810589992103	0.568063875979459
0.457290099503191	0.545920608348862
1.78348174343653	2.12082409286712
-0.0548086374971189	0.0432647970079498
-0.244620836501444	0.215929842119755
0.647135574634106	0.770824857829704
0.372454975142191	0.438410687433056
0.286042452793693	0.262443691635312
0.421077158455683	0.443594831476006
-0.121737942183274	0.12432947913852
-0.595118155340964	0.720051722605161
0.264254796829255	0.322323495923
-0.470773541895534	0.804638319111091
0.217753893920001	0.286382702757955
0.0442570466161872	0.0564785346084442
-0.0272169528864599	0.0323765176154166
-0.0342185959220446	0.0385308659590897
-0.0222693661884884	0.0198069630564831
0.0131192230300913	0.00827865747770069
1.03564374592877	1.30607234470411
-0.228306762103185	0.183872899077887
0.20877895986384	0.151272630516195
0.0788567828511446	0.0443346077868139
0.0400942969167692	0.216067299147754
-0.0809448266630671	0.47240509696877
0.44342176698186	4.75862528165043
-0.187544038503218	1.04291713271058
-0.0713812999234878	0.244775005208586
-0.228412614457683	0.981336651652906
-0.122233765121834	0.325698512170194
0.155891970842863	0.449831271064435
-0.123521204141917	0.346345689312147
-0.209669697365371	0.738593284014372
-0.477470145615315	1.84523107010596
0.506286280322303	1.12253834839463
0.312696556810677	0.52953558296517
-0.382081322092032	0.614629462606241
0.402820643718769	0.677744028192716
0.240462831156971	0.385930363149985
0.161993699691481	0.278908990128236
0.18465634270752	0.309506142981261
0.0315672165657441	0.0385577253312504
0.454665543513635	0.850340945343154
0.512843718034655	1.032018868063
0.659479140791159	0.781473925575444
1.32190137965792	2.55045647687184
0.206164142547698	0.193122325138223
0.0724542378385602	0.056836314953228
0.43225655026901	0.535806862866219
0.434155434440138	0.531372489007754
0.716978850189997	1.17391316145023
-0.438181005993264	0.543669889429618
0.380748462619612	0.453419736316131
0.49986914598451	0.714744387360803
0.438083571430453	0.630193488619054
0.270337766878935	0.356752467870213
0.331868056251855	0.442974340118185
0.277554281603815	0.395918569632871
0.425005213597087	0.54193304957841
0.498512833762533	0.533370350711997
0.141834643874356	0.112948340678836
0.064332398531667	0.0584352419325461
-0.308407565355316	0.288335173662372
-0.0045983972323299	0.00431846250395675
-0.131974066725075	0.112392652230035
-0.186282873618978	0.166057829446157
-0.0160228554445292	0.0117439064766425
0.123804697927087	0.0889494695011702
-0.738509146754728	0.910721468003384
-0.0111510869478705	0.00935848365945791
0.638212813559512	0.825853090713601
1.00412872750363	1.86369407072275
0.132429821956698	0.140383662198054
0.0591079818317438	0.0703206119221174
0.221325672911076	0.295553685447288
0.357467592227505	0.637994430069817
0.158131790617659	0.241561619034848
0.202951672331783	0.346434343357503
0.638334866732752	0.681354725933
-0.103493387111621	0.0685565145962114
-0.336286262310512	0.325396211169927
0.104561965961342	0.0968959941808502
-0.249499989791557	0.195931961209433
0.399890713844671	0.4593259305125
0.136464460018057	0.111376142713083
0.00682278888392317	0.00509430988830441
-0.481658383028354	0.523579418903665
0.201448034043936	0.164694177024827
0.372920326974937	0.446915912392499
0.317852984096697	0.239081283026811
0.596802299656268	0.482089082021119
0.301524983783857	0.247096202667301
1.07948792086891	1.77286930228144
-0.0845971546027953	0.0652897745306994
0.340479215974864	0.35275922324976
-0.00181503340657769	0.00144459575730837
0.969209204977852	1.53979941740273
0.190060665109249	0.271907043473523
0.0214595236714375	0.017559458717066
0.0389305817808445	0.037887403973903
0.306314086671844	0.49510072859238
0.203269306069266	0.29670786248641
-0.707638168917914	1.41092245696996
-0.202793078186426	0.235669069325632
0.00453740535025251	0.00418417979578752
0.44539177837831	0.620592920198161
0.348618646842182	0.448850212204906
0.41930266726366	0.638575923770789
0.102178021735049	0.727358669752107
0.116665631737747	0.709531624273326
-0.57668612980276	7.72571573646295
-0.707745635103611	8.17797528237258
-0.549168577589742	5.00339588944436
-0.296025040713876	1.31726260804832
-0.126478771641814	0.335175383851533
0.0734599072168409	0.207914628527785
-0.232475474210727	1.01785988272949
-0.565031434020441	2.75127263000792
0.212580185184574	0.370592869841659
0.658374501054435	1.59401196518472
0.960103490975376	2.40901717149648
0.375430381006835	0.679731864791682
0.503084816514807	0.969523351142759
0.960646856642245	1.35753482800034
-0.165359053770585	0.150430977256375
-0.329113961300331	0.348519439334761
0.0799841107589105	0.0659922491450869
0.264188838697324	0.291745087608252
0.374659069576194	0.352646940798316
0.252091866678549	0.308172497442755
0.472076120931988	0.72836876823736
0.107775947614454	0.141211633877198
0.350751135935922	0.465166816203536
0.289169942793862	0.26011523438895
-0.0939157663149426	0.0815912028548334
0.0163148807679181	0.0130178937601191
0.729909899165174	0.981602251370304
0.281535435259565	0.262839520851449
-0.398527424324474	0.387723366086057
0.2194931868322	0.145876389523136
-0.414571343061709	0.406073803056925
0.127128407364467	0.092677110367546
0.0364550416110886	0.0309243504908771
-0.410407374965643	0.434121745282889
0.385424548450389	0.532269039799944
0.155025765503531	0.237115204289545
0.0572108073879865	0.0764960730700497
0.303547852639528	0.494025494314697
0.0806566145789391	0.115969666537793
-0.0872957913219315	0.132977294824594
0.256001932644419	0.485953150357286
0.420584123128378	0.442213842745411
0.200466328435293	0.150636135560859
-0.452006552280428	0.433429803388263
-0.375366697282078	0.238441848817243
0.518522361416629	0.556950621300076
0.492946206585655	0.362897513709026
0.540421973793854	0.557733695752754
-0.0224114760603065	0.0133094324760478
0.0203574456595154	0.0157148692297652
0.317718825121483	0.259727926817745
0.455598472171019	0.44349517146285
-0.331646507122201	0.301169310169733
0.0406206058629942	0.029128607427622
0.960616250384295	1.34894240335206
0.909361346727926	1.30871888683757
0.415961836491409	0.244757441048674
0.703630827654616	0.801769251069587
0.539303233373622	0.558772743102319
0.206951284188249	0.182790916706628
-0.979446432841319	1.19459055404037
0.205563565239262	0.191426877026017
0.308946271877022	0.25559525516953
-0.549909438268398	1.04273123786916
0.253900802382105	0.274691834884458
0.68050886480348	1.38162790746793
0.386165350566741	0.860378206554516
0.330360000569366	0.489218952271208
-0.00222924909515428	0.00243454944702998
0.00865156250923554	0.0101658398184876
-0.114249678069963	0.144319718322271
0.497051413758534	0.623275462198872
-0.13798380895315	0.173102956974842
0.519729423461046	1.04740148083573
0.140507327703055	0.158696018920908
0.194740528712416	0.242276073379469
0.340443752470848	0.452020210413793
0.30019535165773	0.403708479382467
0.249274210282825	0.331070631900237
-0.135316924205205	0.153882338657624
0.206949923433433	0.274118412398812
-0.0337652165330955	0.177846086058327
-0.660529281173231	11.9282549361735
-0.509165821587123	5.13280821885917
-0.428117554591057	3.7067103578689
-0.0964610354228524	0.347314976889165
-0.0975270070032569	0.301852805809054
-0.229147984824704	0.964582481401009
-0.526155077171175	3.88312492619187
-0.579569801039386	3.38137875513181
0.153136863243886	0.2956127531083
0.0629123946676598	0.0950687766041627
-0.0252684725465153	0.0325225927691666
0.314460232503819	0.529074228602021
0.210897531060026	0.354828645132097
0.398790104323594	0.811949150135504
0.719086180304267	0.983900967548802
0.409383854462194	0.450476728579098
0.0975988369790971	0.0889997784559024
-0.0114232229975253	0.00960850242292304
0.313710396904689	0.256312765671048
0.555224959559656	0.743674444595308
0.778071369675021	1.1230227580156
0.150307930437892	0.175508677114542
0.267036771851322	0.366014007139615
0.213804600300421	0.214258425525591
0.371028187436848	0.574462571775776
0.317855901852893	0.467796340042822
0.368553248545872	0.541691897956812
0.355117508257848	0.348071040405719
0.571978952365339	0.667868720326405
0.223896450954688	0.245438849257011
-0.323179375134303	0.387926914328444
0.792679686791154	1.01724325951517
1.05981071645387	1.54294213009963
0.130836631566621	0.101575967216505
0.0391042189737908	0.0330654509748703
1.05330389645254	1.71768830407177
0.602837720469987	0.833161389669093
0.0853638188352185	0.0850606227279714
-0.252845959092769	0.256220828849938
0.302852448377611	0.367725828202976
0.520853147764262	0.885773624445681
0.433677982876388	0.976644261907586
0.112759125459141	0.0799691877503124
0.208747413978578	0.189775724608355
0.44557390093104	0.54876507858965
0.409157144376857	0.450199407009506
-0.160031727180679	0.148580956123928
-0.371758976866435	0.277696277657052
-0.177209676206692	0.145696350226159
0.265766082671054	0.280927254219309
-0.179544592637426	0.16231460391019
0.288464476111583	0.275495860846721
0.958915928371326	1.35245008547741
-0.00755344258845271	0.00557673669885413
-0.0864687814198699	0.0673420400250262
0.0196213935831728	0.0174202495570214
-0.310207234260378	0.357245228585607
0.266056036401395	0.298731189457042
0.160987370986359	0.155324995519559
0.285891174604777	0.26440110030918
1.67352273459292	2.86383838389825
0.017053723238434	0.0130878071057586
-0.0785465140952374	0.0700563563938775
0.2151183820279	0.201189648577418
1.03513390347762	1.33220860739313
0.384283583536411	0.347029203129899
0.475224344022376	0.448999416547999
-0.354368638687041	0.404404521125634
0.397896289115389	0.456436564778682
0.353312316362474	0.354103104089252
0.0569744008774159	0.0634563457065884
0.1855654814098	0.244835505670367
0.644283619108804	1.10588027582228
-0.00180444724283516	0.00230334084211121
0.157039743879549	0.197769086028872
0.216064182555053	0.285890817332313
0.171881026320804	0.289309827718403
0.0989027324163896	0.145878247358556
0.261021755557406	0.323642059426335
-0.137445474220195	0.178673380824634
0.0215903808297416	0.0279451614988121
0.158009354110346	0.256982737491642
0.265455116737102	0.460418348918885
-0.326773712149761	0.37394183295559
-0.451454408338709	0.676576858377975
-0.507196900110455	0.590493028663417
0.314078501145529	0.363859372094901
0.340168020703506	0.541770785063302
0.265895288609241	0.307210623441212
0.277217780817543	0.273220620820699
0.209797946105242	0.213709414552608
-0.023050649568448	0.0190899268904833
0.708296231927453	1.08876390924935
0.418745137396432	0.534109306398838
0.00837010804883896	0.0391422863886605
-0.0027425701723624	0.0107344412063634
-0.201742521650321	1.39470710044362
0.113457342250593	0.452887842276114
0.312726071110994	1.52500002234086
-0.0183355226033057	0.0523114181637665
-0.330855285980198	2.107342058062
-0.448612798407536	2.38214217162564
0.0833817727180767	0.143483311690843
0.527408995512515	1.23529691430578
0.747700786153538	2.07157501010448
1.06275818039461	3.69646481761804
0.448331495613194	0.855751104950158
0.602695295145318	1.45242288961438
0.56050489935815	1.62982503718796
0.483168136863646	0.541073308249301
0.278347952768504	0.267958893566059
0.20144815731514	0.203085119100365
1.12950573694916	1.73413301626581
1.22880214621542	1.81831420282188
0.0336514176160012	0.0259723957030568
0.644526270368799	0.690588945710779
0.31345835854801	0.248264627262075
0.835667568790724	1.07732026267028
0.536543328616122	0.638289632727094
0.33472199932126	0.378881712561304
0.51192624766817	0.797054021053065
0.275778113755848	0.274815430400971
0.793309420687395	1.80954109458458
0.227440278675052	0.338132656927507
0.493780616226811	0.896928601580676
0.00440989615628984	0.00478516541350727
0.862892626960041	1.36779916164283
0.876075972741113	1.48232651531133
0.690481692127871	0.874575866665104
1.05135857351803	1.75287335449862
-0.274813254192372	0.296602095964609
0.634957744838099	0.778421618354386
-0.112606636126185	0.0855659417361054
0.703310932215793	0.98133312427679
0.531294469944485	0.650428052098626
0.218558206417774	0.184137168635603
0.67702288207052	0.796739558873012
0.445457646299468	0.532005219321594
0.0283819796304223	0.0227611425122341
0.937536719914622	1.60890975015316
0.0521803825827228	0.0528637484074534
0.195005814184371	0.275042116504106
0.0900723541212968	0.107974195928057
0.0576102530349836	0.0837830069590609
1.27405319325843	2.3770810639626
0.361082222151424	0.372595031367045
-0.918590871447682	1.04951639352034
0.0935640085071835	0.0828131668326
0.37232123787757	0.372632228169319
0.430514451554061	0.455042735997168
0.1163864672857	0.0838900629489261
0.353481860105734	0.363886075703171
-0.269802965280804	0.23518242142402
0.033553938594602	0.0231879276927052
0.520215983052966	0.564195511245858
0.835764839068123	1.07169338031569
-0.101423011513171	0.0795712477157119
0.0494006061170112	0.0363692674592195
0.697206535451614	0.893614196042078
1.01001661199457	1.39177537753019
0.365613032350147	0.350173211657499
0.128690979518652	0.0881088188200202
0.15734434920692	0.14519284075344
0.123302003891199	0.0896107837075648
0.374465380718778	0.351219545755894
-0.115847898839437	0.05647365548157
0.289153282247161	0.26794150206612
0.747230125722316	0.907685096657652
0.218383182292848	0.170372087774914
0.556372441357794	0.56542548312299
-0.166503996348912	0.149859469637998
-0.0708847183106457	0.0558349689875254
-0.0401553647057098	0.0499143588821741
-0.0504924438342531	0.048882134996249
0.136222199361025	0.163327318115669
0.200634579101167	0.327599938830595
-0.218693540189034	0.403526103838
0.130090537344934	0.179621209036862
0.33850334373243	0.647461453005317
0.164386152662799	0.259122321428391
0.162719729906329	0.251562398808202
0.12756679828596	0.196314574927396
0.221941704289542	0.319636104411411
-0.179702690713927	0.254864116138616
0.155152392265294	0.210890664097847
0.0787765769924861	0.0889852139297344
0.0878635647139319	0.113732231234872
-0.414067984999775	0.793974345315775
-0.309915475645131	0.514768677265278
0.0213509995554498	0.0272902406882868
0.335249715088864	0.372100290417209
0.0424190243504637	0.0501172638617451
-0.0484026697837504	0.054313927405912
-0.398319600905856	0.515054614812986
0.442708660457453	0.697058886710851
0.309462083442784	0.40350968625676
0.620328965668207	1.05462066607797
0.446499776899582	0.659951872272553
0.0364944073722059	0.0342252935112475
0.464624696115425	0.725911736356499
0.335880198150775	0.475009107952874
0.6535800823574	1.12134818233304
0.947465499538398	2.0912511263631
0.0014976137928608	0.00651594524648623
0.267984506096254	2.47973511694831
0.0299666771291062	0.114682055377209
0.174480430070028	0.919926476378214
-0.0916971062391396	0.332700628391549
-0.29334577250766	1.66154038841457
-0.454668892072489	3.35412953450807
0.0827478267331103	0.188525688595931
0.658513684354481	2.66986197136857
0.176315377381499	0.201613324912617
0.660519696426579	1.05665615194486
-0.0284497293148247	0.0281709722136016
-0.0670695593669644	0.0753117546712357
-0.333048088123852	0.477176746444792
0.614047477311338	0.922038340706041
0.0858049252140996	0.0842105556940328
0.632726363695538	1.0715644851173
0.262329128226943	0.381853266642337
0.412629909634402	0.646516788217365
0.310878605327173	0.36893277572532
0.776844178132375	1.56306455599062
0.231092653246809	0.323752440853223
0.116181090250059	0.119636922450038
-0.0293669525531441	0.0269915659061265
0.151264902831796	0.130483547583729
0.390467619811068	0.457278095587635
0.630295359061959	1.0775066413008
0.222229086506921	0.287596207612352
0.151840553486234	0.200497532353888
0.0709212238305881	0.0801329889909413
0.135590821351515	0.113202876037022
0.165439527319617	0.156629969656002
0.271082365869931	0.291503556026488
0.0779450672894612	0.0974208571002876
0.095982486878159	0.105573723877341
0.412891617303964	0.525900280278947
0.0228167931431214	0.0236948001543665
0.349595811504049	0.452049324644566
0.741796141506578	1.00124186577956
0.0295799851275166	0.031065328256851
-0.0207060001566655	0.0174211874052121
0.548327161282955	0.733106866069951
0.332104325832011	0.373969980999221
0.100712681936711	0.0914204112389544
0.662457167358434	1.20910725477117
0.075887025143945	0.0736312873352544
0.589664696516565	0.934857136456761
0.503413785155872	0.644620653924835
0.63903002486764	0.927290688740923
0.171098902007213	0.179811504644548
0.233719487807349	0.249269466421392
-0.353617184150186	0.373491649988003
0.221605493527998	0.243640341685246
0.0520526447055268	0.0479177160013821
0.31253635218246	0.368690801108419
0.386997905190119	0.420309449103271
0.564133530312421	0.80083071063927
0.274495717289792	0.34647625382128
-0.119997435882146	0.130743418093751
0.88573567342076	1.65495226075078
-0.320175430073406	0.381620215171923
-0.0617463078796321	0.0600551386134029
-0.240847050855669	0.320508888829688
-0.293916352044959	0.467559465096808
0.142239128993523	0.193481006605777
0.100690450118684	0.133621604491246
0.0646281623477641	0.0619500751751316
-0.249262247610902	0.253208468834931
0.655031283846433	0.879559848161352
-0.324491875204907	0.414262074025344
-0.0566403249447816	0.0677090958274627
0.199459956052104	0.306347182625158
0.0838076452334767	0.100589599795625
0.188358663421437	0.32469348986999
-0.127526484584839	0.200633898393955
0.0676043247631876	0.0950637838736951
0.243847504330011	0.366569315501054
-0.0666266667114636	0.0781832650477667
-0.071450768684533	0.0919262444995412
-0.130836669629566	0.176239175856511
0.172530043755943	0.258496542921447
-0.286708137955216	0.292019990204195
-0.0284678969051827	0.0259852910529367
-0.550024731887034	0.373067728048822
0.436897576100647	0.348618810299042
-0.200560279787054	0.14510298304661
1.618855090411	2.00469605935359
0.252931835231353	0.29664312798728
0.362011322732429	0.350130708136022
1.62678918508637	2.03851401685647
-0.0248545374077763	0.121844292934079
-0.196346590572795	1.43956727238367
-0.0217657873003018	0.0698476637588128
0.309700397918611	0.879056965554187
0.440049476096415	1.13092892428531
0.659162408475688	1.8533087935482
0.403185509931654	0.973240290999731
0.0921969385301386	0.0940930736815393
-0.685740396270135	0.866596444065754
0.397181129353422	0.466394974522294
0.22779088941123	0.277773760660791
0.065404211464019	0.0620598457561312
0.210203580151066	0.205858173712766
0.568748793167698	0.824365925055081
0.61981049571913	0.992722699432751
0.283413381192265	0.274216393732872
0.189702352894588	0.253077038771429
0.229365076286759	0.296245849894485
0.431474175714481	0.835337601224777
0.616967822513293	1.49104721512067
0.277517759311154	0.266460200858056
-0.0696192075577798	0.0619270568880214
-0.993403869926449	1.45286209389045
0.151921620236855	0.138178157512095
0.545663830094222	0.650875818858668
0.22489360984966	0.225015805376937
0.52441877183153	0.745452512639458
0.904922058268969	2.27946290874205
0.748739225886355	1.1980123626924
0.286493321640946	0.275572072426809
0.780953800992364	1.13079275811001
0.456182857376849	0.555625831034679
0.275490685907798	0.316596168659039
0.401153835228826	0.436533114779845
0.155385204849848	0.14953290079674
0.59622215914067	0.585793775829363
0.589402468403503	0.591683811112526
-0.0466424499688194	0.032851755421889
0.738984143037792	0.832770167431444
0.388809372565167	0.464559456805221
0.749938067619194	0.939709466449237
0.400253090492953	0.451221153824676
0.222771429156587	0.19853334916211
0.432365295087035	0.529551977845035
0.395519420029384	0.350352567833637
1.45324512867011	2.16933784166905
0.700662528597691	0.854282332322711
0.277757995084366	0.277678152924205
0.385872134227317	0.355386085019725
0.610617977198621	0.670127674022711
0.721795405680572	1.04607632011797
0.90598728951621	1.45977726169092
0.706023144670222	0.994600290349653
-0.275199206415564	0.254521054643742
0.0180140712155997	0.0139771695936567
-0.586746474287791	1.43643904193845
0.781738888083487	1.4492031638452
0.246067966896677	0.359011699398145
0.425411099607634	0.869218473961912
-0.484349759060237	1.15540204101075
0.159659068767383	0.211611491819244
-0.0569987728976241	0.0624917444109133
0.190291791508067	0.284048498176932
-0.0274299176434374	0.0313955077979635
-0.0699966066686493	0.0831574069163453
-0.0829838768692788	0.117446295457932
0.229793612131602	0.323077387198649
-0.669295906389842	1.42222367402797
0.286578421885674	0.426922901548187
0.33448833762936	0.45821951178057
-0.356315536713541	0.630581073388613
0.0857647819280519	0.120413098650231
0.379931591786024	0.650260003956153
-0.583924284484089	1.26146459319413
0.458376545319206	0.550562343548271
0.346794571209443	0.539551321380491
0.0571801032981883	0.0500228846628021
-0.511140023453632	0.748225314378024
0.0996253015270208	0.0914360865096508
0.254524380547116	0.307492276366069
0.0735891880635225	0.0738212895327137
-0.0329067103240806	0.166038073875598
-0.0182807573434768	0.0748025261187286
0.258360540957111	1.11678130023072
0.211169057392516	0.707286871705492
0.452934554974903	1.92669450177961
0.329794053524112	0.544632315880943
0.0458517595327627	0.0445771114141932
-0.259428476791263	0.387756181487769
0.0394855888808428	0.0463509269258103
0.261275066073444	0.333985724925004
0.579127570682084	1.05448224422579
-0.204449044261721	0.313874574263744
0.801452755181658	1.22856688715709
0.306425595060238	0.501922499021238
0.164094587310426	0.220917223551182
0.455220128742342	0.650056471059881
0.619255535373828	0.860229372880758
0.553621605380018	0.905444378517483
0.223122998957856	0.290449788030186
0.266959296743048	0.332395335158314
-0.347598927661367	0.519291088376215
-0.196350846272828	0.268521960347761
0.0893884857096852	0.111277815163302
0.561411876184992	0.97513317933728
0.256149968963635	0.372400804168339
0.126904361427194	0.134489595140891
0.299169436710283	0.411935240872365
0.437293519804224	0.708195040081843
0.828203308483131	1.42459106739545
0.325073769680785	0.436744914577279
0.317959713584488	0.445984956941407
0.214313042402888	0.284857540327063
0.0990212578511918	0.115313877579533
0.0109121192732001	0.0116586552985614
1.14262644293526	1.82901204920851
0.689981745727253	1.38798045708743
0.0500520085027799	0.0509830367898997
-0.159533265366235	0.201751994328111
-0.330480837931551	0.520676926162771
0.254840665369886	0.339769918326118
-0.296110371452348	0.462133787777319
0.217458747390442	0.297433503908387
-0.0627106882192755	0.0778637520402571
0.0706060501814386	0.0869525603817452
-0.926694563253979	1.35648007038685
-0.674689366051036	0.806796780772007
0.473641640916304	0.467239302784179
-0.122724058050167	0.0931097784917344
0.324641565170125	0.36008894202997
0.0944681936525592	0.113800116919462
0.422493881832853	0.535276949483272
0.0620383207909503	0.0748403281854053
-0.292929537656894	0.515008720422105
0.0195812232106626	0.0212473146871136
0.0963100942044385	0.102659702478926
-0.286664005856797	0.350214757827955
0.102539925177114	0.120590523519713
-0.0493759156778743	0.0520158650195329
0.294413991993321	0.405314287544795
0.57358692667022	0.563245616182543
0.716058534393294	0.908968875662173
0.999689856538394	0.58900348156669
-0.766650413669322	0.535433740869943
0.250739408142043	0.131117742665352
-0.558724766285661	0.377734365365046
0.620258709955651	0.386118895162685
-0.034491618957803	0.174320363577377
0.195847129940648	0.83189965135843
0.561360147581142	3.53811712029678
0.297331086427099	1.17178084652255
0.263225496702529	0.350131319922021
0.404826509617334	0.723886387185224
0.442139816958166	0.717904247787947
0.154810194778334	0.203125438010231
0.183150086415542	0.247519191730173
0.00151001548330429	0.00160781191761322
0.113485519078715	0.132309124153199
0.223165408614007	0.346159618531922
0.37363291608967	0.704664848283537
0.106301973728039	0.113478709169513
-0.141748950334842	0.160685601679026
0.839746435831233	1.07172987053916
0.574883889843949	0.671379755221393
0.163328355358475	0.233544582648775
0.182765347628748	0.260050011194837
0.254269564108013	0.334292196857097
0.540669609354768	0.824320764618927
-0.16320240614133	0.195210798722403
0.185998015375198	0.208550453673169
0.0383513430158206	0.0359732509142298
0.359723857299259	0.562747923815767
-0.369397573071849	0.599661714039091
0.139894274561183	0.194130642466262
0.32426639786258	0.470718415656489
0.417634826176457	0.619241572814803
0.457307371971173	0.690812347841928
0.707871928466233	1.38357674069829
-0.276378865848175	0.42266151015724
0.257940036870415	0.317682995853367
0.506262055362772	0.807431368517413
0.414952935585335	0.703816176818729
0.246921386463127	0.349360298392255
0.126675718638155	0.133338124143205
-0.0735025910292719	0.0710773793697565
0.670013557159416	0.765162114990559
-0.0142186403574238	0.0142208926424697
0.498062121666463	0.814338304131846
0.017591764578216	0.0208473713962874
0.100597702771954	0.115097003762177
0.0319193160235271	0.0363374384833777
0.0262526520018808	0.0269808112149917
0.301863392063762	0.464589544597722
-0.0159118842889071	0.0187936453255373
-0.573818535020515	0.967958027872183
0.262352232101014	0.366853351386826
0.375670471434859	0.765128321497253
0.0527129871044918	0.0672455252477271
0.172621104633553	0.247211000875206
-0.892169169793323	1.2116829945314
-0.213829126969598	0.152288990283057
0.538455665062244	0.469921640359915
0.570994480419115	0.479778123126907
-0.0426163116585752	0.0387283804430388
0.11854837397192	0.127515693744515
0.493676544501231	0.552126820773674
0.0533997670537008	0.066682580999149
-0.376080637185637	0.625764727490707
0.146587179009908	0.212693199803517
0.17710068034241	0.215440196254053
-0.666056281912609	0.92345541230549
0.25442474039943	0.364046997561848
-0.186280681357646	0.224704041957056
0.261773573822298	0.341121125604314
0.161182400951159	0.155541396636653
0.0395808229832616	0.0282262128838835
-0.746327348070346	0.448564416468463
0.8659460960337	0.552870939128121
-0.783441235297641	0.694487612883189
0.274756948480769	0.131257980736167
0.764277872387557	0.519331913139948
0.86171105503823	0.547736308208336
0.258853745473143	0.918356700233788
0.68353883126051	2.84821662380101
0.803630661402766	3.48699809773473
0.270667884228991	0.302801761942073
0.373842372129823	0.439260234849394
0.459300842323253	0.640554598179828
0.494019455390238	0.615952815828753
0.318961727357266	0.374235738071962
0.534853219602407	0.803320067314441
0.166913700597141	0.193381897393933
0.753276586030895	1.42157082875991
0.0779311072628119	0.0890000574777929
0.659458192954668	1.60445273254039
0.252995689614535	0.424655910177986
0.216302712387749	0.207801395398843
0.373905634047993	0.439810013689603
0.0606302748563374	0.0559029950361917
-0.580125077244681	0.647280907359199
0.671490623623142	0.786691211842366
0.313155077409596	0.33842293186382
0.72099070710067	1.00575750472674
-0.101328282109506	0.0949497099757133
-0.13005306363332	0.12000827299746
0.267985009240364	0.291513757502465
0.505502662523771	0.545805424049588
-0.988690216135975	1.95058389650433
0.481939377280625	0.638187010488859
0.291047034290623	0.273945576538263
0.323845533654557	0.362142242650067
0.723534385006714	0.9244782168171
0.0924227404998955	0.0769061478536251
0.048630536979935	0.0351841097196011
-0.165830693955385	0.163916918540531
0.817622212797856	0.657693310597805
-0.361367822612511	0.378128856289285
0.100257906810595	0.0955871000125268
-0.249512631428747	0.217229433204481
-0.113481014986914	0.09688791376908
0.56668423322577	0.742937052755734
0.375010438796586	0.347972151944867
0.459787905925502	0.530403187331458
0.207948805198998	0.182123463797184
-0.424690877297857	0.463413315908754
0.671210901312501	0.963669163847809
0.461502232320036	0.556892019225521
0.406893025385881	0.747181099184699
-0.419493120867405	0.540348040686459
-0.0087806328162918	0.00950601827776123
0.177033622137462	0.2623796937142
-0.908057927434648	2.87965465082064
-0.253540121842021	0.36359064205429
0.371372224547627	0.548385602552317
0.140049953092209	0.205947111048699
0.108854318359896	0.125091261766692
-0.236982055313965	0.366158029489046
0.624187294084176	1.40376391937417
0.381271388342837	0.575492523165975
0.0623579234310988	0.0676780937896403
-0.403458403873225	0.57650691715746
-0.0550541128644271	0.06155188456817
-0.384388106928935	0.656478843807059
-0.116068663194178	0.155192038737338
-0.408423498177298	0.583646719551565
-0.381060055270375	0.571331719868851
-0.660544239424126	0.912644190219307
-0.539826633119048	0.786961116450179
0.180319296074643	0.197434901498674
0.386883598161625	0.508410879017738
0.33954674483254	0.379408726265688
0.0635024456722294	0.0583340818283284
0.291117306256019	0.360658446930079
0.503312929948159	0.705021201591972
0.342988820242285	0.382839054244284
0.406419433574446	0.555746218730278
0.512107347786119	2.69223135524625
0.740664945712467	3.497136875988
0.582100065046975	1.84166341321123
0.623736632783698	0.820874666408963
0.456573781493956	0.544951219870972
-0.726559437595754	0.887449956425094
0.341469521515052	0.362370924646114
0.326143511338264	0.359867106941606
-0.0890016877457149	0.0788925826740573
-0.139943413808102	0.129305589329503
-0.577725309133039	0.855990936097984
0.278680377919198	0.263970245028937
0.237854946977732	0.323455005587953
0.275216548716829	0.366980710165985
0.139694141711706	0.115029818741586
0.155388220471414	0.228143552399834
-0.12845901479569	0.137421170511401
0.0396766733884821	0.046769231381267
0.130678798125439	0.189815404395445
0.0314089340068574	0.0422135136605198
-0.0256542506817548	0.0208172020028279
0.380588015273452	0.36131013995683
0.505173395566698	0.719441822050665
0.270373015773597	0.294118511094485
0.430611127680763	0.502193205316707
0.696083974557567	1.05942391987365
0.831764109402309	1.35434809275173
0.421133778438923	0.447444793167132
0.273607828538209	0.27164909813066
0.446886297113906	0.46297169635317
0.222180419081306	0.242580932384672
0.127762727664375	0.128591418473447
-0.0742564250956826	0.058302181549593
0.495221468162301	0.557993376342138
0.989286948783147	1.47612529304022
0.504687587836931	0.465035106699877
0.348339539730234	0.35814684001098
0.81074339230215	0.972740029341023
-0.00531690628540047	0.00394531343180612
0.30588173107063	0.262460102165435
-0.774723734213649	0.844805021376383
0.221672334202055	0.202986400949337
0.0404520844313232	0.0295778855924196
-0.252511302936626	0.200396429196604
0.361399630843439	0.365192788780276
0.276929916310549	0.257776763557902
-0.125013919572296	0.0953676644625862
0.147443419373324	0.129463033994385
0.220514521391358	0.19687062324954
-0.128036364920065	0.0976761711889243
-0.522064928919294	0.494536667738504
0.410005957964813	0.454253196005244
0.363706246708051	0.709389061298825
-0.0455530676989739	0.0440706997055308
-0.0482853816506904	0.0481328431099158
0.274884708042523	0.435006529750735
-0.124671584680104	0.202598296838832
-0.0668330688669639	0.0865957216640498
0.419203505364261	0.75677853139631
0.292954708297308	0.586282412099692
0.266136964767776	0.413363834635647
0.209049125726826	0.320150122072107
-0.0903766979487816	0.124631992764098
0.177547573002619	0.195585427831359
0.233509135456753	0.288668881814456
0.257625347577394	0.342668877347461
-0.299484311824416	0.380946022972946
0.00716540300034143	0.00792458275445315
0.0800602092488766	0.111737421849897
-0.214738451568915	0.303541631171538
0.0243129579852463	0.0283751345003171
0.428920281255166	0.534830076433567
-0.18753724650667	0.249545885156952
0.0269294096502493	0.0285382283908182
0.327318375341947	0.424938149342605
0.441948645507925	0.636957263978986
0.544623666225952	0.870661432334319
0.370625534994493	0.567220196424717
0.272186499129297	0.344120784045948
0.338413705234026	0.439587950979488
0.659364006523018	1.21219572092142
-0.131269074838889	0.169113254250498
-0.126298859326171	0.168289368236286
0.137505156763658	0.158527864655271
-0.117946613203256	0.143294166188067
0.510915722112555	0.885085809528364
0.286532925689154	0.382150004818624
-0.224108419140524	0.314081144905603
-0.408996012804239	0.749658054873499
0.471222388128067	0.848662955688497
0.175285488049843	0.217838400616667
0.546433179796837	1.10676178244191
-0.0525469617212084	0.0590340253119508
-0.0776158539910153	0.0803300701004468
0.548806436423936	0.781898149028103
0.213447503358774	0.213846852500861
0.127438910597176	0.0976457636746667
0.380168978911659	0.63535993361858
0.58704387002661	0.919623918765387
0.685323291960789	1.44546605741207
0.354450664420661	0.554495353305975
0.438453510485738	0.700716128326105
-0.22291975797255	0.276993798768424
0.186301181549347	0.229138283574801
0.0935812509169478	0.0977110311341193
-0.322858524013981	0.497403554395561
0.36619163673193	0.475399556344728
0.213285505649497	0.250235080448353
0.228812090498383	0.305716662828588
0.0761355519274556	0.0829913275398226
-0.177048673787786	0.200017511162855
-0.300471047162569	0.415444162297749
-0.123991060368141	0.135584720325942
-0.312560226931863	0.332731503676977
-0.688777318439373	1.11829616130371
-0.369064065142966	0.488639557880553
-0.62346099348733	1.16160675684176
-0.941736904809049	1.65959702796424
0.0382525338046942	0.0373979550573036
-0.30338015732214	0.425393196353668
0.00261087440675525	0.00254868298775649
-0.0688208530747069	0.0751629304734609
-0.0901741091769117	0.104218903399923
-0.00685727227734261	0.00805720328623528
-0.316120924849095	0.435123900957409
0.221463625248973	0.300419108052328
-0.194783314263959	0.303363001064286
0.491668026013573	0.949677100012883
-0.227007794708071	0.351599169594402
0.216079990354142	0.328440963168945
0.21790351530083	0.213684618577372
0.11505668333303	0.0794902977468381
-0.371966075988438	0.378856360570721
0.48782086449455	0.679034788189297
-0.14623753276531	0.153120940642608
0.460543285281322	0.636790372875483
0.145353082206715	0.217580663607105
-0.0785213628288773	0.102096292043298
-0.138641282656806	0.184261986490537
0.314917180217113	0.387111056392636
-0.233715815991795	0.243048055394259
-0.649077146516161	1.20271336328643
-0.918935730319978	1.75006150623884
0.532245691400676	0.73270453548547
0.28509140339866	0.264879885808018
1.22803183564974	1.55126969694369
-0.489849362662604	0.286335774826291
-0.0317928264725708	0.0187569160820319
0.308926968754588	0.134847402861571
-0.149657101807358	0.0667856588065334
0.459592069429539	0.25275177230532
0.335980469503854	0.246780573670256
0.065972488938283	0.0219592541581648
0.567962167998955	0.372234583745879
0.519475999568804	0.261496780442716
0.283285150740292	0.454096529913992
0.458314264840327	1.08259784607507
0.149731191671329	0.23691967094358
0.279165144557327	0.422014469702069
0.167355211041465	0.252124401779605
-0.229609647073707	0.389196243629114
0.123673307418595	0.176296538719702
0.162985565771759	0.227724289179987
0.805111222172036	2.18804952927979
0.493126595719763	0.813330482677313
-0.0380609053182132	0.041536048054782
-0.157515286794208	0.178387603407952
-0.823153941940434	1.27585910829114
-0.249692533800657	0.258046595053118
0.806739148185806	0.863164164931879
-0.22783473059165	0.158403115528929
0.572790137796319	1.42707300330324
0.298774399559234	0.527311808250006
0.684869438158719	1.43225462961434
-0.145653815686117	0.210093116127235
0.0509349335791672	0.0572868252529849
0.0781750998040855	0.0924678384074607
0.269421546025177	0.445093609999462
0.249770236596806	0.403760460636686
0.143933353903526	0.164125294106042
0.219978208177297	0.346689248933728
0.332949588325125	0.575561088454561
-0.217236993250424	0.344068550929231
-0.269643358686577	0.482923967484123
-0.162870954825607	0.214791305435633
0.0476544529792549	0.0608393412903915
-0.326459844268668	0.457282402659126
-0.336367973211663	0.53577843253602
0.158999040675858	0.227663736227446
-0.105009133042138	0.135506834774132
-0.502147985616785	1.14741485902387
-0.178337014104484	0.255330144406708
-0.074988303443958	0.0978496462493836
0.0415617966588032	0.0516122520411791
-0.127458400913196	0.178020530549048
-0.361070141648412	0.623722668477901
-0.152925422558705	0.256044157868458
-0.070844824116813	0.094138207275827
-0.143399290467328	0.153586455459606
-0.464969091150686	0.69378786827155
-0.0107746861216968	0.0124470620549597
-0.42565844028034	0.654396577287915
2.19225711005037	1.64222239527151
0.519632095850572	0.262171606020765
0.669277246866615	0.605070131123716
0.366169226710778	0.354645129958191
1.04344699768487	0.967221013777217
0.223704312830954	0.278653660054895
-0.27372667188515	0.344705799444594
0.527053393674987	0.717631978201226
0.430854410316153	0.456050032044665
0.0558044092665853	0.0408636474045678
0.20966812243898	0.203846471513442
0.0214926986465671	0.0142946322993003
0.465221087574628	0.449208532863488
0.899505816349264	0.682574134214648
-0.890509761286458	0.59152378441478
-0.689939624436108	0.343804759999309
0.308324021491103	0.133454899700388
0.0681914294218016	0.0228153378019145
1.18885967451291	0.637149336359189
2.74120070607204	0.823382603997701
0.227344599835194	0.137139664813459
-0.583120394423827	0.306144100958474
0.958749924000996	0.360659612404915
0.948846516767732	0.348262095515153
1.39858550858594	0.462461997963843
2.73903163838274	0.833291335464833
0.459818093574597	0.253665821972346
0.266536840873223	0.487730891585657
0.264731826362733	0.381310468159295
-0.0846802779401696	0.109422308313089
0.612147369287282	1.48503569001008
0.31787235851191	0.593342133847477
0.494163435559676	0.8827601840793
0.229970980166857	0.239529089209304
0.0910392422213036	0.0976367996183344
0.269634083212715	0.274165989345482
-0.725007444449577	0.765146394260711
-0.115171465490558	0.0765522694110679
0.214673994253269	0.356630738567889
0.12730798960135	0.179109534837859
0.251993034127491	0.377470005830837
0.299583537158539	0.517169820777829
-0.00680706902550879	0.00859330606428855
-0.163995148676091	0.249187561785057
0.330941785037216	0.556420885726634
0.113507587731564	0.139362473757873
0.25642343761224	0.379508569452955
0.19758909785203	0.310131026731691
0.373516820277942	0.749306927937581
-0.353868304894628	0.717396954725457
-0.519054621247823	1.22501529990752
-0.496573090266247	1.03385002192694
0.377129684578449	0.749183748236387
-0.21355361427237	0.282034190390059
-0.00314508514801571	0.00386012289031431
0.0980007293273134	0.136697571844474
0.0120031502652104	0.0138946838287559
0.476879504281772	1.04825113079638
-0.0881242966814176	0.12313496254052
0.151144190644394	0.231786011623981
0.312568809880519	0.569289933155873
-0.0736089296826464	0.110976206788892
-0.0624313008029449	0.0954441785675871
0.246310605778683	0.435345319750781
-0.40119851914541	0.478672683648705
0.022928052699121	0.0257650740008122
0.0862423536291828	0.10005143815379
0.790240214297455	1.56291583843209
-0.18702607627909	0.0757553662955318
-0.37101414021258	0.237784152474916
0.103368032876683	0.0656290786904785
0.630991738106349	0.585786911281916
-1.28432993002133	1.46832740751781
0.261426355672278	0.271528722084218
0.211073073909545	0.207640085583252
1.35902440066534	2.73943124181621
0.0275354363136206	0.0180567480478892
-0.272037647148789	0.186619149474148
0.223335369122766	0.197471154650178
-0.617660357452895	0.656299523078027
0.228123652895744	0.135362844792404
0.518529865273458	0.25969263718901
0.638982029001525	0.486481432021643
0.596564868466581	0.187568213950597
-1.01681626798769	0.754618659746381
1.3729989812069	0.813549596078701
-0.799957701562804	0.285927767934002
0.0780985704487699	0.0227793974190081
0.306034295027647	0.132227088016461
0.515661274055661	0.360619960375534
-0.118581605608028	0.0573978698816374
-1.76397300681655	1.01810459281283
-0.479409081166917	0.207219943768913
0.983179653685579	0.476464177383856
1.39363943297104	0.45623985866743
0.363676329862289	0.145291146680342
0.0293897983937606	0.0374804118024864
0.248433349354745	0.407659014661767
0.0270339797008821	0.036377693573011
0.159743353092474	0.211193224974725
-0.109976916996827	0.127103113508583
0.170890043323347	0.17337745992863
0.0983252799176524	0.0875602388453899
0.225829495664302	0.164418072365657
0.128937715326277	0.09662411945524
1.89149714284491	2.06094400746378
0.054148242780069	0.0695647127047371
0.429798372700719	0.889557430604747
-0.167770355881882	0.207563575167599
0.252556207056916	0.388282390699846
0.0849245441493981	0.10832775686698
0.00646294574984198	0.00825293728189669
0.226953066832276	0.379803945217834
-0.30526361253915	0.495725839393945
-0.544301346932125	0.94693707999523
0.014883529909457	0.0166462170707179
0.384035568659224	0.733533058147218
0.15116992676286	0.246715688881429
0.0419088874463281	0.0486504827357502
0.283666167690078	0.444549253485813
0.156639352740389	0.216131169020926
0.166020916269087	0.242016665115016
-0.285115052465151	0.477535149018941
0.290815727714033	0.512530159717258
0.127005233576474	0.166832038945889
0.0410241580594266	0.0535362205028685
-0.0367202282823912	0.0393450700894425
-0.0469870149099243	0.057413621934116
0.216743682589072	0.34211271131835
-0.453179144038637	0.969370330334083
-0.150240807621577	0.192004757394372
-0.15597961863902	0.235618878872308
-0.337551947512775	0.561384821300976
0.317992343164664	0.551792234966683
-0.0615319127288162	0.0828331855924052
0.0862106577599895	0.128177155253582
-0.359537887627586	0.784396009783148
0.00683830481342875	0.0088298929330752
0.14764706563019	0.162339840999697
0.216787056877464	0.128332275275583
0.733757031462752	0.302486726404103
0.959480884750199	0.359554572428532
0.463680131395024	0.359820498040631
0.521787440169421	0.47478102595816
-0.282071112365699	0.217214560165795
0.427886381264498	0.462662157225863
0.857613065933433	1.36226314700776
0.510420796418455	0.635312219931887
0.480513432490414	0.455184639118197
-1.18226273664166	1.47786324599847
0.357910541237152	0.354481277264653
0.5459325392589	0.576924134165915
-0.114018770176146	0.0947796471459618
0.304434744180325	0.131311664108246
0.412402544366576	0.244473807454089
0.0653878952101304	0.0239416502865268
0.0620350832781484	0.0259280183558819
-1.58358023269916	0.585811377580937
1.69966746238626	0.933719856863481
2.04687466374907	0.865639325982955
-0.301795233830586	0.102050077928017
0.702384245387211	0.400165111246498
1.69558393117606	0.948169635600644
0.351127493328886	0.136713361619652
-0.669048548957132	0.166806025156139
0.0738420180975603	0.0217871238546206
-0.309283596765653	0.105492578973887
0.590875138384669	0.185310917651937
0.441545978914415	0.156047710792655
0.234194522600782	0.435620843655443
0.207631959406943	0.341684367142925
0.243763217074402	0.333533305033859
0.0194628608296338	0.0196490781978389
-0.0110547914051051	0.0100526188929025
0.151000075701477	0.147440924112139
0.357295397582267	0.371633731217674
0.90575487385458	0.68942139501088
1.09594050225017	3.66776684464621
0.197129226672739	0.309301480679657
0.425959889787141	0.816211331770862
-0.016499876230808	0.0207678596650863
0.183062899179652	0.273858873107351
0.122994901892554	0.157643992789636
0.419717347530462	0.710817552485478
0.417664071092259	0.729203624988359
0.259044414456958	0.382241262938552
0.227818654922908	0.382322718057995
0.0384288015202423	0.0472386290619265
-0.0437978984074733	0.0520153108649502
0.379935267009575	0.753078228002966
-0.324717491474389	0.494139711122843
0.347284592727471	0.64645665309199
-0.36562228784645	0.739920781262318
0.115129367561488	0.171297051934644
-0.154642978003254	0.235935561959146
-0.113198387376518	0.14593453449686
-0.0689176425796477	0.0942045268309844
0.474791414046241	1.01043871384874
-0.102238277129835	0.148047001570043
0.217752333572063	0.356727704344614
0.70216657997315	0.398256762237576
0.700260541919735	0.394900145602248
-0.397087964010096	0.186866176758874
0.96529161861701	1.1512988856553
-0.0439690202524201	0.0310851359589901
1.40423335224549	1.85894773794287
0.0903901796350392	0.0770076483308797
0.0423413052228243	0.0366945483810372
0.324523625878364	0.364688292289307
0.221372407780641	0.196611463868887
0.219653609153635	0.172430162183028
0.00194505511511675	0.00146212441022984
0.388390463596555	0.353545080969609
0.0354300756265642	0.0241112778887752
-0.122894578759717	0.05888106351735
0.0623582763762304	0.0282016607413705
-0.60956825417533	0.243963256148129
1.87775216083849	1.16164931515351
1.24043415180158	0.526205938981841
-0.479484595809482	0.209353126436238
0.983179653685579	0.476464177383856
-0.297547185628381	0.0983115694638255
-0.621357015461149	0.525031059841385
0.0775822416444282	0.0228604783209808
2.03941364363202	0.910104849618887
-0.31472299208507	0.10293166285335
0.0783152874483335	0.0232771178433372
-0.302323729192629	0.102416486748613
1.75544548526481	0.67543789896324
0.312379911252445	0.669408248806903
0.346074325577222	0.681812565814702
0.0763065918424579	0.118393012564442
0.176869525248351	0.2914922975416
-0.267443041507266	0.420208971904157
0.201392292441063	0.286346326565947
1.0499726687891	2.46954284555961
0.360190343357749	0.457919695053314
0.0091649176307025	0.00805645063951683
0.444437521256945	0.461116244816412
0.146067746477493	0.137652439450652
0.221282052749528	0.269244685797915
0.485205070015657	0.957523983710464
0.127428358948919	0.203394661299991
0.140197299667851	0.204035110121784
0.412499209081692	0.722633384725613
0.0906242884172029	0.0972229811957014
0.214347486491848	0.387406732135873
0.0858244430927107	0.125882028370155
0.381763869586161	0.740300040646452
0.198435807738563	0.297658033421907
0.0524920542082257	0.0734418287170155
0.190108015726828	0.321218964329868
0.250101220467785	0.43866272269516
0.0390944758441818	0.047936319452155
0.0941189503258216	0.133730645333863
0.155138368719185	0.244715693087815
-0.370385778398031	0.781332261069603
-0.0727351775213401	0.104016291403808
-0.335954936595922	0.606665032046125
-0.104201074320946	0.164348299663254
0.303414360719123	0.566085323559954
0.415846459962691	0.24586413132397
1.15438322662319	0.8971972217804
0.109290314923502	0.0752612055334661
0.528686542447299	0.56000178556715
-0.220637255884219	0.176671562255403
-0.198797777925337	0.208907090752458
0.411750953992098	0.542592444374799
0.37423327961402	0.432497776690411
0.773789442693733	0.848778201264052
-0.331397168768648	0.253996441944315
0.268326165706264	0.27910859299973
1.06469615377876	1.53943243282675
-0.134773431272013	0.102703829872354
-0.029633929905232	0.0173233550811866
-1.13449962878405	0.903388341319617
-0.242651897073077	0.088000715023729
0.621474086921462	0.384738623448745
2.27540819272723	1.13789016138216
-0.669392713139976	0.168657892383478
0.609173518376681	0.281793096734265
0.407178719038237	0.23316742952311
0.382222759236727	0.243018586969116
-0.688977277346686	0.343287508890508
1.00377549736931	0.58032587313934
0.605804382953409	0.267788798085537
-0.301551107814342	0.102947755401219
0.592071237601073	0.185464593047035
-0.0359390208310281	0.0466714747903603
-0.121973379620306	0.178087075377009
-1.12258203217566	3.00693822605518
-0.28512594904637	0.43190028664238
0.826127184181753	1.39965056070293
-0.16212365607913	0.181520506970699
0.416055529193314	0.445644745371179
0.288255219870228	0.25030776153234
0.575508637863636	0.565670156117697
0.216155107753814	0.200239735133916
0.402999482507268	0.549223624538573
0.0335498029272959	0.0391264924208832
0.151952039898451	0.255890181499982
0.311948928565675	0.519426616892435
0.155924852217736	0.203841079199396
0.10822888491541	0.131921634847171
0.251588963035433	0.426500454283177
0.155758445889328	0.222694874221139
-0.0379438616627092	0.0521695439593793
-0.0626848903904418	0.0788282690608283
-0.738392098526379	1.71817960716862
0.0849846081104964	0.0956213203834317
-0.456620693396238	0.885704936824731
-0.0557771544509294	0.0715903808500319
-0.464479595606982	0.92378488390577
-0.249752087935236	0.368201983789497
-0.488055070375049	0.938596170888146
0.0430132234370393	0.0497916981059268
-0.403033535257692	0.760155287110359
0.0344416746999268	0.042430048128955
-0.0256654093005531	0.0337450489983631
-0.130430163314942	0.202847414595118
-0.185585307910216	0.0750784229742665
0.0637878918792499	0.0291890447661533
0.219698632564382	0.190398575801195
-0.00929173134501802	0.006814529872584
0.0120017776281728	0.00796557181152384
0.439137524180527	0.750040085684378
0.546994538472046	0.974819068913865
0.180646731767922	0.198712700061734
0.304106286076476	0.265171782703952
-1.00401425566143	1.11717616119046
0.438198070670119	0.460317443825785
0.371579638492642	0.356304208350172
-1.04009469906854	1.30800669661172
0.563082341144102	0.372231497090166
0.270153490862632	0.129463577502841
-2.42787066229653	2.17588184844822
-0.118820839325019	0.0578011041259714
1.24955754505345	0.544208476541179
-1.35900766366641	0.651041157255618
0.0765671093449138	0.0242712410439703
2.1814449454449	1.58787874141833
-0.143583917982451	0.0643112352662249
0.444221279866952	0.157927188282695
0.506731765333342	0.815677163976046
0.474279853676025	0.790007026330892
0.189396577113713	0.297901192617641
0.261701775910686	0.328678574882241
-0.976501362137692	2.27983356808206
-0.465532850361761	0.813886272517473
-0.239058288319227	0.308608097012992
0.0926750188588825	0.0920702015798242
0.566610041467062	0.743238018110092
0.315308941191146	0.416751611045458
0.615993159760033	1.0909939849558
0.15050665625293	0.128661133867694
-0.04107737332157	0.0458575372244722
-0.00257600719093233	0.00301570091981594
0.092545903720841	0.114963674501421
0.391466169193671	0.556317827919005
0.100621166848876	0.110443249245263
0.184503138370219	0.216054718522489
0.0712102697032098	0.0747182513160112
-0.0190721702263912	0.0173685556686238
-0.329414327457108	0.45848199692499
-0.0229780215779004	0.0165422181701905
-0.312748710468469	0.378473780933301
-0.275704275041042	0.371755164103781
-0.517970374183713	0.735344244231508
-0.511900342943643	0.843447520971619
-0.247971037782269	0.284438900831379
-0.10715557872496	0.125025689146644
-0.328313107931458	0.41061362641325
-0.358390653767949	0.489562973624549
0.267063903263106	0.334336787794252
-0.0696729807663349	0.0800407691804085
0.335140448154443	0.248246353851406
0.633735439281375	0.584929000637627
0.219761743274547	0.253467525671218
0.498106130767058	0.701087294949237
-0.0341093664140318	0.030838394644726
-0.267995508427443	0.419061852179081
0.150812351117616	0.229896392931552
0.138869656356532	0.16964795481151
0.562290227903972	0.892378757930081
-0.689558973026189	1.11791284401234
-0.172911554814711	0.220589613014707
0.168168903966847	0.18946622341886
0.225289460898033	0.253584241017887
-0.300827778751604	0.259973051851628
0.0112995775830246	0.00877966034742772
0.308057198163257	0.135295674843111
-0.151342173916541	0.0680083656154247
-0.740588520159023	0.439295214796664
0.625114223374273	0.385294468813802
0.623900824242027	0.38717126686161
1.1683361036236	0.77242662845504
1.48990960578965	0.744692740301738
0.173830593079939	0.188107412717606
0.563849034390105	0.812180511405227
0.434805830707459	0.626026808737913
0.0978141017920731	0.0904364775441364
-0.0118402256247904	0.013115623795755
-0.043542973790674	0.0358435186935769
-0.379300356645186	0.630181330709273
-0.0447819787512778	0.0511878622056542
-0.091245421467511	0.125094131808482
-0.114057339510364	0.161371145806552
0.322239222660739	0.660028583300142
0.0357113032832252	0.0382837352303086
0.184888500275645	0.217621551654043
-0.146347688160093	0.133237787156195
0.439443505266405	0.453107464154135
0.142939237757056	0.121147003082056
0.463094786929757	0.643166543181004
0.447959491348006	0.453244979021063
0.92245099634431	1.50474954815643
0.609662284839792	0.838354980218961
0.330081660377331	0.677720965155313
0.16045039315718	0.230478416305292
0.704473051478145	0.901785155291183
0.268246640191245	0.264559041935995
0.0984125350313356	0.0923733301128796
0.429488604247693	0.536457274556313
1.35151253870618	2.69984470212071
0.274274996627551	0.266078868643904
0.0919265006984276	0.0811743411384038
-0.0605322002138654	0.0420143435564542
0.00773249454541443	0.00605986918751346
0.149255712944614	0.12214808564039
-0.0101413680195807	0.00746300511365223
-0.35584174642577	0.379721845447711
-0.379120425101393	0.403887132408706
-0.389390350413527	0.407303178742195
-0.156035946739489	0.143784045612723
-0.52149648524678	0.569435529243151
0.000326818224898757	0.000259999548570634
0.216287879792934	0.201829799823721
-0.000552422610981297	0.000623341981204136
0.164140315321806	0.259072274957527
0.297911743483573	0.534581511507374
0.0987205031241333	0.115643789529456
0.149387861403809	0.197526283398091
0.0407423754914083	0.0481045936814039
0.281648886926177	0.393422642357959
-0.589055115420508	1.20853344962787
-0.690749496490894	1.48817967078315
-0.337637725182011	0.621072225443937
0.0968814257724133	0.125083947958056
0.0177931153078447	0.0142283769956995
-0.042579928830324	0.0487137352430632
-0.171604289020944	0.220622641576101
0.344613858079927	0.484180438397113
0.185752747861955	0.220336887201418
-0.452858121945912	0.671896020619017
-0.117414645477651	0.117903414932957
0.304841374874125	0.343063720140801
0.311685603138986	0.382203272789747
0.506819861576138	0.627231723329583
0.268706697855603	0.276764248822064
0.587601512137462	0.838499225868104
-0.131463968448095	0.130096064030223
0.743426815540451	0.841190800575036
0.150925298804326	0.130626560122595
0.880712153379146	1.27958139375272
0.971829141252635	1.60279897073247
0.839795498065418	1.08376334473152
0.0882243615389464	0.0916303367340712
0.00335539155399976	0.00336021587544778
0.0806896323544675	0.0689964219790856
0.614711382788737	1.36096309643296
0.00778743072560975	0.00794715711339442
0.0616580587489809	0.0696426267291999
0.149539388165416	0.140010840749475
-0.793267557345312	1.03048931878654
0.293448892981945	0.256487693805547
0.396239569165037	0.358534684412627
-0.492304755710306	0.544786703889575
0.27824717036536	0.296034779310774
0.463790595079875	0.458090860348416
-1.08664583567829	1.71906226718869
0.285652627474967	0.266736792505614
0.750777478156999	1.01244355533572
0.217683470345375	0.177464259549955
0.411277174015321	0.432952516839945
0.428289588442941	0.453376227662392
0.686795522447513	1.04211336937304
-0.0697475852127049	0.0875180312052772
-0.0716753821885182	0.107188085324463
0.196892883070674	0.338228752906811
0.61649050044573	0.676703747654872
0.0450923038101582	0.0307206179387102
-0.0595756299376031	0.0478121847741963
0.216019974620796	0.192307524556338
0.46836333699519	0.457059396710994
0.814285242821027	1.14283230625638
0.320696532173773	0.246388725461607
0.489313234464314	0.470340880237021
-0.278216540742596	0.243129180137445
0.325557790876677	0.266045356970857
0.314348828003844	0.250923448662817
-0.0487633397884591	0.0342618502579065
0.501221342227168	0.619150680394808
0.0195039840507582	0.0126332838055036
-0.328339836040312	0.277962286706934
0.729724828283878	0.737032240041694
-0.426238784375809	0.443482369063128
0.215561731889832	0.18720609564795
-0.0514927980781502	0.0363429465474201
-0.167665230523374	0.264653145765759
-0.0450005616017236	0.0603316754949881
0.345641033505665	0.546358987700804
0.0223655007720677	0.0236573924826548
0.620597465895903	1.11184291704389
0.1499003988981	0.209305354791646
-0.215903786732515	0.264928157835206
-0.298656211667745	0.491999523082681
-0.914831957790566	2.22454293595201
-0.422530117336954	0.471564235475932
0.0605793356257752	0.0779220717195879
-0.0909177487083313	0.102615907314081
0.213001535342054	0.270803200131407
-0.473051379726515	0.768724262158712
-0.248202938070943	0.290555016927327
-0.0407921304049283	0.0414057140815821
0.40910474134448	0.627931384350877
0.734517540357547	0.746425541032815
0.117475399696501	0.0818164161173992
-1.17626123621185	1.77010049303397
0.0469736953925025	0.0337577570751612
-0.925341412001377	1.05395269768478
-0.205000915998559	0.148851540052176
-0.182293080900017	0.163484732191714
0.358489234439658	0.356020320930019
0.727245873971015	0.737402163391927
0.0378340227614575	0.0320832029394346
0.205400040511355	0.169371807090165
0.0892018820948356	0.0503620608083563
-0.113068266304555	0.105050781634226
-0.356839457733385	0.472289441669291
0.535625139876794	0.557478355832354
-0.292978942533822	0.464858333906925
-0.210813072446788	0.232444782842859
0.293421514589511	0.443091419751409
0.0559297299077174	0.0835456524600095
0.154346943904239	0.280661896622299
0.416717525007946	0.358852691744188
0.732513402051862	0.745696650926537
-0.264877703856063	0.180050629906065
-0.408098231001236	0.370236946334283
0.0462374078612162	0.0315018412730631
0.395880972976131	0.36174226414592
0.313615892837195	0.260614325771735
0.768357683478628	0.854502307280143
-1.43117720872784	1.6365593857681
0.644111294626727	0.494428582965311
0.440051426814243	0.455384655953147
0.292485451880797	0.593464518040849
0.0737947766685041	0.121308876748465
0.32752732644404	0.24118517172602
-0.106701632293431	0.0699111832376543
0.22312710606407	0.14911520889086
0.886069607747258	1.12513133773223
0.775831469742715	0.524072677663569
0.894979485815071	1.02700912383615
0.523229819713859	0.471289155585825
0.361607827210813	0.349171756804776
-1.01566050242914	0.742865241937812
0.427324271071774	0.353620281752969
0.643765783117912	0.49260388568503
-0.0314397300497756	0.0186620133403005
0.212185449815537	0.161052992711058
0.104193109165218	0.0660151413736543
0.224376892846693	0.134466536156683
-0.59718467311523	0.45191567801997
1.26546267495169	1.07125991539626
0.458978657865084	0.355328902409287
-0.202310726113956	0.124201264244679
0.992564271639263	1.07843359749311
-0.418423714094483	0.305460816515041
0.0791385081936336	0.0469190674162443
-0.331274890637027	0.251062071427642
0.596536093338576	0.473932013335678
0.344040453408301	0.253315602810228
0.0761789510920259	0.0433579181827668
0.472111215971834	0.890419511544365
0.00154765433050357	0.00214856670664195
0.170477562573695	0.284253949721893
0.101999280523236	0.091704791422906
0.424230443185435	0.548691908265236
0.261976933856179	0.396059538721701
0.0737730955982031	0.0791561748618989
0.000213713893987775	0.000377693195559273
0.253709226662722	0.361634329227712
0.665897795547269	0.713961021727348
0.403354526608045	0.709168950749162
-0.175874435719682	0.288266103460442
-0.565593957635709	1.09937226459148
0.05946948516364	0.0753563145682624
-0.0426620429916087	0.0509173565248194
-0.877902185553647	2.23980929508957
0.551605924002976	0.955243828004204
0.31913697240504	0.357991448109311
0.60678588516178	1.01511365713876
0.260707873101376	0.316742295206787
0.377520009699966	0.552397048766679
-0.0272844484075951	0.0296130164626433
0.582303745820098	0.816895511449878
0.42706916012617	0.529840310315577
0.991657438514074	2.03047372003191
0.735105658047928	1.16877210119363
-0.618970986268579	0.822725943686467
-0.228236724556422	0.254055856634277
-0.443026587340959	0.519809959997412
-0.033598923122407	0.032720739830093
0.410597894015766	0.64498197572044
0.331821320670491	0.474483859806103
0.402632667968835	0.593870704530835
-0.481395722203187	0.821284788433753
-0.0384729366813751	0.0307077309510975
0.0482410922850217	0.0554147110852264
-0.460042518452641	0.764502923404325
0.918688194771321	2.13912909004254
-0.344394272765433	0.493876544827507
0.220942148797443	0.256330946428083
0.906851189801605	1.81820441016695
0.767352302989954	1.21148206992903
0.218426960878916	0.281391221946316
0.272502259152675	0.285639014713279
-0.0560867379631623	0.0500046749958852
-0.692260358593771	0.875475423158991
0.53098025020117	0.681029593041371
0.568307376802239	0.834330922416131
0.312164133078109	0.377901922724153
0.0560590690107602	0.0713688792389438
-0.0276607646201909	0.0254475357486915
-0.517974846010716	0.736199333971664
0.58141858503628	0.894364512090286
0.212390925507054	0.239669959235208
0.0352581683730314	0.0249526000259627
0.0384907390415634	0.0316434063519772
0.486274667169407	0.642026116711696
0.165212026113827	0.166719334249972
0.0864581015493697	0.0726646713738771
0.504519666988687	0.636138500228125
0.00871155515131693	0.00672171595035615
0.865333244215087	1.39575927227288
0.421759093466693	0.547949943627777
0.274190672991214	0.252328133282667
0.287934232315143	0.25453047210091
-0.0656588878844506	0.0638753164963993
0.652352801381409	0.962277210638119
0.428528631183782	0.432704944404716
0.366721222099718	0.425129076202455
0.356829137390122	0.360108943563482
0.221776476106307	0.154739730475253
0.728389217975468	1.03790608861318
0.506179176903375	0.631641065449468
0.522903498123759	0.716883567358075
-0.475862253909266	0.556053151942332
0.960653104245515	1.356345662591
-0.428891242708064	0.441843364207227
0.316408990108903	0.390860541645376
-0.0300008513579809	0.027602012083108
0.266886611186501	0.275202254209295
-0.263327956802656	0.288854273744699
0.41160215225613	0.460552536390459
0.217951416699384	0.216337393897018
0.13350457338914	0.18968499917439
-0.0562453142225238	0.056145990028354
0.398835950725086	0.655514408219798
0.352505926182812	0.64421476188572
0.236810242799011	0.394202975905372
0.403317703675137	0.663713626854622
-0.00191114588040453	0.00155292090314408
-0.357657914377204	0.398864117887177
-0.670481425489402	0.783737154444814
-0.0355725414813616	0.02565355124267
0.556273315325105	0.662105667403012
-1.60182468577381	2.32674642754572
-0.267476070625446	0.272622463399725
-0.413228223868938	0.375917048741598
0.043821903318838	0.03816993870156
0.997758899925238	1.64451964051944
0.173081068986859	0.235811941845632
1.15847473568567	2.55428328910967
0.302349559238364	0.46749236964631
0.231207522686451	0.32048073760772
0.0178093189652794	0.0198611382608174
0.251287980604713	0.359797043844896
0.103788698836042	0.117724909465277
0.507587625752903	0.925924452930633
0.0764329641920218	0.0834802677362184
-0.072849840431196	0.0815141082450705
0.0522559722771266	0.0602932595246931
0.465130694242737	0.804962044546084
0.100885893244682	0.113972263772605
0.0426620348429579	0.0467474627265464
0.0614004302866709	0.0735527978828344
-0.110797411403065	0.12999926089936
0.154114280399185	0.19786635641671
-0.812932785106891	1.58322063849277
0.296068530731238	0.41744530471878
0.282366639674614	0.394521371001972
-0.127339529240783	0.155197947447886
-0.174797866109244	0.222399964423284
0.0185923542299153	0.0175167591349115
0.215102291875383	0.179875780979224
0.131840404914226	0.172009466313292
0.214824457603866	0.281549913447644
-0.325643092977785	0.45662815198293
0.368133488946735	0.452284499460069
0.362473087784449	0.462161789695533
-0.0654810969730181	0.0601104990502885
-0.376220525991835	0.519758263147331
-0.385879084266231	0.669437871200503
0.400559723708727	0.611497618402929
0.691652702150649	1.05525353373175
-0.211851028308748	0.219926367652619
1.03130017288905	1.82795260668945
0.633091109138963	1.01835073553501
0.397647562117917	0.871051186243301
0.320282025148459	0.578716301164444
0.182236073998577	0.237730391534938
0.235612989381571	0.307851270094408
0.103547370741439	0.121724805338954
0.0351737117991716	0.0335953137821854
0.294345610339782	0.41773838283523
-0.0457171546295345	0.0411426488357344
0.432191941146744	0.610370279935335
-0.0611962361186183	0.0643928523609243
0.0448522848362284	0.0432260745405709
-0.668169101313195	1.00444656040827
0.970205010737401	2.05376056732332
-0.48135138559679	0.764132139408151
0.254157817531202	0.361775769469205
-0.182019530920962	0.216204818765014
-0.0653132504412777	0.0765877878638652
-0.516057521978263	0.875007744065535
0.164950843246339	0.225796956184683
0.718574073774271	1.47861042673347
1.06319727593183	1.62283392795059
-0.254920722497975	0.326543175348178
0.174007160460355	0.19050311312363
0.143010751012755	0.163766933615687
-0.18622550851177	0.182001267746302
-0.449595740111298	0.557345482696093
0.177028060751696	0.182600468019633
0.270083510690611	0.323678675626464
0.20142582855611	0.214869396947009
0.188412994873543	0.24730188400184
-0.396260500159057	0.541889158724207
-0.495671244846686	0.883015877942306
-0.257336098902348	0.317166202108353
-0.00458142163806059	0.00528492230747274
0.105842778871633	0.143620887777328
0.100577053976016	0.133996395134294
0.676972757733343	1.30931864072155
0.279120221903518	0.452162657089539
0.108674156118634	0.152584468990446
0.2612924516929	0.360487841292804
0.143273198348945	0.125249901723168
-0.112538937411491	0.114147109915618
0.545882216470219	0.575377622500399
0.149689228697797	0.113617011162115
-0.369032152481969	0.305504015182533
0.0689215431631742	0.0550742713977071
0.118215711998322	0.0825923301588053
0.258469020276254	0.421011135716238
0.245129972286536	0.429628824941411
0.23132013953902	0.351457632564802
0.21648621871767	0.323299051343601
0.0169788877271729	0.0197891838543699
0.430605413920068	0.902076804546135
0.243462145206254	0.406727944863091
-0.451632771481242	0.858617548991831
0.189073744630499	0.282858564142493
0.796598445124914	1.89623224588091
0.680728052962011	1.38872073652127
0.605399764066854	1.22831843840786
-0.00949148956269419	0.0104358242030484
0.18026655755973	0.22776420291816
0.116933510733032	0.143436575145875
0.25606452360697	0.375551935361584
0.111083150579905	0.153067827179412
0.428319880331555	0.721888105630844
0.0764580421341686	0.084590529371414
0.52969377006183	0.900010394644298
0.317080871639899	0.455034206341484
-0.037439055510461	0.0366843204631491
-0.450355412598557	0.663967673769606
-0.0717898068504677	0.056590207725681
0.33963517224271	0.361180010734228
-0.0382887589319105	0.037967542050418
0.0838815395850478	0.0999678037122789
0.131169180300036	0.135921758213042
0.390451275842671	0.523762765652225
0.102190537372774	0.13953952928254
0.132406304412412	0.149594953889379
0.0464828930511065	0.0556780956222931
0.087667561346549	0.10238066407948
0.343491942289267	0.415838368877956
0.346658149226963	0.469037504795956
-0.303906152096956	0.371346135944257
0.137795298177327	0.165892935292468
0.434581169344979	0.654617907413351
-0.336778496056987	0.501715704145151
0.493735387804832	0.724860931180272
-0.00995003567226881	0.0119672399238937
-0.00832032252203885	0.00840455358394148
-0.380706249511903	0.430560262237993
0.592670397913938	0.67505793928327
-0.0382639294356348	0.0312884704396964
0.220488098446072	0.248781481583687
0.329921511635659	0.362591271381279
0.268917332521011	0.472508747705519
-0.373187595728783	0.624677303913026
-0.0699785248836361	0.083489108215435
-0.458292575891783	0.706781825786167
0.333588000289581	0.543783080512059
0.109097185367055	0.126843248175207
0.127613812005975	0.153500160400031
0.196709121649389	0.256771900125257
0.218793024454806	0.289161819686338
0.180929111300855	0.193811204083599
0.306859831814554	0.465737889827151
-0.128772208473141	0.156453876931702
0.377447635389389	0.459531854333249
0.254956762766258	0.318864013657352
0.188491371995432	0.252184438256648
-0.340120310072665	0.455836306870126
0.0257198731251442	0.0258462178925525
0.271681991723389	0.369894924683787
-0.228105394504008	0.309720448761816
0.0436459535670528	0.0474736143515405
0.05569367197517	0.0686588877970402
-0.171450599161403	0.227255953593564
0.203900187894067	0.267831291366396
0.289166194883756	0.412112058761949
0.50089725723497	0.952215347455312
0.206871683266051	0.250159395807135
0.178325652173078	0.218243857281972
0.0722988134056234	0.0813523654910875
-0.0770989032522633	0.0903283207072895
-0.213063917640107	0.239228328264715
-0.0737699191079391	0.070942500717908
-0.248252815587535	0.337278799103736
0.430633292286632	0.641130928677055
0.0141552151929501	0.0150853663387911
0.0381793938774017	0.0424180492683326
0.0828718321058376	0.0948768569692616
-0.0387090905362084	0.0450637747642801
0.208590987041623	0.306030330225908
-0.317460481027488	0.424277727155667
-0.257893717431657	0.393589020454205
0.560433014951217	1.12074478286915
0.354818135814866	0.650238510567045
0.179403316697082	0.195219919455697
0.366463019595913	0.517658432920794
0.161637460449023	0.144000468989745
0.551055720056714	0.649593518637889
0.57724235688782	0.483889329727995
0.211064808357961	0.159834916641528
0.436117529133763	0.348413096577952
0.0706363954360264	0.0371144986404502
-0.194796836268045	0.13763237471917
-0.250113311997168	0.196041784982568
0.292976717368963	0.285932784291504
-0.0864270983175386	0.0444337661301204
1.14549510475614	0.897854571786846
0.322881137390722	0.572465775023051
-0.205187729021805	0.278690672070321
0.412020204140821	0.5881273600686
0.0214033952351096	0.0228775246597215
-0.139054670133309	0.159555842319238
0.229094580775424	0.335825616443484
-0.186433608633561	0.245188490256076
0.249924469037444	0.34083162230369
0.0327177704342325	0.0325925667691734
-0.0880187944110739	0.0966923063548691
0.0372359299544096	0.0397324967130625
-0.278354246401878	0.363496307503494
0.497011006247762	0.881483837530269
0.10185743296165	0.112403854303088
0.188931283759285	0.242526928468101
0.217944979295192	0.317538803634278
0.416212067357807	0.626752660710266
0.0199213216704274	0.0217304729664279
-0.270036488642791	0.391639612156528
0.296170161126316	0.424036190783533
-0.357201498008568	0.528000440330091
-0.075197725887873	0.0733934319618773
0.801570676573731	1.16941257980814
0.105997486192596	0.117604327844
0.218485713561247	0.207942322999887
0.175390929014832	0.193138231716065
0.0899390426376029	0.0933495205647914
-0.313931426555299	0.398998168937442
0.149731848544992	0.17357271921413
0.0324580254087732	0.0338541988583402
0.888069565511926	1.85348522013442
0.255111447475796	0.329510454751051
0.227429517895927	0.28646123580694
0.233201876423735	0.274029298728427
0.345690014512945	0.451106443243953
0.101160962511095	0.0971842916145603
0.0249432328688387	0.0262037407672278
0.446190311413946	0.609070609338024
0.157856712219543	0.167919083539909
0.630248102114995	1.15469608709648
0.179902922317178	0.205071157196784
-0.0106373922145226	0.0107951845915595
0.117294977242158	0.132425626611301
0.226965591345324	0.295366407298801
0.280467502762053	0.362106880010683
-0.437122127551049	0.424264525886384
-0.127651509807409	0.0965555399416656
0.212365539364952	0.206402124377961
-0.0285777708958868	0.0263040909748436
-0.0154760030767862	0.0145474382795318
0.106975832674107	0.103078385634102
0.372918050002612	0.542932931887384
0.125633596113836	0.161281730677755
0.0310930282063104	0.0326575440702664
0.096328675073168	0.10227154310602
0.135671059894816	0.16203560805675
-0.583392753414614	0.906168603850729
-0.344831403857802	0.458107392339711
-0.210434002225539	0.232748527532045
0.0404852201287842	0.0391448847859791
0.210740616652821	0.260768582446301
0.16882428933686	0.185150573213626
-0.0724619039524041	0.0750815742788083
0.221936153498176	0.24681751438786
0.119216217807715	0.120697124551063
-0.221001140064373	0.229468435973102
-0.186390465072893	0.221920862566798
-0.538789838912243	0.775727700453913
0.330221534866216	0.462590035191525
0.081547286510218	0.0935335151213214
-0.112353963348631	0.13185445506579
0.0447119982539222	0.0486811788978379
0.828419424814844	1.69886040477203
0.353722624256849	0.458605703258783
0.210952977872031	0.257414226603946
0.260458734227298	0.322484380917946
0.169957326040212	0.204224603194524
0.258376946403591	0.325604289385573
0.348836329312362	0.483934485690235
0.091285670987308	0.0786961765494736
0.225175653703429	0.21923987932496
0.219628631994661	0.264030138987016
0.309571400172007	0.409664799201622
-0.224213562699035	0.289106544885121
0.501591188960378	0.786657535364148
0.30873932656114	0.378364925510193
-0.167527758852907	0.177839492314085
0.173848099309869	0.20716702628001
0.0192508584030874	0.0190660007404975
-0.0301415868593489	0.0337559083651321
-0.586184196612472	0.997669427162331
-0.313905971327846	0.377962891961008
0.0333965438855447	0.0382307062678135
0.0241112237830564	0.0271407461140369
-0.605752459555411	1.08718000337704
0.0507248064457077	0.0530403941021924
0.255992521927321	0.278256113101695
1.12004916293756	2.27663432221411
0.570922273667482	0.650418946939288
-0.0915314071905183	0.0620862601875068
0.0548974605017541	0.0391852948295091
-0.476333994317332	0.453264326105053
0.575283122244317	0.634020777486998
0.332331243913736	0.243836009558933
0.0964917679042045	0.0615906815577596
0.408875674130133	0.347855332220723
0.343476926783181	0.343602410227958
0.474441809990811	0.438656595584205
0.473218519023827	0.881760944180029
0.229088535164551	0.3215907773632
-0.493449358879059	0.774204612041973
0.70804513478718	1.46560243903181
-0.429331482650663	0.716608138717581
0.574649756663107	1.08067180083237
0.651864782591823	1.28708240456819
-0.321439751354002	0.446692593969291
-0.100344749144622	0.116074562215618
0.041961980413344	0.0464880619271994
0.977932684770564	2.10965319275132
-0.290415454661764	0.455791366158713
-0.0268211199530866	0.0269678672390157
0.285576567709209	0.41255100547426
-0.0109013819276032	0.0117551411702422
-0.489403957642091	0.726281055856121
0.0400756428953314	0.0481216277603225
-0.444637503920764	0.628779865219005
-0.0504659047259222	0.0491245138954269
-0.542455560099065	0.852742084564341
-0.0141754956865862	0.0132608287149803
-0.0241011002111945	0.024326590275657
0.0616284336573359	0.0575639503985902
0.168578291219072	0.161710453578821
-0.0186896837282354	0.0174953585641339
0.152276922915241	0.180437659164952
0.327749440745693	0.490877276315264
-0.0332253744080138	0.0356876177312353
-0.46589372182671	0.569973396766175
-0.148594833896424	0.187033982877953
-0.0119028638635046	0.0121002786605859
0.0205157097321298	0.0188818444964769
0.257716176012547	0.316871449483564
-0.392825690164305	0.588634884088308
-0.72856663447673	1.22002140957478
-0.316867211584519	0.404913319244546
0.106793077774081	0.117078027577539
-0.158558098570193	0.168813695923267
0.104023443253317	0.101905259597866
-0.337677944023969	0.483830334980649
-0.00736249174409438	0.00682833539738582
0.109059146557577	0.116077035281486
0.168196597806122	0.182784899320454
-0.00366400109844504	0.00271072245764877
0.415023941599243	0.445450755072679
-0.032896522622976	0.0303162666675299
-0.168864624143121	0.178861477831595
0.105148730841186	0.121374055375441
-0.665164126119467	1.31715435227809
-0.0342678121593445	0.0361131744368148
0.221085386629697	0.308430849355546
-0.0945626109541141	0.0948289435492561
0.0856852500048467	0.0904158205035445
0.211647909816911	0.286390106224717
-0.21638796522776	0.26808061929825
0.70787918948592	1.15672493634744
0.404670278691265	0.552313998819671
0.265300185359181	0.318019009091979
-0.00144904335574073	0.00122218022819048
0.105055042640724	0.097390032321697
-0.24646278253422	0.304224638506362
0.154268586326709	0.183037270668574
-0.0251363568575025	0.0225480697962517
0.258785448260928	0.320208705124086
0.107591539917625	0.122893480169861
-0.0320547173362872	0.0344967722009102
0.302514290002602	0.391448893033809
0.604147350915064	1.10213135952906
0.255876401908433	0.311856143387208
0.303991332473348	0.386972037472594
-0.00384366516721689	0.0033086733226498
0.488984741536095	0.636302108678826
-0.000522315730576285	0.000413381053074371
0.383744333937975	0.531981159455909
0.102461528627791	0.119411885677851
-0.272940204617797	0.344982003747823
-0.0701877853788444	0.0736657319749079
-0.0704563804184703	0.0708033270045443
-0.0990878461434432	0.102227456309889
-0.410641474516136	0.512046630459952
-0.0335733184850014	0.0358293604606266
0.133728994269262	0.145502608543342
0.449559660949305	0.614760837391677
-0.94831642003282	1.89757399171633
-0.667832882101232	1.12401796462694
-1.24680614903566	2.81310419681161
-0.42024932028853	0.625862350850928
0.191884578784468	0.23807230180908
0.211745969660839	0.23911916090849
0.502476815915629	0.707615741129526
0.731090397584509	0.734665050970197
0.0387737620831134	0.0267926240219924
-0.122745283192896	0.0929983081138909
0.769727556334519	0.846071387042025
-0.0556888289212573	0.0380874648854887
0.00853496594330364	0.00543282725608686
-0.652596132781035	0.642614780423234
0.701844514694968	0.778551067587836
0.220422745937189	0.337215196806294
0.219428706859146	0.342309021865361
0.0955831493928615	0.116919564567501
-0.336043847022125	0.444767111219757
0.240754368163206	0.312187106486323
0.0403489582445964	0.0488070110272497
0.263513392814252	0.369229241866641
-0.168780685159211	0.18954013074625
0.318099507584981	0.504715799065437
-0.00842954998735987	0.00855612465928986
0.271190441118739	0.308258571680038
-0.0311241290855008	0.0343330454388552
-0.596081425633579	0.96843035283191
0.168622957859345	0.201952166697024
-0.201407074115651	0.25178466332285
0.179333379882811	0.200831598591194
0.0380851275089307	0.0426009054875525
0.53360122579942	0.899097159188775
-0.382466203679173	0.546428491961238
0.41931785876658	0.532248095381464
0.147165694124134	0.171139777850464
0.620831235159872	1.01839010643615
-0.4017012030547	0.505451343813946
-0.717410952793094	0.748849982531296
0.360464403771065	0.359505196046162
0.481169276299634	0.651857660152588
-0.640192564335909	0.932262335911729
0.203531172248252	0.210215899638202
0.103290482536364	0.0974680159963172
-0.397366557840812	0.588898937745325
0.11985216713383	0.139453971552568
0.129130530816737	0.140639199516396
0.00421940660399237	0.00358507637086748
0.303499367595424	0.371374597440798
-0.0529609472201646	0.0478667099633054
-0.20859388409087	0.215792860985533
0.395435769473787	0.452584544901645
0.0790103330564516	0.0788736601432997
0.0114735130690727	0.00976547028501473
0.0948499934780818	0.085209303506618
0.0393488212938703	0.0362025275292898
0.128295062679888	0.135411552197321
0.237759029284874	0.253337490145143
0.138827380905536	0.114266860057682
1.06763515701502	1.13177033859192
0.752708773581343	0.939362700064094
0.0438909606701064	0.0443852756528029
-0.244400599758296	0.266770926547974
-0.0696397379102159	0.0758197715461889
0.854555051546921	1.52793423502942
-0.367307525172908	0.462423596837117
0.765303921532613	1.29001220534062
-0.0886435465917226	0.0778129107807596
0.447478949455933	0.450289881277451
-0.44766648415363	0.525490893907217
0.38782295528312	0.51420853175566
0.0504889647972135	0.0457061762601423
0.133045980697067	0.111806483574877
0.107834216841264	0.100600137925909
-0.0794898656392856	0.069094667362649
0.262451264557844	0.281914783403929
0.359427165485847	0.476507961797966
0.266450174836702	0.267155306498767
0.307447447745845	0.382897917758944
0.498502589338802	0.698474762529556
0.376986286026961	0.467454121503822
0.547821569267714	0.575381687198003
-0.0563683657437211	0.0456541628382155
-0.00297674119184435	0.00277717934248438
-0.113557294077932	0.115275673208638
0.22796877035997	0.237164396831008
0.2746237897984	0.299977213289702
-0.252708984754325	0.307555673441346
0.0751395027835186	0.0719823623018857
0.207157496830931	0.218817379444497
-0.577000849900303	0.8464763220724
-0.176114261412962	0.194883453026045
0.00566100774866456	0.00581699830335669
0.448282940054244	0.603752675145707
-0.16064697404796	0.171750598720858
-0.0388061064707643	0.0385227427136294
0.218955200588609	0.280370609354257
0.152427247953194	0.179602463514148
0.271876109397162	0.316895059858417
0.818810833130235	1.21246445847507
0.503338969263876	0.471543231969853
-0.0643796512129869	0.049110082514862
-1.27341726854963	1.31069023611678
-0.575363579559978	0.309646294188626
-0.882990200385013	0.591128021549452
-0.169461903864206	0.106554894609558
-0.763597603346772	0.542286428311644
-0.0668115423258724	0.0362214507547894
0.608036650197045	0.590447179094589
0.0843311656357159	0.0894606790202605
0.418299635077459	0.631726259827838
-0.201084852458265	0.288925819370882
-0.162636413088424	0.184635710723276
-0.330472054589221	0.479570809180357
-0.092574063693553	0.107518915300824
0.226349912811533	0.315333552906266
0.634445418932952	1.11975542446182
0.258378907950115	0.326070937374551
-0.140480980185049	0.146484375594007
0.744437296154113	1.10855202626244
0.178636651313057	0.202978362655083
-0.375925191823114	0.496301931212246
0.505796115026109	0.856099294195463
-0.0101643378399785	0.0110896988101651
-0.0704636483112133	0.0786230268662405
0.435415565079266	0.618524214337377
0.529986821862723	0.897838535783383
-0.395264782585439	0.662596595464909
0.438407902045425	0.621219147314834
0.279650639497237	0.264733461319391
0.475247727837318	0.712086234099558
0.0379415452001926	0.0386546172782908
-0.0521757995609009	0.0500631081642088
0.262862947528226	0.344514318941739
-0.474272084122401	0.752216933008296
0.312692576036659	0.384697987988272
0.329162852094406	0.432438665787244
-0.678543114148623	1.04077963985349
0.0147892196304658	0.0152867913864362
-0.807091512851799	1.25077228138832
-0.307959955517915	0.369370423480986
-0.414086252749548	0.430960523325335
0.809084948608741	1.32987839591065
0.211165204602271	0.196837270740878
0.212271299752027	0.226559926176741
0.134445806812894	0.140162041103929
0.382880784636819	0.35150939833055
0.0710274151973571	0.087646566499983
-0.179437021815418	0.23722185921948
0.748272396324574	1.43761105108315
0.227717889946061	0.278189696773166
-0.0773642765883713	0.0735128214235217
0.145086319915976	0.12668295488253
0.00353517599453884	0.00295025903631031
-0.0632786434118627	0.0660198190526145
-0.164161205565197	0.196569743437452
-0.122955567654781	0.120877572767935
-0.0575415270643534	0.0556330074399318
0.0521929565406005	0.0515910236168813
0.0523723636222539	0.0463196153980468
0.325314223502047	0.367949903950801
-0.0273823257192328	0.025439376513586
0.219489668563967	0.235416985936118
0.0986914019711063	0.0921865645775149
0.0537297571802831	0.0548873252435279
0.516852998270591	0.725244018878108
0.563188169584887	0.819291608538758
0.604922758683073	0.98893263923698
0.221357641366235	0.206160317980578
-0.424575661763127	0.5708793961251
-0.1585706781832	0.132025019995644
-0.0505676613224544	0.0449983475877424
-0.674687959388051	0.959191206472813
-0.471660480764572	0.639698457544543
0.169927054312317	0.185836191109017
0.921206337488841	1.61136039811408
-0.519394808429155	0.701134753530737
-0.134404521472638	0.149759842019635
0.172573824490737	0.1809747295656
-0.690121182625109	1.16095728199961
0.277473824034822	0.379690820259186
0.113326757664726	0.110173589144377
0.381668283844927	0.521351090532943
-0.164042819068733	0.185831972819379
-0.226734341894129	0.270339970247806
0.0724947422809108	0.0894042070363918
0.394114712018456	0.442195590963414
0.678665213454116	1.03198505370118
0.569526028435156	0.808756477047467
0.521920548231024	0.46998373036645
-0.36566715332315	0.236332569943517
-0.115114911429738	0.075743700170013
0.0922325435342004	0.0559588080374962
0.827586646440595	0.656354425993354
-0.422068036990373	0.308788272559958
0.236253611302303	0.176153084862727
0.169575963440043	0.231633850966284
-0.0454436466389288	0.0414056652941404
0.012566861005536	0.0119790532898947
-0.421640540188777	0.698532997295668
0.591111873063581	0.999493430351809
-0.27372371147512	0.35484618962251
-0.183813319708165	0.220439743554018
0.403838865931868	0.523896298991596
0.0326888914561808	0.0337205693986863
0.936147276781373	2.02077463729082
-0.330081810118274	0.412782958163388
0.0348699347901727	0.0334909354541384
0.504647627201834	0.625756348242969
-0.579137853863014	0.95072181373491
0.00490571506176618	0.00514999927066465
-0.340371183376332	0.585389766790283
-0.237912074311272	0.264156996734202
0.00839026678104733	0.00840078091586035
-0.390725249872715	0.524677874191012
0.667694028449045	1.21265286584992
0.174505049018641	0.176633135972861
-0.124631164220205	0.135040006966747
0.185932138479657	0.20628416151854
0.032755551258481	0.0226730258229155
0.35113760089412	0.503711208024454
-0.483683754776871	0.584327414797032
-0.0162388760626427	0.0164429499769531
-0.231818422468982	0.315772755513843
0.276222269637563	0.345593613509133
0.870225620045084	1.44855602312696
0.60178401010632	0.855193015502716
-0.238287351391601	0.309229828765827
0.199927116451841	0.204892156511071
-0.178195688100724	0.172046870924705
0.455066215154471	0.553766809501538
1.01358775150488	1.68869413728577
-0.734724380129323	0.955711284149977
-0.101404109479963	0.100276353801724
0.249098992832663	0.381011117039005
-0.594333514761538	1.14932613104453
-0.0637159729356423	0.0659939114130635
0.263612030818469	0.306960140442166
-0.291027677509035	0.336618670457613
0.319224978933619	0.395251575300216
0.4739187526905	0.622429880265952
-0.0926396828936294	0.0800525373154287
-0.349244802953137	0.370449286021782
-0.121350303626074	0.114334657292548
0.460187841988125	0.520369443816794
-0.896065141223255	1.59106689871435
0.146422354333296	0.125545512065624
0.442644129365749	0.64057985833224
0.213789495479817	0.223232161181455
0.381414831759961	0.426735034801343
-0.0301843875481475	0.0275267765438171
0.331559606881928	0.373075087654781
0.225456384847851	0.1884053320881
-0.198484516964253	0.178186393711533
0.512719546957936	0.612500327275211
0.55719552100108	0.662324526046847
0.0789604688326833	0.0660780565261588
0.268457277718171	0.2786301608124
-0.0162384801900712	0.0151594526077139
0.221668300645722	0.228742066662035
0.398111089421699	0.447901665004613
0.539005854872564	0.735267160063683
0.00847177950009505	0.00761713294058588
0.126806379629455	0.130672541263711
0.584559741296292	0.819590742808999
-0.0327756784378366	0.0330357602684737
-0.0875968916297515	0.0964872595373949
0.216296589914877	0.21210169794822
0.319737267177942	0.538603965309267
0.478405700605862	0.453369042977236
0.143672442959228	0.121959969484699
0.0946116693492721	0.0596694928954534
0.55455184908814	0.36308066852138
0.36331147675301	0.141869461000735
0.229768962221385	0.137512552422361
-0.42438961544241	0.310312983395644
-0.367648784250623	0.274265037763527
0.533806670336783	0.643911303371024
-0.135270978069716	0.126242257724515
-0.0847640010407266	0.0747938156661466
-0.496765912879626	0.677342266926622
0.148945454526695	0.142515770283624
1.3670756256453	2.63349678897823
0.532867053824694	0.650657993344976
0.279899736605117	0.273093945966506
-0.166512167127425	0.165004491226433
-0.0687034215248472	0.0474767166383526
-0.105509957816023	0.100892134868725
-0.40846356693163	0.425437899147352
0.0654385909338927	0.0515204042366306
-0.464962753564593	0.629064960885618
-0.208383628340393	0.229843077534548
-0.565453623832007	0.688705069023967
0.152600630253693	0.171019250887909
-0.455295875645168	0.663880835589282
-0.597978955503086	0.602920725367368
-0.310950137972677	0.575624885386019
-0.699879975518153	1.1758515863598
-0.650398813126301	1.55623996706769
0.0763557298039005	0.10736734328351
-0.00484359473774958	0.00670703055154468
0.115941725775212	0.171771056641323
0.173012220419871	0.310258728277553
0.128872592352576	0.212750380375867
-0.46183765586538	0.566752831825011
0.458544209852008	0.605382052528258
-0.45694179505881	0.505449392546475
-0.371373930985968	0.277477948379026
0.280825247519665	0.265816226720204
-0.0230154302370247	0.0168480455106726
-1.30893561122802	1.87825494052833
-0.550547903892223	0.478259084710893
-0.226236195505975	0.18092449276704
-0.075397767410413	0.0516992241104211
-0.171734014810751	0.152532146894353
-0.610337708802322	0.641740321091116
0.153776852295088	0.144664768755634
0.299334782049687	0.25403961855908
0.626666747153183	1.09016879935473
-0.00801601856519986	0.0111423238714798
-0.0299196739194304	0.037932103807762
0.538387526158221	0.647576569253747
-0.0532458820549352	0.0373450610663052
0.376983699695512	0.355829485596282
-0.106383294491907	0.0816994171904801
0.20966711247506	0.173952434808205
0.28454406792427	0.285850150764855
-0.444888724035811	0.424445672900624
0.521393847738015	0.564582449050683
0.0522522231830217	0.0476774851001403
0.0246761499021828	0.0163293676514668
0.01799410128076	0.0119609469830891
0.314666443671716	0.250727182633227
0.491133766060946	0.359841661118028
-0.032384437989694	0.0230859783993142
-0.881150194836363	0.765916610816715
0.111910933241838	0.0748575057439167
0.999727189321868	1.0820680353715
0.207975398839366	0.178646255146748
1.01677170028689	1.19183750186381
-0.167102333630556	0.122536999384321
-0.464397934289308	0.482592528431863
-0.1799285081628	0.13299260194483
-1.74379540825576	2.060686671787
-1.35968756813224	1.66446988002162
-0.694859456505697	0.625883993290199
-1.4363662572906	1.43400175610786
1.1534638693945	1.15890836526734
-0.152279176236815	0.214113893427425
0.0683464104571077	0.0837927793379726
0.18241711300111	0.256133929835894
0.8434253996427	0.987372189410006
0.214852831707306	0.295582200530166
-0.0322815972074029	0.0341198051585076
-0.378150754310495	0.599526709239353
0.392977518506649	0.690950048795958
0.210421721175006	0.272547639411157
1.06797562573327	2.31846453869934
0.752661198397612	1.24203461498015
0.962508153952012	1.54181966991677
0.275083471058873	0.293637588661516
0.22113731632116	0.220452555608414
-0.0437832961078819	0.0354428711244633
0.0369121334915428	0.0359736962026608
0.472133762739668	0.553676042135028
-0.324629040706602	0.407393912437436
0.535927942575577	0.801094968115189
-0.0945186009481306	0.0960105097272341
0.277265040976114	0.310318113356094
0.898189569308623	1.55289627532081
0.730233775066826	0.912566791030711
0.0830994880673482	0.0712162562722985
0.050324064045009	0.0431171652135043
0.160933892562579	0.141710555698395
0.0334744250580577	0.0314042193831953
0.211666591751696	0.225599038782761
-0.940479372670372	1.32278396692119
0.55806817494526	0.799330274493958
0.374046067544789	0.554331902716671
-0.121320758395736	0.103102491697562
0.0956047101646154	0.135346206930361
0.645647981626651	1.12963991763407
-0.228062964830026	0.386467725708024
0.0174315488747841	0.0232437959649335
-0.105401017772635	0.180826987347544
0.176323186971209	0.264680541885724
0.0184088576077143	0.0159841258256767
0.167367967733154	0.286499923734408
-0.0165052803766435	0.0240081817894428
0.566930114862417	0.740435539111576
0.300463703425423	0.36289750736853
0.142515399166732	0.124523488952041
-0.126171145019923	0.0960387379931259
-0.377321489402478	0.347141334468856
-0.366649635517389	0.27373809336563
0.694234646587386	0.809514474108722
0.407153442812063	0.347643315429359
0.291658881168901	0.249702443361305
0.959855069832358	1.73560584664181
0.680978260229389	0.699956368904591
0.215119349724598	0.175361765975939
0.462767566013901	0.452278495015917
0.28938833833444	0.264243623214242
1.12058096959237	1.70902011255214
0.165733090772012	0.175213676982182
-0.0125562145892362	0.0157892040279757
0.494226976376091	1.08566176207756
0.263694008318603	0.421664652780552
0.390716171580249	0.361059207814146
-0.775625517441905	0.747380732130161
-0.41207876241904	0.338906794680339
0.209886003174992	0.175445349496341
0.900569578931955	0.883516431473134
0.087191942096159	0.071024538455632
0.52644126543468	0.553947389594922
0.287571382408124	0.259651416614903
-0.467459830112085	0.485247170622378
0.213242273870522	0.168136741737573
0.400093308738013	0.352265076023165
0.737275953522188	0.821514144296627
0.120037457063672	0.0869804495194947
-0.461900317917455	0.364389410269117
-0.517711541042272	0.409374122155479
0.410017541524744	0.356068488793347
-0.195417089364693	0.174413202519931
-0.0402264542558659	0.0287730699582463
0.213470558654189	0.1746927041913
0.473702099550787	0.464456196116083
0.00126320545790927	0.000786371737389762
-1.76661140557947	2.4570858423249
0.889195828581099	1.02802664659116
0.42553308889013	0.362696412874583
0.464930274403695	0.450642130245118
0.218927579473267	0.183387708221865
0.310594383989138	0.263626173438532
0.465518509824003	0.848136662904387
0.723405536355875	0.984520824626289
0.365371665754235	0.447093427248606
0.798139176308633	1.79030422499347
0.173413677285294	0.228549753245198
-0.0594775463843493	0.0767219199768481
0.253064764875008	0.289659273319868
0.190334270995777	0.291199053093894
0.427087933780349	0.747612597540317
-0.167904480746795	0.221598595375789
-0.205429410239747	0.26107210477547
0.126005268834763	0.1649609105134
0.665926711724696	1.44350966397508
-0.411396604325286	0.78153301075873
-0.0653909957732817	0.0683942032964019
0.373898600325937	0.619149196745021
-0.0322631312247829	0.0360341332140025
0.193689858592841	0.245053807366536
-0.303568865874989	0.453996850043506
-0.0736450024665356	0.0710365037459924
-0.0457797292708504	0.0476783238538803
0.403151370952308	0.629337788186389
-0.575343647235841	0.915290803105278
0.176952602417655	0.202331285309003
-0.224574986536485	0.281174591068638
-0.0796589070699009	0.0758960358199988
-0.164047187667118	0.19910145033965
0.213991321036232	0.271771104158633
-0.088134756203685	0.0976112208898886
-0.598192985273553	1.13476285675889
0.273799976638313	0.320811823770964
-0.466966188332209	0.717224039693701
0.174362271667074	0.219517065646262
0.0797997885351797	0.0808765958843804
0.0143498707315042	0.0155012734060266
0.212697116416942	0.232360229962621
0.259824465172911	0.269827265513264
-0.148839968844619	0.170311530609286
0.117295655479595	0.141855291722268
0.264973381768637	0.323542770565253
0.0120322007109994	0.0126400336966043
-0.353803052546936	0.448839291606822
0.519133198507975	0.741004394117043
-0.196050380197895	0.242359741343941
-0.0195712452605445	0.0196929448460377
-0.307738646992024	0.332370752455348
0.501217849786124	0.636931121811593
0.291336784357475	0.366663086665313
0.290354210237215	0.385328956391721
-0.502340941737035	0.581221885093414
-0.102313842899781	0.0880020128151515
0.116551913540122	0.113455250765755
0.279297363997943	0.269015019620122
0.150796230879781	0.147441296193213
0.850503807720698	1.72632090412303
0.124389278253879	0.12536881504816
0.688909042436606	1.07549324576588
0.332451933259897	0.479871913819623
0.405143110006558	0.527518083192108
0.144943249536136	0.16930456922594
0.673642471534305	1.28096396596993
0.929484504290427	1.34770765207374
0.723132222238274	1.00161055581841
0.490986518950429	0.539894829886547
0.722456973700741	1.09725366460055
0.213407944727937	0.231929179495064
0.140728695988186	0.157626874887925
0.158127805203096	0.165041704924034
0.915914062250342	1.66151309058083
-0.0518155094385733	0.0546319658881571
0.574215148553052	0.739104809925521
-0.37542136579264	0.492662182966242
0.719693164439384	1.25238315470875
-0.497385007232839	0.676092793308136
0.101757565450621	0.106538833428054
0.0972988577428417	0.0857552800305304
0.122677125072132	0.122503269224831
-0.329132076088395	0.318581983583459
-0.392427326187974	0.508684745079539
0.256240915103587	0.313322244473671
-0.388040924375872	0.509564202370522
-0.298532853660219	0.343913465850502
-0.657068944078676	0.933355193860398
0.307724179021432	0.379623779523347
0.289934768955107	0.325792078129902
-0.380628670775999	0.406175768245708
0.0422574157880467	0.0408567589538425
0.458270638350674	0.735669577357778
-0.240195646657637	0.26230320710585
0.584413705476806	0.750074805886433
0.512475238270332	0.819242864763193
0.0712710384779355	0.074955873488214
-0.387207305388262	0.53496126784946
0.290967592741646	0.45222522718841
0.779623599974265	1.1171985051379
0.0283381576110548	0.0245021727328671
0.158922830025153	0.162649263740445
0.668076930967521	0.607298071785508
-0.240121564845199	0.140130835532801
0.0702841108456087	0.0378018248935485
0.0981503252289794	0.0627035232609035
0.554414126309334	1.04670305197954
-0.37465990213921	0.613383362780926
0.366652613742015	0.644530284792154
0.313205784380271	0.476127600614896
-0.458553776699187	0.780434246472263
0.223311031920621	0.298510789348632
-0.363079060642411	0.490017207360861
-0.316894305880794	0.455531771338396
-0.208873955260467	0.259642972986384
0.346994735123239	0.549930239397264
0.0713868287660238	0.0737195100490307
-0.262226347763704	0.301115939840503
0.05454553163134	0.0503287991470278
-0.00658734996091658	0.00671686278751754
-0.429473018016513	0.596677515062541
0.270272561541253	0.327292685537608
0.410420469056181	0.623916351048846
0.19043205468258	0.233759465392404
-0.684317212344471	1.08938047460186
0.00535433006830109	0.00501763333770635
-0.118332728064002	0.127497514199661
0.0428862337593363	0.0412824797715971
-0.65823038216306	1.0770814747514
0.208525922906381	0.211542564910257
0.207183883560433	0.197098644556098
0.221933130117722	0.234076072643471
-0.0561461451475797	0.054241433984364
0.221906246384991	0.218765932562709
0.176043880684204	0.189103551090868
-0.35645619892102	0.47509711388696
0.653735976593625	1.18132727058448
0.284403301121755	0.289302618586887
-0.0753609203564722	0.07843586018853
0.413173254108604	0.656551592128667
-0.167859121055312	0.177930759319078
0.961171677280921	1.92842815935711
0.94552529633055	1.45560096512283
0.171519393248787	0.170080660905642
0.116470335341463	0.118170897987307
0.218016083076117	0.233848146477983
-0.166076847264129	0.185398087644814
-0.0172803532145433	0.0159860649236789
0.273412687403149	0.318828456516169
0.21523051053208	0.216066732553096
-0.262953805214656	0.251274947669418
-0.477665288232252	0.651369438037353
-0.18699250834674	0.197315924312746
0.784645861667163	1.04440823738856
0.765109649851664	0.744424366420275
1.3868448200805	1.29922074967986
-0.604993751988766	0.424906279023398
-0.374056408012866	0.275456420379114
0.217518845494844	0.166563145962531
0.446727893346692	0.361492512340363
0.646415558049112	1.02235951667754
-0.00902973049064036	0.0066194285283142
0.224226220567477	0.269994982370363
1.06895248454548	2.30783941917024
-0.369577184606989	0.384676175575656
0.21640136797398	0.20242267247793
0.366139452314343	0.478260767078882
0.151967101548391	0.148591510957753
0.745400195026236	1.09593807230502
0.36764705082512	0.354857137063278
0.620250731163427	0.777752742221395
0.0226932183495598	0.0210352002824277
0.0376146158012714	0.0354167101253208
-0.945895040688146	1.61737893735706
-0.412662314732039	0.503844483955304
-0.0119041089741422	0.00998276579800935
-0.260439757975483	0.268972080109594
0.0734431401005434	0.0717735115091404
-0.263024651898892	0.303202537016964
-0.225869717719729	0.245199903864625
0.566434927084259	0.829398311876123
0.0188604797425753	0.0169942952839557
-0.369278180068057	0.440365048951857
0.116115977299923	0.117558908223966
0.323159335994913	0.459324090272965
0.559006702153473	0.572727074869774
0.409022331802529	0.457551808440698
0.513040462048038	0.64268728909663
0.762404382831647	0.640845840454161
-1.03974344455378	0.657603059775208
0.450941020892882	0.235409235623705
0.356838108282984	0.141528616770778
1.48847783575606	0.720451756296952
0.433874334590074	0.783949484697436
0.00501366211395141	0.00526795270437547
-0.225489928799778	0.264331713108072
0.574440722758385	1.04425477638502
0.12489468592938	0.15371760231
0.197085360965935	0.255272796889316
0.00611882546010696	0.00613590633744072
0.449252578666	0.693055537113199
0.70947334146457	1.28653496766203
0.670715063602963	1.16391418701117
0.397785413516165	0.616283584770384
0.342790999658	0.483709990855421
0.107981350328042	0.12349831904588
0.386071658814852	0.452040508538001
0.3946202811063	0.532129743629142
0.209230295451867	0.292901782612277
-0.0267860495588459	0.0248838471382098
0.156336440045889	0.190536305683764
0.00336918352325927	0.00317547921069538
0.398647614213999	0.512440202828062
-0.0891228000448826	0.104481964862785
0.170024136871579	0.185155879385749
0.552197819789343	0.898604326226164
0.00728727794053311	0.0064015843276941
0.360504227846348	0.514436120058345
-0.668486309474801	1.20639188747979
0.234840953451178	0.285239508294419
0.297697176526346	0.403223011792889
0.550834479509053	0.735529148023985
-0.50312176496265	0.680316861234743
-0.335792606419436	0.381907701978985
-0.988394144002002	1.73888878045929
0.0562866625130166	0.0504220028441293
-0.253974650588681	0.221795821249463
0.20414838996777	0.178196827558236
-0.296359746554946	0.317928809722424
0.595809062255971	0.756539634685331
0.592059734717645	0.749239352673948
-0.0708847183106457	0.0558349689875254
0.757153807191237	1.25946872548039
0.17039910273358	0.17514657223305
0.273455186594837	0.282844836339034
0.516192813140711	0.649454448978849
-0.863066651248603	1.48186589604228
0.350014566458387	0.483610150129331
0.136094254365107	0.155855724845533
0.392685641325467	0.346418468652251
0.0493908851126208	0.0343860025636825
0.298872889582548	0.271232467874289
-0.243301374117224	0.248366775788241
-0.0343149402759066	0.0242146773375632
0.533231867402481	0.458799441775173
0.200626131970779	0.277121279503257
0.276290218785964	0.38253647397055
0.320816627814664	0.443007881241545
0.453465501604007	0.551493012738673
0.368740287913585	0.473708358351568
0.403418957591886	0.457260296817028
0.647284318669504	0.94973253082116
0.518538835120668	0.740177243074128
0.0889748005237424	0.0782619033353492
0.154803319923473	0.159744301306514
0.165140070308086	0.159070584486059
0.757711473572289	1.11549691968455
0.0419854459803692	0.0342419126834165
0.205060302652972	0.185702249867411
-0.0237968847733152	0.0200362591169347
-0.0445811955562776	0.0363724145436644
0.523788362236367	0.643993691859753
-0.354105935835389	0.380614042795468
-0.424049450548615	0.499285408430281
0.170314793134815	0.162321151957471
0.395370540912545	0.45172172080005
-0.00639002497811838	0.00544266012685519
0.295925131551733	0.388465394120503
0.423495299471858	0.629746445056969
0.496653509888551	0.711246913072904
0.398555720108943	0.605870049540889
-0.16234939492619	0.117328250727452
1.08381684446436	1.6788275915254
0.343876554774522	0.364263472642588
0.335503921546211	0.362736982884886
0.434919098279429	0.638401210021066
0.50715835814707	0.787419275233231
0.288113554000919	0.258290851458079
0.28143561466467	0.258955953621311
0.366961204192244	0.244266752599553
0.0638203947535952	0.0283636721415777
-1.09434617468002	1.00431784808917
0.412975715720315	0.2412418819398
0.406457042011063	0.229769817583079
0.66587412445526	0.698966847087515
0.669622318330741	0.876805220585308
0.121443458936855	0.125432518190783
0.283101679397106	0.283197948456264
0.218122829704967	0.207719126842244
0.817485333295245	0.979490374529032
0.699109063593564	0.724491906887959
0.482064703193219	0.465140027933678
0.536127810717878	0.661557303977323
0.335896954087006	0.337495437552095
0.0709861889013105	0.0577755803499748
-0.102681613230518	0.0968153878848067
-0.517363678021078	0.483133435035553
0.56945180997245	0.754879451112454
-0.077435733787056	0.093691193450668
0.765763352402194	0.839692821742931
0.161146049281543	0.261273162445007
0.00267106163437543	0.00271222719764422
0.181195399265293	0.257389693565188
0.00778235373298883	0.01140329725449
0.366342231558452	0.994027263886832
-0.025499568367495	0.0362878706635881
0.242341884691685	0.534435169282732
0.211804718869368	0.437367991421063
-0.398625826588967	0.413503403096323
0.0935640085071835	0.0828131668326
0.00558576451407589	0.00406090704690528
0.767639692597251	0.52139452937039
0.123683117348073	0.0888496175969607
0.636368221942802	0.597927167656355
-0.183731798165881	0.152560705938431
-0.593570658283349	0.602200716803596
-0.0371338491031256	0.0265893245817083
0.544540793734254	0.652123189362209
0.216106575969931	0.150254921241156
-0.196750312220941	0.11918009951475
0.587894552881041	0.585147920144292
0.213763177127433	0.154251232578946
0.272102856959251	0.295111056264801
0.654539241689079	1.03699154983506
0.0897030497899123	0.169773722448948
-0.063295148795355	0.0801665879806891
0.174060756067373	0.234421204165123
0.218586386371329	0.414871566112389
-0.293206214061605	0.613292115729946
0.162879655195904	0.258141896570991
0.0831940176212168	0.12325003060502
0.0771741986521847	0.137363193692473
-0.104201528353796	0.199343683222272
0.330629963418586	0.527752907866856
0.198167178800424	0.292473842782389
0.141384660589265	0.165108725673166
0.71174800713397	0.621014075787125
0.598637710914492	0.762696555618396
0.681725930052837	0.615788477684931
-0.143301023538068	0.106650355452397
0.772588917740975	0.8580822747543
0.684704022643271	0.701087075088312
0.382183035992009	0.241479995958643
0.850049700449594	1.00385234370647
0.668870035695841	0.613454508517899
1.04636903822687	0.965401120486968
0.993414923547392	1.08341424565469
0.763334967347325	0.614084540363178
0.0066334730818504	0.00424404638365056
0.0647083431502943	0.0510505969287365
0.0968822331974705	0.0606647854218017
0.636581534704338	0.482799804935096
0.829840386170591	0.66850394153239
1.44641458827841	1.15480163709447
-0.173135646769201	0.127615312952522
-1.74639577126924	1.78531506723974
-0.366268706863671	0.236596992353889
-0.132988703112456	0.0860204301772906
-0.130765120825264	0.0814240987946592
-1.03217916441668	0.636168030526708
0.396436878483661	0.327321511106052
0.658210038047067	0.700140573986724
0.0082185894528983	0.0051963350815502
-0.050927172426381	0.063792294369743
0.289706433482272	0.274634661308269
0.813223223952737	1.315088204216
0.224037839707884	0.331326448990179
0.0105441315941545	0.0142819380069856
-0.0271089966648456	0.0349795757831885
-0.092580983669824	0.156220212778699
0.458352891588759	0.70675695101457
0.357194826136388	0.722461077571325
0.271591329616242	0.460073608407135
0.259338868028863	0.345239352213166
0.488461383066592	0.946622540891975
0.439569064718393	0.43057099178282
0.328007740974608	0.720123099935012
0.182306407772273	0.270179873148296
0.196684211226105	0.313898555637226
0.563801935184336	1.11683589856063
0.25894294650731	0.380062379260113
0.718087274226739	1.74776939424064
-0.228889440405929	0.328843906388573
-0.0216456664353228	0.0250409269529556
0.248811947996985	0.375100382971233
-0.311081684684653	0.574959486957843
-0.0172904103732924	0.0170752377359817
-0.143183938035048	0.192200279425559
-0.0612257581933796	0.0821199491965555
0.0339686965691016	0.0406507895100328
-0.263953522325611	0.382584634500248
0.344433892675464	0.480985941510225
0.375488112358099	0.430503147631456
0.174353637606462	0.251212798611957
-0.695948803569596	1.69362033457024
0.349942700040084	0.543595240548543
-0.527723608733712	0.928583056501885
-0.24754853134601	0.373513165916051
-0.00548860684196924	0.00635455854116067
-0.531664021659385	0.74982163075777
0.170437379502143	0.198713849013212
-0.352968578321796	0.508657046056703
-0.249508598884517	0.338339058162316
0.403213347132147	0.593377625996895
-0.0467037365031071	0.0482124480070286
0.265305573697955	0.304367045252151
0.00792798551188362	0.00743878370987321
-0.108859473638218	0.127068649855424
0.231097242604025	0.320122854478899
0.202710392767321	0.308250074132009
0.839416836406328	1.06138352843719
1.8769725686918	3.67655895401236
0.0257742938957061	0.0209175330387043
0.382047726804788	0.559452428154022
0.982050341119643	1.25464889284723
0.210573438815221	0.215256903737887
0.12962994726024	0.16804252640118
0.456762839703591	0.611810547060401
0.229359912153067	0.298888697965793
0.175261359341689	0.228642619607578
-0.202382936708981	0.225780446860107
0.272554343580604	0.371630764296174
0.495668022699814	0.800483924279473
-0.0327445795357139	0.0348725019112438
0.0335158968235359	0.0370939641112279
0.21198027888259	0.283392443216397
-0.0632767189674677	0.0708504522184974
0.984251860534373	2.19765661121735
0.222468045583095	0.291807705139609
0.130788298086412	0.155206917847336
0.071929166908512	0.0793402598744316
0.440508131675061	0.717510024232406
0.0228091609892376	0.0229485521286914
0.811353540247864	1.41358638783222
0.226520275060799	0.289773747950084
0.0954325721148589	0.0997131893074558
0.695885184297527	1.36298933390671
-0.545000007441776	1.00761045234848
0.388728775046482	0.553974773311439
0.338724421561298	0.448659341795783
0.0938896796391712	0.0994340660522514
-0.0397190988822686	0.044652841472563
-0.283733091227761	0.458287035199778
-0.46316421004881	0.792814748406052
0.0734198858862731	0.0889288958304263
-0.310817819337116	0.527813010378301
0.113125890270699	0.11586699235453
-0.181866408877972	0.150793634250009
0.497549244765144	0.463774491995394
0.544462460657506	0.652369302395778
0.409403144352628	0.51821509186031
0.260633293486185	0.333874314411636
0.570782933459988	0.661491065341154
-0.0229335176881153	0.0167241989240472
0.251226148909796	0.130702162651703
0.848904090936072	0.889766516447868
0.211111047173026	0.13252558953341
0.0926764440143216	0.0581714893563443
-0.00873733069644442	0.00642084184163145
0.288531166694045	0.61715644622815
0.300275392041132	0.592750994583984
0.14098294370635	0.214502859333129
0.223630412583714	0.397170026444087
0.433238508591982	0.848814922996693
-0.37620257432363	0.711338921730583
0.139068450073299	0.19798466138099
-0.578067780629737	1.29958777871702
0.0452627410908877	0.059230791373407
-0.0159014302863921	0.0189191618456229
-0.266583236296889	0.425160150641784
0.319611089817149	0.502418702880764
-0.0316673993869834	0.0333758694215051
-0.171517592596985	0.180861002118263
0.900504673884968	1.3111416049422
0.0294000488050309	0.0276518794255132
-0.743805608051472	1.11839816045735
0.44290778404209	0.627800702412412
0.182021011741762	0.215810686993143
0.130581284653036	0.181767805131537
0.209948346580982	0.333679536227574
0.105938914948217	0.130035594894499
0.221736873515604	0.32787295885259
0.077800948308905	0.107926903698097
0.122298323782849	0.17047985671858
-0.611028426591651	1.13298785859718
0.180847713522424	0.224766207130906
0.135425571021849	0.147769677123781
0.122637751754557	0.159337355756505
0.246540559531137	0.371358012875979
0.252815069170415	0.131496681737094
0.206928722878427	0.128296166461839
0.984819280854135	1.29492497481832
0.883367371260191	1.11930732903485
0.262265812061201	0.418838014646406
0.153639932054766	0.201406881372529
0.21955743800181	0.262609991652327
0.247285975179027	0.351480092785251
-0.0922012028263461	0.100961313988178
0.204809064347934	0.282939108233861
0.0895118325547924	0.110099192809703
0.166116459058963	0.219402770309193
0.338147080033919	0.488137305408986
0.190587633035045	0.253071723105413
-0.0269658880012267	0.0307499476300716
0.0683470183327041	0.0759280245588392
0.191878678056387	0.260744809376957
-0.0093811468277008	0.0113860525290627
0.125910028354324	0.168767827203709
0.0582102157473625	0.0736320127531241
0.259037459008814	0.377633000713421
0.424899247991266	0.721569207681238
-0.330844639690231	0.537882517377498
0.267305211003442	0.409455377416835
0.197666725414143	0.278759380253246
0.0441419320649618	0.0545957035001847
-0.00710547438420248	0.00821928606193415
0.0758937502996098	0.0931390153904492
0.0661487641657791	0.0756920486674509
0.102873910061245	0.133463113895643
0.115140385253254	0.137207201378452
-0.119367679290412	0.137065475032167
0.0964073391108513	0.0863352870981299
0.94006855641772	0.830925706073542
-0.785290149271282	0.627551940599305
0.224216681518219	0.16466978488508
0.6605832385738	0.796813124756202
0.359957272143131	0.614094604742193
0.327441237022157	0.360511893835495
0.522133001413023	0.468317437858045
1.37691340937535	0.820197998499222
0.373356173094577	0.360863838682693
0.226570293282196	0.127015335393836
0.394519834505266	1.0319460396457
-0.0330136715941939	0.04685055442931
0.0495085046270775	0.0638832772182727
0.0229488166790768	0.0314624442151706
-0.267493154500731	0.516304042682808
0.0447099456196335	0.0621360493020204
-0.46165965044315	1.0622884633997
-0.72505031194324	1.79010058265319
-0.262156810927903	0.369772465730545
-0.21031982478232	0.292960730254883
-0.380291695977482	0.592640879565503
-0.0318667156569279	0.0339306028739536
0.032479750784577	0.0267471378086592
0.10669699191538	0.07326453944368
-0.0920285424560709	0.122393117609623
0.0570546741845244	0.057424006003202
0.0623840270257596	0.0673004032405709
0.4710373274256	0.719918209715859
0.218661762869242	0.296562163110861
-0.239055252949457	0.384278806315128
0.0820711636105259	0.116974591831165
-0.127313424558477	0.170132170094329
-0.0630395712986098	0.0747310079970279
-0.0288118894466126	0.0367854566903997
0.183124201819177	0.254713622490168
0.344786414638763	0.498847900367917
0.178479346308458	0.271945906954673
0.283688098158857	0.481288795739076
0.110445607943646	0.12629694477791
0.221135883724389	0.153635603330985
0.18919876573457	0.258508958672761
0.210604283356725	0.327909156956021
0.233715807699257	0.317470029300489
0.0628192063497043	0.0766596558448784
0.357579650936467	0.631369160545382
0.249604108799677	0.416519888955044
0.0921097401821033	0.130693329765407
0.0935133017852533	0.119611353728169
0.0959400732962371	0.125917836132153
0.201915579906098	0.292475781210829
0.307429590216922	0.486626041366031
-0.145860087548346	0.199171301369472
-0.138371803224773	0.168962479977656
-0.0320508989286154	0.0390677302104369
0.098562696462526	0.120022666652456
-0.169263451823572	0.244974093214193
-0.00772360207623394	0.00916573038254677
0.436938684111641	0.84865297798348
-0.119520154327962	0.132130587136249
-0.533172731241108	0.530421922923141
-1.19111830378783	1.13389398970146
-0.635004496085625	0.412488575945499
-0.165651776815305	0.120735182294598
0.0116324602052325	0.00736892449330914
0.526197204724201	0.6489224380567
0.730893712923735	0.887392108231795
0.142821350195979	0.165996139134214
0.912255994163938	1.74695730870371
0.214744262729764	0.205701125587537
0.324685488465799	0.23672036967641
0.0778300408784301	0.0437616769415016
1.18907770151885	0.647455627277659
-0.0130472133892837	0.0148614280476926
-0.574576344578099	0.970595351721644
-0.190714768375196	0.266903000340026
-0.605864607369994	1.2353793944023
-0.885561712132019	1.71818013770052
0.0768285604508684	0.0972231436561584
0.0370225081640398	0.0431403565480689
-0.387186539106339	0.543270701484973
-0.152939179138602	0.22178934351582
-0.347034263416027	0.55091459684416
0.0639808815814023	0.0790948934696643
0.272787879647055	0.42137986422542
0.120887020580087	0.211290954768204
0.252844203048345	0.32664942469866
0.0183972258861445	0.0170912281492406
0.606261617463801	0.850786614415019
0.4839705641618	0.696334112957552
0.306322020664357	0.396613690305326
0.0304842307131933	0.0290653548055476
0.0399085516059479	0.0395762056908299
0.476873106615771	0.739004931498821
-0.0741020236418057	0.070833308627794
0.744684989399387	1.52739368361199
0.461066160314444	0.692068797196778
0.450054042994247	0.620103226944507
0.171158119726918	0.183608544648602
0.111893999674536	0.110217226584218
-0.897594137241781	1.53056376040155
0.266732116020195	0.341333761643662
0.310076136898317	0.3751915937283
0.718293232925097	0.998328383375314
0.364350828544581	0.468315479721068
0.0800999940193928	0.0671482809979542
-0.0803112409217474	0.0844814619244523
-0.593651555993292	0.985310208429736
-0.218231612832519	0.224335212611078
0.200295752259759	0.192032528172234
-0.248472133357859	0.274897670374236
0.366301052788559	0.74428058105879
0.370049311717736	0.548812111202842
0.319251494268176	0.469374263672758
0.291892015383957	0.497630740736676
0.141107159924056	0.159585849401038
-0.0542030115885	0.0530993642550499
-0.0291024713172744	0.0261719334837367
0.498143685955132	0.632058505010085
-0.237116283990455	0.303000337678424
-0.419937564439619	0.595240005048351
-0.146021679896158	0.157546908312837
0.447389473009391	0.641945453256606
0.495314516766461	0.534294268131709
0.492969955633023	0.693420243659474
0.467038401949152	0.538265562152204
-0.00290200853274424	0.0031791359491105
0.122558455010911	0.151781957139069
0.302610218487738	0.504556372000022
-0.211479248218882	0.296542286742393
-0.519087164119334	0.895758870962281
0.12600307620582	0.180083466117581
-0.330574605829731	0.476548332287563
0.0696523016025211	0.111006657885714
-0.0311865431155944	0.0361193503396011
-0.0796595432254028	0.113809958035813
0.112841718831403	0.165571961584283
0.372613846460565	0.702314014973202
0.981294124054991	2.27054252495893
0.0631423372472741	0.0751506444458434
0.260263664870679	0.330278654619053
-0.0162267077584586	0.0136991950432982
0.332599861557549	0.349044972657199
0.369102367596811	0.480098416134103
0.120929366640857	0.119322422948709
-0.0219773798432272	0.0247403151322318
0.311577257600874	0.386349649231874
0.612288718512999	0.916879685958983
0.546084591155635	0.824395623899384
0.476186800921747	0.723253216289739
0.208653972018343	0.210303030606829
0.806069549595067	1.50808876179873
-0.618747371975249	1.03020665048822
0.369458275335207	0.464720998181313
0.124793078360633	0.137522656060522
0.0487937857704879	0.0432813291434441
-0.262410810100918	0.307999718249217
0.754650819734287	1.09011433422956
0.449185539158571	0.638268283030833
0.570524989732938	0.822766874742212
1.18051510214471	2.05151400514049
0.653797504105315	0.964651927500571
0.366558073325612	0.355343943068721
-0.260165045785668	0.247026944573397
0.166114659590141	0.164734608990263
0.391258331860871	0.537880605541245
-0.0544841024716911	0.0485127050206163
0.455086621397377	0.554413083302324
0.981144060963807	1.65655682481755
-0.0753522726524078	0.0714270524612631
0.2773841919238	0.282652536883525
0.339111759769955	0.440807999982008
0.138729030482757	0.157750144298304
0.0531473619119035	0.060328480969102
0.0559215069973894	0.0622694482943056
0.0849834037804725	0.0971914464640052
0.519950875156035	0.806049873154887
0.48875528764027	0.968350412081104
-0.142283145926875	0.159045009449263
0.359952170568835	0.474747319350965
0.400033722246312	0.624878838563111
0.389067605125439	0.553560157681438
0.154717385718145	0.13800087589491
0.485347759703454	0.63817710521696
0.840127999390056	1.3379317992104
0.177498219733107	0.259106252589109
-0.0283444454931254	0.0380630966038147
0.141953252552761	0.21074926098195
0.17415248209286	0.24668275221996
0.0412660549600059	0.0522759811567737
-0.0714318785607146	0.0953722589732843
-0.253663053387433	0.404582439915943
-0.0196608879136925	0.0228790731597102
0.45531212793757	0.782044494641874
-0.0928127811941448	0.0898003452174924
0.314448934896682	0.50283106397848
0.303151699665982	0.404260445681414
0.111648136096853	0.153383159271534
-0.1208637232651	0.154299403432555
-0.367461796374815	0.508389767105499
-0.0635284512307733	0.0712158933255404
0.478170496566615	0.798692987605119
0.110663531276383	0.128525037157165
-0.384138172422909	0.607722519869627
0.216664655542434	0.306890037369132
-0.157515065193269	0.200622572463834
-0.186774453810509	0.258548982776308
-0.0762386779178918	0.0968145721696206
0.230744249975839	0.332963513900963
0.208216591900737	0.306371370020342
0.0566555409858277	0.0638096760289142
0.406664630633789	0.719772803454187
0.264540169766674	0.390812129584655
-0.267856896058263	0.376586574428389
-0.423478789749778	0.431109136879483
-0.200998736430439	0.29184404124675
0.504651336212529	0.956737264889775
0.116007256241089	0.147913768302148
-1.14542030753889	2.97783688745095
-0.284711835497021	0.381780438848144
0.274157370688772	0.419711839166316
0.01340142698564	0.0150307779018716
-0.350187679413238	0.480963153140945
0.385693421325555	0.630413242189679
-0.0716609270110326	0.0940611644279638
0.580112276129374	1.30896817021487
0.165674241996071	0.228231585989631
0.0908572082949639	0.11002577839337
0.394950079985637	0.363950764566436
-0.228546077504288	0.184623652561855
0.677467979619428	0.796826134956035
0.170760826581051	0.185345696267363
0.389875080706373	0.434306233603595
0.00621424788863832	0.00690204573270171
0.41610386029013	0.760073697196179
-0.119341741542254	0.157327533088078
-0.0185324159285316	0.0153183167139038
1.04110755714685	1.32636272362951
0.325827081663024	0.25141681212344
0.818947832161787	0.752095714927211
0.164569619078336	0.267049548132122
-0.0201738466704775	0.0283215635244443
0.125881330707893	0.18668923577924
-0.0842785993930408	0.107314763846561
-0.305264766701849	0.525757942113058
0.209478833601421	0.315172886803273
-0.0492557117170933	0.0560854522707025
0.490833416128471	0.950962009161961
0.583872527368052	1.35020049511274
0.174270647577388	0.250118109606875
0.0922181844519704	0.101946926725511
0.525957497513392	0.94145127543623
0.344521912529244	0.572202898383398
0.418323328616088	0.784747759347767
-0.176775740451709	0.271993511697459
0.0981849694166393	0.110877137587063
-0.0109752114970541	0.0120890691190591
-0.0605666090923476	0.0707816819361336
0.104816503446152	0.130227070503377
0.261260495249404	0.442877367829506
-0.335337231815311	0.597196219213437
0.147162655914165	0.203657485336698
0.191570588578899	0.284034339932491
-0.352588868196482	0.61418138685048
-0.257936629090281	0.435755993008836
0.363013144212406	0.609640978570311
0.122883967668703	0.159047441358805
-0.192602083672812	0.292890210419957
0.267930637207079	0.31020720007272
0.777027096132017	1.90144928093987
0.125927100352685	0.175701448466293
-0.0411081521924307	0.0495283144953682
-0.353394078583147	0.650111942067503
-0.133621314576698	0.159948995761013
-0.378541769066674	0.651980956386829
0.206256041064766	0.291234415975277
0.121444588750853	0.16991852746313
0.580218504877929	1.32420100308795
-0.0416161111551501	0.0531194414836324
0.287792406645732	0.441987715688678
0.00566454760356867	0.00636783916218279
0.196239752004197	0.29042915403981
0.633416657811877	0.597261896781686
0.890487497996476	1.0260723535747
-0.388051487488864	0.448766400806439
-0.395018200501695	0.522586896591378
-0.791009627654418	1.22564112604818
0.129933547907494	0.14127850592762
-0.0112393565472228	0.010576363969169
-0.287867361665302	0.346597523713694
-0.197899674945416	0.191811069071918
0.179853528383645	0.245673880904376
0.0279586227842333	0.0286212254499845
-0.0147895798182781	0.014852232181079
0.502919645670049	0.741238447517668
0.227042562687143	0.373264775342087
0.427884972345764	0.948951296184494
0.113555627089732	0.160179763521069
0.312442115438821	0.532070125976842
0.0865690883006713	0.119670417217545
0.0679397081649646	0.0840781177204344
-0.0050783611191625	0.00589739613397503
-0.101168848397275	0.133361652207518
0.0680376396587124	0.098078019388216
-0.563172393831083	1.17408735394641
-0.10272584079549	0.14211818579242
-0.0883605182068111	0.116686188426575
-0.109297454411684	0.158760704730174
0.294782407374376	0.461670524111255
0.0689213837474528	0.0816832664266709
-0.0487539676804663	0.0686789688487534
-0.123639474926993	0.166445588481746
-0.0102530266751658	0.0128403454190626
0.0407522819461979	0.0496991468730504
-0.0738425107729833	0.0919563790603109
0.426132292858402	0.630482685415853
-0.357182821183594	0.556355053942574
-0.123869386640972	0.183336788132693
-0.2221639510895	0.33773200425801
0.146656472507055	0.208926412920081
-0.156140169242479	0.201966876237721
-0.294270737977779	0.508467448660714
-0.269925940765695	0.420700563946044
-0.163960375615974	0.240068275194545
0.020899927059734	0.0257816598417112
0.263568778830675	0.467610621556033
-0.103444545099508	0.15185199956595
0.21267729502144	0.361294084530545
-0.0667898807793257	0.0836340203873047
0.0966471898346373	0.106280240094273
0.809733603205268	1.50782014245083
0.453088362334435	0.344597386954014
-0.489443742487877	0.342459372483873
-0.521713593651058	0.480253058505829
0.984351594392351	1.27719288683162
0.850946143299092	0.882142171036339
0.489052309738852	0.636905362605876
0.671552522693576	0.87918208398478
0.339608708422083	0.359908234217567
-0.172446310502246	0.127590737254183
0.606394475961955	1.38154783566753
-0.0351762972029667	0.0406533718519455
-0.465767424897546	0.663293071748724
0.224577415271641	0.301105935982909
0.333307570068996	0.564272376745386
0.304659576820735	0.577970737649476
-0.0743362715811755	0.104871323278093
0.271569151260109	0.482854658231133
0.333475402932036	0.578759530123585
-0.225416613382357	0.388088854560586
0.526060610267075	1.0101077021539
0.357101018232705	0.676619795778089
0.0325858346415642	0.0422891501832771
0.124481736624499	0.169589393337987
0.295834843013467	0.514519139598481
0.354239321472322	0.648577300352479
-0.225256524809927	0.363184360108153
0.520477948497533	1.14338849598688
-0.241119802278614	0.385738751496208
-0.359672138205493	0.636195961428218
-0.234224380043917	0.359769444491742
0.339149195261705	0.631034878393722
0.174922283801434	0.254719241217129
-0.514929845910488	0.944399734138237
0.32865576726125	0.567108602865352
-0.453417685062371	0.664806268246191
0.0298544512690223	0.0363960710706529
0.392504655304375	0.854074273262448
-0.00779542275931825	0.00981802854227313
0.159622874598977	0.230817215014524
0.167692674153668	0.250223529505973
-0.0216232324711687	0.026532225105829
-0.0417393081124437	0.0519270135817313
-0.50103327303916	1.01132628280751
0.139749271968003	0.203999826528618
0.295022880659654	0.584318649468482
-0.12178337984176	0.169290118518616
0.159872500128268	0.238050951210266
0.107656315218074	0.0991748953614695
-0.225977286688258	0.277331554655061
0.550052065839869	0.732196674480857
0.698490212676273	0.396986142120631
0.8730742081914	0.551473146425965
1.05277383971138	0.995070164947994
-0.88005590120498	0.759362718475193
0.310082073710378	0.252952405977388
1.81166303533703	1.45298397703588
0.746117817897104	1.1897382496853
0.81439733709578	1.42621489654975
0.283892605765369	0.258655490295815
0.214353030487545	0.17487527156427
0.303738321092019	0.267268936961669
1.1882755882617	1.96929530761399
-0.0661838775277639	0.100288735443043
-0.00295347944454234	0.00362486672474104
-0.0210729565895223	0.025103064287841
0.334134233954138	0.472106934021934
0.0280271113338743	0.0284765268194183
0.829611673977082	1.25888190049555
0.530839953959252	0.812896296445148
-0.0359931460530866	0.0459083366791632
0.727197295277274	1.93331343244309
-0.462954205404985	1.06029654005378
0.0584768771331675	0.0792584474314622
-0.00329370665675067	0.0042180850701848
0.370720918395243	0.679555839885996
0.118949816722346	0.167015574837984
0.25483036983047	0.467636581580983
0.120179718543259	0.167316062773415
0.0654327167792909	0.0848103325842432
0.0423502493740916	0.058783297155716
0.25649373931794	0.438312500974507
-0.466618858249534	1.01808083333293
-0.00910927004508156	0.0106454299333731
0.188542743582237	0.320422635427736
0.320373535775556	0.589495283851226
-0.491132988587909	1.04439670514703
-0.257769725318568	0.431296798472495
-0.203880448675655	0.34207247436684
0.090960177889782	0.135838056533732
-0.030523063105889	0.036651282924181
0.00713728876863634	0.00904140276340799
0.419868129896184	0.662888086151001
0.343125482709829	0.634503866044919
-0.128799339726302	0.177588289653579
-0.00691499654779932	0.00867347866890508
-0.000572207126966593	0.000686478285409966
-0.135861156944483	0.189595616552585
0.251660858160358	0.383446917526649
-0.0495684630151217	0.0703325350975995
0.130101987720942	0.182929077376448
0.186155724189991	0.285809673212869
-0.113243714170153	0.176259819768175
0.154587515263968	0.255483212995826
-0.147336808349544	0.216783946978397
-0.272111866713749	0.315715185416915
-0.145440683884663	0.15644425227057
0.576588538734981	0.924570779227402
0.479548319176031	0.457299664982737
0.214753507017785	0.157772070794938
1.18719209879279	0.642814372381853
0.0808364261304483	0.0454379542357543
0.323921448455624	0.248812137020577
0.416583650657197	0.35640896279296
0.901189845553117	1.00629439159588
-0.0420806549258132	0.0298623502754519
0.154254013297215	0.154140015072152
0.344477678062033	0.379032054679179
1.14776440626189	1.26520629625767
1.37533916629818	0.843658211662933
0.506746296984186	0.241469874721348
0.0575697586436501	0.0234559035045558
-0.0361318109593787	0.0467233012185245
-0.227022603283409	0.268275830407882
0.130878502922762	0.152657500332131
-0.189334664601381	0.213370022751448
0.15226076291992	0.13631157569622
0.555259660633569	0.826868848597052
0.173696163746269	0.293016311137139
0.277817283651456	0.593360492191988
0.0188558523119772	0.0246507361722493
0.201255501838104	0.327570906484416
0.144208986891091	0.229929118472739
0.279025811326685	0.491383852933514
0.184112429068535	0.266382574755226
0.0981079686252463	0.124919299348022
0.541188735304402	1.20597042929591
0.0672223331698653	0.0840155936565864
0.0114117901733525	0.015153315989591
-0.0454547728269035	0.065754877430976
-0.46824197712541	0.996314059496465
-0.104279042471198	0.156196287954009
0.221523457086348	0.37814529131013
0.378201172449442	0.770225398759251
0.0952484065781605	0.131072352400474
0.524893933223422	1.17135329659251
0.055795942963625	0.0756118687370734
-0.0451259632208802	0.0595123221896381
-0.257007112547277	0.444043018090559
0.471451536997644	0.776806682865078
-0.230754724751024	0.40202253064088
0.179619663408073	0.282814419820773
0.257925088782139	0.465263642048168
-0.00543439257121713	0.00746876159239951
0.241869250757905	0.385706462515261
0.100911446293124	0.138467750815743
0.129545043813916	0.19390439048628
0.783615097243111	2.01807331716956
0.485938498929052	1.0442292161627
0.269792113283199	0.53761025943029
0.419897312151082	0.914963106066858
-0.248535671713248	0.379478709190098
0.0888188437400792	0.0950927981323899
0.472676735636169	0.901755082577163
0.825506436458849	0.656299657309341
-1.25603354869749	0.721950235247382
0.325323604436648	0.247192702801902
0.335980469503854	0.246780573670256
0.733225596602275	1.01138121682904
0.269412292359981	0.2834935798635
0.0374538090266293	0.0304781533248763
0.108611157104879	0.0754209244966624
0.355491347964403	0.137861702299671
0.453438080874604	0.24664217956191
0.960075110292779	0.361028896545547
0.586122029015972	0.180333700048675
-0.122690938296601	0.175411184942692
0.231437417161765	0.334690582765983
-0.130669835490258	0.162697864889907
0.698699992995818	1.02316655761004
0.56731304058963	0.719456730524684
0.261671587566363	0.454611231388778
-0.286397112172989	0.546090200504515
0.246759068979541	0.436764946272744
0.0426839106940888	0.0562357945324522
0.493639973731629	1.16393246876572
0.564158946786769	1.20383856757482
0.0288683421421514	0.0328349821955832
0.672654753414961	1.31320768101369
0.490495806064082	0.994898475987528
0.0912411770082146	0.124353590852922
-0.608388953227734	1.42917460556558
0.0197739674884542	0.0253490881841253
0.192367603640661	0.298580916864736
0.064757276280328	0.0801726761287224
0.44217237095192	0.87853235819347
0.0556491037059841	0.0728602065478754
0.143945805178411	0.20527299956946
0.331329535830759	0.644725120720126
0.080713232447746	0.106969138279005
0.10278102056691	0.16011064471216
-0.0209941928951086	0.0241203760489747
0.295234423815071	0.549198089607472
0.26079391949538	0.481894664319733
0.237288497396599	0.376808567652592
0.0223241139153669	0.0264557860704956
0.252846467172303	0.385914065626331
0.648301987694754	1.59019544245373
0.109603202962538	0.152803697993141
0.169591369324611	0.245412934939506
0.170448305323227	0.27728706171215
0.48195580450804	1.08973361189436
0.142582909932228	0.202001851876649
0.261458795636916	0.279503117631372
0.325671578296266	0.472666715171604
0.37578057330859	0.236410315144846
0.222887893329909	0.122497427077994
0.0618044900178815	0.0257721293890061
0.712747199993973	0.630430043006656
0.425803497396721	0.353937141345273
0.26365093381838	0.254164384422502
-0.201925353208833	0.165615883547666
0.317003122856416	0.352280261551487
0.375099710266073	0.351453185635602
0.221338795297834	0.16302305923173
0.699770062959998	0.394314569545288
1.14634049380141	1.03850896819983
0.974586148666818	0.462111456284406
0.602407449992412	0.273596282394383
0.158453090116181	0.256713692873925
-0.0734225270616647	0.0999705791366597
0.267440575708438	0.406619322636232
0.328721868145893	0.487284701144125
0.0538263351592327	0.0538037658162727
0.273181796703916	0.284646576276242
0.11724561998857	0.0784393548743418
0.146549734978492	0.130948043387984
0.225388742715077	0.243046773223187
0.0834905105982794	0.112797532439478
-0.0657430897196181	0.0976413637759083
0.28557356956824	0.468909510110318
0.422544526429357	0.907114495196397
0.417432810559825	0.789602450055603
0.580019207569384	1.1584926501883
0.388689806159145	0.694048553155209
0.175646141785337	0.274871749608183
-0.458425545170399	0.85546241443476
0.0889130608684533	0.121815517156929
0.460767249062116	1.04471796678578
0.189826092021153	0.291118132779765
-0.00791446795646221	0.010368685734151
0.041486569680333	0.0547505676168986
0.347459653967286	0.634107448280829
0.258205802493419	0.440853857414603
0.37169650013111	0.847910705093608
0.163590996948322	0.247556959776787
-0.0552012244607315	0.0755662467967931
0.130647579898739	0.198934965103585
-0.0429467019941306	0.0543234863082033
0.106527635276887	0.147445865588405
0.743105860481404	1.9536221081249
0.446407336437179	0.772864236839467
0.228010532674684	0.125414081260949
0.387660282738025	0.243168739667694
0.454693208259685	0.350604466718812
0.308552566873688	0.254964900069545
0.456994672825533	0.542465002359913
0.679911498600596	0.893720541550029
0.680863234812619	0.970402610680058
-0.578188549770128	0.534641879682927
0.338159102581323	0.251416460930828
0.81589850513453	0.410913801403934
0.309873752002933	0.135548291977323
0.128673740257697	0.0256349097748181
0.740442675488468	0.308066811721016
0.226087289538056	0.381232001129633
0.0551741392137242	0.0807469636635826
0.463346807480475	0.798567725587562
0.213170859108466	0.209650479830946
-0.144928339305167	0.133227578969943
0.167662097974086	0.26955077107841
0.25665914852358	0.473492679779383
0.0495365893124831	0.0646064814521576
0.114964701097306	0.173069411339579
0.224245913764631	0.41304126083695
0.281617245051071	0.435324548574961
0.5763662793194	1.20521024392194
0.348903592165839	0.662160272299714
0.426196899940026	0.915555327664163
0.220679622993074	0.35398761502132
0.120067681207373	0.178413571303648
0.520942297215749	1.10668298150887
-0.173051900145253	0.261499186184073
-0.00794643577968228	0.0104033347579986
0.243988151358538	0.42676336670126
0.244142952325279	0.444881631679681
0.0759348219894595	0.0944755390199567
-0.00849172954255825	0.0111755741839526
0.290560144411359	0.463151536434376
0.227105198461359	0.34386541097744
0.421088431270378	0.734578538030148
0.0804637162677643	0.111074587327774
0.274208437694983	0.311649065309702
0.264385266192458	0.269471100027743
-0.486597419817672	0.594872378032537
-0.0914695714260375	0.0718223401408425
0.412379327216545	0.439231807434432
0.755819307556142	1.02617268096615
0.0595663547274934	0.024819489971002
-0.282577261649082	0.15452793396507
-1.19332852414176	0.372477145095083
1.19427243496213	0.649744518898377
0.210115247005276	0.332479126139509
0.260009936912451	0.461499568092066
0.419670905486703	0.913353864917016
0.12847189757604	0.198235093318213
0.476144275072532	0.893901983343934
-0.290262783356602	0.471015033118429
0.128047913998758	0.191587337844768
0.206019235231626	0.311804281894253
0.525143733124303	0.872072458100527
0.422995805904707	0.66261101996435
0.380826800830351	0.629930389070904
0.446108377974258	0.759966761492114
0.546466864809241	1.11287027310226
0.201497681762622	0.259907273841651
0.287884748369986	0.416834649627455
0.146694184662015	0.180620661151936
0.486742711496158	0.916365264345561
0.0711717117690772	0.0884812863823069
0.170207424936542	0.2303546400359
-0.00418329509943879	0.00458931669181794
0.0702180676727316	0.0893467060219806
-0.234947912271771	0.366792113964463
0.455476580748757	0.865624295289821
0.184423119491765	0.229932116178756
0.444361558308582	0.759807072886083
0.154494343699011	0.145108309022906
0.35474722114075	0.457260839913933
0.026897309696739	0.0248613275693533
0.228435186430038	0.281222708041289
0.387715086594802	0.437569964559184
1.12864072105086	1.72536314296304
0.485465251426772	0.537906231648262
-0.666096362249924	0.48639173496694
0.782871237592288	0.86571460301551
1.14645089870897	0.867132192588107
0.00319664006753398	0.00377679193965285
0.127385502362043	0.180425360050392
0.0140747249514543	0.01517885812652
0.224393110342287	0.281798085178548
0.363483074333632	0.62758506183816
0.599575164677612	1.21468899885889
0.426541805031997	0.726845276017084
0.367712333001141	0.591902661123263
0.298801484368571	0.506248306203077
1.01872336988383	2.43080441369464
0.385997939421874	0.619464483519836
0.0220036253724393	0.0243701349527713
0.261286311416568	0.374709785905583
-0.145625061294352	0.172089239964765
0.146359241890316	0.182306007909256
-0.118808409167927	0.14542957124492
0.407779024624082	0.700826103479443
0.361468425714991	0.577464770646075
0.420759897775268	0.834566381165192
0.18663901925274	0.2391701122529
0.541481420049197	0.820294686223016
0.0240614982985111	0.0219913299819345
-0.0450523928617719	0.0397717400350539
0.112869048289911	0.117698154201343
0.460983322451973	0.55063047254718
0.519427841993227	0.468379260308524
0.072242506764942	0.0384314537091341
0.2082558766966	0.138270672058038
0.230124581911724	0.130615429582222
1.7809285244183	2.1215657907262
0.208099967377282	0.308106772732575
0.141013400190313	0.224194277836158
0.202679490920889	0.35000266976008
0.468390270968917	0.958440636524465
0.16865551137297	0.236319777013301
0.157007573090322	0.186333387478974
0.265658956478866	0.384769020584172
-0.500640732525965	1.02287333496467
0.0625375021897834	0.0731590099532011
0.349536286813314	0.588232492323159
-0.157712778291554	0.19411041308995
0.0963286981646912	0.128907829239177
0.138894145793908	0.196614679811172
0.203160300177645	0.310755130858549
0.250792732420198	0.387716947440356
0.409001102440895	0.786832082970605
0.240781747533133	0.389768512083259
0.166307395956522	0.224928986310261
0.488505695884159	0.704526304525599
0.481215594996629	0.636471151577951
0.645323788295985	0.786050462542597
-0.103086242830794	0.0874947012635802
0.0372312015575357	0.0322327115620125
0.204079258823976	0.171894374974752
0.671881705307217	0.805207748718798
0.972968689357011	0.966188876554895
-0.273436523973559	0.189994893135506
-0.183670010829452	0.0763984050442867
-0.153277217430926	0.0683074040147522
-0.142856714477221	0.0640870304809611
-0.183537775507469	0.0759718253486424
1.31122100978745	0.94976053768514
0.441423352164695	0.698619719704931
0.374755915682536	0.769619913824409
0.186915028230719	0.250612916414474
0.299605216839762	0.458264387661193
0.499341186764474	0.962972086154825
-0.375347016597037	0.689697465137272
0.186894208901207	0.276380253193117
0.313661350221261	0.52685361501085
0.0588495981179562	0.070735672178291
0.101862816508858	0.137457742732788
0.060691223875461	0.0756282756317422
0.0339370119782531	0.0428100791810402
0.525353022100008	0.794879609464001
-0.172507113377765	0.183897697436836
0.277316548984211	0.309068696841254
0.813784374986691	1.07334679448597
-1.00465899059954	1.39696058283125
0.43472640238939	0.437843716003454
0.291095082960955	0.277509519129111
-1.02124003977291	1.34777357815677
0.320530870853938	0.24196576606043
-1.13852561345588	0.905409686567932
-0.860515890331446	0.385211519084534
0.242475556341072	0.114755685419301
-1.5831042752867	0.578592391284284
1.0050931196883	0.596031234171923
2.04227853870166	0.907773563954676
0.608186892022745	0.899389468150095
0.311016248248544	0.459460619337912
0.302453544296648	0.566450325229256
0.576672954308675	1.48224015944908
0.173188167526682	0.246281079386217
0.0749305832929155	0.0955256624931977
0.182303979581531	0.234556467469419
0.341428854452382	0.558693542224365
0.215438066645696	0.266458510146991
0.690546289064241	1.82262000234446
0.28565086173802	0.425141887135825
0.315226105189902	0.475137138782036
0.236966550025624	0.358927278412923
-0.0978904085340746	0.12285889628257
0.123787661918298	0.164255040783984
0.274852210799909	0.448712378742334
0.115379153066583	0.168440985306138
0.00487256479436795	0.00553585432765268
0.350125707570379	0.569485839109678
0.396022334727028	0.534791458981062
0.439293073157028	0.864245536311971
0.285345087739256	0.262788620645971
1.09098387998074	1.86287296881217
0.278253064852061	0.254630242191042
0.293703610014539	0.263302545513193
-0.00509205235629888	0.00369284010215109
0.118626379930315	0.0843494048904706
0.76784424317447	0.849866521623593
-0.107885456406638	0.0722681672728524
-0.273873529020876	0.149054108468198
-1.24843239601108	1.09255969319976
-0.600108603959925	0.234394536481872
0.0658107199391254	0.0273661917141839
-0.304738418887242	0.104245986734611
0.736776504233154	0.304696127501345
0.0395891193336158	0.0416011819161158
0.323345815142666	0.64201688171597
0.231772199951587	0.391002209697931
0.345662191342473	0.650580383959715
0.363969705820793	0.803014324871873
0.484229847005412	1.21057757618149
0.604963278305311	1.2238936379984
0.313647702850571	0.566083843071139
0.283422573657148	0.432609182254697
0.281413114185852	0.498408994578492
-0.00966276767920957	0.0104065816531281
0.30906047610726	0.5100394232922
0.239851740090045	0.366511884199142
0.479042520766652	1.05456517163501
0.4918149035501	1.03228918765861
-0.314192542938171	0.561240020263317
0.0143000369375071	0.0179869340497028
0.244969400274142	0.407748250425923
0.155859432319142	0.22776048035057
0.17886090668797	0.287745411175103
0.213972193115203	0.334532960444598
0.239207320588248	0.366699298631765
0.216367919902395	0.298723078932663
0.444290999877115	0.832947356948304
0.149469110293809	0.134431603281242
0.324926969109763	0.365966318229184
0.145822316078216	0.127429145339695
-0.138532857391876	0.105038434405849
-0.347398319826147	0.367890407850554
-0.578012671821326	0.541418035127781
-0.226058426739379	0.201935506841816
0.478490180703174	0.341887405692402
-0.15495376552075	0.0961580228640407
-0.236809020542497	0.0896002539487192
-0.776903944377908	0.626475951409653
2.03867762216033	0.910709981607031
1.24902601731975	0.551051541082361
1.18911850217013	0.641253424540998
-0.133629743663664	0.142999587008763
0.15293194156586	0.187292674663636
-0.568691193186484	1.27136585132776
-0.485544933872374	1.04450492843982
0.0931053647385072	0.121814433899868
0.0780544948240772	0.108298002584612
0.142484433424156	0.231808416816646
0.420925056581548	0.912118999204625
0.433397064269005	0.798824434222294
0.211453906177636	0.295382418934879
0.0627413104029986	0.068451929015946
0.475226927922708	0.865191733239945
-0.0215733898892321	0.0257367218241813
0.299862185435207	0.411300293148882
0.183985872215633	0.248322654142387
0.574290608011923	1.06040495136933
0.408170682289581	0.708831599262167
0.372209467154455	0.685735328681985
0.163427004955393	0.188853276538172
0.730049121292094	1.61874157002996
0.0163019789155324	0.0170367853963387
-0.335415910798317	0.502013209005969
0.253355804937598	0.383355104457308
-0.0690699557497913	0.084938795508307
0.106538671964687	0.144782266721859
0.216391510057458	0.329010168421328
-0.0698075279420826	0.0836043724078088
-0.0000734498039256723	0.000021147515831875
0.232131521408939	0.350408933951618
0.185113186573202	0.239440869032835
0.0521137022161287	0.0568005245605677
0.526252158222482	0.978971997557886
0.230310747747491	0.37769217518613
0.54444972747429	0.739242520422383
0.229487678673386	0.223185484753086
0.033553938594602	0.0231879276927052
-0.460607453232408	0.374011523991813
-1.35891499784806	1.66287783942907
0.113077241085208	0.0747753494903472
-0.948424220213953	0.93695581633394
-0.335442499171119	0.170656602638544
1.16472211173635	0.774702145147622
0.244532396121759	0.125103921629567
0.30866289132127	0.135204932891989
-0.694032318883316	0.347081932150566
0.0654907844243221	0.0295612184503967
0.541156845261141	0.808095732313312
-0.0594808354094128	0.0694165428167257
0.0484402681218661	0.0492219599621547
-0.143294188787611	0.16931070618363
0.627479560888977	1.43244959976303
0.100301593230977	0.148888593302312
-0.536866005317566	1.25121513181082
-0.0827006345713852	0.119412488214982
0.281496964673868	0.545517719408119
0.0838357481337627	0.12773010129531
0.293375011421338	0.462189880087353
-0.469747309101607	0.777607609786216
-0.356654566002532	0.570501387649061
-0.066522830512917	0.0845570784747555
-0.104600814174946	0.141330211216504
0.464426677307519	1.06481787087199
0.066276842638595	0.0780203851435864
0.0592197044108642	0.0542140545535499
0.0236673678470652	0.0215328813070857
0.701657774012474	1.41049050491778
0.416605845929092	0.825399860531013
-0.522916673683771	0.927683861800073
0.404621749589507	0.718156562101123
0.39084825544883	0.657917169804399
0.177247416104809	0.257398597746159
0.450939193394727	0.80962102312939
0.367080037990209	0.539941821448714
-0.200466783867818	0.295014225058513
0.572598290352044	1.17027010253825
0.0508860251102203	0.0602931336385638
0.0648224566089513	0.0859245266568138
-0.0572743268090258	0.0719780968031141
0.328390586280291	0.564698037206971
0.239802128455903	0.376171936708797
0.273256862212886	0.446018665799068
0.36022806580583	0.645112231370798
0.606671221023054	1.00136000771742
0.126281907037049	0.174899076160088
1.14724500365283	1.16334178303167
0.858927072970081	0.910100900770673
0.734804334584336	0.919344679897334
-0.470509039115794	0.488832598958821
0.671382231691098	0.613645141695876
0.536562479011324	0.562213297274921
-0.247260416767781	0.193187090426585
0.581100140088784	0.482782325003738
-0.0432189574814232	0.0301540228223837
0.494186453570723	0.360530675482477
-0.124362905149682	0.0601362855823334
-0.325251605597339	0.167988915392457
-0.804010462978205	0.288213363817586
0.982296748423659	0.460700265564235
0.444221279866952	0.157927188282695
-0.348471046123533	0.540403068148855
-0.233525813887064	0.31293192193899
0.148672823108245	0.17307200582613
0.0572112515176566	0.0656886329383442
0.237172331951647	0.407188352098761
0.392737335308634	0.896121977991026
0.403022755617052	0.900746344490044
0.112636172017284	0.189600405563785
0.112273554970364	0.190857219292003
-0.488655397231026	1.22614860307666
-0.20913681314942	0.330689899502583
0.269775207662794	0.463664614443397
0.0748746363363832	0.0964677442935552
0.2967149392743	0.488497369878419
0.103594590223656	0.145240178938091
-0.0358618984227703	0.0460046469501812
0.00351214001287645	0.00373782629161973
0.181248319477335	0.23081277754659
0.145860422652739	0.196922133868903
0.313898509110118	0.562057797041459
0.126659374961772	0.164533673056186
0.158588184992745	0.236264581943203
0.126210598899031	0.148577308970722
0.120885737766396	0.164625291286629
-0.434750726910573	0.817877510896021
0.00129814625436828	0.0015301018457048
-0.617446784736601	1.25246913238006
-0.152462017386903	0.214684572238646
0.00669468513633862	0.0082094390848777
-0.161038861260007	0.259256265427188
0.269940062820552	0.492039661183575
0.30330527736114	0.527591117758442
0.37830977346928	0.631157640427883
0.564813862646753	1.20676350470675
0.303729716266477	0.409278935418303
0.317486328601181	0.607500384085202
0.342420004489667	0.706584132696153
0.125128283918412	0.179063432049884
0.3143661791539	0.2447083329574
0.284685113088164	0.2847438601538
-0.0306746794464257	0.0278140091330569
-0.200326995884547	0.163458430934285
-0.574180729330783	0.540044765103614
0.146284849834081	0.117701035088755
-0.308837287880667	0.265827583648968
0.345342107426354	0.361267387135137
0.117027737733618	0.0811371658935851
-0.395639794593135	0.185871663237232
-0.434097529455791	0.263019641509057
0.309492823854874	0.135298391966626
0.514752773315638	0.25848043053159
1.38274642705917	0.824143358425527
1.48763383484625	0.743756854838026
-0.340149635345085	0.621021437975502
0.279690359532948	0.431136584535039
-0.313536193322117	0.455316398447721
-0.162747799383419	0.224722117349236
-0.0024248103445165	0.00327384258498917
0.0295475272631383	0.0448847628617099
0.0174973828421452	0.0233900379648685
-0.309960837484555	0.616970574928262
-0.0973870511005791	0.154759516482237
0.295670988140275	0.628240326057311
0.196126142175293	0.319375300338481
0.355008598872587	0.681492021088059
0.390209755860165	0.779428564088786
0.0201032688234776	0.0246676252568175
0.248852857105239	0.454908548395214
0.231339785171077	0.369971266832264
0.180765783843322	0.256413005167659
0.200173361309973	0.316667253404403
0.242454630854903	0.380554258117058
0.680675000636065	1.9488644149772
0.152900152040762	0.219320234532399
-0.0368101533284489	0.0464155318963569
0.47905116918943	0.993352722300531
0.274448084015766	0.432318217674284
-0.171531965177217	0.275039716290829
0.124884407357866	0.189590288469164
0.121163919131137	0.174900792941016
0.73923788966976	1.95645419817305
-0.137023762213397	0.189377401020094
0.182188885876932	0.299399520777829
0.309667773992603	0.5345215033137
0.570406396485451	1.47569063951547
0.296219360658438	0.530024008670849
0.267212053083892	0.478613714094652
0.325680556595558	0.624031870864194
0.410385502731631	0.926525053556207
0.317386189422924	0.515742260514093
0.213289946820234	0.333979645420065
0.358398202962755	0.686963809264685
0.938424082233461	0.803856454733994
0.211172405899247	0.140601069625545
0.29290812775016	0.265820359800248
0.81622555910828	0.974021563861692
0.837054862469804	1.43256752137843
0.255830853687779	0.275370026530624
-0.0310982216607397	0.0257988238163842
-0.1504912947188	0.12491999031497
0.0537632600146035	0.0415647835833154
-0.65847679173537	0.703096917922059
-0.518493932689921	0.488654222560166
0.628930667049045	0.68067251253685
0.0643030552050729	0.0339911377560672
0.612022133137919	0.491806552533129
-0.284332708517235	0.156640665476965
0.248650916021109	0.128955016892306
0.603742383742606	0.277011305688557
1.30720723701894	0.948063332323305
0.0656857406548986	0.0221501881029368
0.0631657953710661	0.0254685515872041
0.464724959167371	0.250228967275672
0.307943647364774	0.134773424839137
2.04161094165629	1.36471275439718
-0.0491956350444039	0.0543882357026257
-0.301078594008484	0.519827562319247
-0.253725078992012	0.358724317059869
0.355180048971863	0.624994756287113
0.235289608642487	0.47427146422361
0.0984096651432698	0.173949047527827
0.205846012268812	0.372971648783248
0.528148311139751	1.52192381182453
0.590868761560527	1.79866394528212
0.319797645368608	0.658925994972189
0.278781007355569	0.523898209640769
0.281685163382655	0.529700346582659
0.300835296330449	0.51195698783518
0.289835903833384	0.490028602562675
-0.0123316392484501	0.0177122901945073
0.0252621472426775	0.0352346233435035
0.0857860232496967	0.109682079053889
0.165121620910525	0.228849565879383
0.222724201113561	0.391918377505023
0.0940309002679974	0.132240003611395
0.301357423038609	0.539752787006376
0.57819005286254	1.32964301261337
0.285778325720582	0.538017111649146
0.177992849288307	0.267560169614309
0.233573944552475	0.362778723018218
-0.198215763275275	0.299246552112221
0.0331937449079491	0.0426819997297425
-0.357785837159883	0.635304245847178
-0.0513805446730729	0.0645849338365733
0.0211084547767113	0.0272477965176009
0.130395097691373	0.207428093630514
0.108965939841841	0.172824407684086
0.300675274099058	0.620705048159188
0.555646030513948	1.27301645436385
0.177087002055198	0.299973113606494
0.0705726328694748	0.0944880947326318
0.352777550575607	0.739848052271874
0.211994941866807	0.311479277958585
-0.0463579622598888	0.0629769670019316
0.283105153443389	0.563447258053373
0.210113793144068	0.153578627258511
0.353684777485433	0.350345783769335
0.278769334451622	0.285869369898807
0.551309050275555	0.873496951029733
0.13103457934774	0.106508109773397
-0.0307025489103674	0.0220421313425071
0.140072228677868	0.109196765775764
0.0613000985400657	0.0464221540974755
-0.4083863081165	0.40082086692873
-0.325300612387482	0.266699752298623
0.562222523354389	0.46842808463231
-1.06084881734043	1.06501696419977
0.0678352794656287	0.0309999349654816
0.06904326444688	0.0342135625016404
0.0659195723604336	0.0220891693214375
-0.553941463944639	0.381380551790179
0.988285800670648	0.464034382480055
-0.233684747817672	0.0881977990616734
-0.591929966498134	0.455983516059684
1.18983176839691	0.640222833215216
1.44076990149505	1.14542120075485
0.870940730351894	0.545871960451731
-0.155061629065695	0.218789848595516
-0.199065838241048	0.278525527352456
0.589847038805465	1.05473043602194
-0.643660767672228	1.4391867433682
0.0293855672236279	0.043298620488942
0.115653767634053	0.19161282054271
-0.0100137812240487	0.013554890801593
0.0454420379875778	0.066979576342118
0.310724698369903	0.674942100019716
0.29548831350382	0.573375516112218
0.610948447649923	1.54508730436518
0.224861476453187	0.348357285743413
-0.368246598431955	0.674440434676757
-0.439204600092115	0.853448438570513
0.47572205936717	1.06482466031303
0.585696899525076	0.829163572916749
0.216095331296213	0.206027340462281
0.212603666764116	0.318400786689878
0.453021567992562	0.923056509695118
-0.45341520440879	0.86766291275319
0.223425666563336	0.295747278812528
0.125396904518157	0.167060882837702
0.0314288600740822	0.0384759063403518
0.418691210443837	0.828476968777341
0.448787645395306	0.874765068773691
-0.194688006376474	0.253955627907692
0.0104670173183075	0.0124362315586538
0.0700092803325157	0.0954366639053834
0.557885886591381	1.15282041632242
-0.0228395005732582	0.028293682452441
0.0703315051188132	0.0925287407619108
0.0617793151991968	0.0802137367866756
-0.0358509866468997	0.0413410025276522
0.284510744974049	0.494071440344753
-0.028595592896775	0.0326168596472382
-0.177076008016775	0.266108057793688
0.137300184210609	0.182406764237854
0.323780056734615	0.600859178355937
0.287747283867914	0.484165436170954
0.143509348952508	0.193523096965041
0.208980552579548	0.320013652925321
0.296524347028691	0.503814518941533
0.293141801478553	0.408998313514452
0.0506536075399298	0.0651138193010559
0.0301436272446213	0.0370371890112159
0.192037869716073	0.294829629699868
0.0483581975776268	0.0339510197758665
0.212073952500336	0.198786476078617
0.425816395251102	0.533196002595442
-0.378659042224177	0.512445641528009
0.772933914873184	1.11518699652083
-0.188687047669359	0.11273949155488
0.450237577670439	0.362287995132805
-0.692646307920976	0.877129136948611
-0.624111630109967	0.55978966267499
0.222598637146241	0.182264915595252
-0.364264139108633	0.268331838864926
-0.199432056650183	0.122075809540538
0.81040627777665	0.417522921974896
-1.80794691579151	1.52476398734162
0.518914382626867	0.262336735125113
0.0612796724645056	0.0229203458192725
1.43226657931612	1.0948685329288
1.87703818535811	1.16050551939587
0.216830659244142	0.136506344174725
-0.18028364796	0.074932592766595
-0.479409081166917	0.207219943768913
0.0618015285061207	0.0208222215561855
0.73917039610108	0.310659749354367
-0.108144267688473	0.141174302548512
0.493791310781854	1.07085241853499
0.0317453525220253	0.0339202933128503
0.192104519423887	0.299061042081612
0.107710852265135	0.185341526728313
0.218225858440777	0.486754279934615
0.0818477953330502	0.122541874821342
-0.0308131369316359	0.0445399909154103
0.54045484818905	1.54141545016687
0.0904360128061084	0.141196974278496
0.563175018859009	1.47080747821349
-0.137361213106522	0.207968946799463
0.128902880761064	0.171825691405192
0.177143225346624	0.266294135651398
-0.127783521437589	0.19744623481169
0.313782140821894	0.63050976105979
0.646450182001523	0.962598821899183
-0.0505428917663993	0.0415410822127685
0.577293572501125	0.477566873712523
0.365656358079709	0.655310869377142
0.139463187397236	0.197326493268014
0.125417096438921	0.190993348570438
-0.174142587593986	0.23753060297278
0.159256500855914	0.21748715238141
0.132002739689797	0.176296676660162
0.344270519455394	0.583375113841258
0.613861489834865	1.51640539252727
0.122707935234137	0.184081664532699
0.159603875385375	0.220025628367464
0.3684001542371	0.652982980211205
-0.222157364911688	0.35802050307264
-0.0315359310465035	0.0412174517419753
0.229272306795271	0.344962263423231
-0.603078354787876	1.19088515794845
0.0642959780093727	0.0825502230837738
0.46648119073154	0.97766434122806
0.293866950213491	0.508849476255728
0.370050224853354	0.70186968668256
0.422415333381312	0.932699114823112
0.199647366803574	0.325483795123511
0.04365507143986	0.0528506041895693
0.419568914044017	0.834733020360616
0.202435731565237	0.327533727928358
0.382835905072769	0.749503648023868
-0.273502413833859	0.510202009412771
0.279152197265866	0.444808734384443
0.433211388873064	0.932049348265975
-0.30086323374951	0.586381188846289
-0.597927362694341	1.34177351860846
0.882961410370451	2.29213144969469
0.350550212196607	0.577963813671861
0.440380512051957	0.544247788865844
0.270571714033488	0.272677337226188
0.147661388764739	0.124532512233363
-0.441325760714796	0.425588346905406
0.144504020041581	0.121725925129112
-0.107021724955212	0.0828904375752785
0.126156406761167	0.0877383226748954
0.0642253801272901	0.0264802569849906
0.421270071770813	0.352862355568926
-1.58444795574795	0.812353588229672
-1.57087718335479	0.830159333840438
0.437841283484758	0.154905994038644
0.0811539164505576	0.0465365465793647
-1.18711279990099	0.82017316263346
0.312492311896497	0.135182585089857
-0.28117995964821	0.192662581121416
0.0642269721969417	0.028838392123561
0.734870762081742	0.307858064641708
0.250634371374328	0.131339774009145
-0.159933231089532	0.220319230359318
0.0453321321772665	0.054783770994502
-0.174288437002432	0.275797642881874
0.325199244675236	0.787189123593331
0.199051961687816	0.396849196638791
0.166953629964905	0.270439990208891
0.110468434541974	0.176999943776286
-0.0335721804106406	0.0541596042683378
0.474930175508685	1.14574699490945
-0.00890444833170192	0.0110837972195623
-0.328349137210026	0.578460473564124
0.338346541509044	0.671040387703537
0.348466700634903	0.596836583672679
0.4333909468551	0.903275571002336
0.158434290376247	0.261240331007619
0.0466583485285387	0.0582549173349615
0.217141157568692	0.213225248904361
1.10729787162378	1.3896138891246
0.539553061225394	0.473678472588236
0.146439889375623	0.197931241275167
0.463790086557955	0.944676333628858
-0.35697077354254	0.5571598843485
-0.125746087310867	0.151867422440068
0.055213160818772	0.0668095826157497
0.132908023186963	0.153025678047529
0.52772177051069	1.11201653265125
0.501345985223369	0.96338409981783
-0.172361381816612	0.261764205828763
0.542746780211756	1.05599230681312
0.0445516044243363	0.0581042540023361
0.817677955060578	1.99173180995684
0.0896477106890972	0.116862737887129
0.309503304099918	0.478583496393189
0.27755261803313	0.439898735588364
0.0918037116597193	0.130951027891341
-0.281681608375515	0.467241810250877
-0.0492761501443689	0.0613160580007674
0.601220318089133	1.15372447497056
0.420215565577684	0.889241087551238
-0.109763768014876	0.155787580149855
-0.122629603076978	0.172760155888261
0.325266045424051	0.589707923802754
0.154003786479931	0.214811522134783
0.24382343241722	0.408998515547398
0.150661449355625	0.21441329172925
0.18681367552943	0.300203740432824
-0.061912514560654	0.073569411710259
0.198165439749476	0.286666230189991
0.541849785479876	0.9293546364506
0.225192624812193	0.369587949350676
0.858223592314487	2.5053465825698
0.622511299954364	1.31499688480726
-0.214405830044352	0.317681942453681
0.22768287402812	0.362833694825583
0.0552381802464767	0.0726320579122353
0.36377635644319	0.707853337995886
0.230228981595704	0.330845794402822
0.00461024389859269	0.00404839952909266
0.113370166447161	0.108296367373492
-0.619413719805898	0.836621740039801
-0.262584877742366	0.225520117690942
0.137073252534346	0.105596279493344
0.606298147504782	0.679344132756249
0.210667413081155	0.177051362372388
0.563343168529777	0.375289108032456
-0.967843607534743	0.886412349362442
-0.186683818194469	0.0774418902625959
-0.330020419081571	0.169585731831467
0.0652164796985549	0.0215223603031207
-0.885203506676066	0.591504703347066
0.0616810045306331	0.0280299466521407
0.60519405155698	0.487378457626682
-0.551910115755866	0.477441700683472
0.304823169291867	0.132853592996865
0.588607707472958	1.31424938217402
0.317310729613988	0.554233463916314
0.711382720276969	1.59228888624551
0.139121408568938	0.201462651803546
0.31468556252777	0.669934067259881
-0.0219714732681065	0.0332617307582464
0.219736394257061	0.354614576452912
0.435681344133831	0.98570601444885
0.346009906353457	0.728761052435355
0.31387051189332	0.632816455253322
-0.206279661288951	0.350468996302993
0.0667254411375964	0.0870021272964185
-0.0460238532436341	0.0557340095480948
0.164931709692006	0.237296698923446
0.32838720455105	0.611422881713851
0.0413622182342033	0.0529907510138625
0.0947823569803276	0.118518831787215
0.312250765707979	0.402464882756356
0.517940886181936	0.636354094647843
0.348879269920762	0.360430702826387
0.101184673215716	0.063915260740984
0.21382691597186	0.168495218862959
0.217262101532028	0.14496346924514
0.423485335736394	0.678576778054404
-0.100700172033771	0.129003965053389
0.138088642973449	0.186159053347531
1.11656183955793	2.81448220950598
0.601880698312444	1.23304546857877
0.255985729515012	0.411315640021617
0.0094670973324295	0.0114800566615714
-0.0510572418513263	0.0583205902655536
-0.296359682567327	0.460322756563971
0.119215055814638	0.171279772404107
0.00796187937647859	0.00897692141002895
0.216591298486952	0.329817875095404
0.391336612389672	0.758154404349019
0.231994161829056	0.379056020924161
0.412873941960349	0.771688745997364
0.459450260132552	0.814232789602303
-0.0880983432963943	0.103551470098997
-0.0234413651918791	0.0260153241679046
0.122779956046779	0.181765893968261
-0.0324587716948031	0.0396102326166192
-0.488834902311355	0.818076460123181
0.331817870059407	0.493619972738021
0.0247049889877593	0.0265203494400039
0.190870502335328	0.259062839498892
0.0748364815205065	0.0961975680228072
0.148126886455258	0.179211300649267
0.196834258473608	0.274317588255655
0.796712411337838	1.43569603680015
0.322902217701572	0.504384263221816
0.308806209609718	0.528483366293315
0.0307433201915109	0.034547239780847
-0.368018073055506	0.614800886905601
0.250578814340185	0.358402803583187
0.321419210245356	0.58729256239201
-0.353745805685592	0.513763465219135
0.121514909195475	0.152714154422691
0.379776711009959	0.365431400522502
0.22345736011198	0.193956609537143
0.221379553431843	0.187669368876117
-0.844002695189351	0.985979281125309
0.55477262562031	0.72635256682848
0.208278201805674	0.150480699632599
0.437167748595564	0.353115149066988
0.644550894693836	0.503104026152862
-0.938614369495679	1.01188072142249
0.982672034951908	0.475746137796327
0.620626993487549	0.37970978655922
-0.328812166986184	0.168937002028815
0.520874415425876	0.260348875333414
0.066915355701899	0.0275269345332295
0.0632458156671158	0.0264136540304459
-0.169926774232569	0.105771528392287
0.698721276020546	0.395061759941221
0.511181046132801	1.17589134080839
0.381381041942921	0.665619304727908
-0.16436064737248	0.229291799619058
0.215661018007245	0.462458163761442
0.0550399152254235	0.0918984700888564
0.187710612069938	0.314568504965711
0.450310907130457	1.07837208816497
-0.0195657976037611	0.0280858642504137
0.437098683441444	1.06105134604939
-0.29120119900876	0.556445355205644
0.326476969309749	0.650265550581954
0.228689734699673	0.322094501413694
0.252902968353027	0.382979220250653
0.458665797632046	1.00678220737241
0.369987081800614	0.797142532793318
-0.085651279994345	0.119853210295928
0.141326493777218	0.159015100478637
0.151417765644721	0.179270851212744
0.552503692076452	0.82185978673033
-0.0539279940657489	0.0428049471130631
0.813109628430064	0.87650457622762
-0.235329534941399	0.136600604132844
0.76704129678411	0.737384390061745
0.460908713252261	0.452418318624912
0.15175099688253	0.209981884578271
0.295734075620849	0.455556128715996
0.0662091427713625	0.0764229345151379
0.38686075557868	0.570880626084081
0.380355063861653	0.627350662489877
0.438832496565002	0.84414483357749
-0.0676755281040428	0.0943756115794112
-0.190945154546279	0.271637478537103
0.324181762768466	0.52984797792096
-0.0474441481884001	0.0579821158892803
-0.504273183037813	0.999585059564822
0.0141944752238019	0.0162334496110473
0.679177199644282	1.45739473769199
0.540864620849854	1.23917229574833
-0.355890807402782	0.547738983408221
-0.0540524187677615	0.0696651763738037
0.0477366460089027	0.0572019859870476
-0.152298632102716	0.218068759072462
0.200812098752448	0.297016323021445
0.327228455138776	0.532082835303091
-0.10343580206337	0.127459945056433
0.75936561027218	1.82342584937487
0.167215577685005	0.239587234091547
0.134544557740069	0.189862812462591
0.468120222642242	0.86925464629696
0.127361569185084	0.162824356456734
0.412010752612466	0.651219983366891
-0.60975566874325	0.950050869562911
0.446870142236408	0.807288045381042
0.82746934613905	1.7316388679585
0.41367454485547	0.76123610033611
0.268735960127892	0.38281111600114
0.111905946019761	0.152523552715006
0.351440064403831	0.54462745550262
0.198983284678087	0.280472448222959
0.0167332835918448	0.0188014578696523
0.430669013529734	0.778224203249894
0.253760811869861	0.378504271164636
0.544041165919193	0.656077724095909
0.270216029172378	0.285024927656621
0.254343813377058	0.259124208548968
0.268873070160899	0.27226324034056
0.0240790010955415	0.0158222640750384
-0.0427720886000985	0.0346297542860345
-0.598975705002931	0.593273302765122
-0.722656138896515	0.789597677171181
1.68104186001474	1.24629703144582
-0.870599061959049	0.744586658671519
0.440137393274222	0.153678056314614
0.378693709091906	0.236237376510499
0.413844023804608	0.243897389181186
0.25038720181617	0.13117781676029
-2.99658750958283	2.21700769012885
-0.125129022148785	0.0801551182632989
-0.61594776476924	0.512220302982013
0.342381194864992	0.236819740938336
0.554059165404886	1.39983089878439
0.298314163126225	0.515202382908314
0.31405957926049	0.636870644787189
-0.0183012620491983	0.0286113546756769
0.116574803010705	0.214647026720612
0.35234472814557	0.860615406511539
-0.135646577323757	0.267119035851503
-0.0442571493935956	0.0726907803700551
0.5230800037942	1.47009308308075
-0.249762292486281	0.492140325440837
0.405823712978633	0.885297957418932
-0.111827284234235	0.1632655255574
0.71624247714345	2.01946852180749
0.102590918895596	0.15767140147717
0.373337097234288	0.881027217852216
-0.106860149710356	0.142885984504913
0.0572373450923452	0.073849237767911
-0.0610806263718702	0.0600156719877538
-0.424504574844025	0.582010133734771
-0.0881263508117218	0.0765018926968455
-0.227396596076082	0.157896915224836
0.601352304484967	0.482050492146822
-0.878641462659692	0.751655539734764
0.20895177005419	0.162717887339078
-0.0141099430663571	0.00837864870681532
0.215483022044379	0.157773702756772
0.305153325468997	0.58236330010347
0.325676552315114	0.579648003783974
0.392347314778419	0.704756379802894
0.484478854316353	0.912906331804834
-0.0909929679013271	0.112453369247712
-0.085586883746905	0.11268255520141
0.324389713375885	0.58439054074714
0.383481107150621	0.70623210688429
0.112930370785974	0.154474143421224
0.2948247691389	0.500131851344702
0.473275809091646	1.01306395527779
0.157752530262722	0.221449709436548
0.221972049918905	0.34571408984553
-0.106324349218171	0.138646703895954
0.00946071889203386	0.0117401897074412
0.393729776097191	0.771842664649077
0.0831988028006808	0.113840855413187
0.287278222277495	0.469478497992962
0.309058821145527	0.522396705451308
0.433802140051635	0.905709171801664
-0.168529501605372	0.242437672217201
-0.262896577955552	0.373612708421692
-0.00240642800888524	0.00310405727370398
0.160643322576309	0.244178019534092
0.0406242928680636	0.052950112744263
0.293565767117372	0.464019183184869
0.430375166254258	0.9631022522875
0.0721354851168727	0.0795663689985606
0.0277283622812322	0.0313810507607018
0.24433041944764	0.417286333478979
0.232400691430985	0.421047549100535
0.61843000037605	1.42907496819295
0.386823438278912	0.733466664741681
-0.196576975167979	0.302836595806286
-0.239518336395883	0.34333086526504
0.244553490537757	0.398139315253459
-0.13248399774388	0.199411719619014
0.303467828401127	0.562783708090346
-0.0253023489489992	0.0340258469456908
0.599575116401744	0.487072562692057
0.767551409272618	0.743091590914452
0.0659699725896766	0.0347091106214967
0.625826595390165	0.765594652189787
0.455590311533887	0.453781696892353
0.150029738003572	0.132919159905044
0.433740357058112	0.539336783359118
0.841873203430398	1.27432558722552
0.335192953309497	0.356087442702238
-0.0671261096836379	0.0467634309494031
0.0294683474774833	0.019327604460208
0.47651007671175	0.459690521342898
0.22662376313429	0.216184030658223
-0.0732061021723668	0.0399367337754797
-1.01769488875061	0.735720092455414
-0.689939624436108	0.343804759999309
0.575871152828314	0.478564408659334
0.250493622616582	0.131430004990997
0.378693709091906	0.236237376510499
-0.0560048355879921	0.0316427054023222
-0.699834197869392	0.339013968607458
0.941487695170698	2.96119774678562
0.346348859918637	0.711403973950846
0.204712450206604	0.403472043815973
0.303381887529283	0.715764815307918
0.42169376007237	1.08649173058562
0.0356579288547304	0.051358852611584
0.1113815548984	0.201039696279822
0.209670165548059	0.391135057463827
-0.0116571627888771	0.0140264368613937
0.442867751996227	0.864946552250732
-0.575687476819488	1.11232546547563
-0.120688151191953	0.142994848349135
-0.125804945307445	0.173190064258199
0.0983026642527918	0.143527995307535
-0.293707062119475	0.340161695189626
0.595315079911459	0.924465528879671
0.0911504263150718	0.0805121481268218
-0.328732845848081	0.252804386475841
0.21339159222587	0.149425079203173
-0.163789823055565	0.103088856734186
1.17751564428342	1.97683974786935
0.945794835074775	0.818204923772303
0.76784424317447	0.849866521623593
0.482961183678655	1.0208887461926
0.317085637262985	0.491213223800232
-0.15003221210091	0.205799433522355
-0.010093923064089	0.0103034533519072
0.326109527013015	0.495728348443715
0.0938874408943879	0.116930731761137
-0.481545585669544	0.871812644361553
0.219006792732874	0.308897437817092
-0.383327210347303	0.622337395120402
-0.141064620691714	0.17016938166089
0.393220540964682	0.726640818036645
0.1280886764107	0.169413111589311
-0.056040816374495	0.0670258552455047
0.263748517815792	0.402852784162755
0.307659459355965	0.475639741221726
-0.174281101215576	0.258194347239852
-0.139910179671741	0.196103920075782
0.202741469720726	0.320310101656628
-0.251480638633534	0.379758385188105
0.25261834536512	0.342097052991862
0.110429656435323	0.143351550726943
0.0788237748843545	0.0900851538928363
0.250036475205216	0.353563079107458
-0.435863861713604	0.814176298703037
0.616232486023601	1.36687469356119
0.293153008575456	0.459549825376183
-0.298550099353234	0.400232171246807
0.262145074686269	0.390234393184278
0.0974538870536161	0.10442337921906
-0.436725067302039	0.7338088010503
-0.300191902444803	0.470189332423033
0.612705978912417	1.29687449588608
0.277654770530701	0.420255787976112
0.610951442523262	1.25322404293362
0.34937995470998	0.590908389617913
-0.589101053259463	1.15502677434063
-0.537794052020317	1.05230626324799
0.0928409064510982	0.115642711932115
-0.388063580362695	0.741013568691587
0.27581533537542	0.475064122498892
0.037482362600827	0.0265656776390616
-0.0327447791512705	0.0237884164377824
0.290631426256143	0.270371386306821
-0.0845796180174419	0.0557253101487483
0.175271418359292	0.173241692632448
0.132922619818586	0.113109486622928
0.0786196924230541	0.0633509101631208
0.665110362221842	0.71449145733724
0.202025635266093	0.159285899435785
0.641591240063548	0.788895513819249
-0.366593464471452	0.357300552671032
-0.552964449238244	0.47358082284066
0.695173565555427	0.513300894159669
0.103758497021585	0.0658464244160839
-0.179793732123827	0.0746607770585653
0.448684959052211	0.235518281536605
-0.323395078958279	0.164984541161244
0.0637965655099238	0.0290181897969882
-0.308514300180337	0.105104657355703
-0.202310726113956	0.124201264244679
-0.11719539828153	0.0576076370171638
-0.152501228197145	0.0478165792814344
0.362570182905261	0.141643432816108
0.364052416542024	0.140964119953717
0.604775643962513	1.87502809758808
0.301485060630288	0.59977431756568
0.126104075634767	0.205210214200639
0.192274907577883	0.432087576957954
0.234666253639722	0.544331631078134
0.50205873328303	1.41798522255857
0.318879725055335	0.823184109694484
0.41487459764821	1.15975607491605
0.0929539193335339	0.170876039999597
0.447909564879331	1.13660607512008
0.0674511003406744	0.0906707785798381
0.295246318220549	0.551064373794997
0.108957013197484	0.155538356521123
0.0104075908635192	0.0132311558479948
-0.0223792875998097	0.0309651231401689
0.0428090926307999	0.0475028443671029
0.380816275175024	0.538399463103026
-0.214078804887325	0.23575967383295
-0.211239963269957	0.218825078725734
0.875612212221641	1.11135687177486
0.322034871752513	0.264812267442051
-0.360730040768571	0.295247272032176
0.569246113410265	0.652601780859606
0.593857542488009	1.18260604464325
0.296266008619283	0.512745250073981
0.223366962134639	0.378127834556874
0.346726843152329	0.558247548798785
-0.219771664248788	0.326814256786657
-0.120532755475098	0.152582421599772
0.238239901749753	0.360266961134858
0.175128364527435	0.264715552396953
0.0984596166771297	0.134931572590636
0.160293463055482	0.218639377860543
-0.181799474642172	0.288906477647306
0.0630592881577866	0.0782782332983416
-0.216496265830991	0.315680860019997
-0.378677758078633	0.719861269592582
-0.13664115962748	0.200635298608626
0.165211311282975	0.217523002094274
-0.410517721222494	0.695478750395682
0.31121038684592	0.593128977703951
-0.157320753488691	0.233446775853968
0.0738775966588048	0.0972112580829043
0.119457867518408	0.171881151508761
-0.147635442958331	0.181094316199845
-0.328228381129467	0.531892949072751
0.192595918427213	0.286423882810297
-0.0140771664865077	0.0163284565539502
0.0706693829202126	0.0934301732649458
0.0312834437479028	0.0375082296271625
-0.333310047097761	0.602456564651083
-0.21552713305846	0.268398899454285
0.363421591200273	0.658307629603416
0.255280925246109	0.398563889063596
0.0864637935498879	0.110118359100155
-0.175305874105711	0.254175894305857
0.104260266203503	0.140348947686745
0.599857554879045	1.2662770060674
0.398866561479288	0.75274164676306
0.0101427661916768	0.0117069661392834
0.340086898725737	0.557365297305375
0.0523131708487592	0.0685796794656979
0.271489102184952	0.455587763860668
0.407389187364207	0.35245520425049
0.520038963135843	0.55983739839182
-0.450820547551379	0.397418591382142
0.500351575404053	0.54606645961768
0.578712801102265	0.648782278960288
-0.12665694025557	0.129166763690643
-0.392658625896375	0.486660997873499
-0.0841616127211229	0.0847599864826276
0.860262540066677	1.18432295705694
-0.248138353552492	0.216979452028054
1.0122897021741	1.69653662769943
0.384377471301025	0.35455089463723
-0.274954121421654	0.255252582119473
-1.04238091904916	0.648249774172821
0.230872816325009	0.131127943273918
1.81460928907015	1.46027904378425
-0.194588434132091	0.118335505193535
0.525079316902328	0.365871265213324
0.313379402657455	0.137510486287087
-0.63638450257887	0.402671390651547
-0.124362905149682	0.0601362855823334
-0.575132036463476	0.310158686525929
-1.0161910968622	0.756073275079275
0.995103874979391	0.57367892035754
0.339544716298967	0.821271057852639
0.030023562401857	0.0471151222099151
0.167710991902662	0.298375780443045
0.124313819491912	0.272004140963711
0.41779972715284	1.13770370678525
0.402464414383388	1.18290942675722
0.258554860189466	0.634114741267676
0.0108256900399756	0.0172449004892679
0.132212670897135	0.227873468884802
0.0876766888277958	0.127737471035098
0.457330183724143	0.991481504614814
0.324285773086205	0.673104827765731
0.135017768917181	0.211635911100435
-0.0929530144057176	0.146932224912534
-0.082375651657561	0.11760179373612
0.152987903521261	0.219148127742285
0.285620030551661	0.418000471460915
0.0737730955982031	0.0791561748618989
0.268307475835833	0.310009529395699
0.932728205630029	1.21807764631995
0.306539955290381	0.267975934534653
0.709886009440435	0.807358993679222
-0.323160596468651	0.324260466695665
0.604351621488519	0.73273727029605
0.175891966831484	0.227976938197954
-0.0749809929076703	0.0841549137947515
0.302925917081246	0.536970134637746
0.0985950794382245	0.137625807496704
0.481216596077581	1.00637149096171
0.473291495436009	0.949592372545536
0.151062831452403	0.216382215904347
0.0184572991609312	0.0222161190876394
0.0873075845888196	0.104963222425918
0.788263733007856	2.22187102777455
0.0918630434710656	0.111549075890223
0.466701697981943	0.839295304873182
0.530548741555017	1.36871918833275
-0.00769528971751749	0.00899856421408248
0.220417747451998	0.351516781821024
-0.489776422002125	1.02781341736025
-0.0309676535481857	0.0349735852454137
0.295900032438389	0.511648552381597
-0.0357116021244641	0.0458638466566837
0.439454131246478	0.916214998689532
-0.134703767642923	0.188357813639049
0.0134702644275168	0.0173416126956159
0.354810416223325	0.644279237627682
0.496687027912705	1.03154068363565
-0.202955527441761	0.281897151328962
-0.072029639182457	0.100307328566852
0.0330440754252242	0.0402761470326246
0.0865305632152044	0.122936862714725
0.222439886711691	0.326040618541342
0.744714607023081	1.97209190105873
0.147771797057134	0.177473863623354
0.882881575624742	1.92468826588426
0.497015762395883	1.03549429499986
-0.0819355327168837	0.123267111708394
0.0716711637695273	0.0940812062816235
0.10616877435968	0.146393724927812
-0.190989490614938	0.271175153066312
-0.0340869140791159	0.0437088706919736
0.498243284765784	0.939665409046023
-0.320249139300994	0.583085884612874
0.642997802359332	1.82502739051635
0.552643590100914	1.29362536335767
0.240995007958271	0.382585944645533
0.319027656561118	0.255132000839854
0.558442334363998	0.555129408051375
-0.531760007090814	0.582357040703991
0.78050162773473	1.12093646737097
-0.600381533995507	0.711549620755436
0.467738291656256	0.617027409336597
0.352236260103447	0.462335725515874
0.0447654215272469	0.0387345631340712
-0.248568720017471	0.214653167877371
-0.0607499990949325	0.0470433523611388
-0.369337550978936	0.39097092857617
-0.487303724996387	0.535103851719888
0.411185437810238	0.447176811860962
0.443256255334332	0.359146940733469
-1.53668580067152	2.12896707277527
-0.369964451770177	0.240258166678104
-0.989279640345747	0.834879213127578
1.02414292430969	0.855285712816197
-0.737274702759368	0.443473582884279
-1.41090353248619	0.906651391244826
0.646503187756619	0.498827644100387
0.217601017024544	0.137978729215612
0.564306443763067	0.370621887866878
-0.322857155435239	0.242420968106468
0.613879952304492	0.276852855532882
0.182266914891888	0.500739286405655
0.143205451712152	0.283146747857311
0.109483094307278	0.202367553786187
0.32338881017864	0.723013040568955
-0.0248206204481753	0.0442619073875485
0.382531890816406	1.09105963236673
0.0665118239208242	0.117337485533057
0.315569552228023	0.886978603509049
0.455845806178455	1.46336667577216
-0.0441428600304454	0.0641423407658847
0.184164296380194	0.322964847060825
-0.0224137660417441	0.0307214907061663
-0.308330634333948	0.546330765778059
-0.00979358699998266	0.0135084659793675
0.200736245546692	0.403695680895045
-0.0879965724251731	0.119698560541848
0.032233236612813	0.0336982594249637
0.685042474111382	0.895833483851717
0.458189914995265	0.355201361017481
0.519397542551159	0.361364144862292
-0.052514452644017	0.0297667062716098
0.112365993174812	0.0750041750305847
0.894190438637199	0.659125534036981
0.673157391071653	1.38336858329241
0.182248350312559	0.210991796249096
-0.0190178091380561	0.024319903399178
0.0556672839792611	0.0711582016266297
-0.174341264262452	0.25930767287834
-0.237422561695546	0.38027814147064
0.316142021202959	0.490433563062095
-0.381565186334434	0.689879616178585
0.0434135737349665	0.0528712289246355
-0.00571203413776293	0.00668196986903757
-0.498946140561741	0.870527899602823
0.247313148606007	0.33096245446312
0.126364492655933	0.194091668714226
-0.184842659923829	0.240268742641368
-0.849818846792053	1.95923223905535
0.314970883387461	0.524375938682334
0.454861474295307	0.946902246563289
-0.0510818652449043	0.0607614830423253
0.282108187287312	0.47724708851675
-0.328819779821753	0.58789334377398
0.165332248746799	0.251232453384068
-0.21426258704982	0.319102044021691
0.0485217151050002	0.0630703121488844
-0.0473912746489035	0.0587685239269391
-0.275281307166181	0.46145210450723
-0.436468178172886	0.906502036051461
0.28796801725969	0.50359888006335
-0.0619986374437951	0.0767204638866128
-0.234391734350303	0.34208156227484
0.214554486538887	0.332428124357404
0.106095366488977	0.125508820717634
-0.120624503563755	0.159552393828016
-0.12831689962275	0.175094531369907
0.221044780389969	0.331287472972373
0.247780447101026	0.384183606020697
-0.138897550440621	0.193348758551556
-0.0902647550185991	0.127235963775797
0.403136423079244	0.683755581391718
-0.0777454712469048	0.102822459334913
0.0150412042753595	0.0171821114403795
0.122258609217918	0.179233257745605
-0.0157057683716841	0.0202768877000086
-0.104805631012903	0.14124284439183
0.164499307255128	0.164768217761674
1.39371900760256	1.2846569128308
-0.780573323396802	0.810203268387803
-0.372911799216518	0.2751597552016
0.00462510736930046	0.00345085494237263
-0.629903423212079	0.756652771983832
-0.0474358869416779	0.046278315159825
0.0755362636642442	0.0760984366571576
-0.198979584028145	0.221774864497071
0.777258811788096	1.04351056425548
-0.0845030194274713	0.0576417477379034
0.0853767213579968	0.0733245158245735
1.22532417969102	2.00670811029123
-0.0522542898581979	0.0369322161940696
0.769398782933832	0.644808020167725
0.81908984723781	0.648031291105187
0.273556876704406	0.131891097065711
-0.855171192178935	0.392219125599204
2.48898970217858	1.35788422433587
2.03867762216033	0.910709981607031
-0.482959191216561	0.211506849276716
0.2446937020363	0.12668137819624
0.45774349272911	0.245309915324103
1.48763383484625	0.743756854838026
-0.168545077913617	0.516181528125586
0.256927892882729	0.758747145140477
0.112748094971216	0.268500620513533
0.37676416088079	1.15969077738118
0.03713827784692	0.0619708441177268
-0.165669110693329	0.342020179508734
0.328171117562737	0.791313871337857
0.192438216417901	0.330700700170949
0.205729528888119	0.352215242115112
0.0800787552022945	0.10251039289652
-0.157656376704745	0.25261916976744
-0.0116542322282132	0.0150628557114914
0.172941180328427	0.299863357685376
0.178567317663091	0.301037934019121
0.054812361020643	0.07194156267011
0.370116827469045	0.60135833726733
0.0773399732365445	0.0836975478503851
0.133011571729596	0.114267474020359
-0.144971418000977	0.123330912787477
0.660281689339737	0.790100553298517
0.097273505401344	0.085710568758882
-0.129173419689568	0.0827766260731533
0.467187905737629	0.556882915412659
0.160592182612241	0.217066696903574
0.187033100658772	0.266873134191465
0.0391918577518152	0.0466806564416296
0.123029322785469	0.159836164240638
0.279651896077053	0.413374788446829
-0.146883646074371	0.200959334240722
0.246225804152063	0.376924182448677
0.139037288339948	0.199709276736478
-0.0273265192608378	0.0324829913858493
0.432271644177455	0.701467349607522
-0.114222296955773	0.14801184160977
0.140721139661148	0.193691553359896
0.379107266515167	0.682427413079029
-0.303773107311978	0.49547235037055
-0.541054256319269	0.951826203125413
-0.0714641997954646	0.0875834779604848
0.562319046257139	1.06592664444462
-0.186862880669218	0.277002011022084
0.125748538421846	0.167387305233413
-0.126751752659142	0.181707977112354
0.230850979887349	0.36335584822826
0.399038371147785	0.723708063809981
0.256266357028425	0.348525402908505
-0.0663508493573163	0.080986388188885
0.514150753471498	0.988310594351452
-0.093821533168721	0.11648085107611
-0.446830369770717	0.788267699792268
0.115584890458127	0.128527770498002
0.288080735047192	0.450141798298226
0.0636175796922844	0.0598499338730878
-0.304437930425145	0.478611856060382
0.450287660126946	0.871834270840939
0.358351731473612	0.618704973995167
-0.280544174458135	0.403559652182366
0.0617081053894292	0.065121236039071
0.700991186905225	1.48076117198434
0.0275130746893898	0.0301161287262109
-0.0341723751632337	0.0395108191109774
-0.20602544005273	0.287019980468667
0.47739168394547	0.853190861811826
0.543994092725545	1.11937678346232
-0.401496802975438	0.671201256028344
0.202367557350763	0.286021340127507
0.836647607905115	1.07822223858378
0.408105677485599	0.365084339221496
-0.683247362129055	0.802158294765656
-0.551820706602562	0.639019876781268
0.0965207554850701	0.0909817072794665
0.845360882140489	1.62631409037815
0.519284098859062	0.740051033162465
-0.429271582043661	0.579651776112025
0.086284837625451	0.0864780300416526
-0.0923938353003626	0.0795958084393526
-0.228058559552571	0.233995422584475
-0.699065762442138	0.92916092186607
0.784816895443611	1.29908369781249
-0.129232593770398	0.0829034612565045
-0.293587365899065	0.248511354300153
-0.129973174647365	0.056630680564696
0.107982218992599	0.0722165663957659
-0.890405367537284	0.694249052190795
0.0561703400976421	0.0271198345598991
1.16418298569211	0.734189654258818
0.2152190656436	0.141227920192549
0.414156332558491	0.246347923435162
0.631520884307171	0.459619683122554
0.148454584832508	0.469675277860772
0.35147052662783	1.35551114473381
0.535488506708294	2.65705196528926
0.274436611867047	0.806679738438455
0.0177636340038896	0.0270721071102602
0.356455507123492	0.953938823977686
0.484252813935556	1.49760518372268
0.463516608783208	1.28305978174069
0.0797173908977069	0.117915395989633
0.826421507794174	2.60720437444952
-0.0016098244783736	0.00196973270440841
0.307469166585186	0.586088093097673
0.735045252829695	2.28481393249364
0.168568828107403	0.293063025260809
-0.35633255521674	0.650933923173054
0.109236849046799	0.149041791779293
-0.287503033987614	0.520201261554674
-0.0875905516577209	0.13376138717656
0.219180620683023	0.334434292936269
0.174513567550342	0.231135524815045
0.0125476776490839	0.0138753898480458
0.480918711414764	0.696103143658713
0.206623847814793	0.234040907031604
1.27276897297457	2.6177556552114
0.755714022767692	1.24371264651357
-0.115429954760727	0.117112992001835
0.451982630774975	0.643567072859954
0.0207420396680961	0.0218586650564277
0.07275278839225	0.0925141810505836
-0.0758211867460863	0.0855596562247119
-0.0131899274612506	0.0143780972112549
0.0584850571008354	0.0678403620660205
0.374744805299912	0.558179454029362
0.191272038294989	0.263563550103895
0.513126789534632	0.891075720307086
0.574633318999121	0.916496733537425
-0.313751130088238	0.448064861381213
0.237536282973801	0.348642715942516
0.47206893807076	0.932642422654035
0.221792099058191	0.305343391285376
0.112191847430866	0.135365833375335
0.404492933756001	0.687375017038572
0.647485406050199	1.12988903172434
-0.0870150847171708	0.0940095767845142
0.554432967204109	0.984969014710961
0.261461854436894	0.349261129185479
0.802466269682209	1.94532717460642
-0.0480745000843415	0.0512724177319698
0.807666387888902	1.73848423785264
0.266552567616719	0.311145885067388
0.406678510188381	0.636310165679614
-0.230752668230556	0.320206254382073
-0.231194953878115	0.341327226163427
-0.259141400675686	0.335152594168905
-0.266211484441442	0.361900509841535
0.181765271130332	0.211093228627376
-0.0179570416101793	0.0208919284347899
-0.072989630895772	0.0816600943231935
-0.989530611616828	1.90026133718248
0.120397427968524	0.122695332350048
0.588784811144312	1.14661789667113
-0.390788646983161	0.639510352857332
0.165984354420042	0.174982854433348
0.229427059238601	0.28095830155735
-0.373919780064537	0.575849831008545
-0.01517673218692	0.0153581899910562
-0.216652160087282	0.276323999593246
-0.864235993120319	1.69961449933186
0.123442211414115	0.142969084691605
-0.250406490443265	0.322289904563482
0.595020195543508	1.168390881565
0.349492492510577	0.502932312039293
0.251111880002175	0.317060250201509
0.250089238996082	0.342883186710634
0.442135729436956	0.782461968736847
-0.0337943954976239	0.0333011638269973
0.215489137097295	0.178435191921567
-0.109463281759369	0.104325401489287
0.837735353608167	1.35566953692573
-0.272717091418667	0.288960922897435
0.119465722932821	0.124535458103972
-0.0231655164756379	0.0214559138297466
0.411745801908377	0.536382438457966
0.107117675717878	0.120044744527331
0.0134065103399917	0.0104420108099582
-0.309709524441521	0.35674311892467
0.26328730169636	0.276492678596345
-0.207097905567243	0.231738075500386
-0.18636198197375	0.168965059955037
0.275732552832875	0.133224950884388
-0.0272484376185632	0.019657857312776
-0.432846145357181	0.310089038940182
-0.0233723140337183	0.0138313365274058
0.728956503102249	0.718930849845134
1.10725298496378	1.49115099895176
0.81885705429535	0.775659261916772
0.313151717302915	0.258386314657724
-0.0700870853760873	0.0380959751566253
0.898213025522591	0.67435565913791
0.410554200831695	2.43945585905613
0.615864661489552	3.4781619144329
0.153195574560075	0.362701179883239
0.164037322030204	0.32519350929649
0.444229785962989	1.30410836212691
0.299265320575184	0.712539789302665
0.349706735726464	0.878489578917094
0.374430701144446	0.786716431141262
0.214488170182303	0.375995471104376
0.886897678961732	2.7216465249078
0.269336830548193	0.44673412377962
0.394255087500927	0.839197784364183
-0.261961045811502	0.491161622702444
0.0743936806650839	0.110350351870977
0.246757581947026	0.443724081541667
0.0738732873768995	0.106832861784033
-0.732195188186545	1.54502936218177
-0.165580108490065	0.237850362411841
-0.129612873970129	0.170153106541069
0.0908257224851715	0.0891544556007446
0.571182397720351	0.47904808686997
-0.0375927345912231	0.0211407518963735
1.02953301946931	0.857396742346294
0.211325383366553	0.200540244950661
0.22523809291023	0.134751573578514
-0.148941104743133	0.111663832669053
0.142103778143669	0.172804507915411
0.287522919069695	0.403771693888404
0.146760729105255	0.182505174872918
0.0478902864060525	0.0531920246462661
0.195795298976496	0.279057900030469
-0.373945548914744	0.584041238626806
-0.150558787592918	0.191987754381669
0.036468429664334	0.0388842909360867
-0.0564948609124675	0.0593907356772717
-0.560041689115587	0.856258650837853
-0.29788980995075	0.413028589330692
-0.205352038336675	0.292023661476569
0.0155901645087259	0.0169610389279603
0.346389783187043	0.532259688367468
-0.313743346004615	0.456184797533824
0.492416146811955	0.860482623603133
0.484524778716229	0.886304202976961
-0.204158852397542	0.252229822367662
0.339358161044458	0.548402154871627
0.0879234046077244	0.0964676067249364
0.0403115808650611	0.0424288125851074
-0.267467552439529	0.420549320938249
0.404869603923395	0.677293715932643
0.133544869788257	0.168562118132173
0.0212600684927344	0.0243326756335855
0.573319752509395	1.06215608852989
-0.512375557093723	0.92051936835833
0.376725740762138	0.630458478634649
-0.0600979546035482	0.0613740610330025
-0.332715797989786	0.502388607678334
0.14651486286515	0.173546543873753
0.0405224500733286	0.042972694103778
0.169918228700478	0.182882768735965
0.5119714318266	0.802091162851555
-0.0616796672902385	0.0660346074597565
0.118592222848488	0.147154435972909
-0.686881693409211	1.15576824132785
-0.197331563011928	0.233266847222405
0.0509693518051557	0.0521486401755257
-1.10912309039378	2.44888649947437
0.349756791765318	0.457902594600745
0.22083913549912	0.281357844001038
-0.365423598613528	0.462913473169566
-0.180282286796442	0.235364467951288
0.319830044885586	0.482140743345057
0.176211425185984	0.219408533717395
-0.0363073399739522	0.0364284914002514
0.0877917751711388	0.0545141267425999
-0.00946635040206236	0.00572650681900216
0.222214768223859	0.130509095238788
0.221072802892768	0.147379654564929
0.513311250392929	0.560174651937886
0.152652323955809	0.162423648743905
-0.290121982721367	0.224390831115495
0.27451283105695	0.317533802429586
0.853610853260417	1.53445444319925
0.554263448356232	0.871847372670349
0.555765275836655	0.652179297371483
-0.174203900713198	0.160463799427746
0.578457943023609	0.706332822040957
-0.791235993125756	0.81610083361899
0.223582232966436	0.191854444386638
-0.517747218396144	0.405497667856671
-1.02695129449254	1.09395274772905
0.608498113524767	0.273199227349041
1.15635985028801	0.892567102458785
0.820974755820315	0.661071531167349
0.409182946642926	0.240666339495306
0.904668349139708	0.244160033683449
0.456334048493711	3.49006046993153
0.299086821718003	0.685499283914933
0.214388680121019	0.402526723449896
0.643578443798566	1.33205005060178
-0.297817012793963	0.522853843021516
0.2292952291427	0.379342954663075
0.025327794788468	0.0264857644578147
0.00635343079801697	0.007235500826634
0.217357963771065	0.324549050584642
0.601030957560763	1.35057993063899
-0.668055928591622	1.69458150653231
0.0674196359940191	0.102681559180666
-0.636718017335498	2.58209691804743
-0.268165641085128	0.56612769358479
0.15855832681499	0.275065634848759
0.472992116083531	1.33975829260218
0.153950970732875	0.221912564017855
0.554694568591755	1.18695310297554
0.133000443129674	0.168336192716688
-0.0173898478114427	0.0213599250744899
0.243743912891053	0.398858208000569
0.168877386898822	0.244905201301542
-0.363339288825252	0.644191713882842
0.227859515796326	0.459826347219971
0.20815893671729	0.364818633784682
0.371475477108384	0.692390342869215
0.591367175536705	0.983905906066334
0.320019538797298	0.379909411884599
0.269028257054797	0.311352579891037
0.137878419542449	0.159816974993232
-0.431882860124297	0.597252446647812
-0.355540285593629	0.538452891577057
0.0188098409551959	0.0176858526521099
-0.112907231206106	0.115789115289541
-0.00385762654706025	0.00326473727663443
-0.0238706869757217	0.0217559078627018
-0.265918821691009	0.326919504133835
0.166049090969145	0.165730832887799
-0.332349452134239	0.421542829518155
0.309117955004449	0.357865887511201
0.0172680533193364	0.0185004847240963
0.389348053762971	0.556433842121002
-0.16391405438288	0.173764621353115
0.312314483535356	0.399589086011954
-0.424628561971811	0.476887837031135
-0.179176058200843	0.19971151872407
-0.360864351744317	0.459477052118245
0.120385674615953	0.11817668179719
-0.157257417216576	0.168016960132739
0.353676763524759	0.376238848644228
0.0147249747319581	0.0142454143387062
-0.0961124842724961	0.0846666939031654
0.0398857436877071	0.0396322895879948
0.500616168998516	0.682330372391717
0.0603627406771432	0.0547747111962505
-0.0759659154347962	0.0524059326636024
-0.100431934620705	0.0934312925904247
-0.275392317736281	0.297395440678073
-0.372984750271677	0.445304589727179
0.27259831440507	0.277384067402826
-0.276426441790877	0.318536957771165
-0.140793382452528	0.131161075681004
0.354225214274019	0.466503961261163
0.0558244013769015	0.0519137367435099
-0.15623020752412	0.166963799089893
0.258374068362543	0.314079463811741
-0.464179212302604	0.660217692288151
0.0510115843176102	0.0455497994437443
-0.001180014653582	0.00167016146011843
0.505452857130602	0.879722853974744
0.633551940419023	1.0395521762833
-0.293591411006365	0.452479111631438
0.663790685537966	1.09742731165319
-0.0752781958273791	0.0885029279392895
-0.246571649462463	0.336660216525613
0.204714024610722	0.224029521492641
0.607137815233251	0.998280000947216
0.491821900353739	0.735821896778752
-0.239280317382021	0.260377796461321
0.198094191102704	0.247154818839869
-0.433907716602882	0.614688821166572
0.0810496272589211	0.0809795884885666
0.310678799220539	0.462840176730316
0.613971787210953	0.589096186064985
0.225554962623455	0.256307397943896
0.667974417206327	0.87743038343016
0.707166103742338	0.9854968649027
0.0572627118021949	0.0728759296353722
0.08801782594032	0.128959036825823
0.277831211362951	0.435555761096901
0.528511488741418	1.01675748439934
0.313982847118582	0.590940976959925
0.086562042194438	0.123529320575359
0.308355915169643	0.56968701783788
-0.0369111250396197	0.0533678567048074
-0.275170988717332	0.545652860157393
-0.0279009059502185	0.0408359030960729
0.116949490435924	0.19075956536593
-0.00367163830674649	0.00465315314030851
0.119871586057266	0.124540147686483
0.274207226508678	0.280615290703739
0.278356714057061	0.294726601460633
0.653577190392295	1.12292179751978
-0.283526020135954	0.274849806921855
0.53687086986287	0.814425586428483
0.0992152172373562	0.138152682696167
-0.164981878769999	0.232700478741238
0.119751504683384	0.166436628305338
0.100542324193548	0.125394664421509
0.049529744277141	0.0440328832108861
0.601678622809106	0.843412600132371
0.204267774122025	0.236107413001485
-0.341527036300684	0.434802321613751
0.732572401929618	1.26312837615522
0.283735649803241	0.356442372163167
0.538314499507093	0.8847018909252
0.00763373704702016	0.00694267216268899
0.023995026807029	0.0239059124841048
-0.0457120892986341	0.0455790448173223
0.437026618632919	0.535971994637012
-0.285092138696501	0.343697197895519
0.895844723143474	1.66363391890789
0.202262583811563	0.220905610731208
0.0569452773165512	0.0562706069612716
0.0565672875582053	0.0521488285289847
-0.456912990775377	0.594352397926977
-0.017685064063887	0.0165544092627268
0.209354461196735	0.229083664007483
0.168850429955904	0.174115931670504
-0.61084922050734	0.763584871858496
0.415270994605499	0.55374491992868
0.162193223474256	0.16843837529564
0.269281588087024	0.294059245378766
0.0489422923826933	0.0443148378378964
-0.556732740221549	0.674634654522926
0.149852757708494	0.142641090969789
-0.123484015096905	0.116339514884368
0.479345050889744	0.635675481186598
0.0723693711588692	0.0597425524893804
-0.298658787422602	0.32318919176367
0.649909440623197	0.936599776591822
0.681528348018117	1.28831114910644
0.286278446770343	0.293376171652221
0.560463862863586	0.816315595590862
0.431604467755613	0.528775964487147
0.113724138597503	0.11482488000579
0.388966750941849	0.532661917388094
0.15335337587019	0.1544990818384
-0.479734688236151	0.67354347893801
-0.174850919963719	0.183780266760895
0.184509097318239	0.203428444209711
-0.0376206134654275	0.0369022849271985
0.19113320947875	0.244258082396809
0.766803932484653	1.17503829293713
0.473616098115634	0.443858994764813
-0.298367963072868	0.300921252244859
0.355183774524443	0.439685739443692
0.948212190377008	1.79954700824717
0.599730557717425	0.928644158171404
0.0977686311521049	0.0868673134003862
-0.0858328087189108	0.0995974250211295
-0.218391998788164	0.259448932434458
-0.0592369887758029	0.0577585512669027
-0.130694886536049	0.120498555223516
0.373023126841002	0.471310308215882
0.174248449191833	0.186951404702945
0.254939937869723	0.313341883405617
0.0800616245812825	0.0814362292645539
-0.131836159087389	0.100763623628542
0.329690686420887	0.260190053720642
1.39156386419326	1.28106914830235
0.46446947617939	0.359555008849053
0.324692226947825	0.249300021951112
0.357353768383796	0.236486244871247
0.562819090964325	0.369202473833063
0.38415605627786	0.740945814341067
-0.0606427973395437	0.076209602906541
0.514283819268171	1.02133214811741
0.422974590856703	0.767593397110976
0.219164915444947	0.365476644379033
0.282257901465248	0.539094550175968
-0.320905484528916	0.828001331807164
-0.109738942959139	0.183466647339253
0.0253778812735375	0.0365572028235344
0.0624631152690687	0.094867154626276
0.232831758670901	0.384231332152314
-0.146030887201776	0.189847848978103
0.0100044102168891	0.0105314014842918
-0.0639932719004851	0.084214351490617
-0.198928729307785	0.295352461807832
0.14194301502662	0.21053333485795
-0.22905088562979	0.348598493560534
-0.674387815137397	1.90451676428773
0.0688886704499562	0.090483161748613
-0.0556038768087903	0.0669910186333039
-0.0194349813852016	0.0172566310360695
-0.320426460262647	0.344965323121502
0.0835835509957224	0.0698478197067206
0.615361481379101	0.941134612583295
0.446198121443704	0.625071081787817
0.806658087125577	1.81093278439986
0.70873671264404	0.983657485182481
0.968939962898696	1.57429737222081
0.346812381414823	0.38292523246784
0.496196063034415	0.738283786705948
0.165423209464126	0.167844431853604
0.0815433244329346	0.0816798231645016
0.162931394973332	0.153092560790999
0.207901902142279	0.194144665867322
0.4927677090602	0.725838817325333
-0.0354369353932962	0.0319613697912292
-0.000237798519292064	0.00016977232780673
0.124406762625771	0.123391729179732
0.32528975840181	0.355804469656805
0.0480459007830142	0.0344602967976198
0.0366684750687324	0.0307045931747444
0.34235512037047	0.338627838548949
0.0871706933042287	0.0728799947868127
0.164792871037086	0.175955875868284
0.288890739390279	0.280340270212699
0.103895742768571	0.0945811222558285
0.105115855733809	0.0702380440044764
0.339465260055072	0.357198094785905
0.270120086859342	0.279766514355919
0.369888966644009	0.444154019815731
0.279986127890036	0.29654065681273
0.285675845441428	0.299264230623471
0.209945026574271	0.21255769229959
0.295563640833905	0.286576598588699
0.495081942614859	0.623898348350373
0.709721081362884	1.06641496423269
0.367924838858161	0.592760210820408
0.932076400083812	1.536405303568
0.0931730364407782	0.0990568960086483
0.504481729078346	1.01966767229094
-0.284116862451323	0.459288860358445
-0.332319079138447	0.455647861767044
0.34213649383882	0.48606795223063
0.186546351208539	0.258550559123271
-0.0695157002107021	0.0774450682524544
-0.205334056477362	0.26140359126107
0.115958500950093	0.144774168852079
0.398569154606963	0.539094144429029
0.182348746036333	0.196244346203364
0.362466100376163	0.454155055630391
0.467208979438954	0.623754851646869
-0.475832168628136	0.704744781884705
-0.135195621540498	0.144614599491101
0.262794337403113	0.286340830462733
-0.237571966089211	0.304150243479292
-0.375447595566568	0.340882770553219
-0.0715905837698353	0.0698705639248904
-0.0665232467648397	0.0649997537474246
0.431878038850423	0.708605612249513
-0.036766010316894	0.0368577907540109
0.875788565611224	1.91545589372757
0.382463292658872	0.763747654837245
0.112496390317259	0.254757162043632
0.196108425762284	0.380609692824041
0.00919378145227223	0.0104959926699933
0.071404461872427	0.106077075951578
0.0182171417852401	0.026097584599631
-0.167028968892598	0.292681907065007
0.355676785582965	0.744813783898446
-0.0678510390794783	0.097891756660566
-0.210717092409135	0.397160135757104
0.0921619814797959	0.157182713983275
-0.0644842261848953	0.0818427500320439
-0.371165568902658	0.726491226900855
-0.0718285739447431	0.0961868416397127
0.563630685796504	0.825187984765781
0.353888961999016	0.360070451166402
0.933509604570125	1.21772385689495
0.587921720299729	0.588120472461719
0.219143837315626	0.224879166186663
0.290699539369466	0.260845805941074
0.775215289413012	0.861450571787963
0.726931267188707	0.813581046967246
0.216101407580677	0.177818248401287
0.370633636913319	0.358743254444738
0.730060148250832	0.739672146643918
0.0473813385498665	0.0340302743057484
-0.129238049870742	0.0831818522707083
0.209907283003372	0.16941209953189
0.0691122398328355	0.0544619609771002
0.73371467432936	0.815670770336676
0.123249367786318	0.0858016762229931
0.109382227464841	0.0726454176816829
0.199923847298224	0.169066326017904
0.122648843639749	0.0885731153760349
0.745194571186585	0.82774923887485
-0.0443995381096112	0.0313071759659646
0.729571837945926	0.821347221087041
-0.0321042571554757	0.0189558972675524
-0.0618884659556153	0.0734007266798096
0.216874157495282	0.2067777586332
-0.210283590483227	0.219139259184175
-0.0887735036732616	0.0932661304932228
-0.276958538839046	0.52658474579884
-0.510390628841444	1.02846547964893
-0.249117088377659	0.393615462312924
-0.137033302033207	0.18103167202977
-0.0764265220527049	0.0929208641270731
0.909064802553983	1.70743528531392
-0.361111244812237	0.607573687220834
-0.112402036648571	0.106777526076107
0.0896518078952471	0.0789516325306668
0.611452068160743	0.761872999173568
-0.342760878734453	0.318255030346557
-0.0408810434140827	0.0456124890910204
0.257741523272414	0.308242271614344
0.392753430831155	0.543484751895976
0.0653473432300324	0.0786425445347266
0.223133797043146	0.193243870953995
0.186759728726983	0.228183577000681
0.313706224908082	0.425866422380187
0.490255089307921	0.728485411277516
0.0666946553953705	0.0799910732910848
0.0605269531955002	0.0466741839186577
0.437020650525677	0.449207301534666
0.0578016022642865	0.052188691795744
0.579775917705749	0.742468380426501
0.665862822299352	1.03275216103792
0.46210775585055	0.847007919576899
0.314765129400712	0.566842526619975
0.125685144390308	0.247212309783194
0.0194443522998719	0.0313145531875043
-0.0957938569704791	0.17749033058091
0.660506765006841	2.17707117713004
-0.014394928877305	0.0215245024517439
0.0977448585099045	0.1988736693659
-0.0232261979190884	0.0403382081972491
-0.542680678826556	1.06131112208258
0.41951650255728	0.930518008759223
0.679155191366303	1.53585507827336
0.232834483861527	0.29518458966104
0.0701700958358287	0.031858194064087
0.3603685395463	0.242194413901406
0.477058608206768	0.454694997521042
0.304767365218956	0.26924385034029
0.824363160369838	0.774185391273935
0.631897795756008	0.589462465449903
0.2074499697597	0.117517750341241
0.386979319068534	0.241854842932507
0.816443830783857	0.426856736110067
0.769195949745048	0.640516300562664
0.486713080566266	0.363027204583382
0.571497202192476	0.582682077424455
0.636823026982829	0.488497477450868
0.222505257481677	0.132191376514484
0.448724832569378	0.812850928193266
-1.00508193278111	1.3937116738036
-0.058005754347736	0.0396683912536849
-0.0547745471757535	0.0544109943945282
-0.432462579665496	1.17056192700467
0.0585711278289358	0.0882206766568655
0.260584454210179	0.477785886884622
-0.286991345846548	0.567308642064162
-0.516641843460829	0.846589588474819
0.11274790828228	0.125686369367922
0.296084168976381	0.455870843661729
-0.373929423599621	0.364157480698666
0.216454693686876	0.181985801613191
0.462241010233179	0.452082562781751
-0.415732103412495	0.489953564157263
-0.156529710857784	0.197568442724066
-0.122416502262781	0.115558622757804
-0.102438848473891	0.117174282327761
0.330389515700834	0.491288690760334
-0.708245964761005	0.700496157997272
0.374258170747359	0.571333158049623
-0.395525787230334	0.787349005514473
0.0269084045847176	0.0337476189569875
0.282898541683985	0.437762857231686
0.329508276006763	0.454090293853309
0.173810659976609	0.255525327729519
1.02442513942106	3.34271656751681
0.161892438300169	0.220903333967683
0.413861042191766	0.718172645165893
0.548600898810738	1.25779495629013
0.637701564364655	1.58604643495718
0.229489277450459	0.350289444672369
0.429894144244204	0.931305610221086
0.476755849432285	0.639683138946443
0.159303307766973	0.14990590548456
0.0990216373687078	0.132516162459142
-0.678060306786591	1.18510797565075
-1.02142870328107	2.03271060514359
-0.167568612503113	0.237760979069326
0.0801980936099864	0.100914479395426
0.0606654462987487	0.0622651263908382
0.257533950995915	0.297300203709961
1.05189534065754	2.48222278040244
0.0673379156171229	0.0615380955564141
0.385895134020111	0.54970507900158
0.120063620752141	0.153482024820995
-0.350703024047391	0.417780810331482
0.0795066170160058	0.0840821887314395
-0.0187997449472148	0.0188011589179629
-0.637117780030787	0.908159134853065
0.0545088931301031	0.0562894341304982
0.179503805830022	0.204253942474678
-0.3158149737322	0.355221781802404
0.0329863262033988	0.0320075529615211
-0.674998192260246	0.746386936289014
0.411733219994131	0.558084426729374
0.592201225720709	0.840924814081425
1.12712302973788	1.82067638357672
0.602155922323806	0.767696861420253
-0.0626788330854472	0.0502098142592828
0.838638380697796	1.25854097080479
0.454887902134348	0.538958160097295
0.941769303805425	1.62219584073036
0.463060556858775	0.456235715729062
0.0451215248297106	0.0454453681659482
0.0175157099677047	0.0139937945964423
0.153277361637414	0.14291092437476
-0.0221031705432144	0.0292910585199212
0.174221133706195	0.19495501467523
0.221992372214369	0.269066996362763
0.165428165107371	0.209088650195132
-0.387991347129306	0.621491557102987
-0.266962287704029	0.408391731360914
-0.785047529158595	1.53858542230373
-0.385426577343089	0.658260736495845
-0.822979680027636	1.37856767607121
-0.119725425891276	0.101080309616636
-0.110119587742079	0.0840472444066842
0.770281087290472	0.932101063558652
0.22003821258082	0.236248765776929
0.217924847117525	0.234442421844958
0.529023154793412	0.742495885451393
-0.309840036813787	0.441151202712267
-0.528604754707828	0.975667005208279
-0.746568257965054	1.53038549464012
-0.438634639350404	0.576692529385867
-1.03530969998469	1.72108982744272
0.735934107870696	1.4341731067645
0.266165530030506	0.311793782052609
-0.314930570953828	0.399395567726451
-1.43980708098557	1.43790528399512
-0.0845397772062157	0.0575447220717073
-0.144560999953025	0.0650668195028046
-0.635501051569429	0.415119406961644
-0.326058208577153	0.216101886255793
0.861219022976906	0.548643901337556
0.1993399918135	0.450720805347842
0.100763637212463	0.166238989149742
-0.136866024593583	0.253836454805236
0.114287762472162	0.185977237881867
-0.0481638495597318	0.0757435445822284
-0.00495167728277211	0.00745761013532972
0.194581161213049	0.358740393500664
0.396737527939812	0.443964016033936
0.662241435341005	0.88911041699217
-0.290557106972975	0.265804683469809
0.145455876140959	0.120721054018886
0.155628863504827	0.137154899831959
0.14703779751921	0.124825670976183
-0.0882372748521491	0.083637373755962
-0.0629985482566768	0.0548317427622771
0.290121537560337	0.425100365905989
-0.0407040715939308	0.0371544988741422
-0.109840367051017	0.111123610998104
-0.295311353936569	0.431299782015068
-0.287452852673554	0.601476175614177
-0.484489908238834	0.902667637093787
-0.38832590663598	0.610915333643632
0.126874415914881	0.187851875787623
0.26396178034801	0.377190918945818
0.247537823189582	0.362207581000108
0.371697365387803	0.711387879879103
-0.127633477546511	0.136963840617087
-0.124469552284708	0.141925700250592
0.352340987948575	0.453249140934626
-0.909367285739975	1.51132276213024
0.204948633205136	0.276786810179014
0.362737678287801	0.573192217133689
-0.445059923935602	0.886558703652269
0.516518319990488	0.931427583604928
0.0112518820862033	0.00875614455077012
-0.0889311975486107	0.0968831413995233
-0.343715061361019	0.438686049299303
0.255907820291277	0.297365449420218
-0.063432447443762	0.0561624276879171
0.437763186485492	0.536050924517543
0.209187241709603	0.225462209778687
0.0746109726133376	0.131191427884097
-0.381051557180882	1.00452326296524
0.170552107767461	0.302692518389538
-0.0373126453986826	0.0638695172662117
-0.0487933285400182	0.0825852543391875
0.876399116505876	1.19704334079874
0.027996438755706	0.0234252318232807
0.0889168394289744	0.0798238767699056
-0.0909609402486072	0.0786137768163135
0.288333216439609	0.288988321044688
0.60472983366548	0.74762317463374
-0.0384098419505272	0.0311169807931827
0.470464277270418	0.532626656111384
-0.785921239651183	1.11724158097548
0.0325302745409188	0.0278257653257439
0.148547656328534	0.127004788662054
-0.0648460008733202	0.0897869558061231
-0.174098821763883	0.206814713576275
-0.402057833404359	0.609840045655644
-0.345785031943081	0.638201711524413
-0.543964748433759	1.5619953674581
-0.254039505397566	0.466639143065493
-0.374979641819538	0.656545109202566
0.154845637289914	0.249218447231335
-0.104339290881343	0.136178452040903
0.123951064606713	0.162225796758004
-0.29015591886026	0.52177854709766
-0.397481215755516	0.559452198575338
-0.109028469054497	0.124933002013467
-0.011952611594358	0.0121367212155733
0.253671596143586	0.315771030212253
0.00845015039393104	0.00970949477926079
0.0148228558132933	0.018068780851733
-0.179279849417938	0.236950140207798
-0.125323914211559	0.155638766949413
-0.11276696443117	0.097336163624691
-0.535255645933664	0.822289302678955
0.494284797964715	0.890486146604749
-0.169240226414256	0.223088972694128
-0.397971247745761	0.540847687310862
0.21771168800214	0.238026445698165
0.103566936658293	0.113566397538533
-0.00507874043657704	0.00802285580161932
-0.119552611431908	0.247605125792452
0.48369397340266	1.29147613549239
0.349097694384406	0.901634686716144
0.277719976884258	0.313569286380751
0.199695314569887	0.168245673913111
0.814990100026298	1.25388588796926
0.555871226190899	0.651603532250167
0.0994736798417925	0.0922024909901077
0.213655437623298	0.168228153101195
0.133487281916044	0.111348574599222
-0.239359901709319	0.209136091059386
-0.306965621150156	0.283854847987589
-0.461943250838674	0.569437264002353
0.211955071740966	0.181816108967668
-0.296342282840652	0.564161678485514
0.258343674479503	0.306337802433403
-0.0574063253770702	0.0519563086265511
0.148769663878633	0.208369702262486
-0.393461355322468	1.05232336459151
-0.0108599658334927	0.0142760109073651
0.292441442512743	0.554043046261008
0.332970480459906	0.694146638438849
0.544418820132047	1.06011063246007
-0.00267816907048585	0.00290910767824877
-0.193103840249075	0.304190064198159
-0.143065396294592	0.164668247594209
0.0961967196397869	0.111231514274081
0.0961251713831784	0.100192442616789
-0.209672739790914	0.250318472302684
0.250141112909731	0.378444966678633
-0.0166646185246671	0.01662458838338
-0.271868939399267	0.366453518478223
-0.0203653330250685	0.0233195031584956
0.140138254705673	0.115844557357948
-0.176649252566196	0.251138360405626
0.0274633980542412	0.0306994493969016
0.0947222325954348	0.11303769693199
-0.226005052802736	0.318244107813971
0.640028200776953	1.09260330618604
0.0552684030162224	0.0629214731134323
0.167662661677581	0.180220431185075
0.380764543184266	0.454611067459605
-0.40774570215955	0.431612126560474
0.0565257080336522	0.0414915197274653
1.3002749985181	3.40387159173382
0.105946682006599	0.124386585046377
0.0747957978136757	0.0728457486795438
0.459237921829801	0.711270737015661
0.215373714756612	0.24590768458336
0.218912729837182	0.298704349921802
0.437255154816782	0.606288687571944
0.581989867131215	0.82356624501004
0.135444120516645	0.149758111434012
0.228274322356301	0.288800652259516
0.224541739756361	0.273681103854363
0.165685028370895	0.181449346838763
0.115354279979286	0.111491638300707
0.225800242180777	0.224507199766928
0.0850585614066785	0.0815227175369826
-0.358150330897819	0.460768185517574
-0.411127100529467	0.594934050506543
0.113032050871663	0.11527752441746
-0.594183921276143	0.971028920249252
0.141768148417374	0.162167886945921
-0.0523911274161753	0.057791495032874
0.435180219542693	0.447180896190328
0.916904615017535	0.930171471789525
0.098767392285493	0.0631733808236254
0.43613469984023	0.348234079619778
0.0189477039092902	0.0146507193037142
0.472833701913077	0.548866175325408
0.00640789971619454	0.00521075534965862
0.091698466026234	0.0911669153849986
-0.221133004928381	0.274540645911113
-0.422210252871562	0.572260304708346
-0.134179376619566	0.132931694186353
0.0288336104020184	0.0234776832402451
0.549320930632584	0.818070900546213
-0.200060934081259	0.194683809422101
0.282929097487677	0.297362866219829
0.233402558257054	0.131794548414662
0.128480840076979	0.0892109571419738
0.69322083981493	0.510709402445406
0.383188461226603	0.241468132392798
0.308549568437478	0.135268299554591
0.740442675488468	0.308066811721016
0.214894416973291	0.144803337925552
1.33522418711571	2.3861214884728
0.727776512704608	1.00764481530357
0.282919011381992	0.722885693135692
0.163866326190279	0.278322615359663
0.213771298066468	0.268649616670248
-1.26280002185102	2.00601758008346
-0.103084060685375	0.089516430356195
0.579596180325624	0.896666477276282
0.32971518303762	0.676183303441676
0.271643461500001	0.455072550344955
0.0614606527236361	0.0835557407725249
0.270886368266263	0.478496241865321
-0.00972303353081239	0.0106382153245757
0.204734018743912	0.325434287322589
0.110983443919228	0.152409047744404
0.361242575842471	0.737888176313328
0.27059098717147	0.454722765624858
0.253418251212358	0.417811341333607
0.336441738145956	0.597897315886579
-0.0316547349283322	0.0391970001295548
0.35650160103314	0.589519713251428
0.135084394339601	0.188259337981575
0.0395704400346224	0.0449349550356295
0.360454609101196	0.55512360171944
0.49760231064153	1.06066890400574
-0.364472163309174	0.610937350010781
0.327411502222329	0.507676807452039
0.22510319988206	0.298113545991697
0.209324661115191	0.326665243501724
-0.0590077810725359	0.0734773652266977
0.275231337152732	0.507270345897832
0.233337936081925	0.352645134593606
-0.235092364259174	0.321826843330531
-0.112058826197959	0.155906952033713
-0.0967573445106172	0.129334250965927
-0.514609811558968	0.968796331779836
-0.0631314812559162	0.0514040678893783
-0.489608040284298	0.54069752324866
-0.291113799154941	0.2234651445631
0.459706249483607	0.446074462317234
0.41779245318191	0.450393399521283
0.62656790186405	0.870098733676645
0.409816574726381	0.44624731680031
0.0474186140639473	0.0526037988833685
-0.000945392224899539	0.000872210035936444
0.625084634080514	1.24710626590883
-0.388642560207301	0.45862595977642
0.0238131690691854	0.019440246013815
0.121900523613981	0.119306900885395
0.0371906150026761	0.0321047404251251
-0.283024124774244	0.306718475655311
0.0806941079977816	0.0457988914555464
0.705507964999986	0.401903190073989
0.264099960834783	0.292641690159427
0.371919377201903	0.347814692249317
0.144148017787131	0.24702513348567
0.317633143917281	0.506616272925408
0.863329361687848	1.18332371401296
-0.0909954661123017	0.0707625729330364
1.15426848867454	1.38370355585703
-0.417165443996273	0.490737330819823
0.30502670539277	0.257057626802686
0.0382280762667808	0.0260666924904905
0.359982671249271	0.694140160849083
0.0785000655361523	0.112757414662658
0.298227854543473	0.491818625202566
-0.0419600587887408	0.057209045563339
0.0931985563446903	0.149592756221723
0.241244445045391	0.476738641211844
0.0593939135053911	0.079284717181895
-0.174874633472093	0.277164905953121
0.0548400992611128	0.0786929823684917
0.40112192141121	0.898218668220059
0.25560482585729	0.435245583327222
-0.255946896784034	0.419933425560218
0.252371420911595	0.443014700855313
0.103408653880577	0.155800649563126
0.196580221281046	0.340437365612151
0.133271110859186	0.191705551630747
0.0897509411006892	0.120163189172331
-0.0915097359295449	0.116790233880907
0.0255575136423027	0.0299681949178271
0.126074006522079	0.161585920516687
0.103438241906714	0.143913819713595
-0.0974879144979748	0.142730800641774
0.105243960287843	0.147317788519852
0.231934841673115	0.405698310031889
-0.224244254493052	0.383215197542442
-0.192929890807136	0.277199843870188
-0.0781046613582185	0.0846592437665264
-0.323419611861757	0.552902381791781
0.1261777035033	0.139342405764436
-0.576694806822118	1.04691672592134
0.734946706283137	0.901089055241148
1.15482648187013	1.29401669299779
0.881361253281372	0.791543455273861
-1.42520373588234	1.59002343827347
-0.461181266267767	0.369262289948224
0.811553153869418	1.15255705370612
-0.0537411285471003	0.0380879029059532
-0.0977570240518482	0.0983544294073983
-0.335849508647044	0.428382933191785
-0.379510296105968	0.43117081936688
-0.81811334142186	1.18183690174163
-0.848994865641403	0.912111909895298
-1.13800794795469	1.63460503941308
0.321466461009979	0.369979050156669
-0.168195524614002	0.140228968792284
0.643005075971239	0.500186854540264
0.141877384495942	0.119641545067534
0.0450424598875006	0.0323189482443093
0.388769970153089	0.443980003419659
0.437554124208552	0.449261491400998
0.603410748007089	0.888352318297573
0.641361304027362	0.845417990579468
0.16480075754848	0.287679877569309
0.0124044987062983	0.0141363517099921
0.018851644597523	0.0151171277004173
-0.0319186023304731	0.0230004535285768
0.493051679274192	0.364750008641312
0.218283811795326	0.193198904235198
-0.237114310221595	0.165549417050114
-0.209405525332836	0.12461557977786
0.444155904358064	0.701374420359938
0.0362080495351678	0.0422392965367365
0.00593519645296387	0.0067555244591839
0.250136601880524	0.436458213497074
0.567892825091167	1.21384404294947
0.0357661407044774	0.0452245295155105
0.125941446190505	0.190977838955981
0.213813767061271	0.323565834755493
0.0091489682364077	0.00995316375364753
0.51117134641016	1.14921450983104
0.210642684041218	0.316551413176073
0.266246189368496	0.455579658835447
0.280136584521307	0.461765434240508
-0.16383182518106	0.26452820372829
0.0735745046779666	0.0994098786258913
0.0359573664394334	0.0440056836672772
0.0631762728222402	0.0798668697914748
-0.286985560629568	0.431293633421833
-0.317861262897617	0.529899269973914
0.29983084281156	0.475317513414323
0.286703969305925	0.484094147904081
0.376848589666908	0.615084619508776
0.13412738523291	0.144544746932451
0.190426838786654	0.260418003696061
0.232605325748364	0.322162936690949
-0.0671367060912105	0.0862004579466476
0.257061162011794	0.401617275446246
0.378620930202439	0.649649314424616
-0.252076880160929	0.373951305509796
-0.257934956636287	0.371680101726344
0.266934337705822	0.411728139249565
0.172974777549134	0.241715987334302
0.0769471483688839	0.100091634895501
0.11685333265121	0.160696208297763
-0.0822765993266907	0.103519477618243
0.32944672688884	0.362660510554201
-0.0591848146026222	0.0748227457300812
-0.223785666561376	0.263664545036859
0.462043759607299	0.624222167306738
-0.43512859376111	0.377857520945972
0.58409108347512	0.572059160052871
0.517674344542323	0.363709703738078
1.37855289343471	0.836148602212029
0.312930384067068	0.250359578853886
-0.131337615166353	0.0992988916562238
0.218994697487539	0.12979581689755
0.213852454191338	0.210343879584538
0.0102140131770654	0.00869972610123746
1.05718616877045	1.53126377642068
-0.688546606664688	0.565682740923968
0.12478224485807	0.0952694556330019
-0.34726339907751	0.340739509928539
-0.13901016031045	0.0899173403232061
0.136492701122197	0.101090413587699
1.37491589249245	0.82910882371005
0.363944238421185	0.143331773682465
0.710117995969349	0.403808216331341
1.88014119038809	1.13779288350702
0.960814142999821	0.364879865853423
0.442607685389158	0.156538861825355
1.01586163207835	0.725141848281519
-0.0638662806575392	0.0441665653064184
0.22378154719977	0.194149606376425
0.89533068726909	1.20896139546795
0.0941700592781998	0.0599737941472544
0.117771306688288	0.0813627871367785
0.286889918014257	0.272970525104979
0.134630498953751	0.108261466369162
0.281657124316895	0.44035138089036
-0.0578369685025684	0.0876607187825963
0.735603858523845	1.75089988737218
0.273672772336334	0.32537020631239
-0.183305190996101	0.179727388607823
0.421033805341794	0.351490410278504
0.299439306670968	0.380872939509846
0.518434287823563	0.637921937568016
0.506077180748819	0.556595203085262
0.279575683410629	0.38958576806602
0.0145449077378741	0.0182610193216956
-0.00637786395279332	0.00652072812754933
0.377848178638753	0.855360994185327
0.557555282613192	1.2025598278257
0.0888397547778827	0.119901280826566
0.103636582386564	0.159551202145708
0.330974666458987	0.667946105294952
0.311906554452587	0.613876357866275
-0.0369716552301126	0.0474529899754459
0.161655319735248	0.246610599552412
0.191690279944479	0.312625605796138
0.00169879624227575	0.00212356113270413
-0.00984961198706669	0.0129440148513861
0.13811618730018	0.193626849534837
0.285633119007123	0.522638076893461
0.244378159120692	0.420294115120954
0.260969391676557	0.464542902936308
0.513377253502532	0.998890872058522
0.268322642498015	0.480859326721008
0.257154832098444	0.465018900749403
0.574653088347566	0.976448141185498
-0.232986899972569	0.383723331792405
-0.180721362334316	0.215713574211047
-0.0214009387998637	0.0231489344778996
-0.394496450403855	0.80158119237378
0.669575813552838	1.56742241978595
-0.0054968802044528	0.00637827992348472
-0.223021064833834	0.322123096889724
-0.253298587713264	0.377353936435294
0.370273044283169	0.660850510103878
-0.285341992196686	0.487284450021351
-0.22654496208044	0.368696703972222
0.0379972183860708	0.0506600028784377
-0.323048881468231	0.643170298811998
0.0161139557898452	0.0206433490004757
0.218860664329292	0.247736361207499
0.458836231593118	0.773003641685644
-0.0046226280144656	0.0046784644753324
-0.50610891066823	0.648011802607773
0.0550266981304142	0.0419976266703544
-0.130864430092608	0.0844846910261376
-0.631704716583086	0.407787474687922
0.387141525147304	0.243181572092134
0.120804387948067	0.0918658760032158
-0.431620986724471	0.412296640888367
-0.103737151286147	0.0775289606939767
-0.183960224883843	0.206390114390356
-0.146290957026377	0.133151759300955
0.105839335726143	0.0978511530170832
0.315268212131328	0.253122215837413
0.857583173757321	0.905088077036408
-1.19840248801115	1.56132790300721
0.629448351606578	0.5869456500515
-0.197207917691395	0.119829785261083
0.37449713253989	0.22868858426448
0.704759291177513	0.607217911656284
-1.06808496355926	0.557119034778171
-0.280066555757586	0.15606324591686
1.38203627750428	0.824107372380912
0.99697438740445	0.580991721454975
0.0658107199391254	0.0273661917141839
0.0608187625903265	0.0201331686596999
0.064397378707309	0.0235755213714013
0.517321734913029	0.258626488650026
0.984893928775795	0.468521743340305
0.0679570356936024	0.0226224933931562
-0.166082634463766	0.105621684881398
0.210288424491335	0.222321794793008
0.0621466767258113	0.0472243756134479
0.731763933536604	0.806672916460728
0.962421554180326	1.17350117555713
-0.378285458334451	0.282369901583559
0.00493321661704567	0.00352020596168632
0.218403484202685	0.167131977796613
0.538616228831996	0.731541566148498
0.326853835386691	0.349650278774768
0.0712199191788408	0.0646827102930611
0.837311930376427	1.80031133533731
0.119506419256654	0.142968166293189
0.557583302905932	0.974458986950227
0.254630217993252	0.322047815985749
0.565779764579363	1.94749523804008
0.0211339573206784	0.0286112023336511
0.150298456847826	0.150087290705877
0.295817003908564	0.267473948395289
1.04775078997826	1.33005305798131
0.53933134383371	0.78309785859559
-0.00706503206491538	0.00433803603739791
0.442768335331491	0.455518865419215
0.00238659155121511	0.00287118193602089
0.0507515245915289	0.0665031730905745
0.27330697132193	0.604088795040188
0.285252869094323	0.596668546157947
0.282135558022636	0.624127124968999
0.302543908889364	0.66080902035356
0.215479220749046	0.415919222021896
0.238368372789755	0.452936409034816
0.175127073228949	0.297087803435454
0.20839680700811	0.385652392479602
0.309781188149197	0.61666827374129
-0.213609271915133	0.386579690062561
-0.262153490148316	0.507830157342507
0.116636545789604	0.187985869465841
0.0893785757496577	0.127755828975253
-0.14776151834797	0.24508647173515
-0.179269947957874	0.302709624174799
0.195297997764781	0.323191090946699
-0.461562445148546	0.944206720146433
0.15257193762145	0.272968817711058
0.381589631172099	0.801806311275953
0.134304585098134	0.210245568834748
0.186857206899894	0.327176230925782
0.342149235273038	0.661453890495204
-0.057205762906198	0.0778718064273153
0.568732513262774	1.33904437386989
-0.415050624200523	0.866245610431509
0.532661901377876	0.9542305651332
0.484561814996863	1.00952097149416
-0.144104026142581	0.224185772200538
0.192079993248607	0.317752638019477
0.531824545143371	1.23343669317221
0.454223636126578	0.950674687274618
-0.265294219074287	0.490072040835631
0.237713863278288	0.41407283476298
-0.00484530593794062	0.0062443409383931
0.00312152672292813	0.00375807604902479
0.514073540809533	1.20357424155088
0.21335584892658	0.357882330433774
0.0165636765081425	0.0215440698915679
0.33857605700868	0.471143939488045
0.0119731771978504	0.0135957709982839
-0.390170704952235	0.646678452962641
-0.638078257926592	1.03953672139276
0.204066643716355	0.177033729369746
-0.708185692851966	0.695015418831216
-0.893821654367295	0.59105431473362
-0.11255695369275	0.0543855369868628
0.129017774612297	0.0992072538109662
0.671489176421788	0.884515428704163
0.0304405433417273	0.0210027785585768
0.400164604920516	0.524358895514392
-0.0789810423260203	0.0824733116723019
-0.274398207737171	0.276264439440693
-0.3040310002883	0.329050239375206
-0.268681811580553	0.232766094705034
0.116423640183439	0.117158716100996
0.128683908574723	0.101797070265529
0.356194717702257	0.362073039605848
0.578589415062163	0.485860398316232
-0.0280343274494656	0.0165365354429783
0.607285690795053	0.272663873872623
-1.764465680673	1.01964377024035
-0.229223468021514	0.0868419132365657
-1.0631391833885	0.542934445602062
1.69236662398273	1.22898351287532
0.311058600636207	0.134669225099703
0.305315639649104	0.131804603119813
-0.575645779899448	0.313332413851865
0.0779499788023102	0.0226005070111437
0.117181211157689	0.0836243703968162
0.459872151634112	0.352947643828577
0.00450968429915406	0.00286003545808672
-0.263586865913818	0.301671687157152
0.584656681346433	0.828992946308187
0.156912283726566	0.157752910669397
0.274854467815507	0.301579880162617
0.211247247634197	0.16495560657934
0.210375429545004	0.186771133509129
0.0368100702515573	0.0253490743077684
0.463391841205612	0.545273770073481
0.432613748947109	0.445952538508426
1.18821853189463	2.27325612636686
0.210143871237865	0.204457767128959
0.37861441417507	0.366827323854747
0.565117210624415	1.20754373102182
0.584507942037757	1.24226757211121
0.322122157916392	0.564878158505194
-0.0248782929321442	0.0291922714377038
0.483406376806156	0.955887098235548
0.106914648874656	0.168027397559952
-0.224750689054935	0.256012617686692
-0.197608662915414	0.17530987916295
-0.010925901736312	0.00799245561478598
0.0270660746380341	0.0213220660452805
0.116188839125252	0.0812803090446017
0.282136475370531	0.275190607993975
-0.022655228312289	0.0257679948126259
-0.0338617191452066	0.0423882694892516
0.0629297911262811	0.0956456070015727
0.0207071208137555	0.0303609303900785
0.587425002516735	1.8069382867363
0.324933527351597	0.724452109166047
0.109664662886286	0.171005651279489
0.381258908429584	0.885996508962344
0.231135342129021	0.417959696491854
-0.105478857152861	0.154286210189473
0.294317054681556	0.585466594357505
-0.117888353791537	0.180479915546144
-0.0931731747316036	0.133730712865818
0.278727056209219	0.499525947254502
-0.195052153278807	0.345378578991435
0.107412487537726	0.163296239302753
0.167677859258436	0.284395696956709
0.24734443642795	0.435215991419871
0.273023847114651	0.537373328693127
-0.0697482096734166	0.0965036482412818
0.243164027076081	0.464409053779527
0.270601341731441	0.49006240442253
0.0178511841922355	0.02160635235693
0.0189050159531425	0.0231731617948759
0.151835238993822	0.234229859932326
0.117741973909532	0.184987191938419
-0.0256360391786367	0.0327364617744071
0.324769952608809	0.615078762821497
0.376971461700195	0.629451135558201
0.330614624916396	0.595591782291535
0.525244551294065	1.10285621205229
0.631700758575526	1.61550928014558
-0.611091185818556	1.16712254563114
-0.0251875020169265	0.0290308446478701
-0.196149876391218	0.305635318408044
-0.102369355721987	0.136700523298425
0.121535437945127	0.170460147222662
0.794675829268557	2.30805069779101
-0.13764056112331	0.22361200420589
-0.0474856723877581	0.0649857998675229
-0.190879616365649	0.282840602376381
0.516338345762093	0.944776613496271
0.289516829956906	0.455734989902875
-0.436999075514121	0.724256748759751
-0.155762462468114	0.187184198394327
-0.0110432450763299	0.00660456650890205
0.655360757889079	0.685997850479323
0.595853552608519	0.466633093626111
-0.0814096859886956	0.0554637584660434
-0.345505485621768	0.320167216971646
-0.148479917120543	0.125365677227821
0.640181299551963	0.695387484800766
0.134423930237079	0.149235365133425
-0.142003140441102	0.120687895635198
0.985151226205002	1.74248626610578
-0.074684419509695	0.0595360536594533
0.000160927047346556	0.000269149192531975
-0.481819613917052	0.560580665508287
-0.372833008672618	0.367405633892034
-0.421773146620811	0.466607352745392
-0.581990314034879	0.439433508115144
-0.0451257245739038	0.0257078084618641
0.0611455135147223	0.0252997791704677
-0.642035523524611	0.411742268134864
0.0656857406548986	0.0221501881029368
0.698750685917666	0.391584542353005
0.0684774862906385	0.0227458805497408
0.0688040674193114	0.0341694682473395
0.526102018606764	0.264393454779873
0.0640536642497395	0.0265019699976306
0.456166429437248	0.345004907165328
0.317820533227259	0.243335272643769
-0.223310743901651	0.178760893566844
-0.446207330331066	0.399712927638504
-0.516120797644937	0.669681776826689
0.458398818648927	0.689646685471569
0.0141584524568688	0.0126342259969481
0.217295381179685	0.227472178805787
0.209444988830045	0.189543054587201
1.30851236545	1.79181360388095
0.216995095184051	0.188278079258405
0.0339571560525543	0.0239972956003516
-0.439836133654868	0.485753994441649
0.453411238580337	0.451018749134474
-0.143104421328667	0.13383558994943
-0.785471897957989	1.07841649387379
0.59364171118896	0.739829380295908
0.618995645700195	1.33151173426527
0.4206834755267	0.747764844346094
0.222099560372924	0.329816807434691
0.181058360029739	0.260370433641811
0.406558877843287	0.780119965352717
0.153628557995983	0.254699919501468
0.331546531649011	0.383242466794434
-0.646668609208188	0.808068106032657
1.46705963612917	2.04983297689219
-0.00183056708619265	0.00145621599309495
-1.438950064067	1.45627525915197
-0.0989457088841224	0.076121165643327
-0.0599480342659268	0.0708526410970588
0.0246052549108719	0.0301065497723339
0.551881700810732	1.20682640228744
0.183741784542016	0.291034137471376
-0.126357906971147	0.194995468658149
0.203710359380415	0.348551367255328
0.443016324531316	0.806993491423579
0.291224594955142	0.552751362971112
0.446686722221781	0.925164389723456
0.26124420926999	0.469421362247171
-0.163819925358722	0.241542168717322
0.0624283908395421	0.0799726900711888
0.0901404650107762	0.124336226279441
-0.253225237285681	0.410349327826785
0.00843553820607449	0.0107905310851601
-0.205469096937279	0.302504444290387
-0.0910448957322142	0.122035049604784
0.511484986428204	1.08932692269004
-0.0797191946618806	0.101109975974025
-0.044181362550694	0.0501408893079725
0.0981964101137325	0.138277181403419
0.489774924522298	0.979726097115389
-0.0167130571510695	0.0196475396978574
0.751636801564575	1.63740740131404
-0.171262768908508	0.238366011906144
-0.40684063805626	0.72481123465916
0.2209322518264	0.338378405461044
-0.282045293033096	0.414967890143785
0.501838569263635	0.738512526212341
0.31915042427886	0.501998770378403
0.130980723087713	0.168015224363933
0.536163228975585	1.01434531934756
0.344181237260605	0.564413162403643
0.402812151524623	0.655963338727854
-0.0753897126606098	0.0884241481247606
-0.194790125251572	0.29580415331125
-0.114610307481133	0.133362628450658
0.30464363293054	0.478180022380688
-0.0595947224407996	0.0786686209652067
0.136745703095127	0.197076975529927
-0.0448762518362629	0.0504331662316711
0.417153113663843	0.623717979570837
-0.048142477554495	0.0534505241544309
0.124264146026723	0.13466328890986
-0.352511421737483	0.475451242991247
-0.0548826208417337	0.038874424446391
0.216467582559726	0.136257945580528
0.901479994075233	0.677960147487541
-0.674118776976791	0.498731039883079
0.41437822883571	0.336229178642553
0.656448742052363	0.794636447775613
0.125149123349756	0.098679960106707
0.283489244014684	0.282462729746394
-0.239265573818629	0.227104778656274
0.417172269751378	0.444664930327207
0.515661274055661	0.360619960375534
0.137154189722429	0.107580976510345
-0.639248724101974	0.621291253005219
0.610181290772527	0.591833552994921
0.379616698887997	0.358761639779263
-0.233406643119563	0.163612058789127
0.249046636339633	0.130578864250596
-1.0638886588342	0.554073501749028
0.0659452103326877	0.0323579679614004
0.107826809107632	0.0266163148584071
0.513851202472706	0.362188928193291
1.53930938740442	1.00760952743295
0.739692022386814	0.307188752676449
2.27540819272723	1.13789016138216
0.982804074158177	0.46558475884026
0.0731006868686151	0.0213899062363237
-0.321873658973128	0.215242213029684
-0.491457942581501	0.344983320346693
0.459121326667324	0.349923887612997
-0.202585838449688	0.146974924680079
-0.488192907966768	0.539134300153375
-0.10675619934637	0.0915313614561608
0.321556530060447	0.369936350175407
-0.0283090364978745	0.0201074947836949
-0.217038899563584	0.209173590954263
1.24180416019082	1.58335200388471
-0.396131788660741	0.347473583760085
0.00657666723142998	0.00410508566055994
-0.249723276810168	0.218911518218638
0.0268075138699845	0.0214649086082471
0.0362806407564656	0.0289492985829526
-0.0973528731548532	0.0842258370693307
-0.965092968564911	1.21281807597221
0.066579080763123	0.0700399660416021
0.281618703996437	0.414145593270834
0.374802014596588	0.545686192654892
-0.072940804984121	0.0766305835609987
0.222920252705457	0.48494421160069
0.442614048429539	0.942122846442605
-0.256799584995784	0.265730273096156
-0.474437360120696	0.535738566711535
-0.116588451410059	0.108425755154781
0.557161767559677	0.648804408059239
0.219786649641147	0.166183853173708
-0.185212296217214	0.258417613026505
0.341681335976975	0.637224057588385
0.446187053039957	0.898143097766978
0.19504250192019	0.338459509915237
-0.134682978225982	0.201904292604231
0.452693037520711	1.13729521669477
0.582142623383719	1.39519031323309
0.80561297822101	2.17375029819645
0.122853789439848	0.178342637061651
0.274237285567185	0.472289845382567
0.675510695773262	1.48370391853306
0.271489407907166	0.476557527257337
-0.130890698959527	0.189083383057589
0.378779076874905	0.633322682262567
0.168234519073478	0.266712732242219
-0.0387927350431282	0.0456988809358777
0.279331971097182	0.451302486370852
0.570950403037417	1.27838726694068
0.0557817349919257	0.0714541967866222
0.402243675460102	0.75963469374468
-0.240928578731409	0.368828904119671
-0.254441394654143	0.414347456501522
-0.0484415144041095	0.0602222297241971
-0.412795430657849	0.688917206356881
0.338063417759937	0.532821735496023
0.240739473568757	0.351642531614495
0.333035683370383	0.575891133676324
0.260769534697282	0.369765676151793
-0.322936736324441	0.465443555866135
-0.148201541339829	0.188178354799932
0.686237421769468	1.0566871481515
0.123695437717788	0.142440151291891
-0.242343093709685	0.320787082657111
0.137141741116232	0.180841286851396
0.108350339992861	0.138319552994731
0.508637837407008	0.879333271242993
0.112575477169343	0.12856855053402
-0.24510207261532	0.347849543901963
0.556675168345175	1.2007209704811
0.880914841711538	2.22164371432748
0.215602835578555	0.279446821919665
-0.303206063474029	0.491718253069749
-0.134890167666784	0.160880392353147
0.459554453750958	0.63870381659205
-0.0867385428435078	0.0966092280167791
-0.0731210215273754	0.0802639897138727
0.66040206849556	1.03566439172673
-0.781982228749468	0.818880014863683
-0.0995098496911116	0.0514586924477264
-0.326708944909684	0.165007530492564
0.542080053908813	0.475990700071536
0.655396528680347	0.695669253849863
0.403134622027678	0.436135446711534
0.438084225174568	0.459208879438926
0.509621016303968	0.639369963053525
-0.218289125175303	0.210687775475336
-0.507564019607096	0.624419412139877
0.310054432913266	0.265778655624924
0.836067859825866	1.24590435045947
0.392625616331731	0.459112115319045
0.393111669460249	0.346273212954128
0.885671917392945	0.996375199944558
0.0984125920418303	0.0626617520119171
0.226391395997357	0.126817964001771
-0.742517716539383	0.442993953885823
-2.15158252780027	1.0284895466908
1.37162280151825	0.832137345236556
0.0680916345330722	0.0306129044197072
0.410676856371133	0.235275216740153
-0.606022582015438	0.23705901292207
-0.114409454257945	0.0730326639739348
-1.16733617939796	1.36926118600343
-0.705151515480361	0.686118942555708
-0.548918272039335	0.476298077104582
0.271452726537168	0.263120802228533
-0.90847972032428	1.12002433818757
0.0971194492282239	0.0903309287487797
0.412936555949899	0.444981289816537
-0.454704958288946	0.536582894251123
0.133703615259577	0.104442730747786
-0.277433112712907	0.240619924049787
-0.781362575300982	0.813762655729489
-0.864036967335714	0.882639939093027
0.519961725405407	0.543951621124132
0.41082984504717	0.448358327934618
0.967770113537844	1.942248920676
-0.571319439338419	0.646900586157004
-0.393968867570767	0.56380478221306
0.427323191237583	0.700858995565049
0.173356899453941	0.196205418459047
0.18464037344859	0.235744767418449
-0.0216010348341232	0.0218552642136012
0.229462482848657	0.290569425942538
0.161562195855749	0.169321374530034
0.219168639449716	0.570326528272572
0.538165063269688	1.82910767840799
0.621905092986421	1.88416654499647
0.22087746389736	0.242203988819272
0.583361573123111	0.670735571370345
0.224913251065963	0.273180262853185
-0.0486933108412253	0.0439303267976644
0.830912571964797	1.25787200786927
0.0779408255874745	0.0847535846777521
-0.173296851143175	0.250362391591468
0.167461830649234	0.217836188353875
0.110024554467562	0.149671350495901
-0.0947610483960187	0.135491692916017
-0.0221921928587295	0.0282080537216897
0.334701890864656	0.562572077985401
0.274937723593312	0.409938764361176
0.547443308058879	1.16563735052749
0.376491571724564	0.740566446845999
0.252867572025855	0.423504324720305
-0.103417279414428	0.126249278196191
0.0520555038573343	0.0602090012861156
0.254240731836058	0.375322148525237
0.481021377521755	0.879883951669646
0.62345656157935	1.36495558532456
-0.235761240773358	0.318161904604751
0.334667012345758	0.494668893795752
0.0246188052477179	0.0277952246436695
0.607198852032937	1.30766727567718
0.0492109451396538	0.0590702514686599
0.728228179691319	1.48130915745169
-0.0292273941398226	0.0318196279717634
0.690320745865422	1.54424626510054
-0.24538256440833	0.338600336787642
-0.368121322328886	0.5364595329564
0.161359884875769	0.213837091316509
-0.45264164226225	0.82349476072853
-0.237383512589551	0.320949855223096
-0.175196880711794	0.205486433800029
0.36262105132539	0.54527418517278
0.326606029237365	0.397764496746583
0.517499185680425	0.813576272328865
0.0735376797954019	0.0862251633954315
-0.36283147524517	0.517030756097217
-0.0316733214940276	0.033649932394837
0.583294431866363	0.955532704906599
0.68585284043835	1.38083824826673
0.253161024240371	0.362947574855003
0.0980591468371945	0.118374147498824
0.159859880453627	0.20525986594961
-0.62883089183308	1.28142042666144
0.191730472887523	0.259265308549095
0.0474844483729474	0.0516019263333603
-0.24276031158754	0.313350982664422
0.533129016438406	0.862664040349379
0.642539762866339	0.85188502471619
0.428986050252734	0.554873020657539
0.309813927020837	0.26106419911237
-0.208236506105248	0.169150514673411
0.765051537890697	0.522733228605476
0.136512703983207	0.100608090725602
-0.0480742735690565	0.0273009114381124
0.658362348334155	0.781362285765439
-0.132856772002443	0.101208418866819
0.309767545805457	0.253788631349795
0.0275074076506423	0.022411300214697
-0.0879890008975941	0.0687819895762681
0.216898787471145	0.181223511284901
-0.108714051060516	0.0935284062759798
-0.184479447293936	0.166690031030022
0.418607975623515	0.359816403323232
-0.786160100172036	0.937009852555045
-0.0269910716330657	0.016040330577642
0.931109300685116	0.795428812836099
-1.74163734153095	1.73914282134655
0.0764247596819451	0.0315763087615479
1.15842634379304	0.748784806793413
0.355351594551534	0.140594332367926
1.36985712906866	0.798319390040644
0.51842284796104	0.262601151732296
1.34053344920971	1.5214232868612
2.04324280313973	1.40353108325968
0.229846262935201	0.127867989603563
1.49420963012292	0.725417634658058
0.520283061119691	0.259777877625815
-0.279420092052747	0.150036091519365
0.933978624558756	0.819884421682929
-0.461256241675191	0.373823160564254
0.812742273382982	0.876879483184494
-0.324828895848544	0.345996150352357
0.643431616618796	0.689183313213554
0.0606976296900178	0.0477055641042155
-1.01327695128242	1.65667609522156
-0.271721982730489	0.23709811427363
-0.23718643950395	0.166637786575868
-0.443206278611435	0.4335350191242
0.0913019356255591	0.054859212289596
-0.269744406255885	0.253712209344955
-0.288367303686874	0.261402969005283
-0.591764681185336	0.665461589146846
0.519788995703764	0.632784726605766
-0.0920256409112421	0.0807177766339236
0.237540409015395	0.329050698716331
-0.0979437978710677	0.10816046967337
0.413146028404117	0.536778592638097
0.204312488153062	0.223858557995491
0.732874808149216	1.52552628547216
-0.0120089122060267	0.0110369743659684
-0.0644673344769132	0.131673150798531
0.259554059392046	0.645141067465945
0.448031139036897	1.1410809509919
0.292984375962966	0.273076449535805
-0.109110979443982	0.112303552231937
-0.304270192948655	0.26162933333965
-0.148993288489285	0.125239907212682
0.0946784380547113	0.117895461873782
0.0520445899079132	0.0697443894583918
0.0705985232051292	0.0953172692974828
0.0676220312976387	0.096088120162076
0.012469656965663	0.0161792416704397
0.610237260013911	1.52263145238798
0.135965249180662	0.205481410607275
-0.0805680369126001	0.113426229208576
-0.0612543839985021	0.0813235220700004
0.323377476510835	0.577182586845727
0.244407943370516	0.465245376863705
0.166903560612142	0.244405921881544
-0.122767783863635	0.180920888603948
-0.045243095903561	0.053139917867456
-0.0220005483739752	0.0263397847266102
-0.044568127141654	0.0592448752753553
-0.409999345773789	0.755297721179698
-0.10858671588372	0.156398491640771
0.184263897307558	0.256599434519038
-0.402006238772031	0.794426661547618
0.52432931210609	0.904405053526867
0.124003883697603	0.179221371466479
-0.163220323789281	0.249901403527002
-0.524074934383163	1.02992777228854
0.213158774608082	0.325046636965127
0.166333598057084	0.24691709075378
0.323698101494012	0.511514583512736
-0.0788848455083109	0.0975100530513003
-0.021169701046775	0.0246143846664921
-0.133891627828265	0.166327656960057
-0.339021533688457	0.596836988611149
0.0972021267280661	0.121825771590164
0.0356906789718167	0.0352706347399583
-0.0510337696313685	0.0499180759513993
-0.35534964669646	0.502280748819033
0.372509966786518	0.54515633620297
0.275882399034589	0.416437495972893
0.120927543980752	0.144411087143336
-0.34558136967665	0.554863987209827
0.251681070501774	0.329186930214157
-0.0197749210558403	0.0209758335584949
0.319434336855701	0.468288630419918
0.0318891454010109	0.0339531568190843
-0.605043408535375	1.13124520220171
0.263791922249604	0.408837463105926
0.352456053702648	0.5421133966549
-0.0273124881850743	0.0248287507050139
-0.384852182958978	0.573439466099337
-0.501207968581282	0.766529209232252
-0.163630742483826	0.175585069971973
-0.36828113367042	0.272748534098309
-0.19875295618304	0.143005135557343
-1.24794032281866	0.712558882036711
-0.369789489727036	0.23648701390215
-0.866304341178635	0.827482254627623
0.416548850516556	0.342133768814437
-0.367457596784417	0.336708054385195
-0.240104083788415	0.249684247637051
0.156011810839276	0.151330129725719
-0.108533997424159	0.0930565317344182
0.632865623736672	0.686528118718848
-0.849189468222184	0.931273430222582
-0.146080424352187	0.133394270665846
0.851248849999037	1.00053714631827
0.615694290660671	0.679348829649447
1.9414199105445	1.68398209264607
-0.0952256838986167	0.0496526665152506
-0.492329859594123	0.204056389859562
-0.0703001341576708	0.038068506214661
0.964720298321081	0.355677249482234
0.448167606804768	0.158943447723098
0.0681914294218016	0.0228153378019145
0.363170134517652	0.144616659969932
0.623055861255553	0.386694275208791
-1.25218322915474	0.719830006449507
0.447399940278579	0.160249311030023
0.819944609194055	0.432003173101958
-2.15132724527793	1.02910050715748
-0.691383992638676	0.331439932712019
-0.272985797575947	0.187195202226276
1.01897422022689	0.825722075278976
0.215457714548175	0.142298126654192
-0.0278507579109448	0.0165557500455638
-0.117786822741848	0.111076998417742
-1.07894698606502	1.50040019528517
-0.602698863847188	0.785782811673704
1.07378327871875	1.56800659853027
-0.190684513951355	0.172439341096625
0.315371608322317	0.258471255066508
-0.238858305057012	0.204502895528625
-0.108604695405724	0.0723050922254213
1.00808278962024	1.41574052880825
0.542461664521781	0.567714743455124
-0.0343581065563418	0.0280964632993032
0.374982454290489	0.359210738541789
0.368929480466727	0.357978749683984
-0.0674626212970457	0.0749263494799058
0.267454379163998	0.35548378010413
0.0704391718894004	0.0752222176981164
0.176733122516773	0.207999036571313
-0.78865300478878	1.38908699639807
-0.0487047586721263	0.0513378537141772
0.402796912026746	0.527587448013647
0.159674103152729	0.45173634743257
-0.503236825860098	0.51776005467119
0.332776484113245	0.358500149491138
0.0650044351143698	0.0843005773229016
0.146411775994776	0.224815295052468
0.167740658151788	0.256699037962496
0.096081973424548	0.141098529208169
0.472545681885641	1.19062428266689
0.658333388640655	1.91314410525197
0.493344642342516	1.31944979541918
0.217558129529007	0.436278051015913
0.623585248185672	1.53155057791331
-0.0113676962925269	0.0138095842906694
0.347211038147399	0.728166238094917
-0.00370295196198695	0.004728064062685
0.15684627603968	0.253742727259394
-0.0750926592506102	0.0960091312525551
-0.125196374450121	0.165118056825167
0.5283123957275	1.33325787962404
0.461053865351199	0.976199370337697
0.0188055691034148	0.0245698363124037
0.218255048743492	0.355458575108758
-0.221568589940081	0.365665653251729
-0.023202579063287	0.028339950853354
0.358051434894034	0.686256297931205
-0.337657782926398	0.629927469441186
-0.105329225914849	0.150955315880048
0.0145959553360342	0.0178611878196053
0.200437051449355	0.320187216495108
-0.00586733123912195	0.0071398996774186
-0.247095560054395	0.360050453710598
0.310776024880563	0.499116088059152
0.0992644649505177	0.12945085257406
-0.536520002993028	1.0812694471673
0.222153779674322	0.326505292964937
-0.281486857120094	0.46152997016244
-0.1488982642718	0.168059093199999
0.0490999372773461	0.0619033972693555
0.473817832596596	1.06368900736486
-0.411099097010386	0.739319401241808
-0.0412643049241013	0.0493777121187414
-0.173687012697165	0.244585036806843
0.381789113448228	0.731768690684902
-0.113459753824962	0.140142956453029
-0.0856009400241326	0.105176274648069
-0.358094525100401	0.581749746697268
0.0268679142262701	0.0358699673445363
0.225157775343218	0.355852757018194
0.0224240320487862	0.0273265923476392
-0.518660904539947	0.75997898193102
0.288573005674249	0.414847289070317
0.879365227167846	1.83506067483759
-0.205634660307315	0.238117303398936
-0.377334463948012	0.316355751634519
0.230326125746214	0.127778552540148
0.387258260484445	0.238857869987102
-0.888515776760263	0.593671693970465
-0.0121645355627696	0.0072597384434718
0.802741586538374	1.11725019429861
0.759560964239891	0.639828502265829
0.161828736816956	0.159998775269814
0.730628688292055	1.23145509014929
0.831613155339075	1.06802703921538
0.439391451779552	0.456058530396765
-0.784348893127018	0.965227194255304
0.116197780003491	0.110168271964756
-0.231957147698927	0.163695569964674
-0.1331335673276	0.0962216736272823
0.351008187098699	0.231996267718497
-0.372597861455277	0.278724645016959
0.0663306448434829	0.0244753760586876
0.362259459342607	0.241918030846378
0.0816184755250244	0.0240625746935405
-1.24770060196068	0.724131342885286
-1.58097019356561	0.57991053172633
1.16423000017595	0.776393440195996
-0.18028364796	0.074932592766595
0.521490363039637	0.262507497369805
-0.584382304028882	0.312361143279856
-0.803272570799787	0.291234545464557
0.0637369830154898	0.0287059287955266
-0.805638149583134	0.286721652677647
-0.872030923857798	0.489482691527173
-0.400476650046918	0.318197873468378
0.121925652071944	0.0881674458128658
0.881099210352181	0.787160323271492
0.587251756093332	0.657123595190018
0.176708025976511	0.185213150848415
0.265308125456446	0.288002968316799
-0.552682079178006	0.873229322241716
-0.17281545794365	0.158492986242238
0.997691386464461	1.3018720940789
0.808579785757163	0.763239802357529
0.617088192798917	0.767460741551657
0.365801383699775	0.362678154714421
0.340985016644281	0.239288445286329
0.898439263851638	1.37026461879325
-0.913308047808017	1.39316340785561
0.390814001252811	0.44308923089046
0.293225354888882	0.427075828959513
0.364511721868644	0.567906595460256
0.24911310471273	0.330956410300037
0.393455845125916	0.858946009504471
0.190065386758323	0.360882410382694
-0.163219580083678	0.278055840637249
-0.0427098614340634	0.0616609450658586
0.111389227677495	0.198025741103707
0.0683982453086892	0.104496355257386
-0.0301151543984989	0.0456085615704239
0.0122127574589865	0.0174751953476667
0.0864994741431266	0.143520734749969
0.127017522216224	0.203259672611935
0.471366418327885	1.10259238476878
0.106318244090606	0.163663439216391
0.63773021764676	1.95811211437574
0.496933298671581	1.15906727091193
0.0930988431775441	0.135547478921885
0.368041954270905	0.832004743367733
-0.27490395615393	0.444213467131867
-0.179000153884867	0.277255156264789
0.236488687901529	0.408427249881479
-0.504734832289525	1.29288791146062
0.0478894699675858	0.0682888775559707
0.0490829746548297	0.0690796975418486
-0.203571300577166	0.349362366510194
-0.201388258492367	0.342794208709569
0.139627429037259	0.199277250227597
0.265685305171874	0.402101440019044
-0.0224324487380942	0.0317235187785722
-0.0369997193380953	0.0475244172715662
0.179019544223212	0.280596826854734
0.201793323118221	0.316386096815093
-0.275417666828358	0.468355309172263
0.35033042383081	0.458335574674025
0.125513392425579	0.161273232925904
-0.22080886908214	0.317616584367454
-0.263139702521382	0.443791518630231
-0.042061750626443	0.0502590396572287
0.284624723569263	0.416145197617206
-0.0338464290587149	0.0399504836090001
0.084212458917342	0.103810483553273
0.170290625936497	0.259530291090155
-0.0620457342737233	0.0818516435608069
0.0612847098902091	0.0863004559256102
0.451335085749035	1.01376612450844
0.107338849041457	0.151040145917001
-0.0295147679017038	0.0297634590221332
0.235470691012475	0.376938244364954
0.572412593258295	1.12994949140956
0.553322897564347	1.05137120266209
-0.166304640138333	0.138421567928263
-0.371148296405628	0.338010404169645
1.59753352080523	1.67611471926522
0.466930917637894	0.456747654162979
0.95115527800014	1.2810254525017
0.0863381336715553	0.0750284181926155
-0.649779388484531	0.840720876390274
-0.0801329590478282	0.0821194711997873
0.409473248902826	0.541542769243832
0.0991066114138239	0.108990029038994
0.398973452756612	0.446255412081941
-0.419510333885724	0.303162219500569
0.2759186655718	0.281385454436803
0.677897532369101	1.04541083386668
-0.0411667269512894	0.0333069810048516
0.102658085365327	0.0656485703329085
0.704230971584135	0.726546982859504
0.985792635596965	0.468714027536888
-0.991742913966121	0.818908248758476
0.0641333359175311	0.0310184611454606
-0.139466102933448	0.0625412615663669
0.307980155099935	0.131071168830274
-0.737032431162102	0.443011875395935
1.04328221043883	0.993808416168356
0.270153490862632	0.129463577502841
1.44428511102311	1.16461262863685
-0.613458867651508	0.239899596311159
-0.400850506224672	0.185531517600415
0.595371679164821	0.187237487257662
0.359721844567994	0.141388204240329
0.248071288277928	0.130742689415928
0.325715810876226	0.258587820767732
0.374343302403896	0.352008614761427
0.295629509972206	0.253580866319677
0.641987481747764	0.785991802621028
0.0835796624409291	0.0817663804198159
0.203401038155936	0.220472904151524
0.134967967445876	0.155599920091749
-0.103607068788113	0.0886696945581082
0.0637820185895297	0.0568421153108639
0.340438696608831	0.35600456782324
0.621502757964441	0.694350029014246
0.214910429355375	0.236424991439632
-0.215940470565833	0.203719841711811
0.340897971509708	0.475092566393684
0.0597179776183018	0.060096667713922
0.114531650550615	0.103327738537452
0.455509228474302	0.878999825973893
0.0943237598849219	0.11949572640982
-0.038837247934247	0.0461105423672654
0.684037751082604	1.50765305028179
0.324148386437532	0.760518038740154
0.743302635911562	2.37416703882655
-0.18366090316639	0.311595543260165
0.20386334518847	0.409159987686706
-0.396134874445237	0.962575015647217
0.143741609973501	0.237993383349938
0.214527391097185	0.420466257964645
-0.0255599664553651	0.0373450533534404
0.53516993115268	1.43558479895574
-0.0768692811442258	0.107521549165757
-0.445535593447031	0.932708711814969
-0.0619667989596403	0.0811630391412965
0.0521317231162335	0.0686403725766259
0.253417492690681	0.416504076824406
0.157985355719392	0.238968098611074
-0.215250878814827	0.360373579058785
-0.428295626324434	0.738390849482471
0.858500552730648	2.33196492717453
-0.122104301936318	0.172511170307317
0.119916442176051	0.156250095858834
0.265303523009983	0.427741514836415
0.422745963453181	0.907424876339955
0.00864213394214997	0.0100649409865957
-0.263191921001736	0.397252950523024
0.556269744865203	1.05156279845205
0.0175912743397959	0.0195707988948385
0.618853406025445	1.33637619521843
-0.503200028827649	0.943557316408755
0.0238759233846279	0.0240129524128685
0.386900793076578	0.632314718891484
0.0987860059491168	0.100736343334893
0.361150014549821	0.562179820862849
-0.357573895105338	0.577646504438981
-0.0498131943944536	0.0568336819597148
0.0039713867098157	0.00384872766440536
0.387927776394853	0.544694308721732
0.0417717457740591	0.0492836026927624
0.5704795157817	1.18614077377761
-0.102250104075981	0.129764296254654
-0.475415817031743	0.938808163619885
0.0540223829752219	0.071984523184485
-0.296798368623628	0.380156633956912
0.670106090988605	1.55780067978712
0.461319705088677	0.795020666323787
1.48474726044252	2.4685885747918
-0.633247231847738	0.589676645532161
0.00713870328886348	0.00456120439934645
0.503755858609746	0.472329970702867
0.0568348869082645	0.042702289218774
-0.299474371527663	0.346581051248156
0.793918084626214	1.01573388031273
0.287660863195624	0.404742454721346
0.564720665916374	0.812694734525795
0.396427176124515	0.455227620799963
-0.151651511757903	0.125813253176567
0.933943258217003	1.62787738154721
-0.103620101133446	0.102972610369994
0.214825399866647	0.209934095606809
-0.553039438322512	0.476867487544651
0.406882566565084	0.361183543749069
-0.234660298573511	0.136875611427175
0.362377613085592	0.24226946766494
0.814565599318905	0.418101810928924
-0.18402794796743	0.0762444191653368
-0.184621058585079	0.0759855302740691
0.0990571466691522	0.0625402104276041
-0.242603718577305	0.140973025520891
0.251467476712631	0.131772583503175
0.359198539341415	0.142924931662882
0.45195151704221	0.24434968626705
-0.685210570622966	0.33526621921034
0.697536275463147	0.394104285803724
0.0746604193963302	0.0607327663108381
0.603244456057297	0.763223609467644
0.152215007001052	0.136828929812432
0.71881649611445	1.15621543906463
0.292326346498074	0.393905205284747
-0.0674461155359795	0.0703397436716769
0.433006930101162	0.534309096432062
0.423758947272247	0.529477718544705
0.825426913458826	1.64616566979191
0.217757737808796	0.254045509037748
0.252246164995501	0.314241093719325
0.133540120157793	0.245892860021069
0.11939286064881	0.191116126980746
-0.0487912400905499	0.0760593301760763
-0.0726393602737751	0.111202972754505
0.178930477060468	0.297863278277582
0.0672547948899697	0.086533122450616
-0.175839811284258	0.245997816622273
0.226243410162949	0.364401996693071
0.251967469137329	0.364030455042883
-0.150948880969812	0.180949029480149
-0.0536454643377188	0.0604285108347215
-0.0898299433457099	0.104221561953631
0.0118294676988389	0.0138795054725416
-0.272309165868618	0.350049594986491
0.0510840893141143	0.0507372008627772
-0.00573393748924175	0.00662830645234451
-0.112896897610512	0.130050719064558
0.0309384107381241	0.0318889011017391
0.235649779218865	0.280214683442376
-0.0174687627619225	0.0178237408442678
0.0435412299784786	0.0434531656295377
-0.0475734608842937	0.0504503163638837
0.172804262457754	0.17872422716265
0.0797109282282727	0.0668398622799274
-0.128301966042454	0.148108725316592
0.000514982267055039	0.000423374556060963
-0.0237733206021774	0.0238795137450429
0.32636664602806	0.39028969940857
0.452839586920207	0.628805307932237
0.487827598382645	0.710746163456727
0.46079222976791	0.77488665770836
0.588331395060851	0.655694652310727
0.549208378549981	0.480924863931606
0.867128743073496	0.905830451072625
0.429691183115443	0.362566631426054
0.912270959856368	1.69206619230292
0.338960107175072	0.367279101263652
0.32079248442316	0.360514420672851
0.12618757557721	0.132637189110235
0.422220620027639	0.437027417434983
0.139361991718529	0.120941023608395
-0.25650058542554	0.344053632767463
0.332885275374752	0.367765715942423
0.403417422464945	0.456509688988974
0.116486815291594	0.0761215453195725
0.352592737389835	0.364917428759619
1.36929680740466	0.817460936251555
0.617119560756148	0.375955685825568
1.24454910666187	0.546910543313412
0.27767039135755	0.133914320656405
1.68747974795194	1.59379324623008
0.0935363565315144	0.0555747873508217
0.0558912518202052	0.0421767051083292
0.097213660852017	0.0605490267916272
0.556019418822697	0.357378935528153
1.16472211173635	0.774702145147622
0.312661159281884	0.137264678308628
-0.0529437838409183	0.0301355979918544
1.3873787033264	1.28328231321214
0.273066759570665	0.132078720695581
0.724932723172385	0.916085875509827
0.23089680947905	0.265942213685229
-0.190160241404203	0.214216121849525
0.403659610704223	0.632754576987761
0.175640088013891	0.402673033237408
0.430852986239187	1.41598888300618
0.377462028976735	1.02187137704423
-0.0034766941139113	0.00504953088174714
-0.016877803236476	0.0233388084265652
-0.0352236539332991	0.0454412586369587
0.541132755446639	1.26667637546824
-0.513452665709381	1.13518877643119
0.384956735870464	0.637094491512752
0.00128968499963908	0.0014547531925533
-0.609821341723084	1.29424625537441
-0.0216265645116254	0.0246924707924572
0.065871885571489	0.0844528441945525
0.221596006640915	0.27016636648847
-0.148535850519073	0.184263198794236
0.0125518842851212	0.0140059818065117
0.00498427744074937	0.00512684064150328
0.0355300503352761	0.0388631965529109
0.126223138355751	0.158351932069548
0.21039439078187	0.276072630036087
0.585833201985624	0.736468834474435
0.0598851298660624	0.0444674949681507
0.224565603460839	0.228082181341338
0.943713063776987	1.8899712797505
0.12856344552779	0.13041771287296
0.744201141936142	1.18698437271118
0.17143377369954	0.22855879125539
0.414921983496241	0.596630240595773
0.312035320791561	0.397723373104193
0.158153199329002	0.182002325589594
0.0449164033513853	0.0474051826896774
0.879200688190134	1.72854293259059
0.139159989774834	0.111364893173243
0.142813379762786	0.121386731316776
0.115906236406559	0.0796018321889972
0.550825701277076	0.578586781200716
1.51267435886647	1.95923733655047
0.361602589112791	0.241861341199219
-0.16834275443391	0.122015553038067
0.31668314236102	0.240284496615645
0.832500170403013	1.05762812283792
0.290153396947545	0.241190267841009
-0.0823326659798412	0.0542846951951118
0.517123719387064	0.364571096143728
1.48799714949656	1.46587530132178
0.90719768591633	0.910854064185452
0.270407543939861	0.127918947116761
0.970739555656424	0.948270614232885
0.529895357006032	0.566391947500202
0.26609546434296	0.332954798077356
0.127025618259801	0.137054218513806
0.161707190340011	0.206548445956521
0.301172887440789	0.473819136932545
0.230821817656949	2.52014390602978
-0.178073806225942	1.3990316399143
0.237356545129223	1.46302748281446
0.546700154217862	3.55451905119454
0.55924693541159	3.61359088345788
0.464381431335381	2.76160643253302
-0.178182495477228	0.417588813293193
-0.307978624746337	1.11752543121971
-0.177230268992088	0.43733536193218
-0.302782952125218	0.714650156347908
-0.301576900174798	0.403090284360713
-0.654472427223461	0.899074082258758
-0.504317642589638	0.686927497047118
-0.47486059224612	0.612193458736976
0.208452879530971	0.201418366577893
-0.188862910343322	0.258111794050829
-0.824337069067104	1.33075021563388
-0.446212989040912	0.525395939981992
-1.08844496671798	1.98342767455659
0.00354999985845035	0.00242097114329891
0.093230414530382	0.0824696992344455
-0.329019625370474	0.387133956605108
-0.455960305364301	0.504296526233629
0.144929374211732	0.126375233633908
0.426558787266813	0.546130667185835
0.00190556657317088	0.00235939214930886
0.160140208276256	0.353155275474507
0.1790191644072	0.355867772178841
0.314235509186389	0.726118268460092
0.0247897092035102	0.037337077986828
-0.171163659741591	0.236970457851669
-0.109005392581939	0.156316255949974
-0.0689724415335291	0.101706251064369
0.49721995311751	0.74362577553483
0.319461568159769	0.382503652066221
0.64733804745647	1.12434090253139
0.239424140328216	0.424768933535253
-0.0434070790988493	0.0459695377480688
0.354191023513864	0.542116970043991
0.649356471222798	1.61135730708937
0.437614122714898	0.540552151796274
0.598716789452703	1.44597183916809
0.464197404744563	1.03923642069772
0.504419829433207	0.969268879609231
0.647691565819989	1.68022749133389
0.52855436222691	0.908623346267506
0.121736330305227	0.155741734248738
0.348952945538986	0.477843584033876
0.376724206508584	0.526621101992768
0.336062213211905	0.617954370403605
-0.0409547987604465	0.047174412372049
0.685057554921918	1.70340794362176
0.450536986700439	0.762315542840343
0.240590830416102	0.385054228855285
0.234826973843208	0.356872158148876
0.121203659949925	0.932383718198686
0.113415725997625	0.726496461737911
0.331180774375032	3.36845481297658
0.586401540690085	6.6945737454516
-0.387085450067104	2.54200119919048
0.706066184985582	4.71206577272234
0.0298971080424552	0.0788718384597744
0.203132419365765	0.623546495058039
0.138747617367675	0.367824796862239
-0.185261167627704	0.616014576014664
-0.169619141463727	0.553689351283653
-0.434882428596958	1.81584510578344
-0.0177326801166203	0.0232756070558583
0.0974045897802379	0.122713748763369
-0.200058833613969	0.292298105710567
-0.125470529570468	0.151350290096646
0.279102845818917	0.484116157985526
-0.5041419240812	0.877289583108399
-0.14350649310942	0.164525842462567
-0.118327384838305	0.137924717665722
-0.0237593480919057	0.0242556967134721
1.16175609386846	2.57745492877632
-0.332143995248489	0.475640466364518
-0.316908784129537	0.489611872615201
0.172478397337382	0.194636457619442
0.08329964215848	0.121394993295804
0.343520535323716	0.56748346457528
0.0196821615521368	0.0250277131008537
0.214730608591451	0.396146021178795
0.0784862353826101	0.118911065607862
-0.0128746960306543	0.016806012085837
-0.0887976353684233	0.138206587016992
0.087290752204419	0.13486417117054
0.188051741020851	0.249099449822907
0.257805708343687	0.349620832441132
0.308948329419124	0.388242341570168
0.343234764408284	0.456493167949507
0.658577902090466	1.09766511007709
0.686439602662647	0.977161213980517
0.313034453620482	0.375214865548823
0.0946084453440589	0.138840430635599
0.0604948165170577	0.361129546978113
-0.342319231263509	4.4094731737196
-0.392560153172451	4.11337305952178
-0.232058763829348	0.874806107343113
-0.470634668055241	3.28635887592782
-0.367674264015403	1.54112179542336
-0.147700107127678	0.350874670598339
-0.351130609159509	1.70495081224455
-0.159641238782489	0.475414012592578
-0.26642989064092	0.86585307387926
0.063330383489643	0.07815211588645
0.408396336812728	0.635503129178875
0.36246518718333	0.580323100610964
0.0462596682468287	0.0500463503676899
0.638085591381367	1.17968957122363
-0.288120057658067	0.387996844060514
-0.124026562403747	0.138405504623804
0.094957023642263	0.100434370007519
-0.54064483525273	0.758011023965423
0.0990064525431694	0.143995482483682
-0.17873845327344	0.292590361212637
0.328935615570979	0.533108848561438
0.257179299631957	0.319342134690909
-0.796190656372251	1.13542707468132
0.156943895968758	0.152539931402945
0.0358469343969967	0.195967190568319
0.0260823364508152	0.121461748482464
0.166585062845335	0.784577470270279
-0.398804375587927	3.10997116295778
-0.366614954734553	2.24383088703628
0.0973447525393618	0.304320018002176
-0.0862869198144833	0.237680218580207
-0.0287781383489523	0.0677087974750824
-0.396603821473118	0.592373391370461
-0.394998487376165	0.497534052229696
0.0903719004078944	0.0898400420450531
0.683664029757314	1.28244174675189
-0.184261775947096	0.192930233802428
0.667162205188952	1.10732095972235
0.491557148259573	0.636881396340304
-0.201490807135502	0.180670646387307
0.0514598153229622	0.0453814211188907
-0.234455294570366	0.225981443133076
0.0856450044979923	0.132179297403984
0.00517507990437304	0.00685286056816211
0.279961036881884	0.531711569731528
-0.184244050432894	0.272008956046337
0.0805421911920891	0.111041612941515
-0.156528781273132	0.225390346148851
0.278791183125123	0.481378437476319
0.447309310668287	0.850178881650295
0.394964429087433	0.732975270875719
0.100367703064012	0.134044566096201
-0.0107615386491839	0.0510146888011686
-0.334329750497193	4.39723336471625
0.73289079697837	12.6414482207616
-0.0565174373714265	0.218452360420371
-0.0554504688854321	0.208294345751862
0.341133653322156	1.98377122008512
-0.0958783986533305	0.207820828765521
0.0656707571233405	0.0531373449972235
0.0522914860271304	0.0468128879520511
-0.361546088577245	0.25963141368788
0.522354703266473	0.563248842070313
0.130593035297274	0.0985326933148746
-0.368682584373334	0.23759520907185
0.219555632642645	0.151080615987422
0.340322006634883	0.237933970050333
-0.423751173362758	0.312052714397845
0.131781326438284	0.190026685881133
-0.0352592942936382	0.0452905482296745
0.154671523407653	0.262500675525916
-0.115025793678212	0.088484365907534
0.057290057839672	0.0519208683608602
0.0916087993044306	0.0764204399470532
0.112341099786482	0.107167344381913
0.919984588608749	2.27464596443752
0.153933267633768	0.294149076851797
0.146651644532102	0.25038410314437
0.0769082034425138	0.125786655576711
-0.0157399902965811	0.0199156881455831
-0.0470393625439296	0.0706358867250953
0.0359944937871222	0.0431430087810099
0.125252275828897	1.02787616405918
0.197362442309384	1.60785977798588
-0.423830883638971	4.58391127875507
-0.174293517950606	1.03458311291727
0.0966047861999492	0.375724973256665
-0.281381438262927	0.811082212297058
0.0312931160435602	0.0637744302543211
-0.0904892542872855	0.0700289403336383
1.29416298413183	1.82905407739261
0.0412940305033968	0.0295596880225264
-0.255295921012658	0.200433903543336
0.0943728255435496	0.0569017118589102
0.0398371350023832	0.0537174736626428
0.349913371313596	0.34877461022238
0.804054935204544	2.18938099232322
0.95254077572537	1.42301044091696
0.131492794123467	0.208711226816838
0.118701585831522	0.220041326533028
-0.327373913505341	0.699069688744684
-0.110765154365905	0.216091855399148
0.269581162445304	0.55336944584782
0.0972867294129971	0.165668068267311
0.0995772971379588	0.134511060903404
0.0232319251541665	0.0227827572530616
0.0414095897534616	0.0528462327769456
-0.0124491289366491	0.0618861642565184
-0.431311236956442	7.03351205669974
0.176719294469957	1.30708389146925
-0.110294713694044	0.0951224254557723
-0.106263095784118	0.0708594057906907
0.269168373999271	0.293450344044663
-0.931701700824633	1.29223976080582
-0.425275270229645	0.310730324010992
-0.6942734005619	0.572099809637121
0.316327472352523	0.592619240306236
-0.0966234633384774	0.135328629626068
0.302145112019851	0.569999446373687
0.00380798417355502	0.00361416613946384
0.37861865242661	0.450222336121841
-0.0322569415964725	0.0318499056395202
0.316165371014075	0.555544399038507
0.211246139197036	0.390885424846338
-0.350735222473222	0.77917331049187
-0.330087950440108	0.680659125528656
0.258122434672961	0.538494549086607
-0.121851706811042	0.193252872737902
-0.370061553109275	0.604078223053092
0.105610574353643	0.143495347065412
-0.0894744033015413	0.141181102364579
0.010292129596812	0.050906326665651
0.0746855521230516	0.439827429573867
0.262875577019222	0.62066577747894
-0.266846863344617	0.539310203185167
0.0188198198999548	0.0269082825192855
0.0472708420518078	0.0687731030059956
0.162906607527047	0.226773750062894
0.0157949297380593	0.0180121498070665
0.0387014037465068	0.0452431729375837
0.584426134205721	1.53855189016193
0.21326478253931	0.387796702664196
0.263994923304612	0.491223265527898
0.256829882669578	0.486421374141137
0.0630786485415405	0.0988620053581609
-0.17790046500491	0.319754484822776
0.0061705104705936	0.00821006433089717
-0.0204479190826438	0.0999964334313226
-0.306257767696916	3.72125684223682
0.405503839077684	3.43188616248141
0.146888970293109	0.33882376157449
0.0119217129046287	0.0160915664474088
0.0685660886339918	0.107898205627041
0.217669590829081	0.410359514386423
0.28054170285692	0.311417021870335
0.404400315111633	0.552972081285375
0.450042720790952	0.652323826736407
0.183183272106066	0.33639403970692
-0.327074483579649	0.752181950058089
-0.390305439132576	0.923867533919134
0.18256837965553	0.26357301614512
-0.0599733996773444	0.363545469475884
-0.0217935703506833	0.0920307633136779
0.0634756943384277	0.284918270748984
0.213258966725335	1.27686358451596
0.0393425975567328	0.0562415404395417
0.0973171789693964	0.155791946353063
0.26269844529655	0.330223995188546
0.196774509912075	0.367396858962277
0.326687263974555	0.795640575600613
0.0487503550579865	0.0607711953878738
0.0933558826245185	0.115282714517609
-0.0294963976920323	0.151781644629928
0.0464655854562232	0.2344975831606
-0.181147998712355	1.24650756227841
0.830255221215553	1.33085648104128
0.281123148658806	0.285777672375613
0.279145120237654	0.330645629989447
-0.345885699992784	0.384002803379653
-0.0761720181023652	0.0884300478750886
-0.0339024089907494	0.182861962645658
-0.39458836911619	5.34522406207065
0.563746008709139	1.2139945855023
0.277553827141649	0.333318920075803
0.0219033700131126	0.0216904252875877
-0.0973617246058154	0.100700532722611
0.114409604515016	0.114867485766477
0.0684447461119369	0.0749946160920146
-0.111954263642055	0.136371210432896
0.214030820197039	0.254614179808167
0.170067249282153	0.178998767103906
0.70689275657986	1.16325053650021
-0.00615757961020199	0.0281588916440164
0.171788406123966	0.165073821552452
0.379580563160511	0.45206626400906
0.372280100672615	0.440138388652427
-0.0489618373988501	0.0438555074979682
0.451883695764142	0.629270867347028
0.0438282517579707	0.0469989306554537
0.415018977324737	0.447158862338276
0.524376847873364	0.946630690999341
0.414351665551088	0.622988912811763
0.715681396532714	0.632811018666914
0.361399880502353	0.240381469554676
0.320983780179755	0.241511498741861
0.083607581889162	0.0474576937676085
0.517222533989988	0.36221763004232
1.47807438731213	2.0506793246409
0.216215725494489	0.203718191747908
0.448020752635223	0.362217516494782
0.109817967867208	0.1644563495339
0.414191347419996	0.661825559588738
0.389525266933815	0.630551203509103
0.697493153899986	0.730174177766658
0.957772148403662	1.86876867808104
0.560586985237105	0.644163959976754
0.122419053824072	0.0953783191116323
0.409308413218165	0.432950517475926
0.807005944635138	1.06445313489287
0.662096557179873	0.791855628395692
0.325010254748779	0.250479257182783
0.328238667296518	0.239635063193757
-1.76275111003536	1.02671454698159
-0.690191396643677	0.345216319373179
0.314053274536576	0.132522304651375
1.54867246450378	0.99969812100216
0.584031681852891	0.585804162234419
0.816898767780449	0.422754970019815
-0.108061548758762	0.147710500920196
0.38444991665443	0.786079701483063
0.172671926243866	0.284615979216656
0.0864949771403692	0.136849104594283
-0.0507969827493484	0.0727751703258498
0.251238772822237	0.364033834209251
-0.327773229863344	0.514939293268461
0.3373951657985	0.454224413479764
0.75799257648049	0.731768976488875
0.929392468215032	1.20017400402843
0.307884428957461	0.260950415519552
0.807782579507624	1.12930979305664
0.0433824372993437	0.0308823458104205
0.265130706790797	0.267739539220098
0.102225981346828	0.0647126335571964
0.825835014476367	0.959997773773858
-0.0242239269048564	0.0142980564324141
1.79599191555785	2.05981872673293
0.818243489530662	0.431309634462526
0.275737363429122	0.131391602818406
0.983920464274851	0.476535554682177
0.697287931429299	0.391090267213195
1.24454910666187	0.546910543313412
0.120235649522246	0.216784222869127
-0.0217938395914131	0.0300964086015779
-0.0632749561440893	0.093263313779765
0.486006016083985	1.13409167360165
0.132222443366315	0.216073994156721
0.0743706824496135	0.109702951399311
0.0120229285148475	0.0160434402257641
0.203950067185324	0.417677348546266
0.0617249490770562	0.0877020588399159
0.164387031884939	0.232990015849175
0.30682354823321	0.510862848685528
0.208924645540214	0.18520315669406
0.54453862557602	0.660989949454625
0.61668029936894	0.596077861402388
0.116044463141293	0.0809964360772191
0.133297222467962	0.104182173433162
0.282407371307586	0.268731243950538
0.756425641195105	0.878275768006393
0.12648500342027	0.0981099001918232
0.373820925434312	0.233640352959916
0.671562817101792	0.608060019778303
1.75593158089766	0.676740051482725
0.90501369136625	0.690044577500868
1.00192715995826	0.597775174890898
0.327623909004402	0.720392647376391
0.225067541001556	0.369076195762144
-0.0642141230164812	0.098219381904486
-0.0644053326059011	0.092657728699786
0.166618458815379	0.288166469872698
0.132108354521668	0.216602197822875
0.0603588352122994	0.0875397523839932
-0.141276009411221	0.212420239882061
0.249832714289376	0.484275109630268
-0.284628359127551	0.550307841564139
0.135637147093883	0.225873768654425
0.380430343934409	0.56304570780971
0.152764786310689	0.212589866420729
0.274068926900476	0.445954635141082
0.0940934027478053	0.0590314013986323
0.088063726977976	0.0534481131177495
0.384128693123294	0.348803867151156
0.569901198651397	0.657411924242967
-0.204733685544374	0.147629172504848
0.320430871132434	0.3587140272745
1.03681312747153	1.37051185947235
0.704944413874538	0.819684601086744
0.211181411220284	0.191412291737828
0.423769658377332	0.517232235609722
0.349180806595109	0.364007953396815
0.826184746461912	0.669545947032838
0.488213789487059	0.791367773717256
0.0751169594353681	0.102213292022821
-0.00306312413770349	0.00410708886065809
0.00883905345808097	0.0124545096283888
0.0389254803417304	0.0551172764371424
0.216199160808378	0.348475412109783
0.472191330787879	1.0672930069001
-0.0595511182697903	0.0794772534446726
-0.0684797444317618	0.0862303202348688
0.205717140639831	0.359720798186109
0.236131564187762	0.470168850963184
-0.0302999008504999	0.0351531710853086
-0.0592704591700149	0.0631361503184123
0.403468946244528	0.632535573008849
0.33596884943778	0.230953170110073
0.223042615434478	0.132549828704281
-0.105884857025172	0.0707785949586917
0.828626461681631	1.16140843628276
-0.287333751730352	0.223453252404754
0.209142102598277	0.246422427339974
0.42194050156771	0.457590553147627
0.133541349434481	0.103767338744835
1.57728347094036	2.13611496484292
0.212601028017844	0.165892097803588
0.991949901194475	1.06627713180566
0.182232523599741	0.250251208928355
-0.00742892750163827	0.0095259714010081
-0.589635540412939	1.3603157365831
0.149811125634707	0.249148951729929
-0.0782564622792627	0.115215888124553
0.307668240416196	0.521844037072377
0.0602792771041552	0.0785368561918821
-0.00647418398725871	0.00841908007019412
0.323040941529823	0.580982818742676
0.140427884627428	0.218221661247821
0.102946237649327	0.13087219284488
0.330468302519889	0.581858372509096
0.119639948549827	0.145328507832583
0.125426374616375	0.155125931411851
-0.0610308426725391	0.0540823396442712
0.233053020585955	0.2098780968057
0.233117736078452	0.130733551654228
0.122926910456243	0.0857218973227516
-0.644750777503043	0.778924130750543
0.659145996516706	1.08839419436066
-0.219988366399437	0.211205726846673
0.335503921546211	0.362736982884886
0.817768506407565	1.20391114563242
0.26048351791666	0.327541562131509
1.18277310137254	2.0090880023472
0.347659960372135	0.581384125932995
-0.0922621546139965	0.141169806973676
0.379678868080365	0.889153653134739
0.0867141451283747	0.133613659525712
0.269361086283473	0.500748818319836
0.294848132406732	0.571884252265146
0.0206418195151827	0.0297483098441959
0.306001849371251	0.550416595954008
0.0202914405591752	0.0272756787035371
0.776868231559488	1.77175471967251
-0.630622178340034	1.09034646726884
-1.0572168744956	1.48462763762352
0.763969979618161	0.640679532582191
-0.558597829338755	0.380035460667673
0.071539850518175	0.0353355024521982
0.481296687800244	0.460739231018397
0.445915187623613	0.459824830621845
0.469429488388665	0.357227879021178
0.0792619199701765	0.0660053319119832
0.268387359147525	0.310549795481013
0.154478611908107	0.13891958970818
0.554839589091415	0.566356084133454
0.48549674834188	1.27833090459011
0.066610264067241	0.0872850379038033
0.249692054848493	0.499474684238844
-0.144817489723241	0.238977543850574
0.0461075510478493	0.0735207517237813
0.240150810208433	0.476766675597991
0.0120257072171395	0.0161373514656907
0.0381899727770184	0.0532946918601973
-0.502636516365119	1.24851811318153
0.10793762621318	0.160222359601956
-0.00401544607713683	0.00563095749586163
0.105263698663513	0.170716199224333
0.0208850506691817	0.0293238127632297
0.0908531211679034	0.10041728865285
0.0506047242410687	0.0559892841301885
0.0870856396260403	0.0919804496460777
-0.631011879248364	1.13724725002739
-0.859030307843764	0.93961821961185
0.218497674048047	0.138434960438099
-0.0325505532341062	0.0192136246392164
0.213625119680227	0.15410238314935
0.915015658742556	0.915179480644088
-0.518565900094032	0.485229813327293
0.443687702440392	0.359788415144411
0.162459952482565	0.156930287548789
-0.086315572910975	0.0883346621633491
0.130255204035882	0.106315988124047
0.581343232153315	0.673423870483167
0.0943680590526169	0.175438811634728
0.16016342881942	0.301943175198713
0.0743807409181616	0.132348325710645
-0.243889234463297	0.461409644840584
-0.0148737829335733	0.022969108604447
-0.0842957718059627	0.147457993121255
0.0313645316518665	0.0487094486090701
-0.0448800981505975	0.0668689019957846
0.0880076297925165	0.145915096553467
-0.127352732824632	0.210464249683675
0.110304713109741	0.185327504306973
-0.0854338887541312	0.136106656061238
0.0124656127847454	0.0178280527157263
0.187731759582635	0.352277350466226
0.18270045081222	0.344503146667058
0.127422421864857	0.211779238993018
0.219737066409279	0.317061993226584
0.497353684867169	0.937352197168309
0.365412260459939	0.577555597743903
0.204947144497156	0.274178507238446
0.371338075995005	0.347610426086377
0.104295616626574	0.0697682849621585
1.97665565547714	2.23651728146825
0.216182118327168	0.164857787457506
1.10672004204137	1.50401641014899
0.497368007915602	0.549488197306255
-0.151002518206579	0.112251754118971
0.0849836264282966	0.0742505212695055
-0.0284675420996881	0.0258801603541418
0.868527585768129	1.54620857461121
-0.0377574353624345	0.0309724591009141
-0.0861745725184693	0.0759859171677007
0.143324964806108	0.125182430014995
-0.0173937297111533	0.012700934004951
0.266742230772296	0.57838520865128
0.137303148523902	0.224371622289231
-0.223966432129894	0.440723887138765
0.494365015394929	1.07486070875043
-0.0232558839621732	0.033018190293525
0.257612393897025	0.528049333863952
-0.417225085730797	0.926204350612944
-0.205785091984745	0.381994693787787
-0.058684732256448	0.0794145712756279
0.184941363791789	0.342283386302745
0.141384104372212	0.230397383056027
0.106193411711979	0.152813482946202
0.174167189203985	0.198354486077572
0.064539502614497	0.0288029689942914
0.467355354215913	0.252990735045608
-0.58763642564758	0.591807167959896
-0.514728905134928	0.54400977559447
0.111194898169657	0.0770583042064186
-0.425763862577259	0.500458111052304
0.382450062125753	0.44023106863405
-0.549932104678984	0.726746734161931
0.149141394623508	0.144628109060678
-0.128156480513003	0.0954280203074882
0.804456156620035	1.12846807421054
0.304031045125482	0.250806041241764
0.103021530008625	0.068199310347675
1.94536861773598	2.56095748247961
0.110468579302609	0.202926162027255
0.276856797267511	0.620015481661008
0.0526497840790099	0.0840578363722788
-0.319161141950493	0.604054280339938
-0.018243598109078	0.0268796448349003
-0.0927136577369551	0.160048496319947
0.155485227719138	0.27051141536686
-0.054615537103949	0.0822999377626567
-0.445416517115321	1.04712715924464
-0.114813924878396	0.189226761531961
-0.240559260609478	0.480955876907909
0.349831567715354	0.780620195141441
1.67795770440095	1.21649048348721
-0.052068079917508	0.0296822657192266
0.691593771481662	0.720955912089359
0.87481020564051	1.11177922002011
0.216430967396077	0.159350089796064
0.0765955686438019	0.0623517729081345
0.0679895526336809	0.0650116457502464
0.68340319412698	0.971300374331733
-0.0676924716674888	0.0544724273192981
0.553930040829245	0.552548663021518
1.29797793137877	2.00156899062895
0.132383704019444	0.100018109990959
0.818561391548546	0.65957303655717
0.20879169566173	0.441161944184483
-0.223173007941157	0.511591616082202
0.0380782775758365	0.0549814713970487
0.134395483840075	0.243792066470035
0.296441247475764	0.701660861147559
-0.224197790441922	0.511556943762959
-0.22134860964794	0.460913390985208
0.451152828449218	1.25330887445816
0.0860241234542886	0.136803184415969
0.0995664490391441	0.166213580200188
0.196974081810419	0.400230338086787
-0.0676404575003723	0.0469253905628149
0.222369734270359	0.156961886880171
0.654191959413803	0.691425511695387
0.591287273223553	0.677227916194651
0.0731157900499419	0.0564952794549006
-0.174889889899122	0.155154104324975
0.573678781853557	0.844433750708398
0.491254302543131	0.622663689540029
1.00560043793108	1.89837411883676
-0.00146324601036198	0.0014040767830844
0.150467392980618	0.134251305879473
0.472679327559291	0.447119127241836
0.127249487386917	0.253482889941443
0.244611228532539	0.534813953163924
-0.210525965148281	0.426675014054787
0.218959752855151	0.373951690982876
0.0858777916445874	0.148346113941034
0.0876972126465129	0.144522261244085
-0.177946348502356	0.352343533722721
-0.190190318458857	0.326807998238084
-0.168253524920581	0.319175017808184
-0.274202376516213	0.531878607265346
0.00287756989994969	0.00385051845677003
0.360984366750514	0.491512508605202
0.480972360264951	0.532246978995756
0.388331522798138	0.35323358651779
0.245423847643417	0.127002778857017
-0.148921270915079	0.111180273707485
1.23891157111698	1.98183745825348
0.626075895573628	0.661058173633708
-0.176874377819433	0.130452814314156
0.20730311664899	0.197478469802835
0.180825354365939	0.195145281334037
-0.648673622634108	0.823175165357879
1.01437416361762	1.48693944153854
-0.19173460134153	0.154554041546952
0.280900284914216	0.279411698881189
0.083021293286628	0.164403597509554
0.202821283051108	0.473701320293018
0.143379558427346	0.270434994377153
-0.363640374096359	1.06037700906981
-0.280451243619811	0.528823276528864
-0.13813223085709	0.250696880520376
0.403049357368306	1.01184821637686
0.0373570904128867	0.0599589026354956
-0.335345542786358	0.832425673679908
0.119170902563332	0.185259675567803
-0.111787561808939	0.183682050663095
0.468724199310685	1.25838085053367
0.36605279435266	0.525413678074172
0.211906908788768	0.193223792161504
0.333843819338251	0.244754835426688
0.426517116196944	0.355198949208105
0.210848482831959	0.19742683132562
0.578850311746957	0.578302897795512
0.724740647053459	1.30406606574536
0.148452051352259	0.133351271886889
0.696804747502436	0.896823814607772
0.727232843189574	0.815819636515801
1.00587609468383	1.38134520702523
0.000648104935462839	0.00108194469628422
-0.0592570283088865	0.106882703420795
0.258791754784106	0.488830717049049
-0.0285289950392459	0.0456702992657883
-0.0155426796744082	0.0244749365966965
0.207304493248722	0.402429208773945
0.364260652946155	0.844330150744144
0.0957138293182345	0.155262504628144
0.0190726311929122	0.0285521878659583
0.203423676952578	0.382219264755274
0.223063978167364	0.169770010349578
0.380616224814687	0.348217945172123
1.37267052875517	1.91738174732548
0.210664269991628	0.196437291107186
0.0865717711586975	0.086464860283905
-0.38863579419892	0.523599605270219
0.236774261411481	0.243182086191316
0.212530861186256	0.203537447039792
0.386749503272294	0.355958595960366
0.135642175030704	0.317501374951625
0.0403048980655372	0.079243048607409
0.389235819600134	1.23732355772411
0.165462203847121	0.353884696428379
-0.192095416510754	0.34923060896842
0.19972478540508	0.42860951583334
-0.0281895802256784	0.0451500478735458
0.293336315761557	0.705651243353696
0.136608307807353	0.2475730586108
0.142063505491022	0.253435047707872
-0.356927531798597	0.855121932445523
0.115863756638004	0.202171431334623
0.480987594622921	0.460823066206309
0.646775340180414	0.699297323380331
0.714740622945179	0.619605453068217
0.612302946182132	1.01148658732337
0.54107281753104	0.794946857288309
-0.197827473783447	0.204463999348376
-0.148177965357135	0.122257604653194
0.148064739399162	0.358143383879228
0.158403802221739	0.346895060107229
-0.137550358435052	0.28581563972059
0.266031728952631	0.593698221490522
0.0530927718854832	0.0933336627806367
0.436248288765282	1.279187870516
0.304287074233703	0.719875420886247
0.256806319904603	0.529367787862699
0.0509341747071103	0.0818063812221826
0.411053952948022	1.06883942368282
0.217959832871095	0.42608744406601
0.622938906039505	0.383088189689937
0.648747531889649	0.603043499122747
0.629031659682132	1.01113706092998
0.219915850833945	0.30519868180565
0.406972329867844	0.55201535932761
0.674211923723837	0.795121044601001
0.108282441088639	0.225781449775892
-0.257513878886756	0.529367222473522
0.0577385515309589	0.107678091430194
0.027974949690371	0.0472919266792512
0.62609749632324	0.376865415636903
0.866045230466713	0.78179950649753
1.17263790769236	1.52635578751508
0.532766099465629	0.957233629756327
0.267374431438862	0.768248651615596
0.12170772461289	0.224633701436777
0.163726327194144	0.358718416399853
0.568235786158178	0.576568826672207
0.681514797159745	0.893183787014736
0.938147429009075	1.32923980023832
0.837955570946787	1.17923042734455
0.644660173456977	1.17819197485421
0.201906603897697	0.481263728864161
0.603668291693803	0.747744642335681
0.282168887707105	0.861555040968776
0.102199759672798	0.228617023605378
