x	y
-1.20396407461403	0.367281439441553
0.104426122061374	0.0262022938178345
0.107411277104442	0.0267810083199753
-0.66973695028512	0.166791248324208
-1.10873854882541	0.466123984152306
-1.89738326119608	0.802845103756945
0.0998649632293149	0.0248968430395069
-0.413518925344315	0.12299228060746
0.0998649632293149	0.0248968430395069
0.127904097157768	0.0255858011311334
0.736898014348799	0.309812124917511
-0.672293539799	0.170698973183562
0.905076701002675	0.240729555230401
0.903916047846584	0.241441538672976
3.23945113269712	1.12371888887962
-2.59443645476691	0.726399199731852
-1.1985841477504	0.370593483939686
-0.671952417156443	0.168796242500662
-0.804600165967681	0.283822251149021
-3.10904808658535	1.00549151328125
0.127904097157768	0.0255858011311334
-0.411185193186573	0.120043904517404
-3.10547109087784	0.993074079245547
-1.58358023269916	0.585811377580937
0.127645812237754	0.0255315531572439
-1.19373966633104	0.372376909213889
-1.6981508174116	1.29362441601339
-0.397833042691405	0.187343358764254
-0.422470712104551	0.125322423867606
-0.671952417156443	0.168796242500662
0.10515818389286	0.0265978431489755
0.59136178323394	0.185500372343793
-0.417271688382183	0.124296578948584
-1.8934658171183	0.790606990117248
-1.58453258096943	0.585505483881564
-1.07599665709979	0.537625166452017
-1.18477697768885	0.830313383595391
0.23625191294645	0.132099531848122
-1.04477727919054	0.63114123019561
-0.737760449450378	0.445375309647165
2.03742022069456	0.905095447212576
1.95505318678058	0.508107179378978
0.592780801426284	0.183414832030149
-1.80062223536367	0.442697734012975
0.102426688802382	0.0253745597394567
-1.52840653080879	1.61254201130214
0.0669155771337152	0.0220130902149597
1.16060840666758	0.764297623837228
-0.234189411377683	0.0888173739138901
-0.416556117695207	0.125366937822876
-0.576334784608912	0.311400693648793
-1.44181494833367	1.17006540824006
2.03961143628082	1.37396851477947
0.0599834466715815	0.0274260374743015
-0.601383895146453	0.239737652182103
-0.413518925344315	0.12299228060746
0.592292694469773	0.183228304588959
0.0808853003970228	0.0237013226496565
1.39515102136504	0.462154680029554
-0.676264581121147	0.169246234469582
1.95691447768373	0.505592244745112
-0.427706374121018	0.124423926910416
0.0642483622313575	0.0295034121660755
0.0622723746138911	0.0233759302533438
-0.234695265032415	0.0886472999979659
0.524669038302978	0.262888880851647
-0.0977643836141977	0.0509736388345628
-0.693307329047925	0.347371581225896
-0.278538963593584	0.152216157108536
-0.485333517295814	0.207365275837582
-0.873686216681623	0.492263388217258
0.0637977918718723	0.0264720121505669
-0.476684814959228	0.209040469092827
-0.305267328343608	0.10462358397356
0.10515818389286	0.0265978431489755
0.0662068093797747	0.0222753475888815
-0.807748642315496	0.291569684951804
0.450345003504094	0.158788458952516
-0.672634734032871	0.168778157088256
-0.6718798419346	0.168198236464061
0.742829701408285	0.295981268855361
1.24772786111243	0.541234640351407
0.10515818389286	0.0265978431489755
2.74203358648369	0.823056985143454
0.0674833780348358	0.0280172327210312
-1.35521115512179	0.63842680471341
-0.308514300180337	0.105104657355703
0.445862269375281	0.15838689937398
-0.492038682814247	0.288677440793324
-1.92133377830625	1.73162635986128
-0.490834570262332	0.284375082747474
-0.237314703494337	0.089951020795284
-0.391589967156262	0.185880128824748
-1.19366135203496	0.36925803488199
-0.480242187493306	0.210804025708806
-0.142870396431186	0.0648915784785441
-2.15158252780027	1.0284895466908
0.314769152040265	0.133818195062034
0.0731006868686151	0.0213899062363237
0.811888940457617	0.418990484073661
-1.13624739700596	0.920569107272444
-2.36615380658119	1.25984133035838
0.596564868466581	0.187568213950597
-0.799957701562804	0.285927767934002
0.355858861099694	0.139544075904743
0.735393661639077	0.308362454144827
-0.238061352439522	0.0900850351236895
-1.20094937209428	0.363013487476553
0.515698171835899	0.2571845889013
-0.689702727565987	0.345105664437151
0.0610498124644727	0.0205565433031726
0.364182350441037	0.145210874294561
0.0692192420697367	0.0367854618877931
-0.147472939917983	0.0672554022122825
-0.32929821578615	0.169308830979101
-0.479252905914231	0.210536308504811
-1.9246730064201	1.74192658743234
-1.40670429434693	0.892551731686312
-0.18428633341228	0.076076431928559
-1.36004417746519	0.65090747212765
1.39890598542782	0.457396938226983
0.066279998557679	0.0248942521124064
-0.137992077592364	0.089132582040764
-0.0989949469521589	0.0515184545555177
0.0653220116306214	0.0346153654188319
0.0625251015473537	0.0261376626459818
2.48876773843017	1.36146920098359
-0.0860153422802636	0.0441654466352559
-0.886910151286947	0.597882008967987
0.874451195680261	0.543751179766343
-1.06831911370573	0.557442474984567
0.912610784924867	0.680747773807728
-0.490281517142082	0.346765029728721
-0.183047763632375	0.0754667903199324
-0.120286523589216	0.0560752310928383
0.552384373260166	0.480257858717376
-0.387100597949926	0.180558858548181
0.0598244258468071	0.0246029592629864
-1.13063275506514	0.911571524007782
0.703333066861606	0.401774449510598
1.48688429381119	0.742684370524493
0.455993590673328	0.251607510887171
-1.31465964078014	0.987424855537079
-0.328811835673146	0.170016731640013
-0.733461645461896	0.442773365305175
-0.298602922155244	0.0997935494426761
-0.180433373910818	0.0735766375630801
-1.25228645709019	0.716541529574583
-0.488158452738289	0.210538185932724
-0.416320129144744	0.123600538665229
-0.071338446239628	0.0394912172274127
0.955153096395938	0.353754223991168
-0.417271688382183	0.124296578948584
-1.11327405737011	0.467560014861912
-0.800474359670295	0.2851989048467
-0.37577147725919	0.231840512309219
-0.989436795955663	0.809224722901204
-0.367965768537085	0.235385469877606
0.364004508647843	0.244177704823273
-0.580033811568798	0.313940509127496
-0.892143421087589	0.690366754482371
1.4496692778133	1.14657942984189
-0.305796428180449	0.104486080450633
-0.0433366041017629	0.0246544842832855
-0.882867553842611	0.58354278465263
-0.200214341254821	0.122351336797502
0.0711169802551503	0.0321215449728537
1.17043276382317	1.31109671206399
-0.240783671815811	0.138412490116551
-1.01669186788155	1.06404790120748
0.0616138255038362	0.0277561831808693
0.0790478768938316	0.023442645076918
1.56567382153131	1.370950083939
0.569663711282454	0.374887691872294
-1.58798627148629	0.584585350075341
0.0615102933048678	0.0204788107466588
0.0772081127744545	0.022585964583174
0.0777984265610462	0.0231215208123738
-0.572254173878869	0.309949820134797
0.0770657357536673	0.0227069958271394
-1.58453258096943	0.585505483881564
0.739921282116718	0.311559877079658
0.903573207610929	0.241123987931757
-0.638504569780167	0.411475661658913
-0.605690300343162	0.243480473676002
0.128673740257697	0.0256349097748181
-0.948483643078503	0.962509924415423
-0.291669377747304	0.244838316357253
-0.0430887265869346	0.0246421603820875
-0.861761412990808	0.878106545318703
-0.13693245485847	0.089041616138629
-0.40639056693454	0.368408357938979
0.4590274003891	0.250728066262127
-0.186797294997977	0.0764229918192234
0.216248539095134	0.145700428094379
0.0067189182446745	0.00380163719704764
-0.130739690807354	0.0851103340294208
0.287333206833931	0.26709144757114
-0.404295401408335	0.364103314755418
-0.781019204623023	0.618404828724538
-0.16991532549619	0.12443254173383
0.0823875266037986	0.0465366856238241
-0.855277617497628	0.376218063035527
-0.87947402158205	0.488593014651855
-0.30480646244399	0.102673490009845
-0.854666696494442	0.394157076908828
0.954006341754093	0.356294101761051
0.127904097157768	0.0255858011311334
0.696794774367676	0.390568094634678
0.557297765801115	0.365851359257431
-0.236975188920689	0.168834573757641
-1.06782565811096	0.554472550869451
-0.637843521839546	0.404559161618692
-1.92271024381426	1.23256886155268
-0.418228371721	0.123109209946111
-1.19941518705668	0.370665869141311
-0.867735742120174	0.47407375145633
-0.397577506148394	0.18771042882136
-0.558724766285661	0.377734365365046
-1.3667646082338	0.63466000929116
0.27694587482798	0.133824846158365
-0.694521918754098	0.347728747181245
0.604227785028937	0.21963327792584
0.816227182362653	0.646176172960924
0.0649675000414704	0.029676467512598
0.065972488938283	0.0219592541581648
0.0629955709755698	0.0237018144936183
-0.142381415547624	0.0631113349236773
0.0680224809492162	0.0278127471892537
0.0780985704487699	0.0227793974190081
0.619639158403803	0.37920540028329
0.373786957929787	0.132103755275488
0.378860394660447	0.238857718408248
-0.0888781995386473	0.0459201862740248
0.355587739189033	0.141052647307867
0.81139488490921	0.423170574735783
-0.872715043720002	0.492110289848334
-1.13776625941725	0.919129473254809
-0.190787457302435	0.0777891868378589
0.0633088700568011	0.0287875162421459
1.38274642705917	0.824143358425527
0.611949559469917	0.278601808856394
-0.685826676402714	0.333335414477488
-0.671156003776608	0.492862784364496
-0.741305465811036	0.444914155137201
-1.36391664005511	0.652897010004391
-0.422470712104551	0.125322423867606
-1.36312135073954	0.634583953086172
-0.415840422659735	0.123542731664668
-0.421987076429312	0.124246691999852
2.73986151874249	0.820070423124911
0.104426122061374	0.0262022938178345
-1.19407169434025	0.373753725478209
0.305541878102011	0.13328196464208
-0.851209524303519	0.380415569325278
0.104838404507194	0.0260417581861871
0.0849951890412521	0.0244680532175746
-0.418228371721	0.123109209946111
1.37626902984969	0.839757551718223
-1.25243118558316	0.731869884016985
-0.328575910416183	0.168503888280458
-0.591626642025549	0.449401321236596
-0.69644484962072	0.337464605194902
0.697616529759465	0.510040189599189
0.0669614337759982	0.0224406758703307
-0.426538924717375	0.264480281608972
-0.606071202003999	0.238894570244238
-0.330742519577885	0.169251144573185
-0.482729944102222	0.211296221019401
0.416751499745019	0.245461682507794
0.670614183478991	0.614408312707424
-1.36391664005511	0.652897010004391
-0.639516813107164	0.415768055772404
-0.877190031370001	0.497523579726734
-0.850805364052646	0.380308826530556
0.358183921564325	0.140446789035804
-2.36642233185624	1.24559368618227
-0.800179618827233	0.285541279205374
0.590875138384669	0.185310917651937
-0.421274264107934	0.125292067520529
-1.59388062285858	0.578541141168823
-1.06412505128003	0.553754338209825
0.595371679164821	0.187237487257662
-0.669392713139976	0.168657892383478
-0.802757764770371	0.290420662547267
0.0625524228095764	0.0209901721934204
-0.684974042605206	0.338977348522851
-0.186683818194469	0.0774418902625959
-0.490986781644967	0.28196239368391
1.81829947180281	1.48232178937334
0.227577240324513	0.136467876470049
0.0818420031498195	0.0239086760718212
-0.487189513792692	0.283100742303114
0.0622641153691772	0.0308778499530389
-0.479747464244589	0.210978657045579
0.0649300761668955	0.0218792745573279
0.0799174640425128	0.0455798668062048
-0.880202036803578	0.491183564779627
-1.25291949275094	0.729717003933187
-2.71764884453576	1.70028562472838
0.383662232729853	0.241656694964746
-0.141416166673624	0.0629855643436201
-0.877190031370001	0.497523579726734
-0.748412793437173	0.442854532539966
-0.124850253354317	0.0604305102572663
-0.690776384052709	0.345755195402927
-0.273528113237073	0.149873772534997
-2.14734081478973	1.02890405825467
-0.41423650420507	0.123239241926147
2.0400299717895	0.898018692914653
0.127904097157768	0.0255858011311334
0.732487652615965	0.306009385691072
1.01804272886202	0.721190416282108
-1.36339818726857	0.65294216962778
-2.3656366803926	1.25800384450078
-0.800179618827233	0.285541279205374
-1.57671100738342	0.836922288388563
0.127904097157768	0.0255858011311334
-0.304738418887242	0.104245986734611
0.731083684461834	0.29887157352273
-1.57059751037971	0.837427420359086
0.608676781461894	0.282156640846036
0.448860059451109	0.236653625467223
-1.12282717320715	0.858858623851416
0.517777011843895	0.25930957640281
-0.485193847682051	0.275730007531189
-0.182093219717893	0.07554189240077
-1.04262984154398	0.651789530676205
-0.878164201005959	0.493205437070183
-0.397032880719993	0.190229058858259
-0.278294349287218	0.151768816188604
-0.950286486051818	0.96818108801327
-0.24837462519822	0.142705751463017
-0.469903403499019	0.37930412286524
-1.41517291593167	0.893736380445402
-1.31278221010729	0.992362944213247
-0.417035104579625	0.125423427024626
-0.14864817619847	0.0665585177169634
0.276692383173911	0.133272691998997
-1.43448529332367	1.17301105774647
0.763061752693849	0.636716127639406
0.093005550152636	0.058567557018023
2.15789966586439	2.20485918554615
-0.301795233830586	0.102050077928017
-0.574646510212507	0.308909120473627
0.872313342786873	0.558444143278959
-0.369003792075302	0.236616153509232
-0.611472872583256	0.237949632257851
-1.10631603268027	0.459777941415044
-1.80076792480235	0.442524207311945
-0.671196215922431	0.168215347884981
-1.5797270047197	0.833788941265338
-0.228719033475218	0.0863799272697619
-1.19407169434025	0.373753725478209
-0.301551107814342	0.102947755401219
-0.301022728067487	0.102576259660533
2.03377072884884	0.897623972008988
0.81873655272146	0.433267716079536
0.069752085919997	0.0231114976936932
1.69870119510271	0.957062767665398
-0.274912269938115	0.191339788384276
-1.81249479164281	1.54105555837051
1.030833027181	0.852245233888177
1.5609186819288	1.34289815625911
-0.179330691889966	0.0743058043613062
0.0654513756528165	0.0220047808089166
-0.602421353915854	0.240871910877942
-0.686202667371399	0.337116011449434
0.0605031291051118	0.0224984483518135
1.53466551403487	1.03678588798918
0.0713749100402143	0.0323200155270913
-0.149904868081181	0.0679086217442045
0.22564142958403	0.126011468202458
-0.0671946473483217	0.0369928190244595
0.521227123748	0.264321350918815
-0.67438922676063	0.484271172467294
-1.34207140738082	1.26873959980679
-1.35649069871037	0.64012161350823
-0.767126215532752	0.537641767279677
-0.229223468021514	0.0868419132365657
0.0645343654833994	0.0214122935774543
-0.7420446860593	0.450909254871201
-0.60956825417533	0.243963256148129
-0.147472939917983	0.0672554022122825
1.15751769223186	1.41628427023746
0.580362411400784	0.57556097323635
-0.525990110683221	0.413843119321865
-0.0464918844210829	0.0266914253727591
-1.34839169351862	1.63596128781623
0.626937546189113	0.387993026616018
-1.19235288597363	0.809692197000464
-0.240121564845199	0.140130835532801
-0.232542290257767	0.0866975107751621
0.80777692573946	0.409997154954204
0.0658040505321744	0.0217988786798126
-3.48695660373579	1.27688847313046
-0.303192756097058	0.10235319624945
0.0585993635536382	0.0262808316885964
-2.06591197801366	1.45146870536477
-0.478527007074866	0.209400713558392
-1.89709640057965	0.806035232255883
0.361701626699171	0.142415516174274
0.0783152874483335	0.0232771178433372
0.0595663547274934	0.024819489971002
-0.113911477426123	0.0547356699146769
-0.304738418887242	0.104245986734611
0.604406195879327	0.27769680040299
-1.24547503464795	1.09266709540881
-0.373519276675275	0.240184763298381
-0.313580934142762	0.211199886169709
0.621579884820531	0.378940710693039
0.0783152874483335	0.0232771178433372
0.0708873550370623	0.0321613101804134
-1.80861348183066	1.51290150712111
-1.01703292310012	0.754511273317925
0.765855348265312	0.529756024544679
-1.43902451138221	1.44207872036927
0.707925583745101	0.40245810740541
0.0706881276847631	0.0376143232896942
-0.370077159864796	0.23895388072458
-0.0484309813711612	0.0278857909068125
0.459085640797962	0.350876907851057
-0.869250534258991	0.487722570335185
0.381026085148174	0.23731088604086
0.622330754402839	0.385309932994195
-0.779053019026915	0.636800338186785
0.770139873707854	0.532292031073519
-0.0682068237425125	0.0374604334695003
-0.232753716095236	0.0881182616874961
-0.229955227396077	0.0871808819087108
-0.698618698609218	0.343848300454606
-1.06923252393069	0.545516259297465
0.378738850568492	0.240527612356191
-0.0737777961358017	0.0505688599237097
-2.43739806517725	3.09797381675444
0.387325343431939	0.243054954596846
-0.484611834285008	0.208988065425572
-0.738001097253365	0.446251489424464
0.0687118338011687	0.023044626669583
-0.403861358464141	0.173269582003744
-0.305267328343608	0.10462358397356
-0.30130771363184	0.101671255667872
-1.37193213366794	0.615831805217387
-2.59068535304955	0.735256447992514
0.104013731757712	0.0258356156402343
0.0655578846531826	0.0245965861575336
-0.684974042605206	0.338977348522851
0.435103487581345	0.152295529010333
0.446101393678028	0.159774329669198
0.964199017138855	0.359658479163063
0.59136178323394	0.185500372343793
0.599599921271448	0.187818799964686
-0.605406212718906	0.237153321998
-0.88263392511887	0.484914037557255
0.817528191620867	0.430472173413981
-0.425577475186794	0.2580722244005
0.0685597012737268	0.0338512863015039
-1.34589352386144	1.4460068610027
-0.589468569191725	0.456308649122641
-1.75657739703292	1.03026936730603
-0.396308320726065	0.189688665962047
0.0680660795963906	0.0311001775860116
0.0637977918718723	0.0264720121505669
-1.41091202489337	0.895877840693249
0.365431817655154	0.143755699624761
-0.397521384520873	0.190120525092247
-1.9220255078776	1.7548114124468
0.0644409202847637	0.0241020544198147
0.699565021362567	0.507654345099417
0.226627385360878	0.125864960963636
-0.0965341995729902	0.0502003047077641
0.060555812457346	0.0224470025299854
-1.01851082845214	0.756773297305112
0.453441301413128	0.344602292929679
0.814909305889428	0.410104964261151
0.0648247865649052	0.0217130810583025
-0.418170193823465	0.25521574644409
-0.690680224420746	0.344416058808429
0.443690956350235	0.15948293376147
-0.121479627155794	0.059361783733287
0.517364081813009	0.465730915468274
0.218841170452193	0.145134398160632
0.401904805648879	0.227514502399034
0.401886267015003	0.353147387050583
-0.576334784608912	0.311400693648793
0.0815361294803551	0.0463838968847412
0.129072629778705	0.100384616096083
-1.25603354869749	0.721950235247382
0.540411300931141	0.473051148725995
-0.937233015610187	0.999804843960345
0.416751499745019	0.245461682507794
0.636564546138144	0.480114806830785
-0.561921235486546	0.374158324362307
-1.25320709887398	1.06860767061178
-0.282633205902309	0.156003141315984
-0.555866612022753	0.38071644552796
0.455231934011434	0.348926936505761
-0.277809765386309	0.153286435696208
-0.774724983750791	0.617130098351408
0.341615972563896	0.242025041099909
-0.785679719014622	0.699370315293143
-0.773818346051503	0.610212226398814
-1.03579745334981	0.650154137605611
1.02510781927271	0.840595002681357
-0.554220353321991	0.381883119299508
0.22479749852778	0.149598293888817
-0.694521918754098	0.347728747181245
-0.125337758279379	0.0605610678237667
1.14643565217923	0.893674817540625
-0.777000096528884	0.888027774942196
-0.634308242381025	0.588945607591346
0.625724987463032	0.386446151307926
-0.886031534322276	0.768723510218192
0.0641279254485725	0.0314435790134019
0.0281663093454048	0.0189364210377893
-0.421712770108661	0.259784272659801
1.03321328133915	0.843893002167262
-0.163337162022232	0.137524158632866
-0.844455926654002	0.364516135520067
1.39515102136504	0.462154680029554
2.55384028719086	2.37639297257706
-1.57210542245314	0.845001241618164
2.4821779483791	1.36819590141996
1.18907770151885	0.647455627277659
-0.233684747817672	0.0881977990616734
1.00677824314835	0.704354612134004
0.0586656089395689	0.0234500397371277
0.382882696737084	0.239819096993677
0.908617290941777	0.679641440379873
0.48558573079749	0.356722867409575
-0.691615046053839	0.581018144762183
0.638369465180338	0.489162210266975
0.0612803234897701	0.0206495123520074
0.212806826254979	0.159532535584354
-0.284264295732045	0.156454029081119
-0.479747464244589	0.210978657045579
0.249046636339633	0.130578864250596
-0.118308338056013	0.0563336701186196
-0.47970259690891	0.337828451891174
-1.76397300681655	1.01810459281283
0.810184931988982	0.421326552510971
0.310566278894443	0.134074756987348
-0.58462675843372	0.311329554754645
-1.25072686328555	0.728175394838403
-0.335207025892442	0.170859960988943
0.59840135721121	0.188030004862309
-0.880442055450846	0.487998459994797
-1.05702819840443	0.533129538551018
0.0742857311386028	0.0240128483465756
-0.304250304646654	0.102592936348593
-0.234189822120199	0.0885441460505425
-0.179562172838369	0.0747549305173288
-0.694032318883316	0.347081932150566
0.0683206053444869	0.0338801725955558
-0.422144110097633	0.308170499870056
-0.4832777404024	0.339116517524079
-0.188424377564048	0.111840556541328
-0.879313130770447	0.675312469855665
-0.238303584099002	0.140589332790867
1.14158236083612	1.03533314707492
-2.86469112806175	1.95602036951192
0.411681863226067	0.243876274438764
-1.0973572004829	1.00218074725414
0.119050623863556	0.0845471020137657
0.0623553610172962	0.0259264003221413
-0.236621699658746	0.137178465321557
0.214171734377288	0.157466106297209
-0.0430887265869346	0.0246421603820875
0.450345003504094	0.158788458952516
0.609173518376681	0.281793096734265
-0.121966078911095	0.0597185852182156
0.0618665554146556	0.0256840870788975
-0.483188633300048	0.209061264009602
1.02879899648196	0.857348888077017
-0.332855113353593	0.171830322459608
0.31036522643867	0.135322314653255
-1.24785547390951	0.72563668068459
-0.117849691423064	0.0571380063835637
-0.768881235888054	0.549512693486756
0.410626032624514	0.356990306815602
1.27372759249104	1.07830671093301
0.630564965868644	0.586951998427939
1.14104432177713	1.14666927616338
0.362570182905261	0.141643432816108
1.53548908254166	1.80233384293786
0.310137472288224	0.13405589090499
-0.324601670688205	0.164734902864453
0.303837738820198	0.132278625968933
-0.887352163909338	0.598949360174728
-1.06253575156884	0.544058078363566
-1.55948499304761	1.11531101626563
-1.02751586099638	0.738765161897735
-0.479674210124986	0.210011352298479
-0.854927715427441	0.38894690306846
-0.5006217838865	0.284197632734821
0.908002018756741	0.677369245857262
0.865042339877065	0.55196500385066
0.994742636443186	0.577890094011989
0.0663454584898298	0.0302727947637006
0.0618421765283281	0.0232145972031808
0.270625054989351	0.127914899198943
-0.242088276021807	0.14114028582292
-1.19282020826563	1.14912614218887
-0.738963909361164	0.452320906488608
0.244044600674521	0.126241617945289
0.324158680099694	0.234420960353855
2.05421974608784	1.97045911143285
-0.278776388607894	0.151979069184121
0.563609289781237	0.371881262915667
-1.64495302600885	1.54151095237213
-0.418910778412745	0.303089000380072
0.0675979881859767	0.0334657411824102
-0.667385066485027	0.490202824744432
0.384925173740212	0.243047847033062
-0.882990200385013	0.591128021549452
-1.90813910016399	2.16628337194668
-0.476947730469806	0.207515325819785
1.68178142970761	1.58802351285073
-0.762964525156027	0.544002160572418
-0.423171924518854	0.257240168678171
1.15496920050915	0.904752974129925
-0.149884431122123	0.0670235742369371
0.0656335150250907	0.034176762033293
-2.36277468249706	1.25206284362043
-2.05798716509735	1.3996321238573
0.615989385005098	0.274647674228278
0.364688196370452	0.143871650302698
0.356330992228898	0.141249736474351
-0.608293810153673	0.240718383551255
-0.672293539799	0.170698973183562
0.59631403225054	0.186943582697048
3.60309364351245	1.38154012416938
-0.605450998451114	0.242926224480625
0.0618321824136046	0.0282623958969552
-0.310053667115688	0.104646035545114
0.509804393575551	0.249097252249966
0.0780985704487699	0.0227793974190081
-0.421046423142125	0.124570965914074
3.23705358947669	1.12361051044471
-1.58358023269916	0.585811377580937
1.39482941307227	0.457185046871146
0.0783152874483335	0.0232771178433372
2.4821779483791	1.36819590141996
0.956980772677105	0.358679291323054
1.24902601731975	0.551051541082361
-0.393525740443016	0.187886102448024
-0.694757320715377	0.343222982033305
0.766232683148467	0.644804135317758
-0.584382304028882	0.312361143279856
-1.41468652819259	0.891182055880589
0.317330821016221	0.136330887699846
-0.853675142572698	0.390526158260156
0.0560598880188515	0.0230276267621621
-1.56886090194029	0.825783512145831
0.0674833780348358	0.0280172327210312
-0.483030629824675	0.336981085503435
1.31678036974242	1.8003368550883
0.0729379948738928	0.0410282444776465
1.35742169818865	1.41996985739135
0.354810639419691	0.235253159706062
-0.0695176902958202	0.0381809824130697
-1.32334468846834	0.993891378901816
0.59631403225054	0.186943582697048
0.976066416519551	0.462217707726587
-2.59042803651223	0.725580173516583
0.906466699096461	0.241573241656628
-0.415360863921395	0.122139850383423
-2.59068535304955	0.735256447992514
-1.80076792480235	0.442524207311945
1.19893248859021	0.633505831584369
0.0662068093797747	0.0222753475888815
0.105571162939011	0.0264299797824484
-1.80062223536367	0.442697734012975
-1.80076792480235	0.442524207311945
0.107826809107632	0.0266163148584071
0.0803671130235179	0.0235466908434432
1.95691447768373	0.505592244745112
0.980818854530222	0.472463997894971
-1.36339818726857	0.65294216962778
-1.89370160268458	0.80375187827375
-1.89709640057965	0.806035232255883
0.597538800871194	0.473555844359627
-0.07169431024728	0.0394225033183267
-0.668899697646998	0.492598650489519
0.0650904872803332	0.0268205243241728
0.309154580877069	0.13550471178241
-1.11510505645186	0.462261665956644
-1.35974649099216	0.642924202456963
0.609891993027332	0.281972119466764
-0.185701754093	0.0768311198147787
-1.89318880135438	0.807575887256094
1.65203740589944	2.33079731832184
1.23613570448923	1.32391707843852
-0.0262320112927445	0.0156395375148395
0.213953182527769	0.13591472176259
-0.790383681792973	0.700286000965598
-0.130103340029076	0.0844506208471286
0.251467476712631	0.131772583503175
0.245642825195318	0.12692509721157
-0.422916304309939	0.2538445911014
-1.03579745334981	0.650154137605611
-0.575849104562259	0.310900291404199
-0.853440821857992	0.393789324166191
-0.480211020607015	0.207346306779138
-0.87392778701003	0.492208364002777
-0.30827530445684	0.103722794661471
0.907220843221372	0.241640823646499
-2.59042803651223	0.725580173516583
0.128414758145476	0.0255806337629011
0.734535793959168	0.301093321152518
-0.605690300343162	0.243480473676002
-0.41375501622443	0.121836953254637
0.127645812237754	0.0255315531572439
-0.671196215922431	0.168215347884981
-0.309283596765653	0.105492578973887
0.595602538872684	0.186980939514248
-0.671196215922431	0.168215347884981
0.596795994811372	0.189461070823454
-0.853440821857992	0.393789324166191
-0.694390481730497	0.34183113795069
0.354984376959281	0.138538297571117
0.0733218433384673	0.0218015863196879
1.36454300687416	1.35088973442611
-0.576566073672401	0.310221394351115
0.0667628360753712	0.0278377202723953
-0.232965695782915	0.0885442115965359
-1.37169844937271	0.628438279960156
0.318897659703473	0.135909613416887
0.0618321824136046	0.0282623958969552
-0.30130771363184	0.101671255667872
-0.237820559870687	0.0899074440776171
-0.304493999698681	0.104233023539016
0.221247684360278	0.133583196577676
0.623657788747357	0.375792696398192
-0.0908526896284376	0.0474610812126606
0.760804586348742	0.648249185905514
0.0982527361619095	0.0625767516973413
0.69322083981493	0.510709402445406
0.602627397657295	0.275803001301284
0.0667628360753712	0.0278377202723953
-0.0741550561847683	0.0402952039419874
1.14141510083214	1.039489998603
0.363408035002422	0.142649761224223
-0.479252905914231	0.210536308504811
0.0666853243913966	0.0274249207365361
0.229846262935201	0.127867989603563
-0.879899526793354	0.592687482908914
-0.416793567002961	0.122878499486435
0.127904097157768	0.0255858011311334
0.0765490526564689	0.0223348203291186
0.104838404507194	0.0260417581861871
-0.6718798419346	0.168198236464061
-0.671196215922431	0.168215347884981
-2.15132724527793	1.02910050715748
1.3963029773348	0.462445857751646
0.597990862822952	0.185447021572989
-2.59042803651223	0.725580173516583
-1.19407169434025	0.373753725478209
2.73986151874249	0.820070423124911
0.0772813882205756	0.0227389622602457
-0.690916907865762	0.344937749337676
-0.603698934446028	0.238341658828734
0.462806983459476	0.251187331225448
0.0677400060028648	0.0280993169010039
-0.393275734032787	0.186840102332324
-0.179072309637794	0.0744828485575293
-0.689214217089554	0.344079986146751
0.0632224714691229	0.0237545697448547
-1.35900766366641	0.651041157255618
-0.554287216339566	0.373452468048089
0.823771869412714	0.668656027689208
-1.35385901044008	1.25022482354909
0.552737386575658	0.356015203452603
-0.783135581147206	0.691582509521073
-1.24240582662291	1.06985535094077
0.614777325823494	0.272483212187686
0.352610418770917	0.137615872691571
0.559806343422478	0.373041790417919
-0.630644727583007	0.401464669553756
-0.88996883230133	0.596298109847615
-0.48394903346396	0.212576532778763
-0.688977277346686	0.343287508890508
1.0263768335931	0.849357465110067
-0.480473864883469	0.210935389865495
-0.269933488715535	0.186661350949817
-0.690191396643677	0.345216319373179
0.44207692861641	0.157590597029743
0.0627817537576716	0.0208324664985158
-1.10606583697194	0.459191886208015
0.443160440226769	0.15916220103121
-0.800179618827233	0.285541279205374
-0.305512393255079	0.103409420438375
-0.672293539799	0.170698973183562
0.127904097157768	0.0255858011311334
0.904668349139708	0.244160033683449
-0.226095280634055	0.0843359322678494
0.0665310579487897	0.0277364779716093
0.0696364305266713	0.020377902992983
0.595371679164821	0.187237487257662
-1.24785547390951	0.72563668068459
1.69796317553888	0.955626710976433
-1.25267956637493	0.723432447014664
-1.01909170059176	0.746729140034242
-1.42090548100438	0.887675425377631
-1.8081337887713	1.51182941916906
-1.0238187650573	0.747518177671002
-0.679349414404968	0.49512572532428
-0.639218215359267	0.414603827202414
-0.237195682055057	0.167592003602418
0.457157129738085	0.354016521993857
0.0649098333617464	0.029265785012765
-1.69157184853055	1.29121446124688
-1.41187991536114	0.897741384968539
-0.272743092633879	0.186251165968425
-0.314474319389662	0.20975208945817
0.698490212676273	0.396986142120631
0.102013635563569	0.0607686262055909
0.227925281374647	0.125224379588244
0.0595663547274934	0.024819489971002
-0.42407171501108	0.258976908207794
0.0674577704276539	0.033056671885239
-0.0675441784848249	0.0369024179236851
1.53333191884464	1.01431593710293
0.565393638994301	0.374150573271098
-0.422189366529171	0.259422022755489
-0.557651240937869	0.376090212086328
-0.766535581366335	0.553398254030788
-1.24082263020422	1.08476267726214
-0.425277377119064	0.263648699967412
-1.3166912343246	0.991519327029016
-1.89806849133835	0.776442241982857
0.107411277104442	0.0267810083199753
-0.486218847432095	0.206880006511745
0.105571162939011	0.0264299797824484
0.127904097157768	0.0255858011311334
-0.672293539799	0.170698973183562
-1.19448214269812	0.373652093036025
0.0625524228095764	0.0209901721934204
-1.58358023269916	0.585811377580937
0.308435389376559	0.13507258431413
-0.305512393255079	0.103409420438375
-0.241269066031911	0.0891767617249028
1.16952180345023	0.762035131439751
0.9713745080682	0.453820213450417
-0.605450998451114	0.242926224480625
-1.18575031247995	0.817102523978428
-0.233976773057096	0.0885223507777959
0.27767039135755	0.133914320656405
-1.34690916643762	1.27487608627844
0.0806651790591618	0.0481390081395083
-0.673011503852379	0.493429614929453
0.211352638896445	0.133513712524173
0.0721767791303238	0.0381401395631352
0.685013390062162	0.701801941260434
-1.13313680391833	0.92176057699372
-0.17817018212067	0.131470934266869
-0.271354975121389	0.146067676802512
2.05023287029605	1.92584868438697
0.514904897414568	0.255561817857281
0.604903865714691	0.278923670790428
-0.701967901544342	0.330311127519866
0.279133027619782	0.13327723892735
0.73510071975152	0.304953970811166
1.8119932051183	1.45938359918746
0.0774201524865404	0.0412227164818893
0.331946490999506	0.245531398030525
-1.41236409009758	0.89562325806602
-0.234933822395779	0.136474020173096
-0.119145708916296	0.0587729210971959
-0.480397384052125	0.210516863116577
0.0767289905290157	0.0438074024817402
-1.30894138236364	0.993404749839484
-1.19448214269812	0.373652093036025
0.442150308808584	0.156995954311793
0.0803671130235179	0.0235466908434432
-0.416556117695207	0.125366937822876
-0.422243138844819	0.12550108512248
-0.309283596765653	0.105492578973887
-1.06534813648219	0.548292272663632
-1.19407169434025	0.373753725478209
-1.5861144187907	0.579133617819581
-0.416556117695207	0.125366937822876
-1.35700836293971	0.639030448374542
-1.0638886588342	0.554073501749028
-0.237405932813361	0.0876801125668352
-0.141654966004151	0.0633413042873223
-1.03506537942318	0.644626967453869
-0.737753278800816	0.452079561154393
0.0740646158168306	0.0219709870233645
-0.229955227396077	0.0871808819087108
-0.763629516574991	0.53066912019252
-1.89686676709491	0.805182738211479
-0.854380373584094	0.389441358599288
-0.971216062989405	0.886895463385017
-0.461953140043968	0.36555665565086
0.220944915090007	0.132632473555992
-0.235867390117381	0.138287953947812
0.0837339147946432	0.0473847329278267
0.664577600943165	0.604080846921196
0.319846951782756	0.236134311196602
0.406281031428	0.236924657847561
-0.304738418887242	0.104245986734611
-0.171353861190707	0.107902234436029
-0.688725865116772	0.341949578597701
-0.478527007074866	0.209400713558392
1.01454040383146	0.723711109204584
-1.55458611789402	1.08495634133295
1.00967479812442	0.711121827563509
-0.0251902146497309	0.0147900532558281
-1.01523119193029	0.75949769161849
0.31167835419203	0.137198186247268
-0.366646184804606	0.233389900175963
-0.667377692866137	0.498407281885265
-0.0913981464385264	0.0478601317841718
0.10515818389286	0.0265978431489755
-1.19291748838198	0.368017737325914
-2.59042803651223	0.725580173516583
-0.416556117695207	0.125366937822876
0.128673740257697	0.0256349097748181
0.081804209178824	0.0488843108068872
-0.690191396643677	0.345216319373179
-0.237314703494337	0.089951020795284
-0.397268982678886	0.189523394212352
-0.233683732093641	0.0886688969577662
-1.58405633456432	0.587367911426003
-0.689939624436108	0.343804759999309
0.30964610783148	0.135277627995619
0.460044036935173	0.253058982247184
-1.58919395692237	0.586548618906148
-0.398245824526107	0.18985731756252
-0.461993293736762	0.370334446874878
-0.13871806818509	0.0898491445091852
-0.488657463762727	0.283311347120572
0.0679785566577436	0.0338162720848143
0.604459540091558	0.278276426842915
-0.772528086887682	0.549366620830826
0.865978249443544	0.550221394754258
-1.0638886588342	0.554073501749028
1.02433579772255	0.83089028907581
-2.15158252780027	1.0284895466908
0.269427520963336	0.129181940266691
0.110414049402697	0.0269107330919211
-1.36339818726857	0.65294216962778
-1.03434530311396	0.645525660709708
0.702086042223142	0.51345104595692
1.39482941307227	0.457185046871146
-0.22945079316997	0.086717195035251
0.0635651717891359	0.0264085231688653
-0.871744490218542	0.486714804987934
-1.30701882459101	0.971246683174625
0.76990945215145	0.530640314346712
-0.0260295158501404	0.0154048344014032
-0.885135867322965	0.595130357367894
-0.802757764770371	0.290420662547267
0.0646951360717179	0.021561449433758
-0.177527074442446	0.0722883225254822
-1.10796090947268	0.45859251122054
-0.391040140567138	0.186253097929198
0.235849110930771	0.131532429996821
-0.187289075474464	0.0767531882268445
0.457852611517744	0.352394199637531
-1.74024072229618	1.77220966078367
0.211810424069516	0.153517493662
0.12623178978499	0.0959414233537922
1.01793276980033	0.727899136144429
0.916604963460056	0.936588333496449
0.640875268624556	0.488518993925284
-0.200214082907891	0.120594888630931
-0.284025630958523	0.15688921327068
0.639834736856273	0.494533338811401
-0.192631044280345	0.117134591854908
-0.184621058585079	0.0759855302740691
0.817528191620867	0.430472173413981
-0.870221415583063	0.490285848593004
-0.202670296517679	0.122554121871377
-0.887835834824623	0.599018045613046
-0.745609123020842	0.43624088222868
-0.0660913620428447	0.0363689840100522
0.824569367394589	0.661613387820654
-0.580033811568798	0.313940509127496
1.24608397117873	0.54906692085995
1.39515102136504	0.462154680029554
-0.155476639621371	0.0691681967016407
-0.115511458588728	0.0565687521998277
1.19212660298387	0.653285378424928
0.621725489192592	0.381703630461067
0.309000398531781	0.134693196018798
-3.10513102544251	1.00725547399018
0.0828795557782595	0.0239724848334902
0.0736988046908285	0.0329911246812703
-2.14806016122547	1.03255020443279
1.24556799159612	1.36093833919334
-0.784805915608484	0.699214918538357
0.0879632916843943	0.0533441422027371
0.308737481162652	0.254803995586738
0.543946602991797	0.479593652884259
-0.166472209639987	0.105398343497403
0.209643538004744	0.152209583576501
-0.42407171501108	0.258976908207794
-0.137619936799277	0.0886809721211172
0.461678171135713	0.357690384583294
-0.419810888798488	0.338521638153148
-0.182815490396363	0.0759009422833776
-0.490568511001024	0.28594105985571
0.871602046379939	0.559957524290477
-1.04433908013206	0.649038897522977
-1.01545882061033	0.757160358610787
1.49088312956172	0.735612395641532
1.3963029773348	0.462445857751646
-3.48736559603186	1.28044294979363
-1.19366135203496	0.36925803488199
-3.48695660373579	1.27688847313046
-0.480968746896952	0.210761821260666
-0.22945079316997	0.086717195035251
-0.39401304880125	0.187580096760218
-0.884319352085841	0.586106646095775
0.601240266580103	0.483445306410085
-0.238161456800118	0.138203082992199
1.24567512183842	1.35567706168951
-0.488735859035618	0.283081933913827
0.375463120330983	0.236227356516377
-1.24975145488105	0.713504367104789
0.071185389974203	0.0288813946829361
0.0624994627709191	0.023512317926792
1.18862007461202	0.647399004599825
0.731605716756357	0.824117925328451
0.297834281765599	0.250010446231351
0.556335341754305	0.36307436003221
0.21871917517743	0.139092364262453
0.487053465228737	0.361939196032846
-0.109442190581484	0.0724963309331582
-0.392551594620394	0.187088298261079
0.414272941387147	0.245472645296301
0.250734725355901	0.131063308282099
-0.371478678402441	0.239099145524862
0.437865124000362	0.353499673536967
-0.484445387939453	0.346302674483048
-1.55626987497786	1.10254962563875
0.443399136621457	0.1567985463591
1.48740838540415	0.732892599662967
0.899188947349766	0.23823323420313
-1.20354342015423	0.367115825422741
-2.59042803651223	0.725580173516583
-0.421046423142125	0.124570965914074
-1.59436776646329	0.574326631883889
0.0777984265610462	0.0231215208123738
0.0701700958358287	0.031858194064087
-0.553750003067888	0.381315347080316
0.985908010718003	0.463591993425879
-0.685950393200485	0.342095489653319
-1.75559361839902	1.0252948674712
-0.857307814326255	0.395069873448576
0.105890524878761	0.0264349398300663
1.3093384457387	0.944668464645979
0.998213853415441	0.578627145470041
0.243310391752853	0.126601485776045
-0.558444193434887	0.378780724189642
-0.0528393482232166	0.0298731939956259
0.770910782242841	0.842513042350698
0.211302812769473	0.154987173340255
0.481278683687829	0.355156920331218
0.0810779509498434	0.0461868436415497
-0.144085285211276	0.0654614575270258
0.220629598135047	0.133355373590716
1.25053634323659	1.21275988658758
0.406295790425816	0.236105179205312
-0.458900281703318	0.368279878891409
-1.36780120476465	0.643070941241325
-1.90176512252652	0.791435867504717
-0.804525090248139	0.28747286831345
-0.301795233830586	0.102050077928017
0.130616046864367	0.0257699103849597
0.104013731757712	0.0258356156402343
-0.672634734032871	0.168778157088256
1.48300404530119	0.728098379736343
0.0622723746138911	0.0233759302533438
-0.646284154108737	0.407686758084165
-0.136780805842842	0.0893601860635059
-0.698362129074158	0.338629532192237
-0.330020419081571	0.169585731831467
-0.802019968395917	0.285974555470635
0.691707488710217	0.503256008051465
0.0605031291051118	0.0224984483518135
1.18064007403228	0.621357177343487
-0.413199219867723	0.33915224120233
0.729568971689669	0.734241343379126
0.40598586144296	0.348934243502953
-1.02539695885707	1.37837678126957
0.215203825037696	0.161505181613295
0.517674344542323	0.363709703738078
-0.0513740536219616	0.0292958215539482
0.456267782496634	0.352402068467402
1.03105227184268	0.86121611546825
0.211920153191858	0.132881905272538
-1.13501346639894	0.91145462807555
-0.421987076429312	0.124246691999852
-1.36004417746519	0.65090747212765
-3.10445110563793	0.994094169484267
-0.200391091400626	0.123320079879604
0.0654236079519503	0.0298211314616044
0.0670195591213372	0.0278250729774601
-0.371133786718237	0.275246049728802
-0.853429888273947	0.387719010061103
-0.305267328343608	0.10462358397356
0.497812373122629	0.359408524148158
0.52655450456583	0.259106008760532
-1.13345814381872	0.905529272748881
-0.334552473915997	0.172298688515545
-1.5565105485751	1.08234400285447
0.763463036469354	0.742623998379983
0.125219034417255	0.0857822996733279
0.633507691978347	0.585010167486153
-0.856648585719783	0.990507911551892
0.0880366938122897	0.0521852132527197
-0.0334304786048449	0.019751172046094
0.233609892857963	0.130013519667249
-0.0696584896033038	0.0383160215703739
-0.237314703494337	0.089951020795284
-0.782995385338285	0.63643940165513
0.457690481973751	0.251716117078976
-0.238567371195364	0.0900416084165442
-1.06196281767318	0.536465757277519
-3.49588772973984	1.25366095028403
-0.305512393255079	0.103409420438375
-0.418955421261265	0.123200290826552
0.0627263558779037	0.0234846175303486
-0.606730279860948	0.242715800224987
-0.176057623289007	0.0720916045752787
-0.246002879394374	0.0897864551594304
-0.274009777550143	0.150084731586762
0.0684774862906385	0.0227458805497408
-0.32314302595354	0.164714627680982
-0.881338609196181	0.594264659163838
0.0621229562179703	0.0257139893599724
-0.158970591810766	0.100266613418265
-0.237555507214361	0.0897346994616317
-0.0093609156169619	0.0057407003488317
0.360940102643863	0.23989345354305
0.768345461190974	0.526273117723575
-0.479349357363233	0.337114647397096
-0.480459797489155	0.342082948863254
0.0689467491232854	0.0362826786241734
0.0960559925195462	0.0611716283728065
-0.199893700069502	0.119795574121677
-0.483411882185759	0.333416385026403
-0.774604606582497	0.627806272442002
-0.478264283590128	0.206839683207877
-1.10979315042526	0.46808652431576
0.079780007123061	0.0233730073635865
0.359198539341415	0.142924931662882
-0.479180137552829	0.209094902752606
-0.804600165967681	0.283822251149021
-0.333344935179572	0.255310991978698
-0.116722959904893	0.0565811128365976
0.218059804095183	0.12692520683271
-0.280643125268808	0.263431658210134
-0.883066414635639	0.774443863725178
-0.531567799103258	0.415802462430892
-0.181138689541491	0.0740383510379011
-0.11397635405415	0.0756962628972691
0.0677400060028648	0.0280993169010039
0.213839885596011	0.136118414862442
0.841762228458592	0.98522065318644
0.623781006220112	0.386954029226938
-0.852786402812407	0.980110751054562
-0.00209110254507645	0.00153102465534007
1.07192739214266	1.13988466364646
-0.491488158727629	0.283678777122409
-0.650849750200208	0.64316209296279
-0.0919380120424999	0.0624272396636031
-0.328811835673146	0.170016731640013
-0.580765746841873	0.314693321650718
-0.117849691423064	0.0571380063835637
-0.483414548683996	0.338845681489886
-1.19291748838198	0.368017737325914
0.065972488938283	0.0219592541581648
-0.490584268206502	0.287071455386057
0.0644784861507213	0.0294046216990918
0.0852873280007812	0.0514780180864233
-0.369346914693549	0.310508218710047
0.660824745526968	0.702717939789752
0.511643102123262	0.350047076952369
-1.09491667526078	0.986186088672275
-0.151122356961568	0.0684807202506324
0.0022149394240918	0.00145448588238151
-1.64632930444612	1.5946198290258
0.346640586269375	0.249837203422375
0.0773036433553108	0.0430441347141696
-0.32240183002969	0.268070309045497
-0.413215970122875	0.340717719257706
0.938409985052142	0.817730648003737
-0.324804441951507	0.216032246564548
0.559540079267336	0.365030543685701
-0.143254708336888	0.0925972718668761
0.459102869005384	0.252711013630162
0.0907539753361583	0.0543593958528576
-0.863526332364594	0.385924048980516
-0.1793039767198	0.0741593767648641
-0.64178610625612	0.413299071618524
0.31036522643867	0.135322314653255
0.0626326431936701	0.0283164187921536
-0.882613478275168	0.584910179334117
-0.550710892359878	0.376681927291556
-0.638499424061931	0.588833191352568
0.223597314655549	0.134057888883127
-0.0924462123438453	0.0627396160551582
0.00332130813673349	0.00213167439069943
0.573403818167402	0.472550533240894
-0.173044243561501	0.127712299203715
-0.279633446146191	0.189929686939766
-0.524961447695298	0.41915595296671
0.132367883752752	0.105647557384584
-0.160779509049477	0.119701435198823
0.706568374641323	0.620325989768498
0.117843226943278	0.08262414277567
0.978947847658694	0.95784357807489
0.103953957425661	0.0695612851885454
-0.111276046414639	0.0737096266159075
-2.1221381023853	2.20319054910966
-1.0182828620637	0.757544054807563
-0.114049310200836	0.0557695997678858
1.16132479395852	0.764305517316233
0.0590763421074206	0.0246120416025715
0.245992299224063	0.126282324719576
0.0689397025403618	0.0341509182903228
0.310856538409119	0.134104963247703
0.0687118338011687	0.023044626669583
-0.997887704543604	0.839788280886212
0.51875780391774	0.261277031632202
-0.877917581114906	0.496932396457353
-0.0490397990990114	0.0505954877862915
0.102389478891094	0.0948021761191198
-0.385847987066902	0.376218447469512
-1.01795370703978	1.07279324254137
-0.146698574200638	0.0661345944680161
0.44392972970194	0.158875580261999
-0.801504983557974	0.282671122588994
1.44986098926301	1.59852976940975
0.544369158059196	0.549212878382986
0.606904614913747	0.674939539027612
-0.199625851351312	0.120729194636846
-0.39641035532426	0.378690089791267
-0.18390006975999	0.0764000698388205
-0.781900841449081	1.02424683273427
-0.146959076529483	0.066394343502087
0.0655228603274646	0.0345044410959443
-0.250946411466305	0.240271507018696
0.0644085903521828	0.0216531303832119
0.127904097157768	0.0255858011311334
-0.305022984381227	0.104097161448539
0.0818420031498195	0.0239086760718212
0.128414758145476	0.0255806337629011
0.104838404507194	0.0260417581861871
-0.60654139142617	0.239574731979353
-0.674437637803964	0.503245031178402
-0.0875865684388734	0.0454085105193846
-0.187897042768058	0.0777083525802284
-0.414703306396326	0.332966196975469
-0.0523622059545426	0.0371832080595652
0.0772900193646523	0.0433492814599577
-1.36078323088432	0.642806780208268
-0.32665456278221	0.24991970005005
-0.193513107826598	0.190187187786037
-0.417762534466373	0.374469548149035
-0.677326080315089	0.754405046823924
0.878793619294678	1.11701054835273
-0.127629311137822	0.0973917213547695
-0.362041191574234	0.401696293572924
-0.182972696387434	0.164486753872752
-0.194798776674025	0.117981689455282
-1.30207212782877	1.67545413278818
-0.587082688345641	0.452375848468024
-1.04164510773214	0.637769884346223
-0.233684747817672	0.0881977990616734
-0.638304369175438	0.414154311684309
-0.500481243584114	0.51390436417211
0.136326595028208	0.102158510122465
-0.611647866129141	0.523193755159993
0.313781435052918	0.25078331074267
-0.415299615911515	0.342989813894579
0.655359205639346	0.691106396013777
1.14661021175243	0.878911631261917
0.353341229207637	0.231990780599973
-0.499839184422189	0.640375612342232
-0.574900552675823	0.308535438909064
0.0602879319757941	0.0250596185844729
-1.57087718335479	0.830159333840438
0.105476739669527	0.0260670270890703
0.216551539394149	0.158981388824191
-1.03386155905434	0.640346526836533
-0.4229544981188	0.124454370103765
-0.636522161529918	0.408162167386464
0.448635572117608	0.236172528503473
0.059510832348948	0.0223767080165418
-0.421046423142125	0.124570965914074
0.738648582060999	0.31015265310362
0.264832767646614	0.124568064381876
1.49241718318281	0.715555669694599
-1.06574991828964	0.548512188780606
0.0808335031017935	0.0422955856655191
-0.676154182496097	0.502103237707793
-1.06584163560177	0.548319735206613
0.413436708310796	0.245346114226816
0.466153017737194	0.252660042329591
0.245016752777909	0.127728328708876
-0.422738904570452	0.26025663130672
-0.101016325977695	0.052321912358788
0.519405755516603	0.259804876473025
-0.504946223614153	0.280974883089866
0.358674485422538	0.240897800030225
0.090409563983063	0.0543439620446454
-0.184260073917866	0.0754903160030009
-1.10199159339158	1.23410247871509
0.736146243832611	0.309731576171906
1.18857878986142	0.646513272901146
0.983413008523581	0.475818283294335
0.601909821633744	0.276056084416324
-1.06155009734799	0.545482194121337
-0.872473195189977	0.4901096705881
-0.879899526793354	0.592687482908914
-1.10631603268027	0.459777941415044
-0.606730279860948	0.242715800224987
0.520509884452413	0.262760555839779
-1.11408468817453	0.455254876867861
-0.186914549602253	0.0776295895520416
0.0657054322569333	0.0271000037843062
-1.19373966633104	0.372376909213889
-0.477673228622671	0.208017313326201
-0.579791438927549	0.315244429647276
-0.368428751032786	0.236498806896977
-0.494881843062863	0.285962826363163
-1.35922839175361	0.63955262015851
-0.878404583976004	0.495618695624582
0.0611217043634006	0.0227580989346277
-0.682677362622538	0.329162496865258
-0.178961457905961	0.073062948274197
-2.3613113908006	1.23330123856694
-0.377565796131274	0.282492146773848
-0.482294378903264	0.341589391582643
-2.32191953081741	1.93898869776734
-0.0531840275181701	0.0302706907407646
-0.697488190125143	0.604996707033749
-1.14053792675008	0.917648937531525
-0.0713181579622959	0.0385111790626115
0.335225168368495	0.249275243143516
-0.871278068171546	0.836983153606099
0.0746730523093825	0.0397893586752548
0.236462632356431	0.133065408918489
0.513788352480476	0.354997282581599
-0.773361885817884	0.549981997771459
0.0720389434030714	0.0378974004423897
0.224064884226299	0.124443423768179
0.897279949977561	0.646137277137215
0.477993998557569	0.348462581505325
-0.334314575409445	0.171599000795897
-1.2470280177185	1.07781825051122
-0.150882192915284	0.0682965897996479
-0.765584724502086	0.550757230297537
-0.744874034437224	0.448814523967446
-0.430520693765085	0.263558953652618
-0.698618698609218	0.343848300454606
-0.151085123242923	0.0658622258061925
0.0932753527456631	0.0562129151471754
-0.234386611536733	0.136649141850565
-0.32929821578615	0.169308830979101
-0.738726205060803	0.44504984178803
-1.41391867429	0.91876696899873
-0.304738418887242	0.104245986734611
-3.48777469265749	1.27574375266645
-1.1180663623198	0.452623901049198
-0.179942574263765	0.0736507428322522
-1.25291949275094	0.729717003933187
-0.481984901588277	0.337282609357172
-0.320278163275735	0.214380036006683
1.60521946993693	2.44200681819429
-0.891965569402179	0.586127849459698
0.602209262243952	0.487273019117796
0.815727719940027	0.427894070646929
0.704295053553111	0.401588536424989
-0.553383164492006	0.373559934118238
-0.0748501905297687	0.0409797524634103
0.220192354921613	0.147359786517736
-0.170278387308491	0.104767401799977
1.53360703046407	1.03111582493967
-0.560889595933736	0.380736863626818
-0.228471431476537	0.161424753269244
0.516630874301208	0.252984189675898
0.0599786413558808	0.0271647600071353
-0.236809020542497	0.0896002539487192
-0.316880089382783	0.214167902010744
0.0684773496491934	0.0309117693364565
-0.479252905914231	0.210536308504811
-0.76681624290134	0.551112304479075
-0.397521384520873	0.190120525092247
0.411917107388331	0.24533461581063
-0.32929821578615	0.169308830979101
-0.321702483632819	0.163710197024058
-0.704446088058321	0.633827216126808
-0.68739965600314	0.339612512148311
-2.14806016122547	1.03255020443279
0.100176454711653	0.0251782250448321
-0.276496873514866	0.149730634226194
0.226017735008088	0.135648459496662
0.220629598135047	0.133355373590716
-0.478758512397626	0.209391995192618
-0.148160539886876	0.0667100049808489
-1.01216348053739	0.746745652871231
-0.690307009270613	0.33875578293209
-0.877345971842039	0.662366534346386
0.0667753455899205	0.0250848593980853
0.0623553610172962	0.0259264003221413
-0.874413446195516	0.491701099582933
-0.115511458588728	0.0565687521998277
-0.875002262193922	0.490144353514927
0.704301035595558	0.403132569078709
1.04602756414005	0.962884639632323
0.248893026981428	0.129124016011951
0.0561775438546523	0.0253754788196797
-0.633484128013805	0.403312924369752
-0.693307329047925	0.347371581225896
-1.89635044772448	0.803162019506612
-0.391642895933403	0.186414029154365
-0.60682496756468	0.241501615828322
-1.11729592564973	0.457625396077247
0.0687118338011687	0.023044626669583
-0.303192756097058	0.10235319624945
-2.156630809229	1.01502088703583
-0.852216403362327	0.387123174606693
-0.416799983467909	0.122371889580826
-1.35974649099216	0.642924202456963
0.100594594219108	0.0252723857013199
-1.31640235763156	1.00914090415374
-0.783397896790346	0.631958851456694
-0.487939932329443	0.276097751190263
-0.369933452573827	0.23901991061362
0.417401076401177	0.244182664485788
0.644550894693836	0.503104026152862
0.276692383173911	0.133272691998997
0.308435389376559	0.13507258431413
-1.41416414466556	0.919756634869779
0.308435389376559	0.13507258431413
-0.855186133768814	0.390769456264896
0.0719739175005354	0.0386823420337839
0.251115424055746	0.131308214215333
-0.369450685362057	0.276471439666844
-0.420903659520231	0.308762394173239
-1.31614291565066	1.01199500966545
-0.120813854061664	0.0588113772566839
0.0753727507437108	0.0422570810948749
-0.280956050699981	0.153635277694567
0.0624994627709191	0.023512317926792
-0.323808739579909	0.164395873910201
-0.33050661905023	0.169592755624135
-0.569095462455229	0.302685105855892
-0.193241896144761	0.117102991474094
0.819229451357326	0.432543366808688
-1.54651130100174	1.36356479816478
-0.327734962445242	0.163262325116532
0.0780985704487699	0.0227793974190081
0.240417126037379	0.122970130322953
-3.10904808658535	1.00549151328125
0.306260562444637	0.133331472183949
-1.06266656440981	0.543666641869933
-1.19145907292667	0.369152271339228
-0.671952417156443	0.168796242500662
-0.416793567002961	0.122878499486435
0.609173518376681	0.281793096734265
-1.35952583032696	0.652055684574671
-1.41367323839167	0.901051060590187
0.059782413962798	0.0222593871998576
0.869242497915351	0.550157436961914
-0.520165086509399	0.40374145397853
-0.1040116849396	0.06798784811666
0.0620031875781361	0.0232431129015979
1.48990960578965	0.744692740301738
0.0777984265610462	0.0231215208123738
-0.237420764251405	0.137204167698733
-1.75436899820318	1.03224406645123
1.00214967623014	0.599027059147039
-1.11032708983114	0.459303983596223
0.310137472288224	0.13405589090499
-0.18706048498305	0.0762580158625342
0.523152233856496	0.265224172604001
0.979904934620181	0.466626303881864
0.07191910963017	0.0378967942625861
0.0661417719821271	0.0302589050704894
-0.572739850414031	0.310451508384207
-0.232672896177709	0.0871260640695176
2.66636346170536	1.63070966660534
-0.122699063579005	0.0599763203683565
-0.477673228622671	0.208017313326201
-1.19291748838198	0.368017737325914
-0.202806949044004	0.1236333228612
-0.115751373686774	0.0566747950983494
-1.3194908107134	0.998282308386548
-0.187145354247239	0.0772562729745057
-0.416556117695207	0.125366937822876
-0.87373103861734	0.495041112716575
-0.185961940354398	0.0767969262742169
-1.89318880135438	0.807575887256094
0.610388400709594	0.278930341212984
0.44207692861641	0.157590597029743
-1.57498316366002	0.842359451020393
0.0728014865383948	0.0214967157683545
0.102426688802382	0.0253745597394567
-0.803050463236742	0.286029441625572
1.18857878986142	0.646513272901146
-0.233683732093641	0.0886688969577662
0.222663877648771	0.133584690034661
0.0727178732677179	0.0389267269784977
-1.05706781109077	1.02607430191383
-0.605170586729923	0.242422578277146
1.6785963810571	1.20395581910823
0.0625877101508617	0.0259911986604698
0.0632224714691229	0.0237545697448547
-0.232965695782915	0.0885442115965359
-0.186423544908454	0.0771896160274795
1.24447108221381	0.539951220610026
-2.70928498187144	1.71315791661392
-1.42811551891668	1.16219568599861
1.14883930838565	0.905219897100137
1.26450471595733	1.21851046247487
-0.376502292763047	0.283611238439636
-0.070587076236201	0.0387912804079153
-0.0526249061540858	0.0302375169221787
-0.365466404274426	0.234113931065869
-0.580239541444473	0.311403960112303
-0.0994351890436733	0.051632644252445
-1.57735462087378	0.804764949766695
0.77606005990238	0.530251475269049
-1.89216371530182	0.804378737243795
-0.0939969476939819	0.0489649246242605
0.100905654258452	0.0250362031444007
-0.302323729192629	0.102416486748613
0.0664253265593467	0.0273190969208569
0.0734859948881732	0.0414652788227141
2.03941364363202	0.910104849618887
-0.191508936467469	0.0781428623402733
-0.201985673612531	0.123420004170531
-1.52092081723606	1.62792418580306
-0.186423544908454	0.0771896160274795
-0.738729276168753	0.440001449127487
-0.577107087394425	0.313780418721988
1.95691447768373	0.505592244745112
-0.421987076429312	0.124246691999852
-0.41375501622443	0.121836953254637
0.0627684751612454	0.0234833498389533
0.356095018383987	0.141331686878719
0.444698247929886	0.157307694536187
1.14326464768834	0.885992219433238
-0.120284803846886	0.0581448539977834
0.0734579731609901	0.0391876191568944
-1.58358023269916	0.585811377580937
0.59840135721121	0.188030004862309
0.742428640006705	0.306852567040636
0.0712582948961104	0.0233580238925905
-0.22659928192656	0.0844831316229985
1.00802809007327	0.588252567369309
-1.03804217237649	0.653859492705575
1.30952716242784	0.964073601815376
1.88151006700904	1.17460510750634
-0.601383895146453	0.239737652182103
-0.163497330466086	0.103500045517601
-0.51592302250373	0.405727893769926
-0.208199151734236	0.125842325912769
-0.230221490926964	0.132661292086212
-1.06438184191878	0.554096124999299
1.9403944642407	1.71926129451748
0.378738850568492	0.240527612356191
0.272853254047355	0.130831552042349
0.0648187265416495	0.0342480049120822
-0.686675016228149	0.342794228362224
-0.477801453300032	0.206455233422111
0.0646951360717179	0.021561449433758
0.992609751480392	0.558790353465461
0.0659452103326877	0.0323579679614004
-0.577537586252832	0.310514992507715
-0.0686722025226002	0.0377298655473029
0.0654513756528165	0.0220047808089166
-0.997600856398308	0.841489448095088
0.127904097157768	0.0255858011311334
0.128414758145476	0.0255806337629011
-0.416556117695207	0.125366937822876
-1.58358023269916	0.585811377580937
0.361919157647947	0.142224972638
0.357975149530958	0.140491692879251
0.0677655405846208	0.0251215157416743
-0.316080530322353	0.213634989343849
0.558018783875395	0.365543952751589
-0.170950413297882	0.107165010072391
2.48573305966495	1.38278807727356
-0.176547279927951	0.0723556622826059
1.49241718318281	0.715555669694599
1.31023638867962	0.966358507253654
-0.233683732093641	0.0886688969577662
0.607460718981814	0.279629120138452
0.063718420174576	0.0239440750486409
-0.610088101019608	0.244656517243137
0.86050503814865	0.54725784811134
-0.483683467038773	0.211461617795267
-0.76983346003541	0.549718204897503
-2.55612952090954	1.46561729783223
-0.4230366591934	0.301227979547331
0.56564823742266	0.3750458341332
0.100781855116232	0.0642696679492164
-2.59094270607556	0.72499622759011
1.38395031141106	0.809681498069063
0.0657304258868959	0.0328915369412535
1.14929137341586	0.89353925868982
-0.0946993036444727	0.0489713867825438
-0.996502054916134	0.828483366861626
-1.24128979709842	1.09040273371291
0.522207611165223	0.264059981202153
-0.883700796578993	0.588222725280439
-1.04433908013206	0.649038897522977
-1.56117641743991	1.11476066452528
0.0758180650030194	0.0423865014593543
0.0633324954204788	0.0261951292355232
0.596795994811372	0.189461070823454
-1.19899961298621	0.373895521965936
-1.58405633456432	0.587367911426003
-1.58358023269916	0.585811377580937
0.108145869116013	0.0269229112941136
-0.691011181663535	0.34189252702594
-0.0881296119796142	0.0457127831790798
-0.33665453250021	0.171926888771478
-0.807519499937533	0.287180317804404
1.24370869404772	0.538595580341246
0.060545900832367	0.0249058387123087
-0.229955227396077	0.0871808819087108
1.016841329999	0.723303412600402
-0.307216448122357	0.102552865016042
-0.181032725846716	0.0740507356573752
2.67117045690394	1.59389692914006
-0.309813352862365	0.105622757563033
-0.237049835405727	0.0887370031350469
-0.319478999242962	0.213588178252721
-0.147185738984411	0.0664817096869382
-1.35199784286664	1.4917648936113
-0.0884009049986259	0.0455173137576447
0.0618421765283281	0.0232145972031808
0.0698109452461667	0.0374038857421246
-0.237049835405727	0.0887370031350469
0.0684774862906385	0.0227458805497408
-0.139953383213736	0.0628776883876409
0.0667628360753712	0.0278377202723953
1.29862917863979	0.901594841811724
0.066279998557679	0.0248942521124064
-0.276513518655277	0.152416786274367
-0.282481440327461	0.153505032704786
-0.736782330313168	0.446842083593076
0.272853254047355	0.130831552042349
-1.18526625270036	0.815211900446292
-1.11055850265855	0.462698115844129
0.253909165822395	0.131601538660082
-0.494129263093219	0.286921518833981
0.0701410772515555	0.0314261587976131
-0.0922421773191588	0.0473765446252839
0.127645812237754	0.0255315531572439
-0.803496010354504	0.28742020785865
-1.36391664005511	0.652897010004391
0.314952555456322	0.135064199715037
-0.183047763632375	0.0754667903199324
0.935074285650772	0.774196183959142
0.770982194588524	0.532048425820811
1.18836077312424	0.645620731081856
-0.301551107814342	0.102947755401219
-0.802019968395917	0.285974555470635
1.24902601731975	0.551051541082361
0.0667628360753712	0.0278377202723953
0.74294936200173	0.307344716540548
-0.601145234202966	0.238152183881753
-0.742776409611287	0.450768310654214
-0.273536393125951	0.186164134295092
-0.0939294345041121	0.0494307980409177
-0.884908013426231	0.595044694233439
-0.390853809483773	0.18297380621654
0.243474958955013	0.126183761006189
0.359406656180612	0.142994342791068
0.277434632572482	0.133487969989305
-0.14626578956235	0.0648363326055947
1.00357867242279	0.593590484725693
-1.57383848044992	0.825905938667818
0.0729649268013249	0.0388321430655358
-0.324530219147853	0.166791777469871
-0.733221586855581	0.442699953459508
0.636609398684977	0.604218179504652
0.271605760664066	0.129000303030036
-0.669392713139976	0.168657892383478
-0.877677038242691	0.496202743940113
-0.738478206916314	0.451646040691682
0.359705583565019	0.142850823662696
-0.424829975781002	0.261563659061221
-0.149904868081181	0.0679086217442045
0.412739797020485	0.24122935949381
0.231141658694465	0.130979568868605
0.737648969718431	0.308634402337749
-0.60682496756468	0.241501615828322
-0.394500514252412	0.186711019987369
-0.479252905914231	0.210536308504811
-2.14786629245203	1.02684428552321
-0.303721435259262	0.102719538607971
0.0629955709755698	0.0237018144936183
0.0667753455899205	0.0250848593980853
-0.423432871319497	0.306450094607962
-0.201568656403807	0.122438095445326
0.216913879375127	0.144642270570023
-0.00693717105781217	0.00426385846407881
0.621579884820531	0.378940710693039
-1.04262984154398	0.651789530676205
0.411534112272438	0.241138644905814
1.48938618111297	0.732733853870351
0.229633715869646	0.127768877488619
-0.483076341429247	0.341510586876463
0.0660533919099082	0.024786693792521
-0.859565137254521	0.390239801766912
0.859496043559812	0.539106968999434
0.0645158571618703	0.0293195778083584
-0.276031891163511	0.151565381305725
0.0686626223579529	0.0307938375890691
0.0988404162393306	0.0626402602506292
-0.591929966498134	0.455983516059684
-0.233976773057096	0.0885223507777959
-0.275380318371884	0.189435484123194
0.0659699431185961	0.0329729210322868
-0.389829381288855	0.186518104223157
-0.741804547741185	0.452831876923235
-0.476620291077287	0.205025633739819
0.999198018637083	0.590128703455248
0.105571162939011	0.0264299797824484
0.0636518896197384	0.0212138929025182
-0.113564111154382	0.0553792663826502
0.0624994627709191	0.023512317926792
0.066279998557679	0.0248942521124064
0.0654756547495254	0.0269776679867034
-1.89686676709491	0.805182738211479
-0.778597900899921	0.634853562685677
-0.245068500498322	0.140603420326692
-0.327603959947544	0.167379821692748
0.239993325450903	0.133823928816391
0.957499726958388	0.363918407122474
0.994965024943804	0.584972576457591
0.736898014348799	0.309812124917511
-0.14819845348975	0.0656196343289299
-0.876462360210864	0.494829018097239
-0.494630992333952	0.288073680129197
0.377437738849865	0.232780108319473
-0.56933932291228	0.30284184446938
1.14485884846678	1.14434738744955
-0.0441237011236977	0.0248150332686526
-0.0505773888249417	0.0287949697189174
0.986806475155879	0.463786999778727
1.18907770151885	0.647455627277659
-1.24737238709069	0.711809042984298
-0.418228371721	0.123109209946111
0.0772081127744545	0.022585964583174
0.447399940278579	0.160249311030023
1.15132835942253	0.901136889784999
-0.141020708677781	0.0911655271009047
0.767607226780843	0.636149024628789
0.605401366572519	0.278571406038751
-0.483454029787693	0.212436914634196
-0.334314575409445	0.171599000795897
-0.188238235171924	0.0761966285011405
-0.145530828661932	0.0652558698097081
-1.89192635596824	0.804900550609612
0.0810999310497653	0.0239063101433156
0.0625803293554556	0.0286508667639359
0.215120620433292	0.134821082802281
-0.452899267234991	0.355144319649498
-0.634422628283618	0.394882661097363
0.0625622861724211	0.023508098983734
0.0676492619257869	0.0299114744391302
-0.329533740575582	0.169859587444083
0.627425700536083	0.387919878505882
0.229108051687402	0.128582806247384
0.312434099377376	0.135275757239648
-2.06444517016849	1.44472741948464
0.816220825513949	0.427193816716165
0.483354330077537	0.350673089146873
1.88091723266556	1.9992018996045
0.905001868852505	0.693854638439868
0.0703351194060676	0.0345564547315299
0.252331284414144	0.131532667324915
-0.141409088727596	0.0631037508951289
0.0683854420681786	0.0338110462883829
-1.81732689997099	1.50669860116789
-1.89421457636774	0.793386664763715
0.0643044404580421	0.0215403813505023
0.362334590539511	0.140513769011075
0.0710456135076475	0.0261334536539319
0.221411449076185	0.133490451518715
0.21079107389405	0.152913765103113
-0.575421148963889	0.543160133206904
-0.285719600512939	0.156210697695545
0.226301782622131	0.126143691355689
0.0744259192967547	0.0361123263339858
-0.391642895933403	0.186414029154365
0.0932493737776452	0.0588103317147243
-0.129189437368866	0.061487330336792
0.0217711108129476	0.0142952575837497
-0.373079050632735	0.312610443565213
-0.874457784940418	0.489880489384618
-1.08762052549442	0.95627716998212
0.0755824535930836	0.0431554982516804
-0.589927506871016	0.445059981861786
-0.100263111499575	0.0519441663296266
0.0587897950784324	0.0221352474386388
-2.0726525945289	1.47310536497169
0.0659748570920765	0.0327283533328845
-0.307336099407239	0.202791047991619
-0.483487677629345	0.337459857247949
0.328401021693597	0.24276401327001
-0.150393451579896	0.0681950270439934
-2.6288248859977	2.721806899029
0.2282870577769	0.135375184897128
0.0654513756528165	0.0220047808089166
-0.24449369960042	0.14230851912368
1.25250442600216	0.535350862862805
-1.91509982604354	1.22684471150241
-0.091139060675789	0.0475233624430089
0.0705532220197342	0.0370055672275525
-0.104463304034486	0.0689202051452877
0.233939651866036	0.132504848327758
0.226017735008088	0.135648459496662
0.2174749615709	0.138597473558626
-0.294114818380413	0.227323077573279
-0.422816302632177	0.263089313752401
-0.741559143554283	0.449066280883453
-1.41492924839212	0.902967611449409
-0.135380335108314	0.0865200583761423
0.214666815803951	0.134564480917058
-0.397577506148394	0.18771042882136
-0.869250534258991	0.487722570335185
-0.486865824189071	0.34446148580126
-0.669492488436815	0.502382118417567
-0.766875278348203	0.532994909338319
-1.07003478659602	0.550447597909888
-0.47595963622936	0.208533243202056
-0.686438806124998	0.34220699517076
0.0726814911787894	0.0358200192242732
0.0543535311646418	0.0201800336449466
-0.741804547741185	0.452831876923235
-0.301551107814342	0.102947755401219
-0.491303624791668	0.2879376321477
-1.68845464597906	1.29801514035387
-0.691231179453144	0.579373391116519
-0.485122231397718	0.346422171518308
0.319659847054924	0.252590859040552
0.0834158780516546	0.0473293724289416
-0.764500762520777	0.542355422088113
-1.08859544447519	0.977386411691142
-1.18453241092622	0.823440301643633
-1.13034916119153	0.905656658791687
-0.553816482925565	0.373277537231569
-0.432383968059071	0.261912836277217
-3.23156987677169	2.73626315083723
-0.0669595982952932	0.0366310964485308
0.70657274739689	0.622544718330539
0.380534746921531	0.241459524524843
1.15354639675225	0.899518708024506
0.0800928271329145	0.0453254286920637
0.248464458225575	0.128287999994019
-0.687163481597334	0.342905510630992
-0.556147152046983	0.38220706532817
-0.100018897845759	0.0511376011015528
-0.572484190701567	0.306489302241657
0.0792624349789152	0.0232191594274038
-0.119713845407908	0.057930826131668
-0.881338609196181	0.594264659163838
-0.601663824019601	0.238247570202933
-0.730386407808317	0.434297485526564
-0.371329004267911	0.238947501498853
-1.12931057572063	1.15167109929782
-0.428010076905279	0.304245738962551
-0.134107741972168	0.087478451039075
0.826280522698619	0.658780695424373
0.244286671900497	0.127271495342133
-1.01376680135275	0.756503328739733
-0.485506992858576	0.339299514081042
-0.636463388733247	0.416364033357884
0.704561039262529	0.404877654903689
-1.25267127434601	0.721871421772723
0.525159209023125	0.26221018467556
-0.164880318244703	0.102331733170254
-0.284270153069975	0.156117232924738
-0.667932922216402	0.496649763570575
-0.14384538646979	0.0651241460631559
-0.326945163374103	0.168902199094621
-1.10926575563756	0.468108601552664
-0.187405715521693	0.0778022321188526
0.641691986595055	0.499435244159569
0.626664943186397	0.370804175793261
1.15429471714828	0.732549220064768
0.523002545561657	0.36294181341153
-0.420149867146299	0.302359811783071
-1.01728628838346	0.747424824698462
-0.886655479458107	0.599472636238447
-0.689702727565987	0.345105664437151
-0.69741522638722	0.574360485066579
-0.237892683351798	0.137552206438273
0.0205834786197671	0.0134459305450221
-0.32142435442888	0.214263927383274
-0.884589098243909	0.697178606661788
-0.394160239421299	0.182437051689723
0.560335711950697	0.371570029938372
-0.873004178378808	0.49409908557542
-0.0620142144766521	0.0337273814430106
-0.147446556801277	0.0664312703863001
0.308549568437478	0.135268299554591
0.234149892123557	0.132510126570771
-0.855186133768814	0.390769456264896
0.113645008951095	0.0780070422293518
-0.42022753756447	0.257852182512664
-1.06414563893468	0.543761994822191
0.447399940278579	0.160249311030023
-0.394249870322134	0.187634224650234
0.204746197550592	0.151930986792267
0.319747570662343	0.246427757595279
0.461816597833834	0.351749635491266
-1.03340354626779	0.634458966097271
-0.161020031229579	0.101731661410275
-0.866080511333958	0.827353865407253
-0.682867577450937	0.563241304430103
-0.523497065016705	0.402363893387196
-0.378939329714389	0.281235580899098
-0.882788108711588	0.598843142439203
-1.23238550532806	1.54442300609025
-0.285666319384156	0.223258679598141
-0.114402439649511	0.0760138852268488
-0.680746530248896	0.818891058740909
-0.130969113127796	0.0851013418808884
1.01428117174631	0.722889310203147
0.458687273687556	0.248553339644028
-0.148874428719004	0.0667710968049752
0.903965585475956	0.667925496398641
0.605623771249633	0.279514166045443
-0.673069615553976	0.506342090016499
0.355830308628064	0.232520456265311
0.521000204236539	0.263199881236026
-0.393814089839776	0.185871111245206
-1.06461822948997	0.55532840284541
0.0790478768938316	0.023442645076918
-0.782697395462402	0.757304918347093
-1.41284841795667	0.891272724397856
-0.332383685087757	0.17156189448401
-0.140919149159197	0.0625421350556334
-1.06412505128003	0.553754338209825
-0.238291327205144	0.0890952489221255
1.7604708510011	0.667157165423689
1.24849429488222	0.542598320432463
1.37233591401318	0.833105794081411
-0.118900005041891	0.0586668915842094
-0.0784328528051236	0.042685214056752
0.868351975235829	0.558316992720337
-1.57570527288265	0.831219303468284
-0.305813647457258	0.102249716621939
-0.325722459334915	0.166363632367019
-0.305267328343608	0.10462358397356
0.321919213486842	0.254538855456785
-2.31787480248816	1.94255942318461
-0.783053861425618	0.702984800575685
-0.425290283225513	0.311833872486525
0.600362936198826	0.487004769228139
0.491486960814251	0.455208173582941
-0.0525899464221189	0.0297624246416366
-0.181005145146574	0.0745324848826506
0.0739486320453795	0.036358823738784
0.0656276046410909	0.0298642483951526
-0.575890086537923	0.311141987587684
0.0685251836732427	0.0365935290112319
-0.33050796688564	0.171659725321312
1.49088312956172	0.735612395641532
-0.143110625120336	0.0649213145751695
-0.152569993555245	0.0681328752925887
-1.54881082884832	1.34965600065893
-0.103129539649557	0.0523009005968393
-0.492222995670564	0.28283357915595
0.0687958309026446	0.0368872270701615
-0.700778337452547	0.336443639593838
0.51645416479679	0.25600343048797
-0.187636412083936	0.077694599931888
0.0783152874483335	0.0232771178433372
0.0738420180975603	0.0217871238546206
1.48471484893699	0.723175796434478
0.0651644857576581	0.0219228128379164
-2.14701008236414	1.02549574232989
-0.689229125723498	0.337609870348071
-0.25300616704685	0.260584529197698
-0.226002280097358	0.158041612845116
0.808986105735996	1.1556353411233
-0.201999589042284	0.146149715010269
-0.368920540049888	0.39203534354938
-0.184774790185629	0.168063821939276
0.0243077833488386	0.0161376168233712
0.0278145097540571	0.0184330087903009
-0.396630164946178	0.45752271189939
-0.176654449253664	0.145765086184507
0.121929088591964	0.121876714174891
-0.508704450215864	0.65305660489711
0.12611287308807	0.097541052343055
0.0757634895828324	0.0600892060325416
0.48605147487178	0.458899656198865
0.363914242712358	0.144494309393073
0.737747172575022	0.737543956402354
-1.12543460942826	1.37713214468288
-0.215935826074815	0.187008853172037
0.079521822126466	0.0456281912399919
0.56548712813187	0.476742816101475
0.315828984378393	0.361780479803556
-0.576080549991541	0.308976347016571
-0.305022984381227	0.104097161448539
-0.853440821857992	0.393789324166191
-0.675918136396435	0.169189709498233
-1.58500897200203	0.578264646118909
0.313833313044085	0.136017169857549
-1.43183534590087	1.35148166873995
-0.235469697027465	0.134329325863214
0.77529402225666	0.529384932967919
0.0620914837847542	0.0284572955866592
-0.42407171501108	0.258976908207794
-0.889484327624329	0.596995715908432
-0.476422270449324	0.205828810296015
-1.19332852414176	0.372477145095083
-0.601383895146453	0.239737652182103
-0.432386695863782	0.40744898499795
0.69438602234233	0.385934995768072
-3.79693302983174	1.55373834643319
-0.238061352439522	0.0900850351236895
-0.394858855982958	0.185653483750012
-0.488385629456052	0.210811875246786
-0.235329534941399	0.136600604132844
-0.429209489211774	0.477302121894992
-0.0518332489262808	0.0350327164124792
0.227257553313599	0.143000747705975
-0.366814950242114	0.334120294174122
0.269191745971443	0.128407532252196
-0.366567763914323	0.238177974539171
-0.199297374296385	0.119924731332315
-0.047620418782619	0.0272135354786563
0.222745663078756	0.130277487171081
-0.773071131535735	0.530355010439375
-0.88493835350811	0.686982808953262
-0.138452437344459	0.087724590745815
-0.590485789455145	0.45479642706801
-0.332855113353593	0.171830322459608
-0.769780408585706	0.553054018826492
0.607196543876298	0.592497797047066
-0.488423586520246	0.278293151725528
-0.168667933339882	0.105842397178029
-1.13624739700596	0.920569107272444
-2.3181010407717	1.89178971731037
0.026735637012815	0.0184412886348601
-0.640906266147663	0.589272210763099
-0.591459870035486	0.596762178582802
-0.235550281833529	0.167608943910362
-0.186683818194469	0.0774418902625959
-1.03194393129564	0.646384246366341
-0.368440419503944	0.275438705151799
1.53775877855712	1.03173195748378
-1.34764855161133	1.26246520737053
-0.777698556124076	0.617317740611549
0.267956287565318	0.126421208496924
-1.21837665411595	1.34999858350822
-0.553279797037544	0.379922406157644
-0.123185721843665	0.0601896516590677
-0.497987285138573	0.439721125951648
-0.478758512397626	0.209391995192618
0.226570293282196	0.127015335393836
0.0605283743910044	0.0203842371965663
0.322425691744897	0.259136313128384
-2.54647725271362	1.48157446692408
-0.551542223784018	0.373265210171906
0.305541878102011	0.13328196464208
-0.304209699678834	0.103015291923521
1.88955174455219	1.12007083013859
0.0816184755250244	0.0240625746935405
0.275008429939846	0.132306426130234
0.0764653519325841	0.0222384704028836
0.306486748265838	0.132976993470941
-0.227346038603066	0.084235783127885
0.0916891942261384	0.0556531830199199
-0.37140439455119	0.302341294334899
-0.665496551910911	0.491157048091254
-1.31300409804473	0.995901164282001
-0.398010046174463	0.189390949278807
0.105571162939011	0.0264299797824484
0.0635403008727169	0.0287920759711526
-0.484178465879586	0.212388996056538
0.366175100277797	0.142604282114232
-1.92174058721041	1.2299292794932
-0.426075646620088	0.310742895521616
0.601909821633744	0.276056084416324
-1.90148204122646	0.786664942552343
0.0662068093797747	0.0222753475888815
0.0777984265610462	0.0231215208123738
0.0622723746138911	0.0233759302533438
-0.336900207638269	0.170191627879487
-0.525188762744639	0.414172308472334
-0.395405102686309	0.184292155550589
-0.888487680655452	0.696530734252679
-0.515807928732384	0.399946556062804
-0.454961000264454	0.464588478721116
-0.640492649832161	0.633724404629474
0.0892552649496414	0.0534902543508577
0.46809248591991	0.361100557496106
-1.81030962814924	1.51716324759635
-0.669492488436815	0.502382118417567
-0.877917581114906	0.496932396457353
-0.244088887500859	0.138789167474696
-0.323629085492255	0.165079505960969
0.705282368517231	0.406228416061856
-0.548275247988054	0.37120062872021
-0.147961700201633	0.0673582370549893
0.613043460150601	0.26975190402756
-0.093309666114161	0.0483176424673905
0.413803261270913	0.241026721678181
-0.280792988972881	0.155807659075668
-1.43759232358103	1.45739438937122
-0.1190671505864	0.057790962301145
-0.491471254101486	0.280914017372107
-0.153037255611337	0.0682593088335956
-0.145530828661932	0.0652558698097081
-0.1843910270425	0.0765727962620448
0.275497241716773	0.132429122179727
0.615998420869228	0.37806505081937
1.24294551418862	0.532518477272767
-0.396056346288559	0.188718464825236
-2.43604901588431	2.21481683127771
-0.393107973758951	0.187804995370393
0.0772813882205756	0.0227389622602457
-1.03877260595299	0.657550254716514
-1.07202705442376	0.547903200545195
-0.279985238574326	0.152847324690093
-0.378716813689855	0.345747681279554
-0.254915893335263	0.202987269176047
0.0135409834016533	0.00854697299657299
-0.855171192178935	0.392219125599204
0.311186707826168	0.13636737837299
-0.669392713139976	0.168657892383478
0.521227123748	0.264321350918815
-0.672293539799	0.170698973183562
0.0766871148940141	0.0226051210351332
-3.49223396493893	1.26141514879678
-1.92324103527718	1.76055978743559
-0.416793567002961	0.122878499486435
-1.110031489328	0.462714902161507
-0.100263111499575	0.0519441663296266
0.622435118773358	0.383116627516681
-0.999789471375251	0.843149530697125
-1.69084015793281	1.31244992376706
0.228896541808818	0.129426654404832
-0.525270307922954	0.408541676217943
-0.843691713202539	0.973422392783249
0.208490706949437	0.114493356727766
-1.41921967450597	1.78017627093118
-0.327901245979553	0.167294439926506
-0.03827875138554	0.0267065464936625
-0.272559063715031	0.189511846081308
-0.78238961687261	0.633279135352357
0.0588448875748187	0.0245128905594447
0.620365270770034	0.380274365023377
-0.618240106374561	0.52289153632682
1.27153996744012	1.09231215804634
-0.324765702223013	0.167226138663619
-0.0637514718136002	0.0348050881305981
-0.33310671677727	0.172379945340353
-0.551797547644949	0.373525539877822
-0.491237472958671	0.283591276795739
-0.16678029393011	0.105504056101205
-0.485398574675465	0.210468822918138
0.695224300630145	0.506153989781065
0.0554407982319229	0.0267533591912652
0.0831679030327883	0.0476679512613341
-0.194264630714147	0.118244718197285
-0.488461867759798	0.344886228479336
-0.741804547741185	0.452831876923235
-0.618182805295637	0.52236417959682
-0.397087964010096	0.186866176758874
-0.739216260448814	0.440125930617743
1.14732316720653	1.15614076604337
-0.234827020408672	0.135667094487298
-0.0690527973879669	0.0380979249757435
-0.230167651382147	0.0862313934867102
0.315708812483642	0.132771171217586
0.104426122061374	0.0262022938178345
0.0802974014398965	0.0232881727426794
-1.19291748838198	0.368017737325914
-2.15238052926509	1.0241406641973
-0.876944042675127	0.495375732959376
-1.89141354713596	0.801502700089428
-0.417514238842762	0.124142433221917
-1.89421985837711	0.797163895027514
-2.35996193238717	1.24085390894614
0.620853771158573	0.378695667995627
-0.236142650323902	0.138417146910843
-0.330200885727637	0.253858705518203
-0.7420446860593	0.450909254871201
-1.04410085239526	0.642332815668149
-0.054631943549337	0.0384034916583863
0.116092604888414	0.0799847352228618
-0.234470394971588	0.164487833205602
0.903667886206445	0.889775671405049
-1.3173666888884	1.00888342194656
-0.9484852893348	0.94030442553085
-0.8747993036646	0.754129159645301
0.478676810529318	0.346006751173928
0.0574022867701634	0.0236059602237249
-0.392064756963681	0.185886176205623
0.213674287156976	0.125195338178599
-0.197725369403334	0.120729956388834
0.0998892800432647	0.0592823209495508
-1.01959945198918	0.743509157248244
-0.500588827302902	0.442428583263962
0.230945391790571	0.12869239347798
0.712520828878041	0.401773102679879
0.0983893449146798	0.0621395090022383
0.0655752878834503	0.0322368595909587
-2.36047828372003	1.24878133225354
-0.675380203286681	0.494181055314187
3.10644069524339	2.41765262730902
0.756583295483235	0.724860802215729
-0.494129263093219	0.286921518833981
0.225704191316018	0.134849205761609
0.309985086081355	0.135272169324266
-0.238567371195364	0.0900416084165442
-0.421758626072738	0.126395145580207
-1.80076792480235	0.442524207311945
0.130616046864367	0.0257699103849597
1.69112894573651	0.929385237225013
-0.236062863757841	0.0890140891276042
0.976574976366903	0.46720223280804
-0.478295693781377	0.206883221043638
-0.322543968269216	0.246875411348283
-0.16678029393011	0.105504056101205
-0.875002262193922	0.490144353514927
-0.158583346113625	0.098930042745732
-0.519634344235357	0.568454969945721
-0.320921713824467	0.243971392000077
-0.491256324736906	0.432069855639439
-0.139403732068309	0.0903009301318358
-0.972353791801374	0.904238611958992
0.33711509069139	0.24813214237115
-0.708365764896744	0.693623921400824
-0.272005789999803	0.186448483393478
-0.864089918617948	0.815752654614112
-0.242835521971656	0.140767008430682
0.697767309959265	0.396312941536484
-0.575645779899448	0.313332413851865
-0.00884463361592687	0.00532916421936538
0.0560141708757878	0.0207113833575341
-0.205394190181256	0.123055742926378
-0.861591991343279	0.891730486626787
0.0102434211057087	0.00648168238066033
0.115030059883569	0.0805748888627687
-0.167317586986472	0.121526498665799
-0.553623476603861	0.370646545392454
-0.33050796688564	0.171659725321312
-0.497273850026457	0.284766869710591
-0.491788687125343	0.287039761497739
0.0649300761668955	0.0218792745573279
-0.691405787627726	0.344141498555912
-0.671196215922431	0.168215347884981
-1.80062223536367	0.442697734012975
-0.483391291831691	0.207892052595735
-1.11060930131796	0.458780935058712
-0.416556117695207	0.125366937822876
-1.19104538802471	0.36924919678315
-2.59042803651223	0.725580173516583
-0.803496010354504	0.28742020785865
0.0668436194069097	0.0219578536931441
-0.475465835816617	0.208096101060103
-0.149657101807358	0.0667856588065334
0.0721519916096502	0.0352385040134265
0.0634491754381774	0.0236441769482268
0.0630403041045211	0.0289647584464963
-0.302323729192629	0.102416486748613
-0.237911305538871	0.0885255389738187
-0.305267328343608	0.10462358397356
-0.571768652400349	0.308691920714301
-0.420448122764452	0.254277148510209
-1.35974649099216	0.642924202456963
-0.315613024392543	0.212520836399618
0.431948201700664	0.359318497520498
1.47189635620838	2.03426159017331
-0.237892683351798	0.137552206438273
-0.0380618058306648	0.0263060123385821
0.215369248822284	0.176107226033081
-0.0483737002116823	0.027378372057129
1.00121289215124	0.595942855247369
-0.237892683351798	0.137552206438273
0.565580250952723	0.477358190401616
-0.120284803846886	0.0581448539977834
0.604956726706346	0.278684477082961
-0.870040891032665	0.482509933224083
-0.329534374415765	0.169213923164992
-1.51467380759517	1.78014933112699
-0.554863935184227	0.484983209032186
-1.8112701247596	1.53428078985056
0.312888134272525	0.137747463119166
-0.592781875503154	0.460620968849809
-0.695518574989771	0.577559596118176
-0.483090598594863	0.339507489735674
-0.4310678849322	0.263349599767846
-0.327603959947544	0.167379821692748
0.0645343654833994	0.0214122935774543
-0.231743443022602	0.0875037861606672
-0.180542380842302	0.0746646623954765
-0.23052265664109	0.0852236738204061
-0.604411846864687	0.24177949352879
1.3963029773348	0.462445857751646
-0.735639124798114	0.445746697798775
-0.852926557979212	0.386137040101595
-0.421758626072738	0.126395145580207
-0.808482625032055	0.28856914704907
-0.676670822376276	0.169771851257444
1.69632240056255	0.945090217466012
-1.55362020382395	1.09525279228124
-0.05352835795774	0.0305597355366746
-0.552251744198166	0.379369923568594
-0.110751077141387	0.053681949884889
0.865673952751577	0.793658519507854
0.249798105435264	0.127525642126304
0.900479175832774	0.673196174560919
-0.330435217645517	0.167340029648594
0.93964067967565	0.813372722646363
-0.743660226767049	0.445584847836539
-1.01604630491646	0.749709202396407
-1.13653216144444	0.920695499046444
-0.60933285586167	0.244012188642137
0.0615240561029055	0.0471383973340853
0.668076930967521	0.607298071785508
-0.502105146153302	0.440890475175994
-0.129271494953313	0.106608897930927
0.499987168352086	0.469044905261699
-0.377205078330417	0.343056531369801
-0.274221336716486	0.188500146794422
-0.781421891143319	0.638992540040373
-0.462891989539577	0.37118745024879
0.0849404493012053	0.0508639061547593
-0.734430332432981	0.446035548573643
-0.485049447439156	0.339388159848553
-1.35824491858254	0.639995049038974
-1.50464081108755	1.79222005500703
-0.0240392740974128	0.0142587644281985
-0.242483439518722	0.13964402801495
-0.08632219068683	0.0576795541266926
0.440596506126725	0.35593624858536
0.0593347365313317	0.024637086125594
-0.693657730853039	0.581477514133416
-1.04717264966386	1.33394038822763
0.232923553862788	0.131785302030828
-0.371692163526673	0.302802953550442
-1.01548352510062	0.748870960599133
-1.01566050242914	0.742865241937812
0.561640182220129	0.370386679757815
0.601986879174501	0.270295147430356
0.0623225473712061	0.0208174069512006
-0.41423650420507	0.123239241926147
-2.14891779483898	1.00700748722281
-0.671952417156443	0.168796242500662
0.360627921520169	0.143845143139584
-0.672293539799	0.170698973183562
0.0783152874483335	0.0232771178433372
0.250109188582236	0.129011889293715
-1.92557813690968	1.24178659348507
-1.19407169434025	0.373753725478209
-0.671952417156443	0.168796242500662
-0.675918136396435	0.169189709498233
3.23705358947669	1.12361051044471
-0.301795233830586	0.102050077928017
0.0592412745239021	0.0244253959431652
-1.55651197872896	1.09963729782071
0.703579722152134	0.401800735079608
0.113165707492856	0.0759769607212818
-0.483885556969818	0.277453063220811
0.10515818389286	0.0265978431489755
-0.740833302227885	0.450300848014273
-0.601663824019601	0.238247570202933
-0.487423445865598	0.280918725496599
-0.853675142572698	0.390526158260156
-0.879962061487462	0.489451620065665
-0.324378424158373	0.246232936899069
1.15342777402831	1.30008446282469
-0.701848652070034	0.922991437604457
0.306498470914302	0.252287852600312
0.608236188547928	0.580196776379918
-0.487543809144001	0.460040673369233
-0.0762485505215404	0.041650776616282
0.0710742550808887	0.0377523122841702
0.509403524724071	0.351760087759724
-0.416305262357234	0.342700568877654
-0.237831904337328	0.140361229113793
-0.745113757102418	0.449668702622912
-0.481279086871197	0.203358558299004
0.0663415661113676	0.0348921510423508
0.560632947005777	0.368927165668402
-0.182583287799317	0.0758146034734377
0.0627263558779037	0.0234846175303486
-0.335207025892442	0.170859960988943
0.455547094262088	0.361380207016032
-0.489478494550912	0.343462117168213
-0.741564463110505	0.451386242876927
0.865457888538721	0.557323926907344
-0.426427777916168	0.308312540020489
-1.55948499304761	1.11531101626563
0.627661776548742	0.387127309622202
-2.14858547370823	1.03047193481188
0.444990338006421	0.15765230917918
-0.613978653920259	0.242084446830537
-0.18317910722848	0.0762254678077771
0.127645812237754	0.0255315531572439
-3.10479103037243	1.00775884248494
-1.19366135203496	0.36925803488199
-0.301551107814342	0.102947755401219
0.0664405960761448	0.0223161032075269
-0.479252905914231	0.210536308504811
-0.0962611510230904	0.050107475223744
-0.371881513370795	0.28069129367586
-0.281515027477451	0.156146410618257
0.55599709932824	0.362801284586524
-0.145777012266139	0.0653078795477239
-1.57263469411235	0.829915964901329
-0.856803715512434	0.393426606030286
-0.143117814038698	0.0645171588586243
0.212231884814018	0.153248418659215
-0.0526306143044866	0.0370936315444826
0.401899622973682	0.35462806733638
0.657632924728061	0.794990911965463
0.227651273826927	0.151300578832577
0.0187636510012338	0.0124207586570275
-0.139074203816009	0.0885701940317093
-0.762964525156027	0.544002160572418
-0.640181590898647	0.411993189628574
-0.197452806793278	0.141541640309037
0.544181467687884	0.473288206636518
0.0690480708649669	0.0341180220492094
0.0618044900178815	0.0257721293890061
-0.490584268206502	0.287071455386057
-1.11758361247266	0.45473514433502
-0.555506659671387	0.372750588844331
-0.482176814493814	0.34029110931372
0.00818716030414025	0.00511934228619277
0.0764759455700078	0.0406013305323113
-0.231906578309388	0.134490499530497
-0.322188549654514	0.164073548019226
0.0652462205127882	0.0326361103365154
-0.776698753174273	0.628192166953833
-2.0607391552269	1.44133164223707
-0.591975901568934	0.449077802190423
-0.374126806791808	0.239340402096887
-0.113911477426123	0.0547356699146769
-1.06341894367793	1.02804041142448
-0.558016806634	0.377777688847908
-0.115511458588728	0.0565687521998277
-0.605033965993396	0.238671576547859
-1.18001210023717	0.815275023077628
-3.10445110563793	0.994094169484267
1.75616639506053	0.682786574217844
-0.887580859900141	0.59957098424435
0.596564868466581	0.187568213950597
0.0625524228095764	0.0209901721934204
-0.672634734032871	0.168778157088256
-0.672634734032871	0.168778157088256
1.24738207548373	0.539815676238058
-1.24628228331278	0.71017587088809
0.737126766222562	0.308131929989485
-0.332383685087757	0.17156189448401
-0.370665333669128	0.276457056213239
-0.779384753251909	0.797379838944252
-0.481113555704881	0.340365207741877
-1.04360352498525	0.649958717775014
-0.802757764770371	0.290420662547267
-1.18404803699087	0.825457133212341
-0.878844920480529	0.675867005257212
-0.881421769381194	0.684101615339019
0.853097061144066	0.88229927980009
-0.177971545498705	0.130215925288023
-0.108835837517626	0.0727789446628953
-0.491159678959459	0.422791522183216
0.0888261536860548	0.0526298128281444
-1.03340354626779	0.634458966097271
-0.419274649469985	0.257454846116811
0.0972572538959012	0.0619144373188649
-1.00845021961929	0.723055011656867
0.520509884452413	0.262760555839779
-1.36339818726857	0.65294216962778
-0.762040709906602	0.541394990721303
-0.283605108362011	0.156896851337152
-1.27150999418236	1.31810403521295
-0.0901834896790402	0.0469796911779125
-0.279747404912997	0.153281060221501
0.103758497021585	0.0658464244160839
0.0936517383160614	0.0590235501167367
-0.434742777576003	0.449075665741963
-0.627404288871811	0.707403601799078
-0.475697059448435	0.207471650576787
-0.0423287651005932	0.0296754569202199
-0.205284791272218	0.124533383733848
-2.43340285636717	2.21200578432866
-0.484445387939453	0.346302674483048
-1.56480634690653	1.08952913378916
0.356730761494931	0.239063530300597
0.710737601807557	0.626350162395366
-1.54511160506527	1.39375568051425
0.0684774862906385	0.0227458805497408
-0.240868764633026	0.140553284175583
-0.739210763742965	0.445167364979464
0.0897473668239242	0.0541457647546188
0.870119774333447	0.548763565274564
-0.473222961761854	0.448102976458955
-0.475142377744108	0.328783016497343
-0.449150931756496	0.402312375550614
0.0565994999307484	0.0432646717997011
-0.377569622448221	0.282105310684329
0.541253367492243	0.476139818488375
-0.328677708784767	0.273170481196555
-0.288248631992829	0.222442021694688
-0.631562388753863	0.586297180896944
-0.210477706822829	0.206176650393564
-0.0223722853960883	0.0131878848316692
-0.48461850837819	0.277411200076983
0.228822459949587	0.136481706499161
0.210383045784578	0.140019360915126
0.068058704628417	0.0357984745632933
0.233460620706501	0.131790693678684
0.135810886143842	0.10821642608274
0.0920984734605562	0.0552275683750594
0.222274969480745	0.133787089114153
-0.556427511407437	0.3814084373806
-0.14961202853468	0.110010647834204
0.979600083125419	0.472495124689629
-0.387100597949926	0.180558858548181
-0.156445438945481	0.0688697056464175
-0.50240200368078	0.517161656877975
-0.359898408836407	0.349114788032798
-0.376076011074984	0.344094900846037
-0.486069959497571	0.277940693498585
0.810184931988982	0.421326552510971
-0.495366796812363	0.28718859630071
0.0654513756528165	0.0220047808089166
-0.119145708916296	0.0587729210971959
1.53311351533098	1.02959468626307
-1.57570527288265	0.831219303468284
-0.489534286880192	0.281434500579876
-0.484119311680348	0.34658887761041
-0.0924314907502039	0.047878521809407
-1.02796401693646	1.09448227888478
-1.17880547203576	1.12051968757604
-0.280956050699981	0.153635277694567
-0.139485252051247	0.0903461003587253
0.111247803449244	0.0746483617532445
-0.28605972478852	0.269328096731814
0.0627557938395623	0.026203898286799
-0.170735247600414	0.12453258916812
0.211806611467614	0.133895708556722
-0.318569699248324	0.21517975309479
0.216001728751989	0.128173690382543
-0.0770997420518771	0.0419924357149753
-0.198381215406995	0.118405356971222
-0.368513312645622	0.277064096451403
0.223104506862146	0.170621550429507
-0.370893675873008	0.279280396653407
0.623781006220112	0.386954029226938
0.22411827487164	0.17602182745376
-0.675918136396435	0.169189709498233
-0.803050463236742	0.286029441625572
1.54091383678336	1.04346918535748
0.355894925976127	0.23808370120233
0.90432485141442	0.243833856642287
0.595371679164821	0.187237487257662
0.352610418770917	0.137615872691571
-2.36099481314368	1.25216987700192
-0.183795891686121	0.0762416945602752
-0.140891412551855	0.0911126113968509
-0.491553723831153	0.288847121609513
-0.144800601061584	0.0655919208963481
-0.196190462679953	0.140211589277076
-0.315528817902123	0.211010003136704
-0.499755031412726	0.443485641659469
-0.164880318244703	0.102331733170254
-0.366192161850662	0.271619594987188
-0.183797918422144	0.0740702041836682
-0.0592800508479821	0.0466159380030503
-0.204948988171065	0.168028093666924
0.116999955725034	0.0837733129822601
-0.25028398415479	0.195549194823633
-0.526499787938195	0.406896197120107
-1.57312189562079	1.98643313452352
0.109112671102064	0.074964053265366
0.689355410966375	0.715209337783744
-0.858540505547144	0.888580669191385
-0.19187236135714	0.115166769958155
0.0981006246811105	0.0589303100343211
-0.0249991537531516	0.0149387077212653
-0.0292434405047387	0.0172955111763405
-0.23633864698186	0.138801768936088
-0.673247337924857	0.503296782940598
-0.410532940168486	0.335798580700531
0.518584049325832	0.469795670199613
0.06904326444688	0.0342135625016404
-0.279286648238044	0.19251191441154
-0.952140783217034	0.97389772095853
-0.301795233830586	0.102050077928017
0.596083778526746	0.189504459039619
1.95421522980149	0.509451950210503
-1.58358023269916	0.585811377580937
0.514979576559752	0.257627602124488
-0.416556117695207	0.125366937822876
-0.304738418887242	0.104245986734611
1.39515102136504	0.462154680029554
-1.58750410842801	0.578471588594434
-1.35521115512179	0.63842680471341
-1.75584395314167	1.04495455476846
-0.368881644795814	0.301809325507189
-0.115020174560293	0.0561948649705934
-0.800179618827233	0.285541279205374
-0.878158165662314	0.490720099475341
-0.808482625032055	0.28856914704907
0.542357487183102	0.475382822319559
0.0170032882487331	0.0126081154628309
0.00192144320463105	0.000974975150154263
-0.37829285669274	0.346171491892312
-0.414038540408172	0.342310292482472
0.640413172604291	0.487108310852672
0.754145542880907	0.631378357075973
0.519366660195135	0.260277791650025
0.523591333198646	0.548314417742072
0.380801368834946	0.241563965052754
-0.483480754989902	0.343859624293088
-0.418170193823465	0.25521574644409
-0.338355256169315	0.17196787865111
0.0719730738227284	0.038276758471401
-0.199297374296385	0.119924731332315
0.114013682966299	0.079484415829149
0.072242506764942	0.0384314537091341
-0.0453734974733513	0.0317090819170195
-0.203401832506905	0.123386147189227
0.0635649057726908	0.028813264361897
-0.672634734032871	0.168778157088256
0.10515818389286	0.0265978431489755
0.0783152874483335	0.0232771178433372
-0.605970850220853	0.242073332619295
0.106995635458257	0.0264080056261841
-0.804010462978205	0.288213363817586
0.367811193279673	0.142790476591355
-1.03579745334981	0.650154137605611
0.706885106444566	0.382467802131808
0.454915557882432	0.349022838187138
-0.423340323976489	0.309089886440647
-0.615379948505642	0.528019517280786
-1.18524231181852	0.823319587654248
-0.871744490218542	0.486714804987934
-0.691231179453144	0.579373391116519
-1.25243118558316	0.731869884016985
-0.186423544908454	0.0771896160274795
-0.762874179998746	0.521799316449289
-0.23656847270996	0.136649059252664
-0.71440379445725	0.702580771917531
0.105333834213851	0.0665500259354357
-0.676443363518766	0.503244991102187
-0.222471641130746	0.154029318040988
-0.0683676414482581	0.0474069606527216
-0.0179944183550184	0.0107666749734635
0.0725121010474495	0.0384194068717998
0.0778892253329695	0.0439818852950248
-0.368363217283686	0.234683561114765
-0.360075331885864	0.229817958122368
-0.619032015113583	0.521484083560011
-0.190754131393176	0.0770149089462778
-0.692686662197927	0.335943798080056
-1.21421533379059	1.32157946067539
-0.0688727565957743	0.0377598354524284
-0.100393192749377	0.0660572338503922
0.0783152874483335	0.0232771178433372
-0.301795233830586	0.102050077928017
-2.59094270607556	0.72499622759011
-0.606490886141268	0.239493632101171
-0.389578659202146	0.185760493697248
-0.738963909361164	0.452320906488608
-0.779940396222517	0.693808259088394
-0.593241148965367	0.455275849641919
-0.479252905914231	0.210536308504811
-2.85702567573198	1.96378365796105
-0.28329201598516	0.154136018969027
-0.121966078911095	0.0597185852182156
-0.368361064494045	0.237440317962926
-0.271277311666199	0.146234258068764
0.085925973033676	0.0515752826919942
0.213648902175373	0.156830740692252
-0.776456807320988	0.626365555213093
-0.0435397865270048	0.0248855631398576
0.477665687179977	0.348276263372552
0.426566520209452	0.355620944346542
-0.284264295732045	0.156454029081119
0.317104526644518	0.137107605045656
0.221176723152132	0.130600344559976
-0.32994357045571	0.250923388669957
-0.776574222508293	0.628605444319163
-0.427617565361605	0.263666327050452
-0.558597829338755	0.380035460667673
-0.479114823982819	0.331136021549613
-1.18682176927786	1.12560580269746
-0.483206574446629	0.345537101185091
-0.275025412642713	0.190245257814816
-0.252345689669605	0.198526131659717
-0.671771291544936	0.70640598302612
-1.1383388977465	1.41068037220556
0.316847777039338	0.254198065854302
-1.23188282209261	1.54326696752519
1.05784825734886	1.44506787317775
-0.108742392165287	0.0826113812329687
-0.0478984249006821	0.0337307951080487
0.217702960315881	0.145112573017767
-0.113843150964558	0.0757689897099534
-0.667608782962891	0.495077439950203
-0.202913453148866	0.146310712788073
-1.24360650480687	0.717155357058528
-1.10578923805076	0.457870231637702
-0.241049299095296	0.169307319639045
-0.807748642315496	0.291569684951804
-1.11457670763468	0.463411731370273
-0.279340075821428	0.155749257720455
-0.116089059544442	0.0568462461776239
-0.881421769381194	0.684101615339019
1.19445862852225	0.636381624860002
0.541222186331325	0.474448360936556
-0.491014893840679	0.344676724080888
0.242256002614215	0.124828286256705
0.636031694705319	0.600498121762862
-0.0576749790411693	0.0398481987188602
-0.672783961896902	0.504170305398612
-0.61415452671842	0.526797120137152
-0.0989949469521589	0.0515184545555177
0.0607275838334689	0.0226787478021043
-0.553643918279186	0.480948944629232
-0.783641361667504	0.637460974859996
-0.416077278098429	0.123911942954984
-2.1468155193192	1.0274235603757
0.105890524878761	0.0264349398300663
-0.803787551718507	0.290467641943904
-0.486940749037283	0.209747402082522
0.522434791432757	0.265401812516382
-0.690776384052709	0.345755195402927
0.101230897897763	0.0636518900265566
-0.483720314808033	0.336012536481742
-0.677233771959517	0.504486485842446
0.980936370173793	0.465350500063462
0.271133528456046	0.128198410189605
-1.0638886588342	0.554073501749028
-0.0944274912402574	0.0486311778299355
0.223290572664727	0.132539728160218
0.0803759207092467	0.0459567596698151
-0.0226399431137495	0.0134383916952261
-0.201506349698583	0.144278420123254
-0.126082803007012	0.0811176690545069
-0.492222995670564	0.28283357915595
-0.305267328343608	0.10462358397356
-0.633043808964323	0.574824718967069
-0.615378975638762	0.234617740636381
-0.234189411377683	0.0888173739138901
-0.481740752749612	0.207995191228127
-1.11060930131796	0.458780935058712
-0.604651057047352	0.239553438761252
0.81873655272146	0.433267716079536
1.26974370250796	1.07416850369829
0.461919824005281	0.251973235824315
-0.392854933070207	0.188462067071697
0.335980469503854	0.246780573670256
1.17088702000244	1.41820040153517
-0.230386003921135	0.162940688856261
-0.487923516356829	0.283831463460476
-0.149904868081181	0.0679086217442045
-0.240466622305966	0.139535834204263
-0.371155264416918	0.238756676847255
-0.781430267760765	0.70316256028364
0.0742536586812734	0.0413071171289811
-0.872231388505907	0.482018457659229
0.249765454435754	0.130774779136921
0.561156959183435	0.370512597930941
-0.887643557659216	0.689299420156359
0.376255482894071	0.236887090230453
-1.69228748149949	1.32598767752237
-0.475728615410105	0.205824108735014
-0.88736069286019	0.692177154701287
-1.40993531679261	0.908946398564908
-2.59068535304955	0.735256447992514
-0.693666813698889	0.341155045866898
2.03742022069456	0.905095447212576
-1.06429650321257	0.546952963662911
-0.134269135560958	0.0854879880507725
-0.0703860335055157	0.0384926561299491
-0.333342301980579	0.172462684095657
-0.114780409900455	0.0562487821728477
-0.200984030232986	0.122472200215894
-0.0879291307174721	0.0597993956914316
-0.641409375831723	0.408160691329339
-0.199099842863279	0.118610532130959
-0.314361539784555	0.211290733717099
0.0655535788338866	0.0273147208697302
-0.766416281108405	0.537436047966025
-0.883217861955124	0.589995216176067
-0.495907201686733	0.287549095093058
0.308435389376559	0.13507258431413
-0.237405932813361	0.0876801125668352
-0.694286582149551	0.347605503998997
0.0606606827956468	0.0297381147677067
0.0660423978859954	0.0275622724069
-0.116242455567078	0.0567028690998114
-0.636711462573341	0.415178270838377
-0.325737664207225	0.168362277995825
-0.889484327624329	0.596995715908432
-0.183047763632375	0.0754667903199324
0.73917039610108	0.310659749354367
-1.1156335940382	0.457396280240847
-0.0332899953746979	0.019460607765783
-0.392551594620394	0.187088298261079
-0.287563114469774	0.157520996385191
-0.709846449671264	0.701576424118183
-0.0037903457534309	0.00239422297341514
-0.488799313439157	0.279166610050318
-0.857812084407927	0.395145009141923
-0.880636389035116	0.591990714828301
-0.321174331034119	0.213650944623397
-0.323933301546712	0.248391914846162
-0.323349420968254	0.21200759448836
0.0888287273415498	0.0532523033449869
-0.102711847535054	0.0802083994268847
-0.487032927216345	0.281421629228635
-0.288052722487254	0.154849528781581
-0.953739361486187	0.947364672415643
-0.370751537842933	0.276743956976445
0.230927418499414	0.137857250490549
-0.603542144079267	0.453771284854727
-0.0694544806191971	0.0381490071087379
-0.371818030322157	0.277947719971459
-0.778226610224144	0.684112162648094
-0.221221274628836	0.176115819167351
-1.24940368143687	0.719081666373102
-0.0502325352576357	0.0285631529751303
-1.24555428289711	0.717066446630262
0.079725541025175	0.0455947547724991
-1.09900722026394	0.984599134519704
-0.410809861142899	0.333425330762157
-1.14077655301249	1.42239626728477
0.218334547820325	0.183990572493628
-0.55736863478701	0.382641892543618
-1.01446314299893	1.3883651514896
-0.117927455808713	0.0580945725766155
-0.52408672164036	0.415567352025366
-0.691231179453144	0.579373391116519
-0.485738532999546	0.27863902247476
0.123808161364167	0.088535331340006
-0.418091766907727	0.342376250749186
-0.196661845713199	0.170703042909896
1.14398871941451	1.04419284322898
-0.551520202864779	0.374969266943446
0.57831700858157	0.57723035270216
-1.41090353248619	0.906651391244826
0.0754154506239679	0.0400282061908853
0.07270585394906	0.0410834872462052
-0.274113717658376	0.149310309009741
-0.609852654653012	0.24354257847118
-0.491403152951948	0.344026720887905
-0.488775647053919	0.535003576227412
-0.200933727072517	0.145989338874077
-0.00343465588430252	0.00217731549742654
-0.16046674201201	0.133809924390897
-0.199249661577599	0.209306574293468
0.334761411274462	0.358397109680147
-0.00323634118841417	0.00305542092798009
0.028195272869824	0.0268272214257254
-0.0467840164140716	0.0368540280445856
-0.407651606359327	0.401563556066407
0.276857525856378	0.26977574905024
0.15906414866717	0.146006634809623
0.210080582026207	0.221721945363761
0.377546507127354	0.348576469839016
0.155759791791488	0.144722605193696
-0.65553715566893	0.699047872304462
-0.14030714466343	0.117076676707847
0.0665424847567379	0.032738263472037
-0.372267662785488	0.240150183994094
-0.126165472435867	0.0959900441436702
-0.0883354898323334	0.0458944464261862
0.0593077391824088	0.0245636168644189
-0.423795953186796	0.258178002674492
0.41869238069344	0.36099272646291
-0.412375796814374	0.341344802735518
-0.364068581546858	0.233596192408325
-0.363486045070677	0.235759529232545
0.812563896639973	0.777929848762335
0.105973146725749	0.0708401470906339
-0.427081001964403	0.309714109477389
-0.0754856328254526	0.0414333338927327
-0.0246498350611311	0.0175290485751796
0.0653353100905112	0.0321562043361023
-0.0272692204056207	0.0159188510882777
-0.642926059048316	0.632402143852671
-0.623885887157833	0.525149205750686
-0.170462844849747	0.106571579820538
-0.0672220365105904	0.0367739865789888
-0.167141249762796	0.121305203351344
0.21923784092682	0.137064653690497
-0.0172002553159632	0.0101621278091758
0.0214926986465671	0.0142946322993003
-0.333846674650314	0.168685247773287
-0.048882600337677	0.0282064437724953
-0.0873809935647516	0.0453563248633918
-0.0662452509920887	0.0362721965587105
-0.138570457951617	0.0891368625391601
-0.461205401867483	0.371011637476524
0.119832273560677	0.0864173172586543
0.76935795134482	0.727744308092788
-0.140181253765784	0.103230790338512
-0.248585632639959	0.214036948716045
0.66440075726689	0.59996883857214
0.100049579549167	0.063497488209014
0.00468793284077725	0.00302914948969498
-0.146694633510268	0.106931858591605
-0.053876090504121	0.0307815148747386
-0.458523937034566	0.368235107986043
-1.28745851063165	1.49813764377074
0.43836821935407	0.353349769960641
-0.783771907669183	0.91759557223932
0.560905431607522	0.458662186876286
0.218273850525454	0.154455092129673
-0.280305462024387	0.156174814521042
0.870164100170934	0.801806117540321
0.104194143613127	0.0682281806320774
-0.523437882613338	0.405998125137285
-0.778063264110237	0.62664801347504
0.42184131776757	0.344819799918597
0.603289369742132	0.491460882125697
0.308261293993348	0.255735202801745
-0.30709526119136	0.26122637223313
-0.172395843830965	0.1266068558937
-0.333950563500214	0.282103593493481
-0.545970778036959	0.623886927548537
0.143665156707712	0.125759121211781
-0.672870358240019	0.49451725602482
0.215821538580072	0.1871827656642
0.389896496553579	0.35857211299661
-0.285183062762707	0.222216006107898
-0.0466574474351495	0.0330526033913323
0.123739394408555	0.0930472964396373
-0.617476241820586	0.525489946157901
0.423981548935758	0.347721772554665
-0.0212473412523132	0.0155295733632661
0.595102635590663	0.558505331722798
0.449018485354313	0.360028469042612
-1.21925628504019	1.737556009456
-0.209020583645249	0.149943612369653
-0.738514921852845	0.874798570454638
-0.364831542440124	0.298567731269109
-0.892988951965483	1.21179713530769
0.437422387075548	0.448380886908337
0.874997459375394	0.801032940831178
-0.524472939339061	0.40847654277898
-0.784159498299568	0.908478914257047
-0.685510865229357	0.563414082958769
-0.523019894602728	0.498396645776643
-0.168301597404368	0.122653610117493
-0.732482318819382	0.813578676598204
-0.320903924960209	0.321135337477209
0.0909320406143001	0.0785058094706511
0.0244277064777652	0.0186111614270393
-0.220301454137795	0.20906259344728
-0.00179131956481868	0.00120303245544432
-0.947572643857761	1.2439186653168
1.00718904733793	1.41434049982097
-0.397741370272628	0.410513699156244
0.525358217103768	0.564357554516311
0.558190878453613	0.572807682352937
0.220708804403529	0.168533173383976
-0.167421472479502	0.139509256303879
0.126671090383348	0.0920760921711026
-0.367786746436499	0.33738205328034
-0.414979763827779	0.3628789281069
-0.426174948984929	0.301376764876248
0.0594936157374589	0.0465484437610944
0.0114713078235992	0.00716138281762944
0.212074283406549	0.190313966114787
0.215033911483064	0.169348338075964
0.413286034309966	0.356523695555667
-0.108905862698202	0.0842263627002028
-0.235686513547428	0.166850016167071
-0.933139621559848	1.00909692691444
-0.837434577830029	1.23618965442117
-0.0322677540687739	0.0269270762135665
-0.0710270780955863	0.0694907180869981
-0.48758418110766	0.65145159202294
-0.162544412960405	0.116721327359729
-0.881925833072326	1.24883029670972
0.121039403898395	0.0879028826427386
0.638277660859124	0.701273385845859
-0.150217286005723	0.126643267295856
0.10639986995775	0.0712942634123937
0.448713264906377	0.445224488421274
-0.908079773067742	1.1178476650613
-0.281760176699058	0.289136737634066
-0.683471473103598	0.818485917858275
0.491589713019567	0.453242947365892
-0.515818485301709	0.485134985697992
0.145628898389538	0.124240467060986
-0.106878171865442	0.0924946887697094
-0.418032798126916	0.457719229556711
-0.835312858591531	1.23048536317849
-0.306584980460186	0.327503458182088
0.0198813038823623	0.0130907485368752
-0.053556485952452	0.0374405940575588
-0.382214821187897	0.379399710406853
-0.229154551606789	0.268961036931645
0.707358577601357	0.625186370919045
-0.511137965790486	0.766107102204933
0.1084257853897	0.120235623783235
-0.296963939980373	0.35298488989571
-0.210700039486456	0.250207181835221
0.208543811251347	0.257539142548356
0.298683481243442	0.399825140444585
-0.44373367212074	0.518158455581316
0.0812307211909108	0.0679159493477709
-0.24577329674814	0.300511907323678
0.289062318284514	0.409116089594146
-0.271998858298817	0.411912471334671
-0.353747489800276	0.375162831048469
-0.747958425822415	1.12413895761164
0.0315730757569741	0.0351778595531754
0.00472393140692772	0.00440449614731519
0.683990468511231	0.703419770884054
-0.169964685315478	0.181879217802769
-0.335071595263845	0.28560961458686
0.247100834139856	0.129905215501742
0.112299494067905	0.0746725147087087
0.0874112266257586	0.0723573307405482
-0.123291305976927	0.105722788324142
-0.0963329471054967	0.0907985407182066
-0.195150612943892	0.17292625842084
-0.127195788744013	0.119795326404292
-0.528952595526193	0.405338945077455
-0.191222276508384	0.188383894734257
-0.47559137078763	0.755392179296507
-0.0809209395761202	0.075475643426192
0.340836802800307	0.452543507745738
-0.152918210791011	0.161476301549492
0.0886295720760418	0.0954232246447638
-0.196044153177368	0.207540791998329
-0.124658037783579	0.102521230412805
-0.0468505988363489	0.042289688846914
0.126519272057422	0.138097665305313
0.266040999216999	0.305829349750609
0.00795623514799604	0.00673795435883128
-0.37175274641053	0.558428576086828
0.000781941057310904	0.000648941686357293
-0.333924212961692	0.306778959486934
-1.64772895765085	1.59839190548322
0.107252965710001	0.0718413544717865
-0.837368478229842	1.06893271505941
-0.389748700013498	0.43251424661232
-0.211756051709545	0.219510114946548
-0.953168235159934	1.57155440759846
0.390376023252219	0.345585952785374
-0.0491348481559441	0.0397636624137187
0.609099756091636	0.491434692737165
1.1163649519096	1.70816272766049
0.212007587078042	0.187401695447894
0.627882445426514	0.853661519979592
0.445686300212725	0.686176599876955
-0.534760437894245	0.721950463591512
0.216542572717229	0.151677134214909
0.823454385309959	0.889397883744976
0.0645225411989599	0.0322201352240458
-0.18554140876916	0.153000142174049
-0.199192294434683	0.22262610384991
0.0686782731954756	0.0668421332248556
-0.529108007337012	0.779788976799998
0.0127026367294245	0.00986936826911415
-0.0542259526839056	0.0529294949771712
-0.460308570206432	0.73575626036036
-0.437695418816436	0.664632632024575
0.480576536553343	0.707350002745685
-0.331505902385615	0.392127157374103
0.728175098877571	1.52450792606858
-0.0401734723758828	0.0424808559399312
0.0772649883243009	0.0749554284849438
-0.179671583401021	0.21251743720516
0.587979540009308	1.07787960850714
-0.692053869079882	1.26694065341224
-0.457105121652182	0.59486482772654
-0.205197563209399	0.214857879363244
0.274897240099154	0.329656654281435
-0.26743210852473	0.308928567945878
-0.0617230802166215	0.0654672993275205
-0.108964236473825	0.144389682112946
-0.0875571990355341	0.10294711096437
-0.419842792222174	0.781989408580911
-0.196548569465361	0.290154911286391
-0.675512846667718	1.70956623023934
-0.191957754828764	0.216976530403163
-0.306146215447992	0.390722561960222
-0.176057057785489	0.211080376368229
-0.464379175492542	0.839807656223229
-0.651294661563161	1.38487461434788
-0.893200555676789	2.21605452595363
-0.213993037539726	0.202831746467676
-0.0959265604041	0.0840208011137931
-0.0819792207115546	0.0714188428082874
-1.07742583673722	1.86274184026964
-0.37395578697213	0.34012655569268
-0.231661841745664	0.389576489545085
-0.430832075599759	0.809106772364504
-0.6509290413025	1.52139330548363
-0.168769801764725	0.253903432253629
-0.518191715261192	1.11175456778363
-0.215843961754996	0.25576542605324
-0.311124379323549	0.357510215464439
-0.617448504473217	0.935058374812237
-0.696824870680049	1.7440098135164
-0.39443049183534	0.793743901115731
-0.0588762624240035	0.0781137265404732
-0.499245042116246	0.674227744675109
-0.407640535117395	0.47899212083727
-0.588019475036818	0.584642764790639
-0.853154243166793	0.391944166923911
-0.130580388372918	0.121052680924964
0.216336812117152	0.138619634125964
-0.38925223213407	0.692095236908549
-0.429417953464605	0.867521436596064
0.202127426735364	0.327781786219306
0.0256111021511547	0.033886804609488
-0.480128271436904	0.705040679485841
-0.313487676245278	0.487726287758651
-0.226147693998469	0.354446727301651
-0.281635954613823	0.263215573337482
-0.149300332296659	0.1267242873232
-0.373858544373876	0.369385564468015
-0.67867452613594	1.00949916641118
-0.691231179453144	0.579373391116519
-0.432154602414694	0.60813233372048
-0.390402692228646	0.617692684909188
-0.22393744302735	0.301408469331553
0.229256832573338	0.338627610034846
-0.216005987670067	0.247459382124524
-0.632163706207724	0.905069995217677
-1.06556287075753	2.52216683865892
-0.384622330935216	0.631694326731725
-0.711810771866604	1.57718648615517
-0.0988635868659397	0.109931678906026
-0.678960894063221	1.40296030768484
-0.0054491582349607	0.00464801034919695
0.0293775618839185	0.0191408312704631
-0.035269271064616	0.0251841920913668
-0.484617505932533	0.832239742587859
-0.305541352879793	0.540898408217557
-0.244361242011839	0.304671790744449
0.0595779939713186	0.0530335440989875
-0.437963178920987	0.701144308246651
-0.552882024125738	1.16580896646734
-0.203014843831902	0.282098933512345
-0.611406016378854	1.31486649536187
-0.246186334680359	0.342551022851962
-0.317633034587889	0.561701451792222
-0.168617771837732	0.104962639805397
-0.0832751491182028	0.0645718966242146
-0.0700668036671685	0.0883597191000525
0.195277364446821	0.322225459017784
-0.375100584453401	0.543927883942248
-0.619301835119908	0.932735735509509
-0.324804696146785	0.453423902356543
-0.239339652342189	0.425946149611356
-0.143441635957765	0.231578155177976
-0.286369006020918	0.451717466649275
-0.182655774401226	0.303533363750837
-0.55391938724475	0.837819984081011
-0.549165470389873	0.746911488985544
-0.236663894394187	0.305007675113751
-0.081539018989726	0.0976255849244593
-0.304306743749006	0.486212996267902
-0.0447988226498799	0.0525311484191392
-0.174679817242613	0.229181747572204
-0.403006704988219	0.550476870809699
-0.317984730909326	0.478550289064078
0.137537468697193	0.160255718671708
-0.119646112408693	0.143771559287186
-0.0716979006563701	0.0627015386145215
-0.173135646769201	0.127615312952522
-0.482320448088209	0.563083184012228
-0.615798775399748	1.00772785797511
-0.368989052394597	0.439744931802337
-0.754885536038284	1.72460977192625
-0.218592465642024	0.28763905994653
-0.745123091797593	1.00403598554194
-0.458828661463668	0.7324236720923
-0.422227389752582	0.615989410788951
-0.542507165237468	0.84220944752117
-0.505117478865312	0.822561934348475
-1.10102791928354	1.85128043188359
-0.194465127388546	0.23773977376594
0.483293584925514	0.679611072580736
-0.86438790206344	1.41696015359168
-0.0911847535207858	0.080715025532774
-0.19219416947837	0.211860377059831
-0.0362229694285954	0.0334437070465304
-0.128188285910329	0.16295645252509
-0.324266305771352	0.359788379677286
-0.474014903493978	0.452957274339974
-0.184701091433717	0.207907371414573
-0.167553694563968	0.252524381827421
0.0829962785194475	0.100204405277457
-0.203317498015416	0.302581795827854
-0.234463123305931	0.373134848616564
-0.0422787422003697	0.0533456961083728
0.155293971752593	0.18842996134239
0.189468996813285	0.223737954971013
-0.263705902963272	0.356685852048057
-0.173804106770594	0.237321627739809
-0.433506456315799	0.809298166981508
-0.784520485577273	1.62928422537151
-0.436511738786211	0.692822913729314
-0.747650126525358	1.58577269241041
-0.0273965094626563	0.0226920972398074
-0.386845501607117	0.611496025802507
-0.467899266768738	0.656479823827919
-0.238871688554411	0.291755467429389
0.547784165450787	0.955462098082447
0.287890344251085	0.413685691378217
0.443662043573952	0.692406996669435
-0.73432379711732	1.31205869535123
-0.623352375132504	1.16656492556806
-0.501830354980388	0.815564085777982
0.178908033981664	0.176853879764801
-0.486901385316594	0.557040122958604
-0.701871504724546	0.632120675252459
-0.275935745463488	0.37344838333198
-0.417748532472789	1.00891110230597
-0.41731483843511	0.708192085841279
-0.45876244497091	0.989160548365784
-0.772446214099705	1.60164663504992
-0.0792241481119319	0.112675726369722
-0.462599258093974	0.794395589088601
-0.298815825531413	0.293489234392434
-0.352705153264432	0.513867185883688
-0.606586119778388	1.56471128250775
-0.434242443475692	0.411142814981013
0.617516956021119	1.07323893980549
0.909255917982481	1.41028506022461
0.216625030398821	0.229452306673318
0.814983522373929	0.882855254452829
0.0681389178204056	0.0539858582325205
0.517325986924201	0.569379623491985
-0.408851227798971	0.536808532941486
-0.413542500776174	0.487250016313056
-0.25242479208443	0.260407411010584
-0.331039570934893	0.37807472128308
-0.490902391504947	0.53800719971896
-0.869735897479707	0.489625506872607
0.393660914604793	0.351030986124279
0.622687208844555	0.386524137324355
-0.0302618061101102	0.0175794375021775
0.218507152085843	0.138227591531049
0.0640861491552557	0.0490168587334375
-0.821356945007155	1.52007100007947
-0.152280853024496	0.161656991494475
0.2801281982158	0.265123320279523
-0.461472887732222	0.361136776626365
-0.172176654722182	0.107699470826298
-1.14014258484962	0.897260909298371
-0.0522776398754764	0.0299989714346933
-1.35572840801144	0.639404357017298
-0.0227229391845423	0.0165978103590238
0.0679025282901584	0.0631364168168049
-0.711626317224241	0.69985752729998
-0.576132726560802	0.314334975445864
-0.565992442016368	0.677372110430977
-0.200918456031675	0.217917891833264
-0.518188995008532	0.397651190283621
0.111673687266095	0.0748582115900985
0.0834158780516546	0.0473293724289416
-0.108657466873855	0.072799927086935
-0.310180974875721	0.205939508164064
-0.50354256651721	0.510934213553943
0.0487312506849569	0.041931940074151
-0.365923783905444	0.356536772080689
-1.19042834916333	1.15578794302563
-0.949855791515484	1.53280318578827
-0.565107535838898	0.685763948030185
-0.457758801335892	0.509984992024188
0.380728062161282	0.358714597219885
1.13183693850629	1.83562942751066
-0.0363355167679234	0.0329606734480115
0.00689716761547517	0.00603465139282562
-0.56440562012164	0.787764655078736
-0.373170481437965	0.370994356937865
-0.928749529231361	1.00349509268532
-0.222913130203773	0.177743184391891
-0.0730533783638852	0.04037801990878
0.398532412621831	0.35119834634215
-0.222057355751582	0.175173408880793
0.0753048733832931	0.0594021336890249
0.682312924931699	1.01344244313138
-0.405739454438434	0.400997672391797
-0.162504135654573	0.0990279705135257
-0.319652628485485	0.242517320725566
-0.705107163610175	1.05090830869507
0.308702559609361	0.396005831862338
0.0986797505903618	0.120418268718394
0.218688941018513	0.230442631982174
0.223666333152908	0.208169036427921
-0.1682029659258	0.198626403069125
-0.251964850978972	0.311299742310611
-0.453320413621789	0.641210737243438
-0.578110031369117	0.838893677642589
-0.440471920760967	0.776963685241984
-0.573203234379874	1.12740600504226
-0.31337774356778	0.293918210416287
-0.844925544958139	0.915256924294195
-0.206082650370449	0.168549554800648
0.142421912933805	0.118092155561896
-0.45237505462133	0.501870757954904
-0.424459518115248	0.705044316305284
-0.494743641862808	0.610326514999451
0.376685449763636	0.365529092971545
-0.968461527720919	1.22545965293851
-0.517091846085971	0.486832390625607
0.312182456878953	0.259618328104926
-0.590485789455145	0.45479642706801
-0.513877667771823	0.59415452120727
-0.250207553275132	0.309841528974114
-0.386714654373581	0.660161670047721
0.745497705459203	1.6585544370912
0.37085334867068	0.618704835694207
0.410976468976214	0.79416433898753
-0.32846972747735	0.415512682632442
-0.107799576350853	0.0925646855414688
-0.158921498722968	0.209306111478914
-0.682045369781193	1.22997548660362
-0.0617173490636502	0.0643801796568813
0.223989171982241	0.286058238021452
-0.834464404829367	2.29867242224188
-0.281543598761528	0.323631874372522
-0.295054712550217	0.314332618624415
0.090160983123076	0.0971765010531685
-0.286339069622028	0.288115108548885
-0.989519934290371	1.66507865166516
-1.66000149712234	2.47453042723716
0.284446814518528	0.268281426184865
-0.293029434811265	0.380905137246283
-1.13619119098785	2.20106294081479
-0.6949668429073	0.575089090901136
-0.24836776668607	0.218215428429248
-0.605584804337626	0.647362289517713
-0.381153376605537	0.378442531421104
-0.631331908063866	0.58707137517932
-0.308099232381322	0.287700257575175
-0.846866413791198	0.996534095256152
-0.907849661169228	1.163266379589
-0.727718645040382	0.864267897109951
-0.843019086469924	1.03498507010428
-0.514265410098043	0.554607227263974
-0.373059941406524	0.390452926078455
-0.194111256084508	0.139680888135092
-0.10111026267023	0.0765904630369742
-0.761999760482888	1.26894907832083
-0.343571442804108	0.427593059321026
-0.880193329894895	1.15686989877785
-0.828827945008325	1.28670735845563
1.17382323618283	1.64838812956024
-0.473814974819043	0.551148655659212
-0.732863798852339	0.99678364449228
-0.457915816829706	0.505186209006089
-0.269886512065507	0.234545349597819
-0.566729468909132	0.605241355096959
-0.130853047111163	0.12147678189162
-0.556139193606465	0.560685661598969
-0.621729692914214	0.853717857272055
-0.076665672388282	0.0785787329629288
-0.191404342006649	0.172706744659776
-0.15720786210283	0.141776763597529
-0.19184562648934	0.199569485083255
-0.0726635753055135	0.0711736840469875
0.137924197141152	0.116879855332738
-0.220071436349715	0.227691526637106
-0.759925585282709	1.38508408889976
-0.446118972021069	0.655247364501385
-0.0822983464536118	0.0776182753467595
-0.00349806115890352	0.00255393541247611
-0.93314463270771	1.02458632678616
-0.434638443076637	0.418651485319721
-0.44841553241352	0.392018766066831
-0.249872062647099	0.195161770216907
-0.335318297559262	0.426380397317495
-0.141730175681776	0.173479002652706
-0.13226162106069	0.14952097306616
-0.430543503105107	0.552448619930579
-0.874167616957586	1.5741401241756
-0.670721681188598	1.16575312163018
-0.260569928206056	0.355726788104633
-0.199270500991291	0.299748814240174
-0.0107836980908179	0.0116252833724015
-0.819750010090283	2.21557944692709
-0.279281051228783	0.391844683118257
-0.366601042281045	0.602333414171322
-0.373793207795875	0.587724904845303
-0.723120547936262	0.763825427010559
-1.06004159262364	1.04373084910539
-0.38210837155523	0.275712276629967
-0.615812029075892	0.527737165508056
-1.4166676407702	1.78644897181815
