x	y	clickSelects
-0.069885423020166	1.76739142978291	107
-0.102199981959537	1.27330231310585	107
0.079855719843175	1.9084249776954	107
0.080046237348447	1.34554332069172	11
0.0599635005722849	0.419184263275561	11
0.113590040574379	0.543090682444051	11
-0.111722339140876	0.701273385845859	11
-0.104577721183087	0.492236267783363	11
0.058963927982109	0.872040215526584	418
-0.117644677360437	0.688401481505989	11
-0.03230056941745	0.627690774554987	660
-0.00586565441718001	0.845495371431719	148
-0.0130869472542779	0.837951573177767	148
-0.093773339560414	0.602218386676022	148
-0.0344145501047271	0.635108592812524	148
-0.11573867380593	0.599794327987577	148
-0.060257543685399	0.714569992284223	148
0.064737072938026	0.647768627065051	148
0.080926899110644	0.662851379816921	148
0.118130324722316	0.548698018937679	148
0.070667422686011	0.646528181067115	148
0.114031854572479	0.557026518506265	148
-0.037740992577794	0.397475806084972	93
-0.000751551953649954	0.274398127434384	93
-0.0377082502481511	0.400300905290514	174
-0.00932865636546598	0.310898698430004	238
-0.047389112559165	0.402694284472409	151
-0.011829014813697	0.305214293953818	16
-0.054826434444573	0.513300894159669	16
-0.014606338360923	0.308362454144827	153
-0.00578118884246803	0.304167437767242	153
-0.00578118884246803	0.304167437767242	61
-0.105849919602401	1.43413587802624	11
-0.055827633233014	0.508138993748821	11
0.086881428745332	1.49440886121028	11
0.00300577826952597	1.74222488878178	418
-0.075834950513592	0.614025100729637	11
0.022528816370931	0.85607001612773	660
0.071382447614006	1.22033652514165	660
-0.1087330595522	0.927890054981046	660
0.024075298736928	0.844785931939469	660
0.036087367110394	1.04986438839966	11
-0.0000971591508059921	1.01764799747781	148
-0.043156082691361	0.986208068714492	148
-0.03923368963388	0.879382454968811	148
0.018422490979171	0.933320702226441	148
0.009124965079369	1.11669075997258	148
-0.094304104759772	0.697907912041693	148
-0.112102089052906	0.490462088373416	148
-0.069907963363792	0.689763766717533	148
-0.107143372979868	0.499027529296019	148
0.015510361127586	0.510612385866746	148
0.064741014645642	0.41998748676417	148
0.020457888576234	0.520882567011383	148
-0.041411854598937	0.626665107158796	148
-0.047141491308744	0.399104154481913	148
-0.074067865013029	1.36109268555198	11
-0.122130290067689	0.995817832400878	11
-0.084584940326079	0.964239546232957	11
-0.117795808176227	0.780553598803245	148
0.056376139344043	1.06031843077853	148
0.06816162668997	0.774940150788265	148
-0.107120975586841	0.494495013393828	148
-0.116654004588108	0.59756151024029	148
0.109529805861603	1.47118469564784	148
0.052339019633701	0.958616447117491	148
-0.047306255453039	0.811482447277339	148
0.071387124745851	0.65497871928787	148
0.117182647686783	0.548543138743426	148
0.063977625557477	0.414881665739265	148
0.060457663333418	0.415099215184077	93
-0.041614978001532	0.60988002280741	174
-0.072913533014614	0.609606804876091	174
-0.049795668367164	0.390825174343685	174
-0.015986199897745	0.303432381673894	174
-0.048051164603416	0.391928404151378	238
-0.046907685517274	0.399875915062103	151
-0.0143764239694481	0.309223758483486	151
-0.014491086759795	0.307746458053169	151
-0.013624421432918	0.309304985206354	817
0.068514259763356	0.431702930604033	4
-0.0464259486004031	0.39924880798679	153
-0.011581310910634	0.30715594261813	153
-0.011122067543867	0.306754140926722	399
-0.115853724810025	1.68465258077225	107
0.109770628858587	1.00007771409716	265
-0.011297240788017	1.79996164750547	107
0.085659169335535	1.07521459866175	1684
-0.115312400342385	0.600707134886521	11
-0.079473079414496	1.30242377338898	11
-0.041087002502936	0.894924528851503	11
0.056974265370734	1.23519420724018	11
-0.062307952910905	1.12399505030318	660
-0.025802150943646	1.00214558701928	11
0.0792112184047991	1.51960612447904	148
-0.101455277751208	0.953916487316091	148
-0.11368413396751	0.694905495664826	148
0.0710364489225051	0.653766259533125	148
-0.028746216234634	0.72654071503406	148
-0.00832157649167598	0.303934247191878	148
0.017219831576643	0.84747185975226	148
0.010814778805286	0.627244205585235	93
0.017177048406197	0.522544874404932	174
0.016203768937593	0.521008661053426	105
0.070420948839936	0.664879838132358	105
-0.010600298850402	0.311050852910577	151
-0.0384277248632841	0.39846893565895	121
-0.011351417939001	0.31015265310362	16
0.075940491956246	0.42279723745717	4
-0.012103357756622	0.30665898897141	485
0.071960451265649	0.427902264092886	1187
0.00776537108014597	2.49639575400127	107
-0.095750724722194	1.86642961575729	107
-0.059264545483483	0.897042750905636	265
0.00737194235343397	1.84882439141212	107
-0.079454990689133	1.71026095411136	11
-0.114850802262616	1.11917757607229	418
-0.00464991781916602	1.39830545403376	660
-0.115048972653112	1.1034820461454	660
0.123417192671713	1.71322038095423	660
-0.095345385322898	1.20479170716293	660
-0.0778601547493451	1.14425298138405	660
0.017332783310776	1.20300107339604	11
-0.120317616321794	0.84602044386362	148
-0.123211453508705	0.919963416864365	148
-0.067504318591336	0.97484403532287	148
-0.103646897198361	0.498147122371109	148
0.121775458484986	1.0975839414325	148
-0.112651471211051	0.593315836861718	148
-0.080872183104036	0.604511676180264	148
-0.078484213228202	0.589325926599076	148
0.022605019890757	0.528221030869455	148
0.077119492898273	0.665770515010668	148
-0.040493906199632	0.625699317548847	148
-0.0488142217045709	0.39891017168219	174
0.00571132585382506	0.632978028167908	174
-0.046635272900773	0.394181524510912	174
-0.014083627307242	0.304931736151417	174
-0.061734296556799	0.491769645502526	105
-0.046417363102765	0.39862786128635	105
-0.047420587309898	0.39318975949332	105
-0.018260401278803	0.305926123097725	817
-0.013101985651201	0.309812124917511	817
-0.013744783896971	0.307104448510898	4
-0.01082960389892	0.310659749354367	126
-0.086925640940962	1.4430268693062	107
-0.106761812892206	1.31915646622106	107
-0.075100781773533	1.44021228742978	107
0.087916443326964	2.33541250762653	107
-0.069349381693518	1.53898003756208	265
0.0459551004511391	1.81332221875094	265
-0.004589779257545	1.76587345722189	107
-0.086660889909106	1.4114170400728	107
-0.0943444098246941	1.33656605459082	107
-0.106254905331833	0.933237227656006	11
-0.066684135346497	1.20361748732973	418
-0.088976096494555	1.10614346601444	660
0.057707620835838	2.01093425714241	660
0.063576555749386	1.0631385426865	148
-0.11079178314074	0.698367739427932	148
0.013547670546968	0.738033088235305	148
0.022059694623809	0.531188792813207	148
0.02429318734472	0.533542246073362	148
-0.056340057321063	0.501149427945812	148
0.116834851949947	0.555604749418703	151
-0.015882859819112	0.304059061239338	16
-0.011122067543867	0.306754140926722	153
-0.036630487036579	1.33242183132313	107
-0.106249303829225	2.1152274154905	107
0.093079496558634	2.09810777681477	107
-0.076626080012261	1.8201568878968	107
-0.045644114419072	1.61782248914782	107
-0.059339806771694	0.711966854076565	1684
0.015459013950095	1.46317118268284	11
0.020337574987266	2.22542528666434	11
0.014717160590222	1.75087784162336	11
-0.0760690641673491	1.12450781457962	418
-0.104211287073006	1.41651285973188	418
0.00788139114542996	1.52559658092014	418
-0.000474989399808945	1.10806271871204	418
0.052383332075591	1.79374497363932	660
0.0356847868522781	1.46899084330559	660
0.033151661621205	1.43634653588189	660
0.014583457739328	1.67896451252373	660
0.026387639599304	1.02766916946228	660
0.0251485585485171	1.01417585036132	660
-0.017787173125798	0.811420681698519	148
0.095714900630911	0.977348361168043	148
0.107646911634114	0.906373368116228	148
0.013729818738373	0.753283570377977	148
-0.017330682212567	0.739262714571007	148
-0.015726433724489	0.738407259847397	148
-0.111706200134703	0.591213051437024	148
-0.038916166373469	0.623929504495939	148
0.0142258268529309	0.740524068977208	148
0.086327896091676	1.06067329701658	462
-0.108353683075191	0.492059949077163	148
-0.018797994155243	0.736117800046171	148
0.117861264428083	0.560341932747504	148
0.118031087515472	0.797456042369038	174
0.00131974924838796	0.622718950142231	174
-0.01082960389892	0.310659749354367	174
-0.052858856287101	0.510918952564484	174
-0.015652326111167	0.3036297971358	151
-0.05055561711448	0.393821164534571	16
-0.013101985651201	0.309812124917511	4
-0.00463393742649199	1.99459380497486	107
-0.055521638571373	1.41149499591195	107
-0.121198680500634	1.08192812339609	107
-0.027133963529124	1.72994294411153	107
-0.10039413644747	1.34983832022931	107
0.0721110489219881	1.22438057335983	107
-0.00663657005082396	1.11293530473115	107
-0.083954799033478	1.49311768169614	11
-0.106395618682416	1.19758944560267	11
0.042076376338156	2.21502501753195	418
-0.025665134953385	0.915106171204084	418
0.01170939450521	1.11589113899746	418
-0.010309080980253	0.98969344739524	418
-0.083914321044375	0.966441894870393	660
-0.111465024761539	0.598394282615088	660
-0.063184954226265	0.713322336786799	660
-0.067569868856355	1.1816346033191	660
-0.110337559399445	0.770900988011666	660
-0.090177112003803	0.693972078662349	660
-0.107386136065708	0.495724691506915	148
0.054683231500941	0.956461643410686	148
0.070362381186867	0.649010413508265	148
-0.010078717883282	0.311559877079658	148
-0.015129237918258	0.307858064641708	148
-0.124510805107256	0.386369212451664	148
-0.0143764239694481	0.309223758483486	148
-0.012122864480574	0.304695510654726	148
0.110726828726486	0.546272363065256	148
-0.017512347384035	0.306009385691072	93
-0.013101985651201	0.309812124917511	138
-0.056159167943829	0.504498069099932	174
-0.108506156063056	0.490101222564726	174
0.014332521718466	0.523064299776682	174
-0.055602400091101	0.502367708893537	174
0.118464313516039	0.789447410990437	105
-0.047888813895154	0.396877127732225	151
0.013738470958308	0.722207143040542	151
0.118795015591208	0.559805837917357	105
0.064397006635955	0.427808264357983	151
-0.072324949476989	1.80774028432198	107
0.050338551092987	1.30572012882002	107
0.058567227388997	1.9714415576162	107
-0.117394236646465	0.954449518729172	107
-0.038964993375615	1.46577782401168	107
-0.00146570582728101	1.25519400420226	107
-0.00745206254102904	1.48241871239519	1684
-0.118457215692352	1.40160037424661	11
-0.045951645320913	1.08382790405852	418
-0.0819945579563161	1.50123455396603	11
-0.097048620356805	0.953129122301618	11
-0.06443878761401	0.977572447508886	11
0.023321217888831	1.11044964903393	660
-0.122901404236508	0.751721705335573	11
-0.088171027915127	0.70450103946363	148
0.01770339600426	0.755880188641759	148
0.118028821676871	0.7943484642179	462
-0.059896905797967	0.490356039395586	148
0.117182647686783	0.548543138743426	148
0.021573511258295	0.531404158931469	148
0.071949690853249	0.754635204434348	148
0.010528094306549	0.501466551790441	148
-0.054126981277107	0.501926918050382	148
0.055308640218016	0.7587083990045	148
0.112425131616804	0.547889795464353	148
-0.061003396975049	0.496966456587452	148
-0.12464873338781	0.38568710094256	138
-0.018486424197797	0.302200351206137	174
0.010491218966593	0.633314616704665	105
-0.0522326900407351	0.396312941536484	151
0.065504741573766	0.427060609549316	151
0.113308810798905	0.768765818495373	151
0.06775026167829	0.425159973171365	151
-0.018783210821443	0.302809698045527	947
0.065011583262612	0.427761488320744	153
-0.012351030281569	0.308634402337749	325
-0.049739458080265	0.394900145602248	1
-0.020403892021886	0.294817827803914	1
0.067034745338285	0.421859218123654	33
-0.014606338360923	0.308362454144827	1
-0.013853756167389	0.309731576171906	123
-0.079917903878846	2.23573017126508	107
-0.091347987023855	1.56207694069558	107
-0.054224231635764	1.73976326599911	107
-0.037000946608431	1.48961275950315	107
0.00514682770178998	1.67410899064636	107
0.0596085063056711	1.89547634122587	265
-0.028748878289488	1.64895453677506	265
0.021512229781513	1.42510606814582	107
-0.102752703818434	1.02740680870097	11
-0.118184503574871	1.38626294462324	11
-0.018620834176087	0.89260918287054	1684
0.115317738445582	1.73969579842086	1684
-0.054649079732456	1.22591713188259	660
-0.086586067031903	0.966320629840209	660
-0.075985147327668	1.07364026974392	660
-0.01061374710812	1.18339200825635	660
0.019386926961059	0.760776045776948	148
0.051704861230489	0.736934253731639	148
0.048966452162979	0.722414352551616	148
0.00801953785753195	0.631750764233667	148
0.123774822459585	1.08839307923851	148
0.064035636846099	0.415854071094867	148
0.021663774975492	0.638485392944218	148
0.113424725120575	0.781152243130341	148
0.116658202896463	0.557158387084505	148
-0.107272905304264	0.494261741253521	148
0.063788885157976	0.756933107266591	174
-0.046666933138394	0.401774449510598	174
-0.123550767440329	0.386698545659496	174
-0.021276782015858	0.73373368090846	174
0.013526356639925	0.519081474300781	174
-0.042837732169471	0.614035846658858	151
0.00868538759410997	0.635488001836209	151
-0.012478269213827	0.301729406901667	151
-0.00932865636546598	0.310898698430004	153
-0.013101985651201	0.309812124917511	1
-0.017230398471927	2.48037673049393	107
-0.056633001709599	0.985869945133183	107
0.019421144360611	1.09243003998659	107
-0.00660667434940498	1.00330448651047	107
-0.082249567357244	1.1400876194739	265
0.089359370631957	0.975139069456822	265
-0.00267726767730303	1.60314060642143	107
0.0367819880428431	1.20209300445693	107
-0.014047421679219	0.905825874155353	107
0.0935015814019891	0.986080704188113	107
-0.084279377737582	1.30015265828985	107
-0.078389015127567	0.884192272449432	107
0.078012362154313	2.37016356088671	1684
0.056592205074923	1.45967946631074	11
-0.007007142362641	0.910254572440814	660
0.050596069652684	1.1244120917662	660
0.118040950328998	1.07157167824104	11
-0.0123589450153589	0.916770054957767	660
0.118082663428587	0.560388391567878	148
-0.059642423251227	0.491918885616698	148
-0.013101985651201	0.309812124917511	148
-0.096705971959546	1.12968022469126	148
-0.0143764239694481	0.309223758483486	148
0.11714907147507	0.557957559956189	174
0.105303751595047	0.904459937189745	174
0.021347309627384	0.943637231670968	174
-0.00932865636546598	0.310898698430004	151
-0.102671373809277	0.501349661885633	151
-0.017287461607113	0.301785471882542	4
-0.01489928024848	0.304953970811166	1
-0.014491086759795	0.307746458053169	396
-0.066748636940581	0.88494711767471	107
0.075025491447917	1.20639858076482	107
-0.084772085601474	0.708621650095408	107
0.0574807695917901	0.953559327905041	107
0.011278484860895	2.04631267980033	1684
-0.093115879408477	1.39476159106374	11
0.116469123922404	0.551002832415219	660
0.020997200725115	1.67717920645198	660
-0.025496654812616	1.09787477609959	11
-0.101990776044012	0.593635615229244	148
-0.032664751809298	1.15697883783769	148
-0.019532322792839	0.301496689188543	148
-0.00495189593576195	0.843648156416498	174
-0.043515237799607	0.399282128928367	93
0.03089675443574	0.952041069076917	174
0.02534910536263	0.503334823385048	174
-0.053505063228751	0.720899605319397	174
-0.124510805107256	0.386369212451664	174
-0.041493254298273	0.616439857781827	151
-0.115155426435516	0.599452765190686	151
-0.036759537581723	0.400415944426136	104
0.0214687986145991	0.525380506162657	1
-0.042324095616338	0.396261614157358	1
-0.088984120183681	1.12478036094851	107
-0.095833938438761	1.92104860610779	107
-0.014152043074328	1.40681201928033	265
-0.056450345653827	1.23457176288081	107
0.00112849265482695	1.09509279424986	1684
-0.122509306613293	0.992920883810412	11
0.00928540111008402	1.53420159952813	418
-0.032835895656928	1.62972466769591	418
-0.00660377280685398	0.910048633957976	148
-0.037695477986248	0.632401197973399	148
-0.031125645658155	0.633682577258051	148
0.0294199001152951	0.746867504213987	148
0.116167172877776	0.553613300776313	148
0.120218661048851	0.796197520516601	148
0.011272768466171	0.509771574136453	148
0.071997253151952	0.659905634193378	148
0.06595061339597	0.424959093225807	93
0.060326016830358	0.761884503004383	93
-0.10954236885161	0.498336307127474	93
0.022369797937568	0.849361048991191	174
0.122313342786873	0.558444143278959	93
-0.059494385710319	0.720983969879955	93
0.065504741573766	0.427060609549316	174
-0.018260401278803	0.305926123097725	151
0.068021307986142	0.432423938787649	151
-0.01489928024848	0.304953970811166	936
-0.035501317131249	1.96388633622593	107
0.00871973053359698	2.18152180030368	107
-0.0261687354558	1.63709682726843	107
-0.116535763696942	1.35896902490608	107
-0.028339654743144	1.4307462663514	11
-0.091301722779219	1.6001135060139	418
-0.100966874691503	1.1120412530049	660
0.086982338564891	1.16330330052321	148
-0.054017721498533	0.726412647831301	148
0.0677828665657601	0.650745763520887	148
-0.040842487455219	0.620495630937733	148
0.061707414880956	0.862188478228179	148
0.025088200394518	0.528698834832761	148
-0.018260401278803	0.305926123097725	174
0.06873655272146	0.433267716079536	174
-0.010600298850402	0.311050852910577	174
0.064741014645642	0.41998748676417	174
-0.011873419864587	0.305880608617324	204
-0.012103357756622	0.30665898897141	4
0.066590722247304	0.424404496381017	131
-0.11715346611654	2.36785422651777	509
-0.110191218051454	2.18085618482067	509
-0.086801046508582	1.16481389071341	107
-0.112064934524853	1.02931256446153	11
-0.103177473594853	1.07711908229807	11
0.086207668864165	1.78989225537461	107
-0.074871411524978	1.43717613264048	418
0.061136005850387	1.06709936307939	148
0.021048078431152	0.839537325589556	148
-0.045367471128419	0.587814371825581	148
0.025165510178547	0.921311389970546	148
0.065887598255793	0.86606706052376	148
0.106977651336682	0.872793051302434	148
0.06632290931255	0.639192771004291	93
0.075956418014394	0.660441920552805	148
-0.111479769689882	0.489206394510528	93
0.111933096734019	0.548796466474094	93
-0.100146972114962	0.608098208988792	174
-0.112964613343624	0.604431105894423	151
-0.010078717883282	0.311559877079658	4
-0.01107911046168	0.301879600328168	33
-0.01489928024848	0.304953970811166	447
-0.0488142217045709	0.39891017168219	447
-0.056268698249736	1.65021187138704	509
-0.076590652725814	1.12847227340056	107
0.044253246448133	1.23868659029667	265
-0.108952950311316	0.875833440659203	107
-0.100648507398064	0.950015616104593	11
0.053743939069506	1.04632457380519	660
-0.121055368033114	0.919831206826043	148
0.105054651936076	0.89372153666	148
-0.012478269213827	0.301729406901667	148
0.016085879417556	0.527887344372366	696
0.00175335778351404	1.00779677259617	93
-0.105435550113302	0.495524228198509	174
0.081010112326481	0.663045655073747	174
0.00470790154085998	0.631886309176713	151
-0.013101985651201	0.309812124917511	151
0.077912934567373	0.658614818402073	151
-0.04924914025938	0.393689487270398	131
0.019521432119217	0.529768467662124	1
-0.018260401278803	0.305926123097725	1
-0.013101985651201	0.309812124917511	1
-0.095256552812779	1.92540151713754	107
-0.060852639243291	1.91814878367559	107
0.065423769757053	2.03264559687888	107
-0.118111065856684	1.25534298616338	11
-0.067482958554301	1.04486642131527	11
0.032867084617325	1.36772949275053	418
-0.112471343862484	1.71003158403145	418
-0.082441285525421	1.10077536404957	660
-0.058549442686281	1.26011156368001	660
-0.049250965910991	0.982079540883977	660
0.120845939433112	1.07102289427993	148
0.027117436216803	1.12772236608714	148
-0.084496908093424	0.592352315304269	100
-0.062380121239228	0.70245993597257	148
0.014819788325774	0.521323038893825	148
0.105191444881934	0.886065878880446	148
0.066803606009148	0.771452265225327	41
-0.05138504653701	0.511416182563212	41
0.072219566117608	0.665077362653828	696
0.076862296030774	0.767559624858383	174
-0.036656979423124	0.6235519961256	174
0.063579236992142	0.423710016349816	151
-0.0177377801972	0.303517158698132	190
-0.012579738056133	0.306348459330134	1
-0.122126921797891	2.1619539046206	509
0.073689434518161	2.31338960784233	107
0.070096824179819	1.59967469976833	107
0.038533979263256	1.54076161611566	107
-0.102459553497171	0.946241478189791	11
0.078675492623524	1.43241976740933	107
-0.103935507529607	1.35786011968073	660
0.08629979127264	0.961729291430528	148
-0.112497242778058	0.693663971850125	148
-0.058762380393878	0.72298097627039	148
-0.119514747779147	0.585769213380865	100
0.063560704183418	0.884601836954954	148
-0.019929372368535	0.810011193007515	100
0.01536793171205	0.526448688530343	148
-0.11882523329215	0.384286375104096	696
-0.0420626043030951	0.401898330668391	696
-0.058649283925516	0.719168894540808	174
0.113540912644567	0.780990103404268	151
0.116167172877776	0.553613300776313	151
0.120890822633943	0.559806050680287	151
-0.023647748283922	0.292547116445873	32
-0.015760173354085	0.303743895564504	190
-0.013853756167389	0.309731576171906	215
0.027525220632718	2.00146438076312	107
-0.031674123492809	1.48519809763409	107
0.00226575889143199	1.35774508995269	265
-0.115319900335101	0.688996385554622	107
-0.103286198533144	0.847301043744882	11
-0.120626153157437	1.17815924462598	11
-0.047879590137013	1.65177981870139	418
-0.021409292053972	1.42486421162075	418
0.034994080773062	1.13608583904148	148
0.020873541866933	1.00552302426864	148
-0.087424173477105	0.793149751928262	148
-0.07357255087874	0.796857742779198	148
-0.124137761869501	0.845809923373421	148
0.021072861863198	1.09550687847028	148
0.101313958597311	0.968469426301648	148
0.063008026868347	0.759957000446756	148
-0.0500555127710191	0.514121075551402	148
-0.107143372979868	0.499027529296019	41
0.004268213387422	0.62501538456997	41
-0.103796732859079	0.490371410531103	174
0.074548129391159	0.668123209394791	174
-0.048106237137353	0.39956767643858	151
-0.013331276710529	0.306264000235697	16
-0.01489928024848	0.304953970811166	16
-0.0143764239694481	0.309223758483486	115
-0.013969563116496	0.305319002118538	104
-0.014606338360923	0.308362454144827	104
-0.0143764239694481	0.309223758483486	214
-0.00932865636546598	0.310898698430004	1
-0.018916315538166	0.29887157352273	1
-0.092466131468764	2.49872764290122	509
-0.055602246537076	1.06642153148025	265
-0.051656109008545	1.28401963691372	265
0.00684308332783801	1.19036207935003	107
-0.083005196173806	1.05505993021476	107
-0.116775526269499	1.42377986972382	107
-0.010949666348143	1.41677468332699	11
-0.082928261333461	1.29436890189837	418
-0.090857414722759	1.11033037727743	11
-0.033230458228749	0.911906926367635	148
-0.00874732640647202	0.844454372553628	300
0.098965938244346	1.08803777569506	148
-0.111941710582018	0.490025692393463	148
0.049175618946279	0.83678560525615	921
0.00437410922525705	0.623483048917176	148
-0.049860990526694	0.513407478066364	148
-0.042398925484325	0.610016866668943	93
0.080542998642617	0.664340247293969	93
0.101764994590159	0.895956267087723	174
0.063579236992142	0.423710016349816	174
-0.110315495823374	0.497006915250773	151
0.070508395317997	0.773378145711754	151
-0.0143764239694481	0.309223758483486	16
-0.004017750497187	0.299605063767044	16
-0.048596880910649	0.397156358881164	16
-0.01082960389892	0.310659749354367	104
-0.05101801112111	0.396441796442641	215
-0.0143764239694481	0.309223758483486	424
-0.015129237918258	0.307858064641708	1
-0.012160035577607	1.35233211145659	265
0.047492326658816	1.35651800126648	265
-0.0708086185892241	1.33894438856077	107
-0.022960983860853	1.51560996146737	107
0.00784119516262605	1.19421685679589	418
-0.065131926793073	1.2247560843124	418
-0.0818930009172581	1.05763529909248	11
-0.081528776061338	1.10600925024835	11
-0.017724828285904	1.00682484955473	660
-0.118532755180441	0.937561981302415	11
0.077221702192765	1.13868604357749	148
-0.103906243980926	0.768777627536713	148
-0.00000856935972304296	1.00945828477681	148
-0.106811363385368	0.495708633175242	921
-0.055602400091101	0.502367708893537	100
-0.036498374551093	0.395886749745927	148
0.00789639139995002	0.633366566504475	41
-0.053678174617606	0.391713799183207	93
0.118351975235829	0.558316992720337	93
0.113838218157256	0.549801315446983	93
0.113318959415632	0.554643411181974	93
0.10646682770751	0.530147240867602	93
0.117681046536637	0.787780582534319	174
-0.016508381779055	0.300398353121001	151
-0.013101985651201	0.309812124917511	16
-0.013853756167389	0.309731576171906	32
-0.013624421432918	0.309304985206354	115
-0.123786647934362	0.387741173875374	104
-0.00832157649167598	0.303934247191878	190
0.00498504084829099	1.02168940410294	107
-0.053953455429456	0.88945915230332	107
0.123170152443017	1.09034578864985	107
-0.053581274378901	1.15262745688071	107
-0.11484813604576	0.784574589669076	148
-0.090671598533124	0.79492542661709	148
-0.084181736093217	0.853182481832997	148
0.016757709160433	0.755344023111633	148
-0.052001725474193	0.395320506078594	148
0.055433547565882	0.752731538434114	148
-0.106534287991846	0.499321661844976	41
-0.047880914016292	0.403263335361737	234
0.012834001944186	0.645390959863672	151
0.114744831200238	0.557888959043258	151
-0.012351030281569	0.308634402337749	16
-0.0483728774526609	0.401549119940006	16
-0.015760173354085	0.303743895564504	104
-0.019758977609089	0.300854235265918	190
-0.014147045532894	0.305040086639893	131
-0.015238226604775	0.306862144918958	215
0.111536341817814	1.15834520283984	107
0.015810645270338	0.911248688963873	107
-0.029928697236842	0.723452083154065	107
-0.063359371874105	0.711194396207593	107
0.092509225937888	1.61404883112466	107
0.00534898784097604	0.936976690472988	107
-0.113969392965883	0.848931468033348	11
-0.013437791270688	0.822276802013532	148
0.061686647185597	0.775743892521522	921
-0.064986609937838	0.701801941260434	921
-0.010944393752913	0.301329759029399	41
0.015029423429006	0.518391528415866	41
-0.100956339264557	0.494919398455504	151
-0.048865002970912	0.396234195642696	151
-0.019009279184765	0.304583351463383	174
-0.010600298850402	0.311050852910577	151
-0.013331276710529	0.306264000235697	115
-0.016628326052208	1.44004067878574	509
-0.044858160474176	0.816402092004694	107
-0.075874692799443	0.614695086836553	107
0.0124070851175651	0.519711416442761	107
0.063616697111558	0.867206428648737	107
0.111219022976906	0.548643901337556	107
-0.0579266489168631	0.806662592731166	11
0.047033551666642	1.57169451124806	11
-0.075015523102101	1.21193093781587	11
-0.099563111437178	0.5009390271481	148
0.0729458883547121	0.429109969063495	300
-0.043765277911147	0.404872502815869	148
0.117490755359014	0.533505544384563	148
0.010013576535612	0.646576580630545	148
-0.0177377801972	0.303517158698132	148
0.065504741573766	0.427060609549316	921
0.023091353761424	0.532256409343095	174
-0.0116008935365119	0.30518624821679	215
0.016790255254611	0.743965317967609	107
-0.04578170955465	0.808977402030493	905
0.12377939883522	1.60973015705432	107
-0.026383417813151	0.725105788372296	107
-0.072419448663364	0.795143273083367	107
-0.04443962723533	0.61310309643275	107
-0.109782422709909	1.1065511417812	107
-0.070449859111273	0.616923052208973	107
-0.052323920031543	0.511964376944987	11
0.070358462374111	0.88788987162163	11
0.000763979099138945	0.838904516018499	660
-0.120657968911728	0.855389086326857	660
-0.049571874064496	0.394932144686494	148
0.018047175412837	0.758567979068363	148
-0.016765121001863	0.304862540838296	41
-0.013101985651201	0.309812124917511	234
-0.043274676498284	0.405479729353745	174
0.074080118019961	0.668499786738027	174
-0.010078717883282	0.311559877079658	16
-0.011690363724437	0.298522079434048	16
0.063802046200613	0.424547853941428	33
-0.104528725512309	0.499344833456235	1
0.068243489530662	0.431309634462526	1
-0.070241040193498	1.81188543842221	509
0.059203483136036	0.772444855529491	107
-0.096815297631396	0.947159745639223	107
-0.100785531789142	1.04599778154238	107
0.078219452021453	0.663659477066476	107
0.0680918760955071	0.659934063381243	107
-0.097089191480593	0.678330007930334	107
0.063690053729903	0.780014668187642	107
-0.061098235789517	1.29082652989185	107
-0.098931443609272	0.786265350338831	107
-0.122810396568858	0.386028638609868	107
-0.117566879425513	0.588489096153134	107
0.108592832589706	0.903332582727397	660
0.00276593407188097	0.620711145070113	660
0.068021307986142	0.432423938787649	148
0.066443830783857	0.426856736110067	148
-0.013624421432918	0.309304985206354	148
-0.013624421432918	0.309304985206354	148
0.080616739559556	0.667792846088037	100
-0.045967975098362	0.395517596716109	148
0.064176145139327	0.421203601822381	148
-0.01082960389892	0.310659749354367	151
-0.00955732451153202	0.308066811721016	16
0.027231671087498	0.529313546280958	16
-0.015359728771148	0.304552334865948	1
0.064617774534662	0.428081367731721	1
-0.012103357756622	0.30665898897141	1
-0.078816811436602	0.884451170283373	509
-0.03257699361936	0.890433223712671	509
-0.119571032405874	0.773644681465246	509
0.00838021116614396	1.18631485045751	107
0.000601403778875964	1.94613246875245	107
-0.059477763100217	1.22026161429849	107
0.060341458151604	0.40055573966254	107
-0.120994604015257	0.385549156879063	107
-0.036295014236896	0.392486339022184	11
-0.062731718439914	0.485749607968474	11
0.06816162668997	0.774940150788265	660
-0.0955858957925651	1.03998713942937	660
0.000341140065721945	0.939214811646813	148
0.11141675963119	0.542873336051604	148
-0.013744783896971	0.307104448510898	300
-0.054659786746581	0.385844435774994	148
-0.022801163059292	0.73026648187578	148
0.12055688395119	0.551642663340574	921
-0.0177377801972	0.303517158698132	41
-0.00955732451153202	0.308066811721016	41
-0.099755955060952	0.610330928033506	151
-0.015129237918258	0.307858064641708	151
0.069673983475498	0.428700075147689	151
0.07223167499218	0.428932841365855	151
0.065011583262612	0.427761488320744	151
-0.052955486042641	0.394639668350665	1
0.064295421899139	0.426449645832079	91
0.033201078489566	1.55358702041186	509
-0.0490712217857801	0.967865125777223	509
-0.0000356065779339998	1.02377722058418	107
-0.039651811537448	0.403180944652414	107
0.106670015022229	0.518122564127576	107
0.110726828726486	0.546272363065256	107
0.114901330964662	0.902397209207654	107
0.060465481408618	0.767788926928287	107
0.119908580242487	0.54771872990799	38
0.107181493556153	0.532751077535037	148
-0.034945822850002	0.823921513223075	148
-0.108815594573595	0.490630024819542	148
-0.00326953475123704	0.301710940325323	300
-0.053531246956595	0.507325554440025	300
-0.012873233777438	0.308131929989485	300
0.016921709835098	0.521731959686743	100
-0.011122067543867	0.306754140926722	41
-0.013624421432918	0.309304985206354	151
-0.105839404431728	0.792260264577482	151
0.121651815952682	0.549556239968237	104
-0.018783210821443	0.302809698045527	804
0.064295421899139	0.426449645832079	1
0.071246130572965	0.427724577458125	1
0.067392565404702	0.423302474887123	1
-0.012351030281569	0.308634402337749	123
0.055605800591611	0.751820481108384	107
0.016337816642694	1.89964069728364	107
-0.065177145676147	1.45467954305167	11
0.100174134057568	0.885784064290276	107
-0.074577104047576	0.622494157268672	11
-0.092612669176579	1.27154694344349	660
0.053034748169754	0.941661953625163	11
-0.028746868959165	1.16533178622347	11
-0.010600298850402	0.311050852910577	11
0.021710841538339	0.531567354999494	148
-0.043274676498284	0.405479729353745	148
0.0726934569654351	0.64628514073998	148
0.007199289075835	0.635407550857245	300
0.113810990124542	0.553708147226164	300
0.0206261649471799	0.532073161958275	41
0.066117708487305	0.883914711467	151
-0.107897634790248	0.60840285182044	151
0.116123094950752	0.551772691019488	151
-0.039882004030651	0.403808216331341	1
0.07090586781007	1.16758212833468	107
0.037491662798773	1.15050075625923	107
-0.090026899838025	1.1119892570312	660
-0.0502297036576031	0.961764685823922	148
-0.086162510919103	0.599489226231997	148
0.071024676318343	0.427734443724901	151
-0.011351417939001	0.31015265310362	151
0.00922270263820701	0.643439660267623	151
0.0611733157391901	0.417725364977222	16
-0.014147045532894	0.305040086639893	104
-0.010199270615302	0.301488389130814	214
-0.00578118884246803	0.304167437767242	1
-0.00911712386632601	1.18019085843871	107
-0.121929785361878	1.11667628613557	107
0.011629555334306	0.635992308507877	107
0.068623042626486	0.78065427779928	107
-0.08264160654293	1.05717338873037	107
0.030641326854202	1.78364627709155	107
-0.011479283151534	0.838557005547065	107
0.067441550110428	1.84826804005333	11
-0.124006492972303	1.24686006140293	11
-0.100356112103262	0.930869226036098	11
-0.047414337438708	0.986238577385929	116
0.117100427729555	0.548201716166317	151
0.062110534531568	0.423308876408503	16
-0.121362176085184	0.385432700383723	32
0.112869305666616	0.542965218120969	32
-0.011351417939001	0.31015265310362	202
-0.013101985651201	0.309812124917511	104
-0.09275956102189	0.701048764662879	107
-0.00185866018657999	1.34993745158435	107
-0.101383454988006	0.870579120388432	107
-0.092102539439487	0.797595993113698	107
0.06952109063977	0.76516161094033	107
0.090008703558503	1.78680109703765	107
0.0287642278667351	1.11871003839453	107
-0.072731302194431	1.56638252503683	107
-0.088531503708704	0.859299725616088	11
-0.105302960448269	0.877332121981421	116
-0.0785242427391381	0.869108337997977	300
-0.039650065169367	0.896529187547606	148
0.121712464014268	0.795842165672435	100
0.06428461648721	0.87347570553466	100
-0.105129863559796	0.605040039835049	41
-0.054071391454542	0.508212195098903	151
0.064072500491378	0.423028700376127	16
-0.010600298850402	0.311050852910577	202
-0.015129237918258	0.307858064641708	104
-0.011122067543867	0.306754140926722	1202
-0.045637823254301	1.23708944651412	107
-0.118657202129972	0.681306162601671	107
0.0566360208064201	0.962653295839804	107
0.048794336886902	0.93764475553597	107
-0.042579896383069	0.805956507982741	107
0.109396084833049	1.51826705011692	107
0.020802836744695	1.29481054993291	107
-0.072036886001846	0.621214611311487	107
-0.0739637180877321	0.877191306105427	11
-0.075136382915587	0.613671265330421	11
0.01806076508569	0.853164272384926	11
-0.0466149674023481	0.810386832242799	148
0.021410638400754	0.74079421843345	100
0.103379958856034	0.895961050437393	41
0.0658747926400161	0.773060136425013	41
-0.00630148959092802	0.307501913163364	151
-0.011873419864587	0.305880608617324	16
-0.015882859819112	0.304059061239338	16
-0.00705063799826999	0.307344716540548	1634
-0.013624421432918	0.309304985206354	32
-0.012351030281569	0.308634402337749	104
-0.010600298850402	0.311050852910577	104
0.0726747291713	0.426393944260399	214
-0.011829014813697	0.305214293953818	214
-0.00705063799826999	0.307344716540548	378
-0.037018779018828	1.13776934184639	107
0.024779150574497	0.533324797447813	213
-0.00389078272212595	1.33051446488134	107
-0.017544590521425	1.07582078863472	107
0.015976883607785	0.843756166300352	698
0.060082324008205	0.859771236838276	630
-0.065149623190207	1.14450029686862	11
0.063575787156388	0.969712387565309	824
-0.098105923366099	1.00934644963117	116
-0.099023865661175	0.777857246769874	300
-0.0348361384614611	0.909604769934342	148
0.065011583262612	0.427761488320744	100
0.025322920810851	0.834747483095925	41
0.019574871409039	0.753723961858435	41
-0.078314636498755	0.615836322125099	41
-0.010944393752913	0.301329759029399	41
0.117370392278647	0.559537199320843	151
-0.054826434444573	0.513300894159669	151
0.060184931988982	0.421326552510971	151
-0.01489928024848	0.304953970811166	151
-0.012579738056133	0.306348459330134	151
-0.018260401278803	0.305926123097725	32
0.023118393001599	0.528079920669109	32
-0.051333355934409	0.509065838919164	104
0.071517419863808	0.427045099500324	202
-0.019137799157437	0.298248684530651	214
-0.018486424197797	0.302200351206137	1
-0.045145252916849	0.814581986687415	107
0.062587044140037	0.873548169948899	213
-0.056584734583624	0.378134062102382	213
0.015775059861621	0.644077816334521	698
-0.097379470216279	0.786478514461903	824
-0.035656710199471	1.16946799851666	824
-0.095993463159159	0.962891828956369	148
-0.091957899630586	0.879778389752493	148
-0.040930355172767	0.825771356122989	100
-0.109943342607164	0.601169736118241	148
-0.09520195226124	1.01305579778375	148
-0.018260401278803	0.305926123097725	151
-0.110315495823374	0.497006915250773	151
-0.013101985651201	0.309812124917511	53
0.017894883074279	0.523270030832891	151
0.112917004409803	0.5415727372161	179
-0.00932865636546598	0.310898698430004	32
-0.050335987566669	0.510970769590712	32
-0.0522326900407351	0.396312941536484	32
-0.057255150693361	0.508975751254835	32
-0.124510805107256	0.386369212451664	202
-0.00955732451153202	0.308066811721016	104
-0.02193554004941	0.297186557793273	170
0.1230742081914	0.551473146425965	378
0.117639778716277	0.555954262735941	378
-0.044486796840371	0.405816712126546	378
-0.012351030281569	0.308634402337749	1
-0.093986037704998	1.18948335345636	107
-0.015176866329127	1.59438629304624	107
0.100299749340549	1.32404065526665	107
-0.077471292412181	0.609236050191783	213
0.11050503814865	0.54725784811134	213
0.026402194826331	0.528678635752169	213
-0.00791445759707898	0.293956306017255	213
0.107563151977986	0.897757339754463	213
0.105125786460005	0.87617302918416	107
0.025292748941131	0.84793261121596	107
-0.101912444714385	0.866738256680564	107
-0.095951333190314	0.931305975115223	824
-0.114078713419115	0.868096921038864	824
-0.05829176165323	0.494760040414907	824
0.122840736343251	1.10313035628485	824
-0.089477958351771	0.798547711400171	116
0.0103103286473289	0.72554591773575	300
0.09156380419223	1.07726680320441	300
0.01339621143737	0.750936649173108	148
-0.0143764239694481	0.309223758483486	100
-0.038198722055749	0.401532118192669	100
-0.047343260801777	0.393539259684335	100
-0.111867237921685	0.607050470410884	148
-0.115078686954383	0.591371822588477	148
0.014063794166002	0.752028828635262	41
-0.039582274472907	0.618298795209758	41
-0.052001725474193	0.395320506078594	151
0.114551473024989	0.551179369126289	151
-0.012873233777438	0.308131929989485	151
-0.017512347384035	0.306009385691072	151
-0.00932865636546598	0.310898698430004	151
-0.111441446811449	0.607262156615571	151
0.064890851566312	0.423529530325631	1634
-0.012211256198281	0.300780774275586	1634
-0.010078717883282	0.311559877079658	32
-0.013853756167389	0.309731576171906	32
-0.053205225632324	0.390568094634678	32
-0.047125433234627	0.398911556138685	170
-0.024380470053038	1.33836564915916	107
-0.042691081150484	1.31396102832429	107
-0.110424827157929	0.68295781002093	213
0.0586743756318731	0.763183057954688	213
0.023426793159752	0.93279052093561	107
0.02606005990238	0.530251475269049	630
-0.07230566405188	0.614831819674566	300
-0.112225438854612	0.595433071899797	148
0.024633074016397	0.848074361661386	148
0.062079271335553	0.977038694381497	100
0.0172911696118671	0.531408508118395	41
0.016950411484734	0.754739374169176	41
0.06595061339597	0.424959093225807	151
-0.048323740293743	0.39950659544984	151
0.11171105503823	0.547736308208336	151
-0.014606338360923	0.308362454144827	32
0.065111730445852	0.428643533555	32
-0.013395625432738	0.303917050889448	32
-0.018260401278803	0.305926123097725	104
0.11714907147507	0.557957559956189	202
0.072453252008022	0.429807984314648	260
-0.013853756167389	0.309731576171906	260
0.066936883524786	0.426163543798059	170
-0.022157096268162	0.29731147440025	170
0.069180862329537	0.422664517761308	1
-0.036635083577391	1.4328495345553	107
-0.032711515649691	2.01439406008969	107
-0.117432359290916	0.93971673290578	107
-0.033385229859271	0.912535412284921	107
0.068021307986142	0.432423938787649	213
-0.11077716317063	0.494614907182557	213
-0.10989177739743	1.19489307503676	107
-0.00118363809697797	1.01293516166398	107
0.027143222243314	0.955906653022339	107
-0.10864890668615	1.31929195387102	107
-0.051616295878725	0.974811455562839	107
0.022558439222566	1.45733045749342	824
-0.052644819076981	0.505256743481933	148
-0.031523925464913	0.908549495502977	148
-0.103007077561431	0.770517105345662	148
0.089207726148471	0.982325981934342	148
-0.113622828312487	0.689343590208496	41
0.02297657539069	0.945275348708601	41
-0.071559168867843	0.803842463569848	41
-0.013853756167389	0.309731576171906	151
-0.015238226604775	0.306862144918958	32
0.0784359732016851	0.414791447926632	32
0.11572874039726	0.550377103658279	32
0.061616367460323	0.42275650318415	32
0.074152477077871	0.422627188979346	32
0.066319527155951	0.422020446205511	32
0.118795015591208	0.559805837917357	260
-0.015129237918258	0.307858064641708	260
0.115678823414251	0.552831592079123	1701
0.119285894597478	0.560609605474779	104
0.064617774534662	0.428081367731721	378
-0.0749818997133001	0.799774475028272	107
0.075371899879805	1.02857569803855	107
-0.109638437555129	0.599061466957567	107
0.065281679165878	0.420748017055516	107
-0.012866363544578	1.82385649364219	630
-0.028896228255518	1.41367624289975	630
-0.081563524157879	0.612536652865983	11
0.0126750322356191	0.912040693032902	824
-0.010383858394346	1.66966043687464	116
0.021765233277293	1.38354495937023	116
0.066850121667366	1.29365947914785	116
0.00690021437699095	1.18460060334805	148
0.06873655272146	0.433267716079536	100
0.073167476133627	0.42828051579113	148
-0.058694446335733	0.709294116831209	148
0.00447938280164195	0.630774649760049	41
0.00700294126478696	0.626537753839266	151
-0.014836786385177	0.30123433162309	151
-0.049094945265844	0.401339830051592	32
-0.0116008935365119	0.30518624821679	260
-0.014836786385177	0.30123433162309	1701
-0.014491086759795	0.307746458053169	170
-0.015238226604775	0.306862144918958	1
-0.104516973221907	1.41685417054682	107
0.018095573485544	0.514781992376816	107
0.072376985863699	1.12646894884527	107
-0.042102517666919	1.23171113251841	107
-0.121631863879394	0.379415838179138	107
-0.056394747699885	0.972253915193361	11
-0.016773955172425	0.73167345342811	11
-0.040626914172178	0.825858954508196	11
0.055454035409154	1.21770617885501	11
0.090786470513984	1.08688030829024	824
0.112821826824892	1.54007467913018	824
-0.062575402731601	1.12938668310341	116
-0.1098113579044	1.0350075676684	116
0.066061524811549	0.877343303114902	148
-0.079571981331145	0.61211845186229	148
-0.018248856166415	0.743927403605047	148
-0.084374599567059	1.04774088493576	148
-0.00599650122428197	0.928430237659007	148
-0.124763536552125	0.383630918357563	148
-0.0143764239694481	0.309223758483486	148
-0.101373364397331	0.836859855705715	148
0.01563381351479	0.815550050440437	148
-0.1188067215248	0.585784335602425	41
-0.05912435607122	0.71662611438528	41
-0.00256054749680301	0.938260117957184	41
-0.0754420408112449	0.619016469853059	41
-0.085357748545855	0.698797418945192	41
-0.023631113842138	0.739996425716566	41
-0.051278723979454	0.395061759941221	55
0.068326337194121	0.424801503313369	151
-0.00932865636546598	0.310898698430004	151
0.0729458883547121	0.429109969063495	151
-0.019137799157437	0.298248684530651	589
0.114060444745492	0.547712300430483	32
0.00165269361178499	0.623527552993933	32
-0.013853756167389	0.309731576171906	110
-0.00453760932498604	0.299139924612141	32
-0.047615754612789	0.400165111246498	32
-0.01105945197789	0.303788518784466	104
0.063902996523607	0.427247391037626	260
-0.010944393752913	0.301329759029399	104
0.071246130572965	0.427724577458125	378
0.091668598318223	1.78607119126505	107
-0.017918065062325	1.63295161280564	107
-0.121667978709789	0.765592539982351	239
-0.092964537749603	0.574319616631357	239
-0.118618418067298	0.776433987593528	213
0.015086450476109	0.748781212362386	107
0.017838902008258	0.740678774587986	107
0.113795068714197	1.75786717281814	630
-0.118785547621477	1.12401776959725	824
0.00983646413302897	1.11528635302219	824
-0.0968961309836141	0.790285315008643	116
-0.059059091417932	0.970603276635066	116
0.007791512593043	0.625776094990287	148
-0.013194715665667	0.830655333004975	148
-0.0384277248632841	0.39846893565895	148
-0.108268031306322	0.600858001919676	148
-0.108570221832493	0.591948353396923	148
0.062297151117745	0.768179503319127	148
0.021817411862263	0.85675649984457	148
-0.0709294734681341	0.623948916826307	41
-0.02827343049828	0.72598263439495	41
-0.08881310279665	0.704390026055247	41
0.1160090426549	0.797087293897936	41
-0.045698964404442	0.403132569078709	41
-0.00717029859171503	0.295981268855361	53
-0.00985000399211899	0.310392705484285	151
-0.012579738056133	0.306348459330134	589
-0.013395625432738	0.303917050889448	32
-0.010600298850402	0.311050852910577	144
-0.088402506965185	1.81456332968913	107
-0.00391729967565602	2.07536129192148	107
-0.045330217357206	1.24621470781791	107
-0.063408234062299	1.46031552847127	107
0.089592884312352	0.968736358290042	107
-0.067439284977783	1.2972190870755	630
0.0463261921338211	1.63081435609519	630
0.015945875171651	1.3488055620186	824
-0.071345514355918	0.796875390245277	116
-0.077114428415354	0.617593984212311	116
-0.079302811296092	0.608317518093822	148
0.101118124239297	0.981836480551774	148
0.072328150995244	0.88056521073682	148
-0.074240908344522	0.621295885905342	148
-0.055777702519727	0.511746263506243	148
-0.081997207457739	0.610025578944071	41
0.066803606009148	0.771452265225327	41
-0.044749549830297	0.604496878404255	41
-0.124397736440961	0.380511554392448	41
-0.121125905546209	0.384857127135179	41
0.00947451921577003	0.636383276635918	41
-0.011122067543867	0.306754140926722	55
-0.014606338360923	0.308362454144827	341
0.0618889404576169	0.418990484073661	53
-0.014606338360923	0.308362454144827	53
-0.046189872742916	0.397258852142176	151
-0.124411706159949	0.383243633662973	151
-0.012873233777438	0.308131929989485	32
-0.010600298850402	0.311050852910577	32
-0.013331276710529	0.306264000235697	1
0.067528191620867	0.430472173413981	1
-0.014491086759795	0.307746458053169	1383
-0.013853756167389	0.309731576171906	1383
-0.046414240111605	1.46004441944794	107
-0.058830924846715	0.981471283858184	107
0.00795275884678703	1.61651602201001	239
0.013827835244684	1.3183414576676	213
0.015083674902045	1.26931937450858	213
0.019655559837104	1.41869612248847	107
-0.024710255252709	1.24068012621692	107
-0.035070696072116	0.901367575905388	630
0.036554730615611	1.37267450729743	630
0.041926006048014	1.43284383742413	824
0.06244728185759	0.968867600075286	824
0.11005844815278	0.895849093055274	116
-0.039939299056956	0.62241425212039	116
0.105820396376727	0.902047525228887	300
0.0199042111485021	1.02073466950525	148
0.061172063938677	0.622536594024742	148
-0.0493048643616441	0.396504491866663	148
0.062110534531568	0.423308876408503	148
-0.0182058412988581	0.825816780834309	41
0.113838218157256	0.549801315446983	341
0.124451195680261	0.543751179766343	53
-0.046666933138394	0.401774449510598	53
-0.013101985651201	0.309812124917511	151
0.069533685222107	0.423862620814623	589
0.063902996523607	0.427247391037626	1
-0.00555317868362404	0.305004962177982	1
-0.015986199897745	0.303432381673894	1
-0.019009279184765	0.304583351463383	144
0.0454601403609261	1.66558421407816	107
0.089779655832244	1.17428618959347	107
-0.099538164781372	0.948394926094487	107
-0.086090604007978	1.54926245156016	213
-0.072696915054696	1.30986090789121	107
-0.060990829446318	1.03708898598931	630
0.022227459308	0.841294819534872	630
-0.045976076298244	0.510674888572249	630
-0.00160550628228895	0.849377894118199	630
0.123480829403307	1.08840122713688	630
-0.097353688485465	0.688558969898214	116
0.122383172438598	0.78612314789074	116
0.083333684220791	0.643351279375534	116
-0.114745903701861	0.59150249270168	148
0.101053514366881	0.977891746292137	148
0.065727719940027	0.427894070646929	148
-0.0423041051794451	0.404041633823828	148
0.071960451265649	0.427902264092886	148
0.068514259763356	0.431702930604033	41
-0.0423041051794451	0.404041633823828	41
-0.114637168678456	0.599652629370764	41
0.069203333955736	0.647551690024285	341
-0.051509787323727	0.396986142120631	341
-0.015129237918258	0.307858064641708	151
-0.019009279184765	0.304583351463383	151
-0.010078717883282	0.311559877079658	53
-0.012579738056133	0.306348459330134	226
-0.015012798106374	0.304610526590875	33
-0.00932865636546598	0.310898698430004	1
0.063085808714421	0.421834857282596	69
-0.038375376480551	1.54629433219658	107
-0.065349095739326	1.06450439257234	107
0.052479612743896	1.13376279115214	107
0.0153407504844	0.64011353289603	107
-0.089023122035866	0.589876299488203	107
-0.074923285803031	0.613219077414437	107
0.02926380507575	0.751296790460206	107
-0.0353284288314401	0.626289352965453	107
-0.106566997418358	0.601845546647129	107
-0.105268748362717	0.495361172267422	630
-0.0222789126437331	0.723846753417968	824
-0.049580920794815	0.515862448042654	824
-0.050858231524492	0.509840623949636	824
-0.04475465541364	0.400356269051288	116
-0.014266259569677	0.303991157623534	116
0.0198837262020179	0.526647654513096	148
-0.00932865636546598	0.310898698430004	41
0.064196094376375	0.411465421225979	341
-0.053205225632324	0.390568094634678	53
-0.12259053938702	0.380908184404985	589
-0.018260401278803	0.305926123097725	104
-0.053861534084781	0.490498861002569	144
-0.067358021275152	0.885092695087624	213
0.096580845928226	1.35465727317722	213
-0.0513113118806841	1.1626720759747	213
-0.103476066591651	1.09762294460923	107
-0.095963244062716	1.34355462689727	107
0.084725597164986	1.85890062200152	630
-0.059714175750895	1.38706321222577	630
0.061883733054372	0.978266911468858	824
-0.037676154638305	0.903612248999828	116
-0.101387049742554	0.864745089704533	116
-0.112914176374485	0.857490176664864	148
0.114678359487722	1.17637192469899	148
0.108835053632417	0.911169406724477	148
0.019062088027864	0.53055044721911	148
-0.071793382645729	0.62048674121441	148
0.01694571131916	0.51831517161579	41
0.0623320410496671	0.421751521504433	41
0.118082663428587	0.560388391567878	341
0.072835320918865	0.666750493596577	341
0.066227182362653	0.646176172960924	53
0.06139488490921	0.423170574735783	53
0.064072500491378	0.423028700376127	151
-0.04399620315591	0.406427295977407	32
-0.014491086759795	0.307746458053169	32
-0.049031641726187	0.397836780697867	104
-0.080695403872187	1.70136823356263	107
-0.00275877209042896	1.44900482821999	107
-0.058970811926775	0.71615812330649	213
-0.100496517209558	0.491766071766779	213
-0.122831225412386	1.36945590606843	213
-0.019750930288516	1.14781338900886	213
-0.114808648042658	0.67839993579082	107
0.077985317531266	1.33800790244868	823
-0.087524496056042	1.04185238209245	38
0.108956031750284	1.27944869069604	116
0.0204476160663	1.02075505372008	116
-0.047653778608595	0.391593538111809	148
-0.054970124395884	0.714250737183665	148
-0.017330682212567	0.739262714571007	148
-0.094226412271999	0.69281197765328	148
0.095941170877316	0.989114422669892	41
-0.038925487017836	0.631444582813743	41
0.018936604099128	0.529068469850576	341
-0.052383470240535	0.510040189599189	53
0.065727719940027	0.427894070646929	151
-0.00955732451153202	0.308066811721016	32
-0.010078717883282	0.311559877079658	149
-0.015882859819112	0.304059061239338	170
0.076750300037536	0.656228824586272	213
-0.00024782128586498	1.25725609232895	213
-0.039769053775083	0.815878394222578	107
-0.020396949892132	0.820143617642453	107
0.097795808317819	1.6251620627585	107
-0.076605245976338	0.605149167955867	107
0.023833886242054	0.530427248155223	630
-0.10093528305861	0.945553041512048	11
-0.069538029817301	0.706838008974397	824
0.101536180560185	1.26318390177585	148
0.065011583262612	0.427761488320744	41
-0.079385816521009	0.614408312707424	53
0.117370392278647	0.559537199320843	341
-0.012873233777438	0.308131929989485	792
-0.117958097536757	0.375015252963932	151
0.120670548197969	0.558781456019631	151
0.063776397081967	0.758549724235816	589
-0.123062453810887	0.387993026616018	32
-0.015359728771148	0.304552334865948	110
0.0660472159971141	0.425514324566589	149
-0.047125433234627	0.398911556138685	104
-0.105914066890222	1.47611917884153	107
-0.106531398293102	1.66583360459957	107
-0.056008407353727	0.896045038944221	239
-0.0755648544905711	0.874500123354496	239
-0.115397211959693	0.598329359786443	107
-0.04981412299193	0.909589328920124	11
-0.073390464641524	1.06289886811466	630
0.0276490479656351	2.31809524168953	630
-0.048803494691544	0.812261245339753	11
0.045888845463629	1.03027491950443	823
-0.08477514801648	1.33610499994405	823
0.00654670021333503	0.624760480401438	824
-0.00861837980942804	0.922024705035732	116
0.02265316583847	0.852299307441745	148
0.056230835811518	0.95768547489752	148
0.060745953718106	1.05386534202191	41
-0.077704343775549	0.60644220318115	1520
-0.079287742488547	0.607877586296978	41
-0.014606338360923	0.308362454144827	792
-0.017512347384035	0.306009385691072	53
-0.018916315538166	0.29887157352273	53
-0.013395625432738	0.303917050889448	151
-0.012351030281569	0.308634402337749	589
0.060900664051315	0.422617847045616	32
0.0629674501538981	0.419931978172679	149
0.111219022976906	0.548643901337556	359
0.065332514760505	0.427558040043245	104
0.035535629899993	2.2361482750553	239
-0.039359826999855	1.60895349139638	107
-0.056975261860536	0.809966839212818	239
0.017628865446201	0.517991316781617	213
-0.110669821368246	1.13017221328142	107
-0.04817057133027	0.9799726960767	107
-0.0672547459709441	0.797600022540568	11
0.076143851934792	1.97702005159072	116
-0.115132166689038	0.681875863490279	300
0.113165732447843	1.17530148534199	116
0.01861275931585	0.522928786167854	148
-0.04932496462221	0.40170667360707	148
-0.113326230311166	0.680695155489549	148
-0.113990237980134	0.783445618869416	41
0.027550389426142	0.95624747312818	41
0.013061752693849	0.636716127639406	53
0.122313342786873	0.558444143278959	53
-0.059385094160582	0.501178640354255	792
0.06873655272146	0.433267716079536	53
-0.048323982878528	0.5166765249079	151
0.0628261542360971	0.422300847683199	589
0.061616367460323	0.42275650318415	32
-0.00932865636546598	0.310898698430004	32
0.014564167419189	0.521980686168831	110
0.117861264428083	0.560341932747504	149
-0.00555317868362404	0.305004962177982	104
-0.010078717883282	0.311559877079658	104
-0.082988645471629	0.707439782345284	213
-0.023656050897677	1.69640992549894	630
-0.030570382647592	1.31236776126474	116
0.0421605942325231	1.47342581000454	116
0.04553236497601	1.31629435518882	116
0.025694265459377	0.855007819322586	41
-0.116189611626679	0.767507756707263	41
-0.057924532075313	0.895321684136845	41
0.114848109617715	0.908089836490263	41
-0.026212084421163	0.715461028045957	41
0.058296744333542	0.87506111887447	41
-0.113411698317824	0.589211337351672	41
-0.052865845322207	0.722508383894258	41
-0.053334393440966	0.510137754376321	41
-0.123062453810887	0.387993026616018	53
0.05777692573946	0.409997154954204	53
0.015855348265312	0.529756024544679	53
-0.042074416254899	0.40245810740541	53
0.020139873707854	0.532292031073519	53
0.059067048685633	0.411350518737553	589
-0.00653010300550405	0.304008933048588	32
0.061704958525581	0.417571223495514	32
-0.013853756167389	0.309731576171906	142
0.018357716569826	0.5199602639578	104
-0.013624421432918	0.309304985206354	226
-0.043505770559801	0.405126258360448	104
-0.0143764239694481	0.309223758483486	104
-0.0143764239694481	0.309223758483486	712
-0.047704758385831	0.606465502106464	213
-0.121490617616329	0.672310287551274	239
-0.088645223012769	0.70901223094907	107
-0.056257065295598	1.06339765194178	107
-0.116359986951538	1.34354477907368	107
-0.09586108205226	1.18248991024317	630
0.086795779686402	1.85960654828344	630
-0.101951613383072	0.874515131993059	38
-0.091315829814529	1.16686964820991	38
-0.0677519786736081	1.10877370379204	116
-0.105477798789932	0.947904366233462	116
0.0269581280786581	1.02594235383739	116
-0.023338039826738	1.07640061887931	116
-0.01626801518558	0.903538847261163	116
0.116832057001144	0.779171583763834	116
0.07958973522994	1.14803041421708	116
-0.035244594433967	0.82877787847612	116
0.057561470865134	0.872319465792078	434
0.095272574321321	0.998020684597314	148
-0.0787151345122959	0.609915343049708	148
-0.028233964493616	0.99025208468344	41
0.119242497915351	0.550157436961914	41
-0.0522326900407351	0.396312941536484	792
0.067799035591847	0.42928999442792	430
0.067528191620867	0.430472173413981	53
-0.050434978637433	0.507654345099417	53
0.064909305889428	0.410104964261151	53
-0.046420277847866	0.401800735079608	32
0.069673983475498	0.428700075147689	142
-0.012873233777438	0.308131929989485	104
-0.015238226604775	0.306862144918958	104
-0.111199247850518	1.26244562182876	107
-0.038748627521237	1.78797630710541	239
0.071025233560155	1.30122795029199	239
-0.062107554151387	1.1304297525437	239
0.028289280766544	1.62556614123178	107
-0.065550746625323	1.40526049930061	107
-0.00581344028150399	0.928401115779122	11
-0.072112307238798	1.28894597989652	11
-0.105651751868458	0.766311481857484	116
0.00444018650385203	1.01382191356306	116
-0.023411504677914	1.50765351569364	300
0.01055265195488	0.509036733416601	41
0.124997459375394	0.801032940831178	41
-0.101413862591219	0.502853503129869	41
0.021342912662964	0.532255062793788	41
-0.040372464329973	0.405081926853881	41
-0.113435453861856	0.480114806830785	53
-0.124275012536968	0.386446151307926	53
0.0645182602386301	0.425848369467749	32
0.065004496422253	0.771575901057586	32
0.108475974769384	0.892353808736204	32
-0.016765121001863	0.304862540838296	32
-0.105615259231897	0.605570104000135	32
-0.012122864480574	0.304695510654726	32
-0.00985000399211899	0.310392705484285	32
-0.048602988687304	0.403054845012578	142
-0.00955732451153202	0.308066811721016	104
0.017547486958195	0.530166890190878	104
0.075940491956246	0.42279723745717	194
-0.015986199897745	0.303432381673894	194
-0.026589301249714	0.288097266975086	144
-0.01489928024848	0.304953970811166	783
-0.011581310910634	0.30715594261813	91
-0.013624421432918	0.309304985206354	91
-0.045279395834385	1.37453599288317	107
-0.026482809894262	1.26030156529535	107
0.060667078960027	1.66144339063195	14
-0.113835349938907	0.94289737609286	239
-0.0402847812699561	1.33500929885869	11
-0.096299094115902	0.927980104401106	823
0.066993834406754	1.55823387577402	38
0.019684804459672	1.40791075322719	38
0.025889770860558	1.38788553276874	116
0.030473219731383	1.13382451600362	116
0.0311906823992431	1.03989833843351	116
-0.026972956022042	0.98553019193248	116
-0.087680658902536	0.590383410584819	116
0.00831367525376003	0.639850806720211	41
0.121049079867752	0.554024501122338	41
0.012841265090027	0.646171302966839	41
0.057114182094183	0.865412651378854	41
-0.04399620315591	0.406427295977407	41
0.032922011183561	0.75165751675883	41
-0.111630534819662	0.489162210266975	53
0.060184931988982	0.421326552510971	53
-0.010600298850402	0.311050852910577	32
-0.043770844638245	0.401488285332584	339
0.020944385665102	0.524799184119052	104
-0.019009279184765	0.304583351463383	104
0.063408821122113	0.422042042073915	299
-0.013331276710529	0.306264000235697	299
0.121381701581673	0.560607415707372	194
-0.010600298850402	0.311050852910577	194
-0.047888813895154	0.396877127732225	144
-0.104326954535549	1.36037259781322	107
-0.061243067816578	1.18639069002562	14
0.120311703282385	0.889950069985285	239
0.085813953793184	1.52342289954191	239
-0.08245959856566	1.64526860687437	107
-0.0222374614651319	0.999158529763837	107
0.00493707726888104	1.61929330475993	630
0.043297243135383	1.6960244068703	11
-0.02382516011444	1.34072861655589	11
-0.114778994442837	1.10310593951027	116
-0.025500492810781	1.22972281015391	116
0.026004472492719	1.16861851845578	116
0.11457760923504	1.35856772950117	116
-0.015612400446705	1.13989336862549	434
0.053137731168152	0.858003593106462	116
-0.00774669901429304	1.17888943107802	434
0.119978609585439	1.09915149726258	434
0.015848983361387	0.823000197177376	41
-0.091122873579514	0.681698068937362	41
-0.081663602287296	0.706049250057847	41
-0.063025141459152	0.809052378775634	41
-0.031449263625011	0.910929316384183	41
0.05900399389767	0.867080296853763	41
0.124965242883757	0.796016158033122	41
-0.025764752610165	0.732319824045409	41
-0.119435034131356	0.586951998427939	53
0.115042339877065	0.55196500385066	53
-0.014606338360923	0.308362454144827	32
0.06139488490921	0.423170574735783	32
0.067382858988959	0.417293875910208	142
0.065504741573766	0.427060609549316	142
-0.00252216610649303	0.300091649684067	142
0.07175098725902	0.665448622443006	351
-0.016765121001863	0.304862540838296	194
-0.044948543845025	0.40358629855748	194
-0.124710926008627	1.60616118590013	14
-0.073942129937993	0.788094911425099	107
0.041182404827097	1.62826507783712	107
-0.115581857844996	0.596414095734193	38
-0.059898379577336	1.32411167235948	116
-0.056835600042167	1.30620794171587	116
-0.108681360669295	0.849257110479246	116
-0.103568995815853	0.85955524594464	116
-0.096598757130382	0.752917756755001	116
0.051910086815955	0.944159069461418	116
-0.066945687698781	0.801479004246946	41
-0.112702084733938	0.841255469183126	41
0.052337547077872	1.03297304969362	41
0.056760135420761	0.965226226205236	41
-0.118402270622279	0.685859475712685	41
0.016232683148467	0.644804135317758	53
0.0628261542360971	0.422300847683199	114
-0.013853756167389	0.309731576171906	32
-0.0517409211423679	0.395770574228461	32
0.06139488490921	0.423170574735783	32
0.065111730445852	0.428643533555	32
0.071246130572965	0.427724577458125	32
0.069892520789859	0.648082523120987	142
-0.00653010300550405	0.304008933048588	194
-0.010371539185857	0.306127575405917	194
-0.0443956160240711	1.12867601620073	14
0.045917980928034	1.53596439436459	107
-0.117499367436971	0.582181419312625	11
-0.0394144088320541	0.828143461950851	823
-0.046320875529873	1.78841586279724	38
0.089125637475057	1.15686536170811	38
-0.04322989949783	1.14975976564398	38
0.00654670021333503	0.624760480401438	116
-0.083370271535294	1.43994429975815	116
0.114074725395742	1.18849007924527	116
-0.040625761586162	0.627000321148523	116
0.019637668053588	1.19183560816671	116
-0.00789153838279	0.924484352301552	116
-0.115383654077055	0.696361722943138	41
0.00235376997251802	1.02477021501262	41
-0.043840451125467	0.809170197320622	41
0.1212632814434	0.793557121256011	41
0.003355735553357	0.629969343303799	41
-0.11209257395062	0.486849438478959	32
-0.051266632144198	0.392590600955749	32
0.117370392278647	0.559537199320843	32
0.072519374400971	0.41845768528166	32
0.062110534531568	0.423308876408503	351
-0.05660147116472	0.498092035652567	351
0.101860058736734	0.887813144632744	104
0.021944390858561	0.518167621385311	104
0.0198837262020179	0.526647654513096	104
0.06139488490921	0.423170574735783	104
0.065504741573766	0.427060609549316	56
-0.115299159023744	1.40718095637248	14
0.021342912662964	0.532255062793788	14
0.057264648167067	1.05858797011982	14
-0.07804702809835	0.614445975764977	14
0.067899145403568	0.638515967015818	14
-0.118390920617261	0.934508655172408	107
-0.122559890847216	0.938417430185465	630
-0.05367906466943	1.06938372477759	630
-0.050581261203813	1.05841051057678	116
0.00531752725849799	1.02720876655805	41
-0.040402365345162	0.988751255773819	41
-0.081881747551312	0.965397039511039	41
-0.052048830836065	0.976340046451898	41
-0.036689786256777	0.891018033914005	41
0.071024676318343	0.427734443724901	747
-0.015464206040832	0.301093321152518	53
0.0611733157391901	0.417725364977222	114
-0.00694630848850497	0.296576952615031	114
0.010804586348742	0.648249185905514	53
-0.05677916018507	0.510709402445406	53
0.02188928063942	0.52734509766402	32
0.111440899658316	0.546426643248071	142
0.068820025476476	0.425352455845667	36
0.063802046200613	0.424547853941428	104
0.011486061514528	0.63259968709921	208
-0.044948543845025	0.40358629855748	11
0.0838048104018751	1.15640283264676	11
-0.010350061404049	1.28641282412772	823
0.119040617071936	1.18813022305565	38
-0.0946313568789861	0.931245044948209	38
-0.0279018019041229	1.16107182214689	116
0.0731554447557859	1.4297066428126	116
-0.0761722338950011	0.617323292163347	116
0.00323285169823495	0.627449429648159	116
-0.052016677311948	0.515939460003165	116
-0.035440777572367	0.997395535221037	41
-0.113134047448705	0.595813152429701	41
0.01990945215145	0.530640314346712	114
0.073771869412714	0.668656027689208	53
-0.045698964404442	0.403132569078709	32
0.116392037753701	0.548922900455016	32
0.114031854572479	0.557026518506265	32
-0.044256040521543	0.402407339600565	32
-0.059524786221687	0.502715285706024	36
-0.044492035000014	0.401903190073989	142
0.065011583262612	0.427761488320744	142
-0.04910647977671	0.515668111049776	142
0.123515598684034	0.555724853066288	104
-0.046650760160685	0.401536391319869	104
-0.013624421432918	0.309304985206354	208
-0.00705063799826999	0.307344716540548	56
-0.060541157540985	1.87757050083798	172
-0.10486143196192	0.60364509134769	14
0.102503273299485	0.892523929788269	14
-0.055329873616512	0.772651012657686	14
-0.113995519101452	1.01205639112912	630
-0.095602744207852	0.950894549962775	823
-0.079094126660239	1.06175786042464	116
0.055019081491798	1.19599648137463	116
-0.037448697593069	0.62494662825161	116
-0.085056333328522	0.890778952994647	41
0.01109704914994	1.03630037446105	434
-0.00860706264394595	0.832755432012047	41
-0.00529530318417204	1.01030466923488	41
0.096605580461299	0.981433638453483	41
0.119544473637504	1.08352170168893	41
0.119810200680941	0.787771123679997	41
0.120670548197969	0.558781456019631	114
-0.000850231478707997	0.609812137736867	114
-0.051509787323727	0.396986142120631	53
-0.041375711449107	0.398879304693275	32
-0.10604009263146	0.496026861381588	32
-0.014147045532894	0.305040086639893	32
-0.010719690177716	0.303804907375998	104
-0.00630148959092802	0.307501913163364	104
-0.010307977613186	0.307188752676449	104
0.112606146486487	0.550360637441227	104
-0.058507213119477	0.491680696837561	104
-0.051249314082334	0.391584542353005	104
0.070437290176426	0.426852731020308	194
-0.00985000399211899	0.310392705484285	144
-0.011581310910634	0.30715594261813	144
0.069944609194055	0.432003173101958	56
-0.014491086759795	0.307746458053169	1483
-0.0948728314622	1.48994286163545	107
0.077565868619686	0.876325956863253	14
0.053345080790569	0.862275056711667	14
-0.0137248357090281	0.738335323448931	14
0.012183245836157	1.65629859356129	11
-0.094876835287079	0.874806214470504	823
0.025154267858159	1.45683510500074	823
-0.052332703826053	1.1244717905331	116
-0.047046421103023	1.4118593921196	116
-0.089733881101944	0.946230299211369	116
0.060327328569504	0.770747921159305	116
0.120052153309847	0.801856927672687	116
-0.083176006469229	0.598654183314334	116
0.00897126351483302	1.12209586502729	434
0.12485339893022	1.19740942609438	41
0.056751624926539	1.0430923957625	41
-0.102904542636375	0.611467787941798	41
-0.112873950960501	0.597280682935638	41
-0.0488142217045709	0.39891017168219	41
0.066845818541703	0.652949878456776	747
0.066443830783857	0.426856736110067	747
-0.0143764239694481	0.309223758483486	747
0.019423107196492	0.530856626027996	438
0.026774419285829	0.532070908665503	114
-0.036213999690234	0.626068500744246	114
-0.064986609937838	0.701801941260434	53
-0.01489928024848	0.304953970811166	53
-0.108353683075191	0.492059949077163	32
-0.00985000399211899	0.310392705484285	32
0.11141675963119	0.542873336051604	32
0.1159460960337	0.552870939128121	32
-0.012873233777438	0.308131929989485	32
-0.013101985651201	0.309812124917511	32
-0.041093026938717	0.405516043775666	32
-0.055069343603907	0.500911646024394	36
-0.04932496462221	0.40170667360707	36
0.0659977352787841	0.422019844740975	513
0.017371125044381	0.522287382578247	36
0.00463804548555002	0.622358279283628	142
0.064295421899139	0.426449645832079	104
0.071738984997114	0.42963122419925	104
0.00507723234945101	1.94840937899449	14
-0.121482762226128	0.384279700809796	14
-0.00967821577552397	1.08993955429474	107
0.078737993403576	1.15049910330973	107
0.078702214374617	1.51099402763273	107
0.018644969380066	0.739239433759225	11
-0.037876952508809	0.959825331520921	630
0.052643525795075	1.58141702265819	11
-0.102117903419886	0.601513819432481	11
0.108984504118028	1.81190357960373	38
0.00146881510216501	1.43340730573307	116
0.00226113705386299	1.02338368232481	116
0.00131044554224902	1.48151796897087	116
-0.082390910863001	1.27129124498658	116
-0.049836405367772	1.23998314323464	116
-0.12348376994069	1.17623082209688	116
0.023865541636617	1.11480477499695	116
0.000432683503937992	0.566312972179857	116
0.108420861762106	1.13927966703861	434
0.050635438688357	0.849355211288591	434
-0.000338566900612958	1.15855501231125	41
0.00510402438228597	1.15296463061804	41
-0.00758198997792603	0.927927847893367	41
-0.034871179816827	0.90320452150719	41
-0.03147278885629	0.917304142926706	41
0.063267988348054	0.96966605232716	41
0.062369548917424	0.416159411093607	114
-0.085422399056835	0.604080846921196	53
-0.108377681552671	0.492685079242295	32
-0.124885776625727	0.385294468813802	32
0.117681046536637	0.787780582534319	32
-0.121613957572247	0.384923161638436	32
-0.055564894549611	0.51248661660444	32
-0.05101801112111	0.396441796442641	513
0.116658202896463	0.557158387084505	513
-0.010600298850402	0.311050852910577	104
0.063541742851411	0.419925388972327	745
-0.013101985651201	0.309812124917511	208
-0.011829014813697	0.305214293953818	208
-0.00932865636546598	0.310898698430004	104
-0.014147045532894	0.305040086639893	56
-0.116010285959365	0.684986578232061	14
0.021581892589655	1.02326510505505	239
-0.026493984165146	0.720535845891761	239
0.0939567748792119	0.981081145538284	107
0.108580815330157	1.51750614035853	630
-0.01003773362803	1.42226456630713	116
-0.0413801864644	1.28003374822209	116
-0.0853705811337811	0.958601094319422	116
-0.123062453810887	0.387993026616018	116
0.121574843794446	1.09697190880071	116
-0.00880749617508503	0.307433004818361	116
0.022055823448453	0.857264306066241	116
-0.107135777164675	0.6981850518728	434
-0.073389921365727	0.80070833403631	41
0.116504233869624	0.537860817718223	41
0.0579970327036981	0.412931421724073	114
0.115978249443544	0.550221394754258	53
-0.047913957776858	0.51345104595692	53
-0.00997518058477398	0.30136616351927	32
-0.00326953475123704	0.301710940325323	32
0.0243214889324001	0.530397302443311	32
0.060900664051315	0.422617847045616	32
0.118130324722316	0.548698018937679	36
0.11432908105604	0.55058410860476	142
0.113125053151152	0.547054111447345	142
0.0726747291713	0.426393944260399	745
-0.015129237918258	0.307858064641708	208
-0.011351417939001	0.31015265310362	6
0.017021850204381	1.27501208225314	172
-0.00744863676895102	0.832016595306423	14
0.0124070851175651	0.519711416442761	239
0.070437290176426	0.426852731020308	239
0.077451054606919	0.399966317531465	14
0.095375667496853	1.49962688841187	107
0.100401339487045	1.35641539539369	11
-0.048175506905285	0.513553864940729	107
-0.011289182049053	1.17630445912723	107
-0.101872414689571	1.30535478479943	107
-0.078894087910918	1.01911869358241	107
-0.081905098730242	0.970712472682009	116
-0.117817222491906	1.42574978467756	116
0.099533846561632	1.89479901361591	116
-0.079259536712758	0.963795023707309	434
-0.096393275631653	0.781866449336444	41
-0.038686311032853	1.25550174441994	41
0.00972260119353696	1.11110112152663	41
-0.119573642569678	0.850002931232709	41
0.113982571443554	0.893195966396363	41
-0.041323053107545	0.403370107197925	41
0.119688635011468	0.554450765364259	41
0.01990945215145	0.530640314346712	53
-0.04399620315591	0.406427295977407	437
-0.109124731375444	0.488518993925284	53
-0.110165263143727	0.494533338811401	53
0.067528191620867	0.430472173413981	53
0.074569367394589	0.661613387820654	53
-0.110315495823374	0.497006915250773	36
0.121735428589248	0.798993988236221	32
-0.049816914252469	0.400002369811168	208
-0.015238226604775	0.306862144918958	206
-0.049522121948636	0.397244090839285	6
-0.049272956085302	1.67555090045561	14
0.037165196632005	1.62463691597617	14
0.059338783912838	0.96750997522912	14
-0.012978859676485	0.837181931421074	14
-0.087144269721996	0.963644798718419	14
0.064617774534662	0.428081367731721	14
-0.05154163651194	0.513513599787255	107
0.022085303254024	1.1068084375242	107
-0.025518448678176	0.732980334057071	11
-0.070554897521538	1.30196444425001	630
-0.113538554889609	0.871261080311549	823
-0.10786785224743	1.24385990922503	116
0.039671063962437	1.36794798717036	116
-0.080769827573935	0.966122018891591	41
-0.079170317360765	0.605829065878296	41
-0.049031641726187	0.397836780697867	437
0.121602046379939	0.559957524290477	53
0.070917591720685	0.656254012797064	32
0.114031854572479	0.557026518506265	32
-0.078648669063588	0.618029575887621	32
-0.0548995142166721	0.506779772632062	32
0.0166904878052569	0.522745554754554	142
0.116658202896463	0.557158387084505	208
0.114965688354985	0.554882406618782	34
0.118464313516039	0.789447410990437	34
-0.107580722420075	1.40521461347755	14
-0.011488845981584	0.838652293332851	14
0.068555361224337	0.770977133708066	14
-0.06280805572639	1.1529817630853	14
-0.095542251467978	1.26122182923633	107
0.00771147357228896	1.11549691968455	107
-0.11198051110033	0.481855130159752	107
-0.034100057860696	0.623548305352637	11
-0.011787451977623	0.839392317919789	823
0.073945523109117	1.50876555048927	116
0.084166182941775	1.35494437487959	977
-0.09692779019937	1.19419101311066	116
-0.110626833158661	0.495380468264735	38
0.0314722116941309	1.37782812202605	41
-0.11850937997644	0.939007778753984	41
-0.078314638935632	0.79008242825163	41
-0.052659593571326	0.510754958954832	41
-0.018394283243643	0.824117925328451	53
0.068813170850108	0.648528631154571	32
0.065742482670918	0.776396420585142	32
0.065332514760505	0.427558040043245	32
0.11050503814865	0.54725784811134	32
0.0653370895775141	0.766429087053468	32
0.0172911696118671	0.531408508118395	104
-0.013331276710529	0.306264000235697	104
0.06873655272146	0.433267716079536	206
-0.010719690177716	0.303804907375998	112
-0.046420277847866	0.401800735079608	112
-0.00780062036231599	0.304418249633774	56
-0.011122067543867	0.306754140926722	42
-0.072481405663543	0.604580324570645	14
-0.011374946018613	0.840595601288964	14
0.087129283305544	1.17605069132282	14
0.061462569357577	0.77136125849382	14
0.00713366990604503	1.03499654555736	14
0.097155469527583	0.855241391569085	107
0.0539659040910711	0.956039779980118	107
0.11906425333357	0.559164091905342	107
0.026124319387632	1.28936310037776	11
-0.079857628324326	0.614007056337493	823
-0.108167712409616	0.83202355587704	823
-0.062421152246143	1.39623050855758	116
-0.044119208914284	0.618239923451769	977
-0.00730098181560801	1.35968478855098	116
-0.120293281826503	0.917279754927778	41
-0.084240507314653	0.860247910133002	41
-0.08639992758135	0.955088611260171	41
-0.024217971686228	0.804675701186428	41
-0.016794150029373	1.09221816465844	41
-0.01082960389892	0.310659749354367	41
-0.053349415281248	0.511558165572824	41
0.020910782242841	0.842513042350698	53
-0.111088545238985	0.494610910298662	32
0.114031854572479	0.557026518506265	36
0.00503402865231495	0.63402184303208	36
0.01117443684279	0.637926325001615	32
-0.044262669021202	0.402043922948571	142
0.014819788325774	0.521323038893825	104
-0.124039240451726	0.383884460410478	104
-0.0143764239694481	0.309223758483486	206
-0.012579738056133	0.306348459330134	112
-0.116280086667314	0.383312861005958	112
-0.011351417939001	0.31015265310362	112
0.067799035591847	0.42928999442792	56
0.023285324117061	1.84305940411957	14
-0.0577137813042961	0.896737960977536	14
0.096261126774866	1.43680476362547	107
-0.117108551999076	1.01972979931942	107
-0.086379491462535	0.71021489788878	107
-0.033155846219417	1.29146780096914	107
-0.02323754434035	1.22805424052226	116
-0.122526366403141	1.18371982213973	977
-0.090796688347292	1.43111321151793	116
-0.075001382860489	1.04807025222031	116
-0.057813823367918	0.89771926404717	41
-0.042717293096467	0.812158218613566	41
-0.114652373008772	0.592257636173933	41
0.02188928063942	0.52734509766402	41
0.067528191620867	0.430472173413981	41
-0.0177377801972	0.303517158698132	437
-0.058292511289783	0.503256008051465	53
-0.0204310283103309	0.734241343379126	53
-0.101494580778927	0.498080295205286	32
-0.047369119271697	0.395912225756314	32
0.068021307986142	0.432423938787649	36
-0.109204831521446	0.486921380764407	36
-0.049094945265844	0.401339830051592	36
0.0705317683104481	0.425845312107601	32
0.117182647686783	0.548543138743426	142
0.065111730445852	0.428643533555	104
-0.045929538704337	0.40426972621846	269
-0.105761603607072	0.501349292178222	104
-0.014491086759795	0.307746458053169	104
0.065727719940027	0.427894070646929	104
-0.00578118884246803	0.304167437767242	206
-0.012351030281569	0.308634402337749	112
0.017177048406197	0.522544874404932	112
-0.014147045532894	0.305040086639893	112
-0.113539689323945	1.54745990157408	14
-0.082056316566693	0.889871577105798	14
-0.00571991524839299	1.11397981851105	14
-0.03735088088564	0.632103693536888	14
-0.052323920031543	0.511964376944987	14
0.068254928216805	0.651542299886366	14
-0.06659680587302	0.971300374331733	107
0.00910656593408299	0.640163134157922	107
0.037213825303414	1.30863728957898	107
0.018193180633445	0.758516081955106	107
0.069753818978151	0.770867459071794	11
0.013802829271412	1.20254643483046	823
0.00830554845638898	1.17725176640973	116
-0.057622960291654	1.56825108935898	116
-0.081075589030887	0.874791970129052	116
-0.0542475547550521	1.0509116369824	116
-0.031594301314622	1.21130437244215	38
-0.02369395195152	1.0036391675058	41
0.056751175222313	1.46037049795146	41
0.06951724114995	1.19220394381614	41
0.122320778140205	1.20127014594589	41
-0.084358621613102	0.708965620908126	41
-0.0579938233508121	0.505727038622048	41
0.013463036469354	0.742623998379983	53
-0.116492308021653	0.585010167486153	53
0.003355735553357	0.629969343303799	32
-0.044662969059573	0.6169755461697	32
-0.010600298850402	0.311050852910577	32
0.0206261649471799	0.532073161958275	36
-0.02370683850922	0.727967581947004	32
0.11476329872223	0.773067182948386	32
0.11171105503823	0.547736308208336	142
0.014078314968247	0.741110017981544	142
0.022059694623809	0.531188792813207	269
-0.04932496462221	0.40170667360707	269
-0.050786778606903	0.396721937869726	269
-0.016989960476402	0.303603077135928	206
0.0631881819261631	0.42486749563325	206
-0.035811961887008	1.14594359406672	172
0.020495432229663	0.533869015472692	14
0.026079802461246	1.27217122848422	107
-0.00604137785294101	0.985963080627256	107
0.057324930384228	1.06737142587959	823
0.120312965805847	1.74716043893664	116
-0.058855760673682	1.46329882987626	116
0.042491706991326	1.55396721754164	116
0.019100062590414	1.61578438432348	116
-0.096094059493878	0.773678773757433	116
0.116123094950752	0.551772691019488	116
-0.10474158847045	0.852071370991866	116
-0.02857158889483	0.824867038166919	41
0.033786069402347	1.21120561997823	41
-0.00266275149083095	1.11248403593975	41
0.0195605314146891	1.08020335808475	41
-0.043085230476809	0.623354112314814	41
-0.050947789688258	0.798329547037159	41
-0.048833176958386	0.401142697673106	41
-0.041285872642776	0.620475912164738	437
0.117639778716277	0.555954262735941	437
0.018345461190974	0.526273117723575	53
0.056152848009469	0.402301017447791	32
0.114773784885612	0.547853694621369	32
-0.122574299463917	0.387919878505882	32
0.02108716984729	0.529620119204942	32
0.116469123922404	0.551002832415219	32
0.112425131616804	0.547889795464353	32
0.116658202896463	0.557158387084505	77
0.063902996523607	0.427247391037626	372
0.115457888538721	0.557323926907344	269
-0.052955486042641	0.394639668350665	104
-0.023647748283922	0.292547116445873	112
-0.010600298850402	0.311050852910577	112
-0.00955732451153202	0.308066811721016	112
0.065234449686174	0.425982382242539	429
-0.015882859819112	0.304059061239338	6
-0.00458410628182804	0.832974515231283	107
-0.076487388900508	1.32107855065822	11
0.00189302917871803	0.929928533219295	116
-0.120501264251677	0.952949585442499	116
0.043060609375658	1.31872477810767	116
0.0523309314392541	1.03910225925824	116
0.0967618820002441	1.09452867656861	96
-0.02153586320645	0.919050066059896	41
0.112444769802191	1.17921541086466	41
-0.013331276710529	0.306264000235697	440
-0.052121966254171	0.511714418739333	437
0.0917622284585921	0.98522065318644	53
0.107624214090476	0.527429635790598	32
0.016085879417556	0.527887344372366	32
-0.044486796840371	0.405816712126546	32
-0.012579738056133	0.306348459330134	32
-0.015238226604775	0.306862144918958	269
0.061837762513801	0.416699187289973	269
0.063579236992142	0.423710016349816	269
0.065727719940027	0.427894070646929	269
-0.048111194081624	0.402485411990122	206
0.119016404259716	0.554172619235552	6
0.050185047183603	0.938510865692367	107
-0.0452900959735441	1.61033609133778	11
0.0123943903781329	1.52094415152876	38
-0.113555715993744	0.770040737851918	38
0.105951270525677	1.46361110369691	116
-0.036066364422346	1.0763800953524	116
0.0564899907515331	0.85273828237688	38
-0.028148476980159	0.719701336691995	41
-0.055126466329666	0.501531102838228	41
-0.02370683850922	0.727967581947004	96
0.069978649457132	0.880591383765336	41
-0.005649880125847	1.00131195823548	41
-0.101509184633887	0.779641107604143	41
0.117837017005082	0.779605739052734	41
-0.044549849407773	0.610101522546308	108
-0.089175254473032	0.702717939789752	53
-0.0461855478312691	0.398594703072106	32
-0.0517409211423679	0.395770574228461	32
-0.043274676498284	0.405479729353745	32
-0.017512347384035	0.306009385691072	269
-0.045208217351766	0.405617590405059	104
-0.013624421432918	0.309304985206354	112
-0.0886228770666761	0.951455179366609	14
-0.013803573433355	0.83826639775919	116
-0.114442893766024	0.596064428543572	38
-0.056510522754947	0.870248748085312	38
-0.03867964604354	0.620278121721662	41
0.121381701581673	0.560607415707372	96
0.06942865755747	0.766871752297237	41
-0.1149397520825	0.595892379086223	41
-0.108308013404945	0.499435244159569	41
-0.033648526547513	0.391623962439473	41
-0.0434316253586769	0.620325989768498	53
-0.047398169080632	0.399280023866762	32
-0.015012798106374	0.304610526590875	471
0.071387124745851	0.65497871928787	77
-0.01691096940931	0.29567269444253	34
-0.015238226604775	0.306862144918958	104
-0.015129237918258	0.307858064641708	206
-0.013101985651201	0.309812124917511	6
0.066320152867709	0.42384500868298	112
-0.090913135362226	0.705835189852083	107
-0.107891913765184	0.492151013907229	107
0.0200695007346809	0.84235615142337	14
0.023760216426565	1.04905909784567	14
-0.121724410114137	2.03964237773414	172
0.021710841538339	0.531567354999494	11
0.017261931437707	0.922986505880598	107
0.023577529582369	0.534053034597982	11
-0.059385094160582	0.501178640354255	11
0.061122035005948	0.417665248314766	116
-0.112563397739482	0.490622531469044	116
0.056630354821344	0.869040419332786	116
-0.015799012670905	1.34088626262486	116
0.066220825513949	0.427193816716165	38
-0.014606338360923	0.308362454144827	116
0.018212355435677	1.57945757213325	38
-0.016989960476402	0.303603077135928	96
-0.113479404032976	0.995080572944433	41
0.016342606091206	0.530526997763678	32
0.076586590358564	0.663802829296063	32
-0.0456697812711771	0.400870461999924	269
-0.050451514386369	0.515284765118361	269
0.11714907147507	0.557957559956189	206
-0.015129237918258	0.307858064641708	206
-0.004017750497187	0.299605063767044	206
-0.106222051967513	0.502224389721423	206
-0.071267441837623	0.622903135764968	112
0.067055935907497	0.783358987352436	65
0.058974678813063	0.413651315336411	65
-0.0543325454289581	0.5057816975248	65
0.0631881819261631	0.42486749563325	6
0.061704958525581	0.417571223495514	42
0.066713766514616	0.422156977895027	87
0.026519649944781	0.638547151722439	87
0.122720769164414	1.19713914687401	107
-0.0111460099531741	0.920712887774284	172
0.048267484651449	1.76120593993276	107
0.025448227026567	0.842900304647431	11
0.016373516474162	0.810082476797215	116
0.106302384530433	0.901387400275879	116
0.063489902959827	0.639437027807337	38
0.119998330299614	0.558503549573078	38
-0.110315495823374	0.497006915250773	116
-0.074912924931106	0.620828811421388	116
0.117915464517458	0.792184260938967	116
0.067083780017577	0.423725009236392	116
-0.037668742018458	0.608493122933793	41
-0.043186770816347	0.614931516379502	41
0.067083780017577	0.423725009236392	41
-0.013624421432918	0.309304985206354	41
0.069944609194055	0.432003173101958	96
-0.017287461607113	0.301785471882542	96
-0.018486424197797	0.302200351206137	96
-0.0166695991940899	1.33595442540694	41
-0.038826422104127	0.627285088352843	41
-0.094640794360654	0.691106396013777	53
0.05777692573946	0.409997154954204	32
0.011128274040677	0.826291571519752	32
-0.041813498589566	0.404645085772278	32
-0.04946671659083	0.383656481006065	269
-0.013853756167389	0.309731576171906	104
0.021223965728289	0.533379263276502	206
-0.048722566733479	0.597202437303855	206
-0.00932865636546598	0.310898698430004	6
-0.016989960476402	0.303603077135928	112
-0.052383470240535	0.510040189599189	112
0.063902996523607	0.427247391037626	42
0.0694517637964081	0.43272308821915	375
-0.059402269395799	1.72415096018899	107
-0.023538152502414	1.24746946798927	11
-0.053334393440966	0.510137754376321	11
-0.100159810603976	0.94863086731445	116
-0.114083881201759	0.866053269204272	116
-0.091375797922897	0.701879997090828	977
-0.075482074817054	0.612057053661427	116
-0.093469679247025	0.794832336974229	116
-0.121864280983048	0.683388038079713	116
0.065374964398233	1.15470519240778	116
-0.073345783042536	0.612492561784489	116
-0.0615949291575491	0.811485684074536	38
-0.060740797470749	0.498763828658091	41
-0.041832430633547	0.392167128141148	41
0.118750623361641	0.556660935469648	41
0.01577925903801	0.648772813610085	41
-0.048323740293743	0.39950659544984	96
-0.047701101139407	0.510643034162268	41
-0.109081030491802	0.499112977452444	41
0.012834001944186	0.645390959863672	41
-0.011351417939001	0.31015265310362	53
0.064295421899139	0.426449645832079	108
-0.013853756167389	0.309731576171906	53
-0.015652326111167	0.3036297971358	206
-0.0177377801972	0.303517158698132	112
0.00810648329173802	2.46649392909969	172
-0.019397794160452	1.41379911428533	172
-0.012966352723073	1.34439016675215	172
-0.070105115287998	0.616364794427072	14
-0.050793602845992	1.1492380194603	107
-0.0866112639846019	0.868461655453288	116
-0.056534373864027	0.957278628978984	116
-0.100396913926961	0.772173765178626	116
0.070064458198157	1.24045456289787	116
-0.10454164912291	0.698733342542167	41
0.122693791176509	0.790260074759176	41
0.01566410968008	0.647091428333828	41
0.0628261542360971	0.422300847683199	41
0.021221497057284	0.753818871138534	41
-0.05101801112111	0.396441796442641	41
-0.0578165711684	0.504000129173414	108
-0.016989960476402	0.303603077135928	32
0.072453252008022	0.429807984314648	32
-0.019009279184765	0.304583351463383	269
-0.012873233777438	0.308131929989485	217
0.063579236992142	0.423710016349816	206
-0.019532322792839	0.301496689188543	206
-0.091970540768444	1.75466117578013	107
-0.051000969695032	1.38056309003676	172
-0.073940180301724	1.22183948394242	172
0.029757525283343	0.867996756955282	14
-0.108711272815776	1.07364830170696	14
-0.078822409478543	1.11206135479297	107
-0.049268171804669	0.998188986843216	38
0.076566495673388	1.23825842010641	116
0.098955929101034	1.35041304128481	116
-0.110986699705141	0.69661606770893	116
-0.107847003909727	0.498570769191791	38
-0.041878961035043	0.607758772023676	41
-0.106459495671055	0.494562828661654	41
-0.046809005613647	0.605505206490415	96
0.00695801814691099	0.639598985263278	96
0.019062088027864	0.53055044721911	41
0.018457643620055	0.514440889896535	108
0.065727719940027	0.427894070646929	53
-0.0457049464468891	0.401588536424989	53
0.117591626354504	0.556802903241462	32
-0.042533878512635	0.402293483937571	32
-0.015238226604775	0.306862144918958	32
-0.014491086759795	0.307746458053169	32
-0.05101801112111	0.396441796442641	269
-0.013101985651201	0.309812124917511	269
-0.00705063799826999	0.307344716540548	269
-0.00791445759707898	0.293956306017255	269
-0.013624421432918	0.309304985206354	206
-0.032278394338303	1.99389543091669	172
-0.034781497947468	0.695805463603526	172
0.054806527319651	1.30435762769315	11
-0.120692182647542	0.930252568212158	11
-0.114274044247519	1.23481098405889	11
-0.025380489730638	1.17375622312276	107
-0.0776481602151991	0.610598387708727	107
0.078586440093108	1.51812971918587	11
-0.117814547824126	0.940439010286259	11
-0.061841860950035	1.13426904416735	11
-0.105424471496562	0.944735133804609	38
-0.0814298297820391	0.860525843103433	116
0.036121094125239	1.22126978186695	116
-0.091169764093352	0.788760288436158	38
0.00786899920637396	0.643662698464207	38
0.121185311888578	1.09897935180541	116
-0.000180634448089023	1.01984976410147	116
0.082129924545308	1.14589023115606	116
0.022611512831467	0.941718691073237	38
0.119694933182332	0.789938130126589	116
-0.000766192365480034	1.00488876091578	116
-0.085103342584988	0.697344828341753	116
0.11050503814865	0.54725784811134	38
0.011141169743493	0.647597056347648	41
0.092810363809813	0.960448733623165	41
0.095720072374217	0.871398993870393	41
0.020008511439455	0.533095095776888	41
-0.045698964404442	0.403132569078709	53
0.072453252008022	0.429807984314648	32
-0.012579738056133	0.306348459330134	32
-0.018783210821443	0.302809698045527	269
-0.015238226604775	0.306862144918958	269
0.067118667324537	0.419537106489267	269
-0.013853756167389	0.309731576171906	34
-0.069292321625087	1.2076714157373	172
0.061224902240567	0.866181840366977	14
-0.119028090723689	0.67475304483761	14
-0.048336946357997	0.80370127426002	14
0.086869874747287	1.05526834899801	14
0.106046391869605	1.86964171046146	107
-0.085579598527057	1.28491271648535	11
0.014772792757377	1.52607162406663	11
-0.10524280459865	1.18454639704254	107
-0.122908595643704	1.02694912582118	107
0.025959557695149	1.45583727986512	38
0.037891919286123	1.37709922148874	116
0.107197608032549	1.60635422559212	116
-0.053973064879195	0.960797522322902	38
0.0932576144780331	1.17162916603311	38
-0.059018939666474	0.883572266879602	38
-0.016641520641673	0.747838704247217	116
-0.121234885387992	0.772677630758136	38
0.030198556260053	1.04841314246384	38
0.00396779200578901	0.92096533379485	41
-0.0508909364064361	0.724491906887959	41
0.057140526625358	0.970230724071937	41
-0.0368000366062849	0.617113272259479	41
0.07330366869056	0.66903481199165	41
-0.00705063799826999	0.307344716540548	41
-0.105449105306164	0.503104026152862	53
0.060276474491846	0.417253628968803	1698
0.123508575522947	0.792235267298276	1698
0.0692294513573261	0.432543366808688	53
-0.00955732451153202	0.308066811721016	32
0.06139488490921	0.423170574735783	36
-0.00304155371012305	0.29962674597994	32
-0.01082960389892	0.310659749354367	34
-0.013624421432918	0.309304985206354	206
0.064295421899139	0.426449645832079	112
-0.013624421432918	0.309304985206354	112
-0.05015086991134	1.87303284000801	107
0.0692294513573261	0.432543366808688	14
0.110726828726486	0.546272363065256	11
-0.091194432644109	0.860038329386983	107
0.078929037354788	1.24000545658021	107
-0.048154882487208	0.805815678984434	107
0.059660771889714	0.764609245540991	116
0.087130735816923	1.25992256353576	977
0.021785737241918	1.33892501029723	38
0.065733283695211	0.95994138587594	38
-0.083380694066204	0.713112168316766	41
-0.043395909969501	0.809345677611924	41
0.037379244441776	1.21650170668885	41
0.02392952566919	0.933781452943878	41
0.0705317683104481	0.425845312107601	41
0.075940491956246	0.42279723745717	41
0.119242497915351	0.550157436961914	53
-0.00932865636546598	0.310898698430004	32
0.017894883074279	0.523270030832891	32
0.014588032689435	0.514190067926589	32
-0.012343767150176	0.272684696775072	32
0.065332514760505	0.427558040043245	36
0.118082663428587	0.560388391567878	269
0.11714907147507	0.557957559956189	172
-0.012103357756622	0.30665898897141	14
0.026545752969376	0.527787629803164	107
-0.115395591376716	0.770869112578874	107
-0.103536936954717	0.85785843635092	11
-0.068604083426406	0.809698232671132	11
-0.047541416423893	0.516283302940949	107
-0.098466250436374	0.949688191747743	107
-0.0564786513630841	0.719260656988413	38
-0.093704998606286	1.01921295493644	116
-0.025739610821916	0.997865297504062	38
0.0105670598482021	1.26404989186668	38
0.090425485524081	1.17169325566871	116
-0.106829130146821	1.04428766126677	116
0.013211654141507	1.12185683041399	116
-0.039923765846254	0.620447655272028	38
-0.054341401735484	0.788419069992342	38
-0.0157713655276071	0.89866002284832	41
0.059886492597197	1.05844041012084	41
-0.024577849186212	1.27046314068892	41
-0.034854848373843	1.14911108249227	41
-0.07631303866282	0.791101753568332	41
0.062110534531568	0.423308876408503	41
-0.014606338360923	0.308362454144827	41
-0.00809226912093297	0.302736533043509	41
0.02606005990238	0.530251475269049	53
-0.015129237918258	0.307858064641708	45
-0.054890357720933	0.386586472031049	45
-0.011351417939001	0.31015265310362	77
0.023310701586703	0.532294498132535	269
-0.052493825675093	0.390168007463029	269
0.014332521718466	0.523064299776682	269
0.114597145864416	0.538952876454236	269
-0.039926089281623	0.82129645031705	107
-0.124880028836355	0.382235757537966	14
-0.030610536530672	1.08964458798522	172
-0.086120518584747	0.868150550737676	107
-0.122577537997643	0.916491925436311	107
-0.032859845457376	1.25910212894193	107
-0.108818786264694	0.843108600105104	38
-0.119656718899623	0.785525720075841	38
0.0246772616699	0.863192391470691	38
-0.068855945647172	1.38536841963801	116
-0.056599629964053	1.13703735849107	41
0.039355715813248	1.47566614231272	41
-0.066978975991625	0.854077043841999	41
0.113569254936321	0.539402370067845	41
-0.120271509506342	0.38644706382996	41
0.114319476157655	0.774563210307134	41
-0.04932496462221	0.40170667360707	41
-0.0143764239694481	0.309223758483486	41
-0.00757135999329495	0.306852567040636	53
0.06986624178527	0.769938220094077	262
0.113838218157256	0.549801315446983	1698
-0.014606338360923	0.308362454144827	32
-0.044486796840371	0.405816712126546	45
-0.010078717883282	0.311559877079658	274
0.103713153730767	0.90081371166105	107
-0.112727768756763	1.60369896752871	107
-0.106289735419553	1.12778493827922	107
0.075792136245654	0.662644764632642	107
-0.037124152818812	0.625143404451989	107
0.059717358409074	1.50134429847245	38
-0.045088758519729	0.81882103016779	38
-0.049031641726187	0.397836780697867	38
-0.090498912772062	0.705329939869206	38
0.055735774676386	1.04619642506985	41
0.047009461440638	1.16672275186417	41
-0.108976791589697	0.845362075424686	41
0.068251407835092	1.07423421705401	41
0.052149760654389	1.04824312287601	41
0.11050503814865	0.54725784811134	53
0.00323285169823495	0.627449429648159	262
0.060122430594302	0.767583443894049	1698
0.060184931988982	0.421326552510971	32
-0.011465049907588	0.30364711573479	36
0.074940657275578	0.665325441987738	32
-0.0377082502481511	0.400300905290514	32
0.073326035301276	0.656389771963486	45
0.112142851088326	0.535462300100808	77
0.123416821520565	0.544411241632051	77
0.121161262703114	0.556786394746953	498
-0.047859754981584	0.393559148963075	498
-0.00955732451153202	0.308066811721016	498
-0.120018765077199	0.383885789807437	49
0.01706044307284	0.531985133195115	49
-0.039006388543416	0.827763340514367	107
-0.123534452176397	0.384672563564755	107
0.048276080000133	1.12761270288069	107
-0.054534764984522	0.887767042841986	11
0.05975531840784	0.759843622099426	107
-0.019858124772222	0.813420055444968	38
-0.012058558429264	1.35228070767204	38
-0.046708411968681	0.806230671494373	38
-0.121044995807792	0.578662818005298	116
-0.115840553051143	0.695232280646046	116
0.043891718079529	1.7103344879769	116
-0.07351182457685	1.18737304963333	38
0.0189451559095331	0.633115163190271	116
0.062325119899348	0.76612083548797	116
0.101197911164695	1.36124418184779	38
-0.119865386757222	0.771808078476178	41
-0.049555060445752	0.398432556040513	41
-0.011581310910634	0.30715594261813	41
0.063902996523607	0.427247391037626	41
-0.047615754612789	0.400165111246498	24
-0.05101801112111	0.396441796442641	262
0.068805236597918	0.633006563404777	32
-0.110438225042375	0.486069388587651	32
0.066097499822884	0.422533652613509	32
0.0692294513573261	0.432543366808688	32
0.06775026167829	0.425159973171365	32
-0.123298442644805	0.387667991616228	32
0.11119622701142	0.536859484076121	77
0.107624214090476	0.527429635790598	77
-0.045438960737471	0.404877654903689	77
-0.113176973017171	0.488497477450868	573
0.065234449686174	0.425982382242539	34
-0.013624421432918	0.309304985206354	206
0.121812205948443	1.47138888807168	107
0.0607342318849871	1.06270111331763	107
0.019291768337397	0.532186870998936	172
0.013613548778623	0.522320534862759	107
-0.042351685502623	0.82289194117976	107
-0.056303321061979	0.510520603493228	107
-0.044492035000014	0.401903190073989	107
-0.119743541054735	0.681192463930836	107
0.108408313323121	0.90739491234161	38
0.024336483486472	0.935155960226963	38
0.053578588898703	1.05961847330818	38
0.00865217089614701	1.59129297548032	116
-0.063014146020312	1.37667028624193	38
0.068554365118901	1.71629393193266	38
-0.023906807210674	0.631523663728418	116
0.00458749881756604	1.18183489899127	116
-0.0251567259695999	0.918520684486165	38
-0.013346145776896	1.16413141695673	38
-0.112653812738701	0.692210571627921	41
-0.098680126858781	0.959183699053822	41
-0.11779618087936	0.688501383308668	41
0.065727719940027	0.427894070646929	41
0.020982194588524	0.532048425820811	53
-0.00705063799826999	0.307344716540548	53
0.068514259763356	0.431702930604033	262
0.0670094301823671	0.647830146173493	262
-0.047606151443037	0.510513304203206	262
-0.048602988687304	0.403054845012578	32
-0.113390601315023	0.604218179504652	53
-0.0493048643616441	0.396504491866663	32
-0.043505770559801	0.405126258360448	32
0.118795015591208	0.559805837917357	32
0.0680918760955071	0.659934063381243	77
0.119554806369411	0.551817623876176	77
0.11119622701142	0.536859484076121	498
0.066404804995554	0.417721759522914	27
-0.010307977613186	0.307188752676449	65
-0.043015498950004	0.400236678053582	49
-0.110937861626215	0.49092739447197	49
0.085045513714093	1.07920480809049	107
0.025393730471176	0.944666388772827	107
0.102737539313671	1.00813732248583	107
-0.121125471466503	1.32314736534634	107
-0.047333210268346	0.787462805864204	107
0.065149695130032	0.980210737889293	107
0.086060001396908	1.14707683324501	107
0.0724665622061	0.660860237239881	107
-0.065765397923084	0.686430977532942	107
0.026535872966909	1.12026255812405	116
-0.102157162787139	1.20226622688039	38
0.077565868619686	0.876325956863253	38
-0.0841551775671981	0.593015364364511	38
0.082770630702574	1.21592984473639	38
0.071517419863808	0.427045099500324	38
-0.0782169961586811	1.02579509632481	41
-0.021212364313195	0.707318766239103	41
-0.0517409211423679	0.395770574228461	41
0.114212346063501	0.542606856692041	24
-0.012351030281569	0.308634402337749	53
-0.106349963435736	0.495796486186935	262
-0.114652373008772	0.592257636173933	262
0.109496043559812	0.539106968999434	53
-0.052121966254171	0.511714418739333	32
0.0193306764758709	0.521484878755838	32
-0.05438891156269	0.50179041023511	32
-0.055126466329666	0.501531102838228	32
-0.041583640988338	0.40491100921707	45
-0.047125433234627	0.398911556138685	573
-0.109192782510497	0.49295659719367	77
-0.050434978637433	0.507654345099417	498
-0.049816914252469	0.400002369811168	498
0.075408440484846	0.667587911681441	45
-0.011465049907588	0.30364711573479	27
-0.01107911046168	0.301879600328168	6
-0.056952822262187	1.30507003250634	107
-0.042587853450849	0.396983865277683	49
-0.118520652375064	0.779232303618034	107
-0.00933261609090896	0.920648556869528	107
-0.122638832042959	0.848776786931011	107
0.019789880604361	1.37057982870684	107
-0.051234131953337	0.516242702661299	107
-0.043085230476809	0.623354112314814	38
0.050520749274977	0.851063140394826	38
-0.046264114524568	1.54648386749201	116
-0.052375974360976	0.726060756488135	38
-0.115402479330854	0.599229253490716	116
-0.122875781581322	1.08427909816347	38
-0.090860562420192	0.702432940016086	38
-0.07960383147219	0.607052789768262	38
0.109547683834022	0.530347511696037	38
-0.0969074140107869	0.870563700162825	41
-0.097196474782173	0.775090005773084	41
-0.113584114690191	0.69412598613514	41
0.057641444735636	0.766414212315449	262
0.0673060307699091	0.429998857599968	262
-0.123786647934362	0.387741173875374	262
-0.013101985651201	0.309812124917511	53
-0.048106237137353	0.39956767643858	36
0.06873655272146	0.433267716079536	573
-0.014266259569677	0.303991157623534	573
-0.102103927772273	0.496578141420297	498
-0.049031641726187	0.397836780697867	498
-0.013331276710529	0.306264000235697	45
0.010825209328317	0.636174453757594	45
-0.0143764239694481	0.309223758483486	206
0.012448727787378	1.5213546532494	107
0.00797566809398298	0.637862738532191	107
0.014205675890881	0.639979057003407	49
-0.076697391696186	1.1263426864528	107
-0.0305350583713681	1.2566476377346	107
-0.092396526066196	0.969789918611122	107
0.026288623585687	0.532283441158684	107
0.020365490929992	0.929466747257852	38
0.102631764613312	1.25221543046291	41
-0.116718371697255	0.939595629783107	41
-0.082460107897404	0.99863203581879	41
-0.076615167977815	1.03721311628741	41
-0.046635953452555	0.973865854204221	41
-0.021484441199478	0.740596715640518	41
-0.00985000399211899	0.310392705484285	843
-0.0457049464468891	0.401588536424989	41
0.017607226780843	0.636149024628789	53
0.063802046200613	0.424547853941428	262
-0.122574299463917	0.387919878505882	53
0.066220825513949	0.427193816716165	53
-0.09623962199093	0.500791087709145	32
0.115042339877065	0.55196500385066	573
-0.048602988687304	0.403054845012578	217
-0.013101985651201	0.309812124917511	206
-0.014606338360923	0.308362454144827	538
-0.0143764239694481	0.309223758483486	42
-0.10187285596302	0.999699514642062	107
-0.109756061825029	0.491506804901668	107
-0.076814465559964	0.793916120250406	107
0.0253669571163589	1.27687933177247	107
-0.119581276630144	1.11274251313564	107
0.0108293918501901	1.11590354110932	107
0.03961167772518	1.0418566373051	38
0.090786470513984	1.08688030829024	38
0.031457436888408	1.11749659256576	38
0.013940764617584	1.77940526064578	116
0.0898710940751361	1.78320975426939	38
-0.010191107981828	1.27115758843597	38
-0.01543908289733	1.01770152862901	38
-0.00447230232130602	0.935308976247471	38
-0.121859455681833	0.90564747247061	116
-0.032415340695685	0.902167397206031	38
0.0885232842543801	1.35921925769336	38
0.122760995045909	1.73177305544414	41
-0.046974596611308	1.07917878763313	41
-0.0991439478102361	0.860047526011188	41
-0.048053396342818	0.958601533509425	41
-0.113893239088009	0.691148917530841	41
0.00947451921577003	0.636383276635918	41
0.115457888538721	0.557323926907344	262
0.015930322623872	0.745426213431825	262
0.066590722247304	0.424404496381017	32
0.069587738844638	0.649361200062495	32
0.065504741573766	0.427060609549316	77
0.071443523464674	0.660710566014099	77
0.01857505510597	0.529783160511132	77
0.061616367460323	0.42275650318415	206
0.00443255252685704	0.607794411892373	49
0.0524016644034741	1.12371576613791	107
-0.111613534484925	0.776771857917506	107
-0.047698868346734	1.23415632501616	107
-0.117354712890312	0.943359717350651	107
-0.020738268491681	0.916467245701477	107
0.076025868453905	1.14851874774324	38
-0.0642514600291551	1.45700394798794	38
0.104668680422948	1.44456915146865	38
0.045916492618413	1.3729610170558	50
-0.012104073336251	1.48005626832866	38
-0.000371681508110955	1.01225256629823	38
-0.102065615741821	0.857359359955722	38
0.017894883074279	0.523270030832891	38
-0.053352754195259	1.05583796576464	41
0.029563034823164	1.29521547510919	38
0.0799984297605491	1.25955041335747	41
-0.06774007809778	0.795486855661004	41
-0.027660326212548	0.992657715207322	41
0.01706044307284	0.531985133195115	262
0.117376284609186	0.550387525023715	32
-0.011351417939001	0.31015265310362	32
0.018936604099128	0.529068469850576	77
-0.049031641726187	0.397836780697867	45
0.070201696894063	0.6565116963778	45
0.114060444745492	0.547712300430483	45
0.068021307986142	0.432423938787649	45
-0.010944393752913	0.301329759029399	538
-0.0116008935365119	0.30518624821679	21
-0.014606338360923	0.308362454144827	1020
-0.080019788185219	1.47022618323099	107
-0.00738573062567705	1.26836177865549	107
0.061824303240391	1.91214157069543	107
0.0568053383336981	1.46416531871941	38
0.072708564405738	1.41695007118811	116
-0.071075382165344	1.05905240523312	38
-0.046026702162245	1.07198726472852	50
-0.077051271386651	0.874706734515271	38
0.111257239734824	1.16503784670513	116
-0.041274687095372	0.607875793302522	41
-0.00607255658601802	0.837209974259942	41
0.028083935701083	0.846425659418717	41
-0.049587063919885	0.396022343256716	41
-0.056816279812524	0.500388677558719	41
-0.04342725260311	0.622544718330539	53
0.063308505649573	0.418586262821492	32
0.065111730445852	0.428643533555	32
-0.047398169080632	0.399280023866762	32
-0.048868811421127	0.391447475190485	32
-0.056090373436309	0.375952848856302	32
-0.012103357756622	0.30665898897141	45
-0.00997518058477398	0.30136616351927	45
0.0705317683104481	0.425845312107601	45
-0.012579738056133	0.306348459330134	77
0.062769518124379	0.409535075804609	286
-0.015652326111167	0.3036297971358	6
-0.055008180236319	1.14650653509232	107
-0.11481003892118	1.56216792594581	107
-0.046860376055616	1.39788690863176	107
0.00352928049489598	1.10888185056747	38
-0.011707363961216	1.14583831380884	38
0.082834465847802	1.12352600848377	116
-0.0332678652740051	1.20824961119819	38
-0.00869091585123005	0.911978816279806	38
0.058180438128923	0.965517009244659	38
0.056149716724899	0.97073273123548	38
-0.037100088786222	0.61929152363325	38
0.060423796673444	0.773309022486101	41
-0.018783210821443	0.302809698045527	24
-0.010078717883282	0.311559877079658	24
0.016580601474331	0.64493156596561	262
0.076280522698619	0.658780695424373	53
-0.045438960737471	0.404877654903689	53
-0.048833176958386	0.401142697673106	32
-0.010307977613186	0.307188752676449	45
0.06259221555135	0.415961786714563	45
-0.012351030281569	0.308634402337749	206
-0.018260401278803	0.305926123097725	286
-0.095491102837034	1.42039130158632	107
-0.120143969953711	0.766267761555171	38
0.123806157410021	1.10900751051508	41
0.115533045404367	0.550014192493455	41
-0.108308013404945	0.499435244159569	53
-0.123335056813603	0.370804175793261	53
-0.101876406587978	0.496182264247645	24
-0.081248691436476	0.603383791551117	262
-0.05683060230024	0.503350192386832	262
0.112411978728018	0.542549821136587	32
-0.045438960737471	0.404877654903689	32
0.06139488490921	0.423170574735783	32
0.118757595205405	0.546134279152054	32
-0.013101985651201	0.309812124917511	45
-0.00955732451153202	0.308066811721016	1314
0.113225484502984	0.535607898922021	1314
-0.010078717883282	0.311559877079658	27
-0.11012924478396	0.485423406824602	21
0.017371125044381	0.522287382578247	21
-0.120789891402268	1.56335579149646	107
-0.019796995873663	1.33186556332377	11
-0.098419550432941	1.1149322975307	38
0.071792736948	1.81465740311798	38
0.024144684534316	1.29062545073415	38
0.10965211286756	1.18417271694114	116
-0.055073541279542	0.713329592887322	41
-0.10960771577029	0.598907797048738	41
-0.017753084134601	0.738214951332371	38
-0.114319568878583	0.593617731031663	41
-0.086020752842737	0.713273724617635	41
-0.117323924845584	0.441818851441957	24
-0.012579738056133	0.306348459330134	32
0.071856509999395	0.6510169367146	32
0.068514259763356	0.431702930604033	32
-0.015652326111167	0.3036297971358	32
0.059781407736359	0.413570133012971	45
-0.055602400091101	0.502367708893537	45
0.067083780017577	0.423725009236392	217
0.118573539054048	0.561194574514873	1314
0.07223167499218	0.428932841365855	21
0.024068280378749	0.920266752427725	49
0.064198046411154	0.870267745386711	49
-0.080495559308286	0.949794394709945	49
0.07426551388213	1.14136831523181	107
-0.097246573187283	1.475565788054	107
0.070113180523712	1.30822019646463	38
-0.067902305559774	0.805089912631541	116
0.023928541685997	0.926845897671288	38
0.103689976557131	0.901184431769512	38
0.031501622377711	0.865066693296012	38
-0.038150264832589	0.613530952989165	38
0.028124541805804	0.854889070206183	38
0.00706603873121703	0.636042748404636	41
-0.0347606968081819	0.634787549566935	41
0.0849454433551911	1.07638706292616	41
0.118351975235829	0.558316992720337	53
0.114551473024989	0.551179369126289	32
-0.056337491118891	0.384343849878801	32
-0.015760173354085	0.303743895564504	32
-0.00780062036231599	0.304418249633774	45
-0.048541322645149	0.396600483117232	45
-0.017512347384035	0.306009385691072	1430
-0.00757135999329495	0.306852567040636	21
-0.063664325506408	1.22695534663247	38
0.103713153730767	0.90081371166105	38
0.024063547451823	0.533833685760585	38
0.013789750670548	0.517137321518039	41
0.056032382240963	1.04543084436567	41
0.103854752179193	0.883204000675037	41
0.0589861057359961	1.1556353411233	53
-0.012252827424978	0.737543956402354	53
0.02529402225666	0.529384932967919	53
-0.00700335440942201	0.927281983333623	32
-0.05561397765767	0.385934995768072	53
0.060679206535603	0.421876912579415	32
0.0172911696118671	0.531408508118395	45
0.098682919276978	0.985201194150337	45
-0.0469652745947881	0.509682206889161	45
-0.010078717883282	0.311559877079658	853
-0.09539147264519	1.46879897574793	107
0.022447942843608	1.99010092230451	107
-0.00797492699772795	0.834908934057892	38
-0.077373946369775	0.874765514656418	38
0.00911472846254102	0.642073038626528	38
0.016802907990187	0.848173960326228	38
-0.023564330181438	0.729779509978721	38
-0.088207766201549	0.690906900303525	41
-0.035652230750135	0.830807366332019	41
0.095180288957633	0.979425931297783	41
0.061955556073595	0.879691224405863	262
0.021573511258295	0.531404158931469	32
-0.011690363724437	0.298522079434048	32
0.057501805747901	0.409326391709541	32
-0.02584900410156	0.288195565829502	77
-0.017512347384035	0.306009385691072	45
-0.039923765846254	0.620447655272028	45
-0.122459556628557	0.375859807962066	45
0.066936883524786	0.426163543798059	206
0.121541113547876	0.553111851815885	6
-0.013101985651201	0.309812124917511	853
-0.018260401278803	0.305926123097725	6
-0.0988818423305	1.01868130851912	107
-0.037890670060221	0.89078686024961	107
-0.077763507667883	0.96614855719369	38
-0.103529447788061	1.11004068804935	50
0.055191813236825	0.73749310127653	38
-0.068908985897668	1.06355169205125	38
-0.041139573885829	0.816141034802015	38
0.0826882239874101	1.03866526652484	38
-0.083554979296438	0.60723627956315	38
0.06873655272146	0.433267716079536	41
0.010263786010891	0.63608084476335	41
0.018087863586667	0.526495855808421	262
-0.020942026614326	0.73144885138757	262
-0.044717631482769	0.406228416061856	53
0.022632424219833	0.53057018459177	32
0.007199289075835	0.635407550857245	32
-0.041583640988338	0.40491100921707	32
0.012790274125654	0.517652667707515	32
0.0116881461741321	0.5165992530717	32
-0.013853756167389	0.309731576171906	45
-0.048323740293743	0.39950659544984	753
0.010024114319954	1.03403734741065	107
-0.043246380414376	1.6207806912235	107
-0.079475372445398	0.866683219586414	107
0.117861264428083	0.560341932747504	49
-0.00780754719784804	1.56270718568531	107
-0.092665605942412	0.692172964302721	107
0.056118522820671	0.970888649651116	107
0.088003669969266	2.43953182978804	107
-0.086097892495009	0.953083596445085	107
-0.013853756167389	0.309731576171906	107
-0.122129298452666	1.15672486545195	50
-0.05585003204919	0.502925892374687	38
0.049509161963899	1.43235824289769	38
0.052415929445398	1.14069927556974	38
-0.048231617081595	0.984953849972574	38
0.023347372520508	0.941406908151997	38
-0.019145575480409	0.813223897927531	41
0.0172911696118671	0.531408508118395	262
-0.066428943817631	0.70426862219055	262
-0.106016186335233	0.491865145125512	262
-0.049110079333569	0.793401196165018	262
-0.0547756993698551	0.506153989781065	53
-0.057569903292957	0.504054168886235	32
0.063240759400338	0.76638714330105	32
-0.106811363385368	0.495708633175242	32
0.018936604099128	0.529068469850576	45
-0.044486796840371	0.405816712126546	45
-0.058309166366961	0.503785184958668	77
-0.04932496462221	0.40170667360707	45
-0.046420277847866	0.401800735079608	45
0.065727719940027	0.427894070646929	45
-0.011351417939001	0.31015265310362	64
-0.011311613694409	1.17311155647536	107
-0.106507458143155	0.480665274840771	172
-0.066410718071149	1.04161249922148	107
0.00546085128004104	1.18682863800415	107
0.063212841130513	1.51268812506565	107
-0.039165636961075	0.621600227836314	107
0.074094557128685	2.22499517091495	107
-0.014606338360923	0.308362454144827	107
0.023983617628715	1.46597197452751	38
-0.0609738867123441	1.52936413897596	50
-0.102977641879151	1.1227645555775	50
-0.107728290031275	1.01486084765589	685
0.078462217428668	1.52584574166012	38
-0.058046019458713	0.504229277211408	41
-0.011122067543867	0.306754140926722	182
-0.100723619030576	0.496739951642891	262
0.024075298736928	0.844785931939469	262
-0.032168743361093	0.630322779030972	32
0.062110534531568	0.423308876408503	32
-0.037479171121959	0.401773102679879	53
0.014533895322136	0.650525313609205	77
0.010267077435775	0.71967187964993	77
0.019423107196492	0.530856626027996	45
-0.04250311183309	0.606597034372669	45
-0.01082960389892	0.310659749354367	45
0.072181817740272	0.420480030159731	29
-0.01082960389892	0.310659749354367	161
-0.090995698371426	0.791182119342619	107
0.061704958525581	0.417571223495514	172
-0.050204857520485	0.954382791248182	107
-0.113361383002297	0.602857720166771	107
-0.074734744191534	0.612106094978418	107
0.067734711512853	0.641924679601413	107
-0.052659457270295	1.67060968453098	107
0.057430299496597	1.0455656384337	107
0.019177043748003	0.642600025212936	107
-0.11380779296304	0.782680989898417	38
-0.116405243077444	0.946790880750152	38
0.05949203130945	1.06583083234664	50
-0.040338677714495	0.820771307506825	685
-0.044983852995233	0.402462358584844	685
0.0445594976139519	1.73004206339992	38
-0.094727686991933	1.05021131573042	41
0.113539659139796	0.554581364078402	41
-0.116767548097486	0.571765838801471	41
0.006583295483235	0.724860802215729	53
-0.00653010300550405	0.304008933048588	182
0.066220825513949	0.427193816716165	262
-0.0522326900407351	0.396312941536484	53
-0.054547218023661	0.505807600437008	32
0.0747347886825021	0.422248749402877	32
-0.080037469021165	0.606843392214904	32
-0.029563033986489	0.62960799839853	32
0.013314013679795	0.642707093631461	32
-0.053334393440966	0.510137754376321	32
-0.108586131391093	0.484356056145292	77
-0.122574299463917	0.387919878505882	77
0.0761183558852751	0.665116279228797	44
0.0112503780452889	0.638476425531359	77
0.068021307986142	0.432423938787649	45
0.067568261630773	0.645557908414099	45
-0.013624421432918	0.309304985206354	161
0.00451291096569095	0.619467206399939	107
-0.123716210732553	1.25656669987477	107
-0.056040593423902	0.512679294516381	38
-0.123096476141447	0.855302912341959	38
0.017034494421456	0.644938283209427	38
0.021939597725596	0.844206914669046	38
-0.057306578685705	0.503523075184367	685
0.00212439460043701	1.36320118429666	38
-0.0774073185154141	1.0427062658522	38
-0.086447504812329	0.961255928677563	38
-0.055470890773776	0.888850484896402	41
-0.047439540969543	0.512571118080017	41
-0.012873233777438	0.308131929989485	182
0.01536793171205	0.526448688530343	262
0.115533045404367	0.550014192493455	32
-0.00630148959092802	0.307501913163364	32
-0.057031110358355	0.495044575043967	45
0.0727720325018411	0.660131859816091	45
-0.043765277911147	0.404872502815869	435
-0.01082960389892	0.310659749354367	45
0.069007047059067	0.426545564270773	29
-0.048833176958386	0.401142697673106	456
-0.033607207384514	0.91021099620413	107
-0.072656231835439	1.30637568378558	107
-0.082831567803081	0.867463902052066	107
-0.00612386614284199	0.91929594423437	38
-0.047615754612789	0.400165111246498	685
-0.123651433550808	0.952100719015052	38
-0.12412685168017	0.931726937833071	41
-0.107983576213562	1.1073138049858	41
0.030226394900958	0.923207762751183	41
-0.041583640988338	0.40491100921707	41
0.115673952751577	0.793658519507854	53
-0.081923069032479	0.607298071785508	53
0.0166904878052569	0.522745554754554	32
0.122611030025344	0.790058535096107	32
0.068255455827716	0.768103774130194	32
-0.12464873338781	0.38568710094256	45
0.070511647814791	0.656602084456523	45
0.073383863832186	0.647607741453411	45
0.063085808714421	0.421834857282596	217
0.0673060307699091	0.429998857599968	6
-0.01082960389892	0.310659749354367	64
-0.012579738056133	0.306348459330134	64
0.120500993050882	0.802970911927155	107
-0.0384458202908839	0.995359291071633	107
0.091045774120126	1.87211843273944	107
0.050493628838168	1.0385725813676	38
-0.114886244999978	0.600042967305229	38
0.00731111377879301	1.37504729928407	38
-0.100534424558974	0.497277365441549	307
-0.052502392984197	1.58706340943471	50
0.015051537890697	0.522733228605476	38
0.119285894597478	0.560609605474779	685
-0.085186603883032	1.10745816534776	38
0.000485174282972012	1.28610149086374	38
-0.123356312711295	0.904590617898945	38
-0.047058457966909	1.2463439306531	41
-0.046420277847866	0.401800735079608	53
0.012546271917216	0.49742276167059	32
0.018832391416603	0.524518769483162	32
0.071024676318343	0.427734443724901	32
0.00621450613756303	0.62622961095075	32
-0.051509787323727	0.396986142120631	32
0.062553459129308	0.414410292314576	45
0.014078314968247	0.741110017981544	45
-0.045208217351766	0.405617590405059	6
-0.00932865636546598	0.310898698430004	161
-0.00326953475123704	0.301710940325323	64
-0.06273649798228	1.13340932698171	107
-0.050928080563285	0.793719060863044	107
-0.053205225632324	0.390568094634678	172
-0.00394632712087095	0.918191035840418	107
-0.023892261818883	1.07276343270349	107
-0.00332794715815199	1.75482791013845	107
-0.017254798437365	1.88058722657194	107
0.0577417144282431	1.81742043314748	107
-0.00017322268569997	1.44319366001087	107
0.106844479182187	1.80114182023858	50
-0.011387552580763	1.50939482667224	50
0.122595455586419	1.10054489105198	38
-0.090872955336969	1.04762454386242	38
0.045311288624647	0.9919936413767	685
-0.063932280808824	1.07095841039764	38
0.00702360411552006	0.806495186883604	41
-0.059553285909415	0.499314877976539	41
0.115457888538721	0.557323926907344	53
-0.122338223451258	0.387127309622202	53
-0.0498033736221411	0.391998711468698	654
-0.016242968537248	0.302486726404103	654
0.020495432229663	0.533869015472692	654
-0.092367075271939	0.794990911965463	53
0.00868538759410997	0.635488001836209	32
0.059984798477548	0.773386496293661	32
0.123424520229453	0.806066560215711	32
-0.054126981277107	0.501926918050382	44
0.023833886242054	0.530427248155223	45
0.121872419167541	0.558596667395072	45
0.00993008341177604	0.638220885374867	45
-0.013853756167389	0.309731576171906	45
-0.01489928024848	0.304953970811166	6
0.0697221855447751	0.427366790874333	6
-0.055422522185302	1.13722169120101	107
0.016148224697381	1.12101452920584	107
-0.017871051257847	0.822789440304699	107
-0.111941710582018	0.490025692393463	107
-0.0949377229368	0.687943661950772	107
0.123731742373439	0.791017564247158	38
-0.033324958603446	1.46303131838888	38
-0.024147024515745	1.00459917601639	38
0.067097697335093	0.642505996025241	38
0.066923795323817	0.648462689089445	38
-0.059565512465414	0.97640805815678	38
0.113584113431113	1.67652164203791	38
-0.073712118840871	0.975275743621669	38
0.093255311577827	1.2642731239936	38
-0.012873233777438	0.308131929989485	53
-0.013101985651201	0.309812124917511	654
0.103097061144066	0.88229927980009	53
-0.041049398874177	0.617342992515408	32
-0.059048391076601	0.502542293735227	32
0.121589524618942	0.78042413634052	32
-0.010719690177716	0.303804907375998	32
-0.01082960389892	0.310659749354367	32
0.065011583262612	0.427761488320744	32
-0.047615754612789	0.400165111246498	32
-0.039391704750592	0.399009516585891	32
-0.04932496462221	0.40170667360707	44
0.016342606091206	0.530526997763678	44
0.00712691047406799	0.624402146111226	45
-0.045246803918234	0.395129497801427	45
-0.044717631482769	0.406228416061856	45
0.11643696094707	0.553659467960388	45
0.0692294513573261	0.432543366808688	29
-0.0351884562127019	1.34046618863951	107
0.053092141272757	1.78626550330268	11
-0.034566637825597	1.48618002129193	107
0.086000408380917	1.49549636434022	307
-0.055739629515934	1.06317754963233	50
-0.017224585929539	0.920113319442802	38
0.025378502708187	1.10151955982253	38
-0.116723979386888	0.689661494336677	38
-0.0383513993532451	0.827596416553881	41
-0.068380602980811	0.80677795961393	41
-0.070968833287316	0.614565871847778	41
-0.0545442277507731	0.708228951792041	41
-0.039262398192443	0.626350162395366	53
0.120119774333447	0.548763565274564	53
-0.033284817705694	0.628424738584457	654
-0.110284542766543	0.483242759617095	654
-0.093889593267725	0.697419599680657	32
0.071246130572965	0.427724577458125	32
0.063579236992142	0.423710016349816	32
0.023091353761424	0.532256409343095	32
-0.0483728774526609	0.401549119940006	32
-0.046907685517274	0.399875915062103	32
0.063802046200613	0.424547853941428	32
0.118144079933925	0.799838185394741	44
0.018009134654146	0.530350031904946	45
-0.039651811537448	0.403180944652414	45
-0.047615754612789	0.400165111246498	45
-0.0493048643616441	0.396504491866663	45
-0.044235509949801	0.394061886057231	29
-0.04517953332545	0.396094409724242	6
0.0734190897666051	1.22957821342305	172
-0.055271481691927	0.728145197805643	107
-0.104662243900895	1.48951751174894	107
-0.039300694297555	1.57178873351099	107
-0.050931908262311	1.23602857782081	38
0.00811107146534895	1.27266721360023	307
-0.089874831869194	1.1381667340892	307
-0.081839428935591	1.12936324037202	619
-0.088399116401081	0.707592256267751	619
-0.097698912885349	0.787925544769861	38
0.0802253118662451	1.16148108687233	41
-0.092984987936829	0.961997599901561	41
-0.083901293128799	0.845253350172643	41
-0.027243554439576	0.922392629974169	41
0.055571880171825	1.06129119199614	41
-0.00771738908680297	0.925899960248648	41
-0.052184288337618	0.514684735650345	182
0.060184931988982	0.421326552510971	53
0.024549407467958	0.531308448964134	182
0.104529704068988	0.88132264494451	654
0.11645952485935	0.790366875508682	654
0.014893041257916	0.641945427019251	1584
0.111748061590377	0.906206663455898	32
-0.013853756167389	0.309731576171906	44
-0.012579738056133	0.306348459330134	44
-0.041093026938717	0.405516043775666	45
0.071246130572965	0.427724577458125	435
0.065011583262612	0.427761488320744	45
0.00369608269225097	2.01069944980707	107
-0.116197231970567	0.582430730455893	107
-0.078929203405278	1.01790617624457	107
-0.012831199609861	0.916721616357358	107
-0.105774333003484	0.490384493523456	107
-0.068754683156695	0.969722411439647	107
0.022644871355006	1.10523960276756	307
0.121826694773916	0.792133189770326	38
0.092231739049875	1.51169579123377	50
0.078626461681631	1.16140843628276	619
0.115709048778668	1.17902666711646	41
-0.110476247226456	0.488179117413532	41
0.118573539054048	0.561194574514873	41
-0.118820782571658	0.775539244793753	654
-0.011465049907588	0.30364711573479	654
0.02037027983245	0.53067861760661	654
-0.060644589033625	0.715209337783744	53
-0.038593445380791	0.618233008641747	32
-0.052335718193203	0.508218172973306	782
-0.110395486112825	0.488911889384405	32
-0.052016677311948	0.515939460003165	32
-0.04704649953471	0.5978612744853	319
0.024522805673286	0.529775544494161	32
-0.00578118884246803	0.304167437767242	45
-0.123786647934362	0.387741173875374	435
0.077199613215439	0.661563048099464	435
0.115042339877065	0.55196500385066	45
-0.0177377801972	0.303517158698132	45
0.065504741573766	0.427060609549316	45
-0.014083627307242	0.304931736151417	29
0.060931084663726	0.76843260745866	6
-0.114749183325441	0.68599580048406	107
-0.088889512696315	0.701854299878935	107
-0.020224842977274	1.08189885003831	107
0.065826416371248	0.428118271562549	107
-0.0659790666664249	1.83256528514862	107
0.104101301491569	1.34531649785265	816
-0.00416213688957001	0.923840580097487	307
0.015798881591073	1.43633550176623	307
0.00294634026060903	0.93251839430012	50
-0.068715220720571	0.803605244580482	38
-0.0911971346787101	1.20093027189523	38
0.056802990991369	0.949910604707327	41
-0.071395456941678	0.791794814927257	41
0.02108716984729	0.529620119204942	182
-0.081588457618243	0.714541070459066	654
-0.058071367598345	0.491138252937967	654
-0.0500555127710191	0.514121075551402	654
-0.109586827395709	0.487108310852672	53
0.00414554288090696	0.631378357075973	53
0.0174083755721089	0.523471627463019	32
0.010052174569974	0.635400072189118	32
0.0669641705069109	0.780635522740512	32
0.0554389933245381	0.400210096883272	32
0.012739319180855	0.637349857460287	32
-0.043107716758079	0.613058093414954	32
0.020600670292468	0.525615584881794	435
-0.124022549019788	0.386298231965833	45
0.06873655272146	0.433267716079536	124
0.063202830875896	0.761959423354018	107
-0.048862930752765	0.498941593505335	107
-0.057321114049259	1.31885540135557	107
-0.078495465160185	1.03599817537091	107
-0.116259324199621	0.68621849433311	107
-0.078125372549368	0.614271965187548	107
0.020386464510008	0.931169949189486	38
-0.052257302108076	1.57323150574387	307
0.020057395901911	0.762686880411504	307
-0.064925555962899	0.966205872441394	307
-0.053701222001227	1.54469494731356	307
0.07318962541131	1.85975677731208	50
-0.065242031078913	1.13506935075092	50
-0.0808070060192801	1.05778636694262	38
-0.08404206295062	1.19435372723858	38
0.095597839288902	1.60593050317859	38
-0.068811137803841	1.05468442194279	38
-0.021820565237112	0.99542890997924	38
0.050004107452435	0.948541863396715	38
-0.043114893555434	0.382467802131808	53
0.01694571131916	0.51831517161579	32
-0.10018568232823	0.497789138741179	32
-0.01082960389892	0.310659749354367	32
-0.080471230072984	0.605259939212846	32
-0.032055521881693	0.629669664652055	32
0.11443162086433	0.542111840733674	32
0.021588477914174	0.526395108092975	32
0.00971389918106802	0.721595057477809	32
0.117861264428083	0.560341932747504	45
-0.044227206695181	0.404926512088884	45
-0.075792819240914	0.795889657726951	107
-0.048911448704665	0.513303170645528	107
-0.112699487793638	1.07494616216383	107
0.119250097275117	1.19390745073257	107
-0.102886762860379	0.501722199817992	107
-0.068764633499671	1.32605240092518	107
-0.088650865468947	0.702825814246011	107
0.084883952253152	1.17535504158421	38
0.05053198476971	1.13422652848476	307
-0.0610944892844571	0.717281095117792	307
-0.037030003414477	1.12921268207521	307
-0.050171571831814	1.07573583636785	307
0.040118892164725	1.4832075996836	50
-0.114590287884808	1.14709661895988	50
-0.120001911628718	1.01636305218806	50
0.107553685224083	1.61170770623941	50
0.098877432835334	1.54576388318629	38
0.117416154740339	1.1944393307049	38
0.12169193007699	1.10188789972178	38
-0.0355150771199	0.906096866401644	38
-0.086597580001199	0.935544433912477	38
0.043592288035505	1.01533889030019	41
-0.055383506200927	0.38607247279498	211
0.023577529582369	0.534053034597982	32
0.01792801149753	0.746554688241038	32
0.065504741573766	0.427060609549316	32
0.065504741573766	0.427060609549316	32
0.065504741573766	0.427060609549316	3
0.065826416371248	0.428118271562549	45
-0.079735402932711	1.36297498700727	107
-0.124560920737169	1.75981886229978	107
-0.117338156649192	1.59115539235364	107
-0.035927738011356	1.55992045252601	107
-0.014865222766911	1.18921384868177	307
-0.014502105731297	1.40563200664224	307
-0.06997625402278	1.43652624098969	307
-0.038042152248462	1.14681357080833	50
-0.033093841188694	1.25238102749169	50
-0.087573937330391	1.12120877040794	50
-0.00173484967367399	1.10508642776467	38
0.085296763753298	1.61422298810068	619
-0.042389922522014	0.812642319931138	38
-0.098421957452917	0.952652208943405	38
-0.063756752668981	0.814138384093401	41
-0.00697703366403801	1.1891450910658	41
-0.116300441721663	0.858050741709473	50
-0.04932496462221	0.40170667360707	211
0.027803436667351	0.950791665131617	32
-0.05660147116472	0.498092035652567	32
0.068021307986142	0.432423938787649	32
-0.105840620882478	0.493355643734089	32
0.065548196994937	0.634381767552747	32
-0.011351417939001	0.31015265310362	32
0.068021307986142	0.432423938787649	32
-0.014606338360923	0.308362454144827	32
-0.044977551715461	0.403333012286339	44
-0.045927201734994	0.393916205134239	3
-0.047653778608595	0.391593538111809	3
-0.04559431821863	0.513503638501514	45
0.0628261542360971	0.422300847683199	45
0.06931354877337	0.421184170400063	29
-0.040372464329973	0.405081926853881	29
-0.011581310910634	0.30715594261813	42
-0.013624421432918	0.309304985206354	1138
0.008221322495504	0.798485562812487	107
-0.00341911832103103	1.44156558505892	107
-0.117514420380693	1.31620446121726	107
0.070874748054948	0.409787475321864	107
0.1202754410982	1.09882103291249	816
-0.100798401561584	1.03085899250676	307
0.00790419938739595	1.36610742072048	307
-0.011466514995378	1.59403445103874	307
-0.095203075053954	1.25031495325878	50
0.068955489066963	1.58711366185601	38
-0.054547218023661	0.505807600437008	619
-0.008088941642445	1.16910826130847	38
-0.012262342265949	0.836871841144349	38
-0.042544154427698	0.997242602043311	38
0.021161272625189	0.944950240239912	41
-0.00749431681092305	0.996859350523255	41
-0.117678937049407	0.583855592555949	41
0.025369138003697	1.03601207766018	182
0.11643696094707	0.553659467960388	211
-0.113968305294681	0.600498121762862	53
-0.055683793046853	0.505241584679208	32
0.065504741573766	0.427060609549316	319
-0.014606338360923	0.308362454144827	44
0.066936883524786	0.426163543798059	45
-0.013853756167389	0.309731576171906	3
0.064890851566312	0.423529530325631	3
-0.045929538704337	0.40426972621846	45
-0.01082960389892	0.310659749354367	29
-0.00313278177204601	1.3486560154506	107
0.02701304322891	1.12489058072918	107
-0.099752143195744	0.77722372700969	107
-0.057089863205352	0.707511756381581	107
-0.103792216280428	0.954871870288407	107
-0.014895343909107	1.32644669239114	107
0.061125803506385	0.967303428582741	107
-0.101304430021311	0.947653783752855	107
0.109595014652245	1.89050875049554	107
-0.00308078812886003	1.1919896803522	307
-0.026785977557533	0.913640028245787	307
-0.116870562911347	0.936681656629151	307
-0.117617255136073	1.01898623268721	307
-0.107690310734632	1.1131296933619	307
-0.043338720621754	1.24716063727905	50
0.028042162405077	1.43394985152676	38
-0.046269959596722	1.15542419600045	619
0.110534726978808	1.28246789449683	38
0.102607303987116	0.874733868539612	41
-0.0144102852546421	0.834311701231825	50
0.121872419167541	0.558596667395072	50
-0.055777702519727	0.511746263506243	182
-0.122826485962358	0.385841741432623	211
-0.044820903839997	0.589733763387504	211
0.11669176953522	0.547769004477522	32
-0.013624421432918	0.309304985206354	32
-0.046666933138394	0.401774449510598	32
0.015882417672524	0.518096093887413	32
-0.044227206695181	0.404926512088884	32
0.071246130572965	0.427724577458125	32
-0.01082960389892	0.310659749354367	543
-0.013624421432918	0.309304985206354	44
0.075719583745356	0.4168371620737	45
-0.00757135999329495	0.306852567040636	45
-0.013331276710529	0.306264000235697	259
0.06873655272146	0.433267716079536	29
-0.103277488946257	1.39988107197015	107
-0.107893017263296	1.00346407610816	107
-0.121127761968851	1.09005798798805	107
-0.077242611823822	1.26740320042735	107
0.028708065127962	1.63041502598569	107
-0.096562204627164	1.53700368843679	107
-0.00303024076588898	1.53242108468283	107
-0.088576418851026	1.29760703552451	107
-0.042885827222902	1.33369750439409	107
-0.124518633552137	1.01717726096541	816
-0.09824634344824	1.04494687638562	816
-0.056882288487258	1.15160195385841	38
-0.053551057636785	1.31860438565005	38
-0.070120372051927	0.897704595101839	307
0.061509576898906	1.23029424530833	307
-0.103102901127229	0.763620187254526	50
-0.123592294461645	0.844533969041396	50
-0.104534769003572	1.02114519960436	619
-0.027189989703767	0.921672724430075	41
-0.090860562420192	0.702432940016086	41
0.091187280696704	0.957606552549393	41
0.096237513792068	0.997335706994192	41
-0.000401413606171963	0.939031390976354	41
0.022295353654351	0.837196268262162	41
-0.111958511195813	0.479190820177146	182
-0.050122200541222	0.51269944267217	182
-0.048964048373112	0.510846129407452	182
0.06873655272146	0.433267716079536	53
0.069892520789859	0.648082523120987	211
0.0118404620814579	0.509784187575738	211
0.018219819726872	0.526269655084912	211
0.00922270263820701	0.643439660267623	211
-0.04932496462221	0.40170667360707	211
-0.041813498589566	0.404645085772278	32
0.018844275608265	0.521681092008296	32
-0.012579738056133	0.306348459330134	32
-0.049522121948636	0.397244090839285	543
-0.011829014813697	0.305214293953818	29
-0.014606338360923	0.308362454144827	29
-0.100653143770414	1.44053982655789	107
0.070446379205642	1.8289598116692	107
0.024694794154124	1.09938867096191	107
0.00371713739405699	1.16477837496906	107
-0.086770688856461	1.03274843260935	107
0.079266290386283	1.34682505750245	816
0.014967541893317	1.47898946046797	307
0.075129983959606	1.23316254314483	307
-0.065716323983204	0.96024626219197	307
-0.112203172450468	0.606369785532135	307
-0.040126655872921	0.825372891819112	50
0.057429307209851	0.946823423935735	50
0.102757780862449	1.25802451082586	619
0.014819788325774	0.521323038893825	619
-0.092631403019549	0.785739956236921	41
0.110212227920574	1.1774349961071	41
-0.038473572665	0.624839245044817	38
-0.0203427835511369	0.726372830232815	41
-0.0850902225336821	0.60232478428678	41
0.121006730097656	0.796442595449701	41
0.10268159244971	0.894058482705858	41
-0.08221333719674	0.704603076906574	50
-0.040832768631324	0.398567345995581	50
-0.044317859900705	0.379012847215457	211
-0.050543767086898	0.391740551791282	211
-0.036213999690234	0.626068500744246	211
0.069175228971055	0.662377150507311	211
0.064295421899139	0.426449645832079	211
0.0729458883547121	0.429109969063495	32
0.117182647686783	0.548543138743426	32
-0.013101985651201	0.309812124917511	32
-0.00985000399211899	0.310392705484285	44
-0.014147045532894	0.305040086639893	3
0.0206261649471799	0.532073161958275	45
-0.051211378785136	0.38643552033362	58
-0.012873233777438	0.308131929989485	29
-0.00630148959092802	0.307501913163364	29
-0.106643436327512	1.38108604348671	107
0.0849759647825989	1.85483467917863	107
-0.048697447116688	1.13773257371389	107
0.00470239275709405	1.08154335281951	107
0.033735436971934	1.14037326944995	107
-0.049961695227404	1.21822477876652	107
0.123770644550072	1.56982391327397	38
-0.122798084566416	0.934302071169299	307
-0.119948798717015	0.670211209464115	307
0.083508121987506	1.16372013570095	307
0.00882180204789196	1.11721606186629	307
-0.0566581383450649	0.901647592820897	50
-0.049382896739453	0.807860113919449	50
0.110130479616677	1.17172648503655	50
-0.113982514827225	0.696136147963244	619
-0.08083766145633	0.706828655558301	619
-0.040482977871388	0.814400234305984	38
0.110694156825874	0.891973598817685	41
0.112386058977292	1.00352293363409	41
0.102190698059179	0.870106989630855	41
-0.08599722841532	0.594724508674127	41
0.018357876340918	0.750309256084044	41
-0.096360927449261	0.49893860973132	41
0.117010002537392	0.757201673978585	50
-0.074011317863878	0.610854215022231	182
0.110944289689737	0.910960129246461	182
-0.01082960389892	0.310659749354367	53
-0.024835076521901	0.730054954003548	211
-0.05419241889475	0.493168936441044	211
0.016085879417556	0.527887344372366	211
-0.119783562044069	0.386379053191203	211
0.071738984997114	0.42963122419925	32
-0.014266259569677	0.303991157623534	44
-0.018260401278803	0.305926123097725	44
-0.013101985651201	0.309812124917511	3
-0.00430896783153401	0.297354487559455	3
-0.120185842397287	0.378460456243239	58
-0.013853756167389	0.309731576171906	45
0.04643177236859	2.23973189624372	107
0.060120743483612	1.55822404166204	107
-0.049754535763767	1.18715839994715	107
-0.00057653147609904	1.46954222909224	107
0.082868801090779	1.35396459744613	107
-0.013227042098187	1.01782152906406	107
0.075469708445867	1.32713316998399	107
0.033623416021438	1.64672102329102	816
0.022073308323032	1.16636775209287	816
-0.039620201979959	1.23593509006618	307
-0.06544205410249	0.875903444147563	307
0.00102775527367105	0.930950631891028	307
0.024531479126073	0.947096646264418	307
0.052419704131187	1.03347650313639	307
0.000638096162008051	1.0030233582333	307
-0.0578165711684	0.504000129173414	307
0.077361001068894	0.663281943265396	307
-0.00240179855255895	0.916342288614811	38
-0.025516882687934	0.733234262397534	38
-0.037793673067144	0.630252022596998	38
0.053942524802857	0.846435891416829	38
0.12038942315028	0.795701101641091	41
0.0215881252433761	0.758856438293181	41
-0.042162796279149	0.601471117222179	41
0.122435756707877	0.895238165421098	41
-0.043332109619272	0.619690857648381	41
-0.04717782851505	0.51109739779622	41
0.117591626354504	0.556802903241462	41
0.069648596202477	0.649801238200087	41
-0.115265825725979	0.577682944242666	50
0.023179067343942	0.754932629175058	182
-0.043274676498284	0.405479729353745	211
0.071443523464674	0.660710566014099	211
-0.124999220538264	0.38508206599332	211
0.012894619719624	0.52046104979049	211
-0.047166868922168	0.395623071949438	32
-0.02193554004941	0.297186557793273	86
-0.05272462088033	0.394651174299956	86
-0.01082960389892	0.310659749354367	32
0.107402892696234	0.533412986458397	3
-0.013624421432918	0.309304985206354	3
-0.012351030281569	0.308634402337749	3
0.071738984997114	0.42963122419925	58
0.065504741573766	0.427060609549316	29
-0.00395029005700398	1.47864180725162	107
-0.059229641902003	1.14602301190154	107
-0.108223919356179	0.927500293813269	107
0.097995536931606	1.32506934970775	107
-0.057853961340058	1.43144280349728	107
-0.077677983707423	0.963962894734834	107
-0.086855198887171	0.709008360701252	107
-0.0929022978776129	0.834088813979502	107
0.0607342318849871	1.06270111331763	107
0.018781891800612	1.11128102424636	307
-0.05159508354216	0.717236285329449	307
0.012898746065887	0.75018160628536	307
-0.0499111199254511	0.507283619620736	307
0.119131988909424	0.786297553921663	307
-0.040625761586162	0.627000321148523	50
-0.122316215500982	0.577723150214072	619
-0.078495465160185	1.03599817537091	41
0.090669864934389	1.08023916886059	41
-0.119809655654247	0.580283191465812	41
-0.045929538704337	0.40426972621846	41
0.015029423429006	0.518391528415866	41
0.061122035005948	0.417665248314766	41
-0.010307977613186	0.307188752676449	452
0.0645182602386301	0.425848369467749	41
-0.00962183830010199	0.303144146454743	50
-0.0423041051794451	0.404041633823828	182
-0.108353683075191	0.492059949077163	182
0.06595061339597	0.424959093225807	211
-0.00985000399211899	0.310392705484285	32
-0.061122413141927	0.494216029905887	86
-0.046907685517274	0.399875915062103	32
0.068021307986142	0.432423938787649	506
0.066713766514616	0.422156977895027	29
-0.000228142317888036	2.14703973498412	107
-0.0687499719118691	1.44295999640318	107
-0.0175159029376361	1.01762147687871	107
-0.010498286608644	1.18453808549633	107
-0.00430489359415398	0.849013990797192	816
-0.044492035000014	0.401903190073989	307
0.0593019412188121	0.619109658867771	307
-0.070164217201827	1.74130540732866	307
0.016459255964612	0.52071248315468	307
0.066541063207872	0.426069036581229	307
0.119353828026348	0.542979406667388	307
0.121602046379939	0.559957524290477	50
0.035734460779734	1.13331251820922	50
0.116441802377022	0.549844959053886	619
-0.122338223451258	0.387127309622202	38
0.071738984997114	0.42963122419925	41
-0.00857942285588298	0.307786121663996	41
-0.039595524666677	0.615547500610075	50
0.118795015591208	0.559805837917357	211
-0.010600298850402	0.311050852910577	86
-0.012873233777438	0.308131929989485	32
-0.0423041051794451	0.404041633823828	441
-0.115082607534936	0.697362655432314	542
-0.052383470240535	0.510040189599189	58
0.02282407597002	0.531528771587253	21
-0.11824580888124	1.46989107518904	107
0.090176364682978	2.13741182313613	107
-0.083304624009275	0.957698096829697	107
-0.070171119469836	1.0333306025099	107
-0.085550027248623	0.871220286649173	38
-0.108408759936452	0.788895513819249	816
0.083930501795892	1.2431607475293	307
-0.08052322044177	0.594746019968726	307
-0.032497648697415	0.628753853880488	307
-0.0839742232058161	0.705209489789115	50
-0.083748417098705	0.713568219324185	50
-0.028581952266607	0.729235582319942	50
0.074080118019961	0.668499786738027	38
0.011949360773443	0.63705480355073	619
-0.07716328144227	0.886653976009965	38
0.092892896663245	0.991262645585155	38
-0.085422399056835	0.604080846921196	41
-0.051598491759169	0.50681406272245	41
-0.081908664990453	0.612572547205689	41
0.075649974337624	0.664157953518836	41
0.02108716984729	0.529620119204942	41
0.021573511258295	0.531404158931469	41
0.061316711284383	0.966637314770993	50
0.062563896639973	0.777929848762335	53
0.068243489530662	0.431309634462526	211
-0.0143764239694481	0.309223758483486	32
0.064295421899139	0.426449645832079	542
-0.050012763414804	0.394859017590169	29
-0.013869561047518	2.36378028670858	107
-0.098776495292605	1.74944784668809	107
0.057264612040053	1.66230134506111	107
0.000440983728437039	1.35847447053957	107
-0.100194515946637	1.35288269317277	107
0.118849579035005	1.15255157538893	107
0.056044169895054	1.24235725234089	107
-0.032301136656412	0.618844669234314	38
0.044349194471116	1.56705257716672	307
-0.048719357967378	0.908489213237164	307
0.093815242810493	1.17864202924292	307
0.019026737304404	0.942464182725136	307
0.087251704659484	1.07845557843301	307
-0.01893126115794	0.73369919343167	307
-0.030176863281743	0.709361811412541	307
-0.032646616840326	0.81234581944053	50
-0.017191616966261	0.829297330552428	50
-0.054590150804634	0.506359366444858	619
-0.050597185971315	0.51191818013514	41
-0.041274687095372	0.607875793302522	41
0.073611959713875	0.666223561785704	41
-0.123920898039377	0.384892161873963	41
-0.039712485521623	0.629225799611805	41
0.01935795134482	0.727744308092788	53
-0.0855992427331101	0.59996883857214	53
0.120164100170934	0.801806117540321	53
0.065727719940027	0.427894070646929	44
0.062110534531568	0.423308876408503	58
-0.013101985651201	0.309812124917511	29
-0.013101985651201	0.309812124917511	29
-0.00682197718210797	0.307010175023862	29
-0.00884167162513605	1.25497609937525	107
-0.100930314974912	1.27403484301183	107
0.092066715790459	1.49850802681304	107
-0.105174092985572	1.02257071429646	38
0.032544182867103	0.951440804203022	38
-0.086793368593968	0.710726181269764	307
0.016682450989983	0.818609524871516	307
-0.018999247570835	0.825150206433041	307
0.113572728559226	0.787339340309935	307
-0.0734720101287319	0.619769069096346	50
0.01726316535679	0.749061136511639	50
0.0666209240990741	0.872144812876852	50
-0.048286765418024	0.808199671666271	50
-0.041411854598937	0.626665107158796	619
-0.053919873756887	0.376619797507496	41
0.059761664956183	0.946479977999509	50
-0.044308964388239	0.804115557679386	50
-0.03446342493153	1.00630747175637	50
0.124997459375394	0.801032940831178	53
0.016803863967488	0.52808696414946	211
-0.015129237918258	0.307858064641708	44
0.0206261649471799	0.532073161958275	3
-0.00805849611470599	0.304424092574318	3
-0.04924914025938	0.393689487270398	542
0.120830411380203	0.551990297615139	542
-0.042070831393131	0.622557741024885	542
0.010064419921975	0.509767407936078	29
-0.010371539185857	0.306127575405917	29
-0.051509787323727	0.396986142120631	29
-0.015760173354085	0.303743895564504	29
0.070389177136727	0.42359080120475	23
-0.012211256198281	0.300780774275586	23
-0.00524308358760195	1.89250922656132	107
-0.118481807038939	0.683555696410956	107
-0.0360807987258101	1.39150225113963	307
0.033503152633833	1.28989696937079	50
-0.073712656471785	0.619266598658782	50
0.060218727080613	0.762858854053825	41
0.016795177628657	0.741915489035408	398
-0.107662455213437	0.485842402986043	41
0.076209371647225	0.40798869630325	41
0.11594992651168	0.55637924255075	41
-0.0957739339110491	0.789431946180528	50
-0.086636863975083	0.788248669117346	50
-0.108895632569012	0.486724261264545	32
-0.018260401278803	0.305926123097725	831
-0.046635272900773	0.394181524510912	32
-0.013853756167389	0.309731576171906	86
-0.0177377801972	0.303517158698132	44
0.116167172877776	0.553613300776313	3
0.025316558616251	0.526532442049924	3
-0.013624421432918	0.309304985206354	58
-0.015129237918258	0.307858064641708	29
-0.047131711034469	0.512927824024568	29
-0.00857942285588298	0.307786121663996	29
-0.015129237918258	0.307858064641708	21
-0.10836696198431	2.11898202955144	107
-0.033789158136134	1.56307596376393	38
0.064750986968924	2.33963119453045	816
0.00928297948434098	0.721407734951713	307
-0.032672537697249	0.904381117910785	307
-0.03903430539255	0.61833169489105	307
0.115933837251561	0.783726342398582	307
0.11931186657717	0.790604357834429	307
0.0215562083013729	0.750342248513723	307
0.095616432463031	1.08497748584903	307
0.037515885887951	1.47634128520541	38
-0.072445522413396	1.05082210131244	50
-0.056884585436507	0.7114960021056	50
-0.021875897015184	0.998080804634343	38
0.075259158449911	0.656119763719767	50
-0.111722339140876	0.701273385845859	53
0.094854649631306	0.990951772855274	211
0.0560455480334	0.74644763031381	211
0.066267919170942	0.41550449161087	211
-0.036782356999622	0.614999871686712	211
0.019166816800256	0.526461447405356	211
0.012841265090027	0.646171302966839	211
-0.00910053687412904	0.307290833973771	32
-0.051509787323727	0.396986142120631	32
0.0168576752106649	0.519519587611371	58
-0.04606868754801	0.511092052144181	29
-0.046682005827442	0.607526925001387	29
-0.052335718193203	0.508218172973306	29
-0.044977551715461	0.403333012286339	29
0.108117735148937	0.533580653306519	23
-0.052342001214635	0.970390285160073	107
0.031085909294111	0.950708127484092	107
0.017663450838871	0.520127639654355	107
-0.081390949170073	0.595689661394257	38
0.010507494035914	0.631021474896942	307
-0.0844795431705741	1.2062451331935	307
-0.112714703722779	0.489254573992335	307
0.122092928315505	0.560758459163796	50
0.018527821683484	0.760676137536262	38
0.0193306764758709	0.521484878755838	41
-0.019758977609089	0.300854235265918	452
-0.00682197718210797	0.307010175023862	50
-0.03679415552639	0.894229150640687	50
-0.084893336561127	0.949166477959823	50
-0.042641422398643	0.625186370919045	53
-0.066009531488769	0.703419770884054	53
0.070166940026358	0.430623595063156	211
0.064072500491378	0.423028700376127	211
0.0668128613268451	0.428070625569195	211
-0.0537723253874201	0.783709834352502	211
0.110997067291576	0.546356035325567	32
-0.0775271397380281	0.790008277795969	831
-0.00705063799826999	0.307344716540548	44
0.104941693235548	0.997803417680426	542
-0.040968450394142	0.624725940309006	58
-0.111479769689882	0.489206394510528	58
-0.078826456305819	0.607921550930565	29
-0.0177377801972	0.303517158698132	21
-0.124043870371253	0.827592331441123	107
-0.118613786563235	1.56701254877534	107
-0.108931345674016	0.49408972242301	107
0.118424983231846	0.539929730562783	307
-0.0486061128544401	1.04605760958435	307
0.098678716942138	0.982720849732324	307
0.021081781962083	0.842407676822404	307
0.064690832745284	0.415065483904186	307
0.114551473024989	0.551179369126289	50
0.069644515993782	0.664646297947691	38
-0.103252951199749	1.51682800555806	38
0.121541113547876	0.553111851815885	398
-0.049555060445752	0.398432556040513	452
0.115903440996432	0.542901388547143	41
-0.012873233777438	0.308131929989485	452
-0.099730916379847	1.00930960359013	50
0.024588459637688	0.95086440381439	50
-0.016989960476402	0.303603077135928	551
-0.019531013586448	0.732535136182386	28
-0.100156702542019	0.501330038860075	29
-0.096859071810318	0.688652738911466	29
-0.044549849407773	0.610101522546308	29
0.075448066390312	0.42345551901756	140
-0.011465049907588	0.30364711573479	220
0.067159914641848	0.424424230758124	23
-0.037884037105727	2.1197645390439	107
-0.112762535618405	1.11207240463683	107
-0.086306713560207	1.33748500891434	107
0.002502252799225	1.56978696337389	38
-0.118818524772422	0.686655704288651	307
-0.097169583087492	0.860536113572961	50
0.01644508635433	1.21050119746458	38
-0.109491664895311	0.60469299795111	41
0.061247831784558	0.771002270010599	50
-0.0665978078181509	0.613808289545529	50
-0.122117554573486	0.853661519979592	53
0.073454385309959	0.889397883744976	53
-0.103111144890954	0.601856809752386	50
0.067622212797856	0.657693310597805	211
-0.111777400808872	0.605107211140183	50
-0.04399620315591	0.406427295977407	32
0.068465579329217	0.424653360650974	32
0.063541742851411	0.419925388972327	32
0.110012846820501	0.544897239352422	551
-0.049739458080265	0.394900145602248	86
-0.00705063799826999	0.307344716540548	270
-0.0143764239694481	0.309223758483486	270
-0.043024477554452	0.401695600304702	44
0.0724665622061	0.660860237239881	58
-0.07230566405188	0.614831819674566	29
0.010064419921975	0.509767407936078	29
0.065727719940027	0.427894070646929	29
-0.040863085750617	0.404478833335043	29
-0.047615754612789	0.400165111246498	23
0.013116709690888	0.926316144103211	78
-0.100541700593318	1.2011221822412	38
-0.11269149637143	0.683740252674293	307
-0.059311194345003	0.497999085994422	38
-0.114371470499639	0.697708063337493	38
0.098653546474099	0.870312040729787	38
-0.00459164147601099	1.43115453880051	50
-0.021824901122429	1.52450792606858	53
-0.121973074194319	0.670868109800964	50
-0.108456989098048	0.495589005670755	211
-0.10418664116996	0.4893481940991	211
-0.011465049907588	0.30364711573479	32
-0.062158513480058	0.484044132322497	86
0.0631881819261631	0.42486749563325	28
-0.089166506034948	0.695480327420195	542
-0.013853756167389	0.309731576171906	542
-0.015882859819112	0.304059061239338	542
0.114996016074754	0.538528970010245	58
-0.118587188311132	0.575961619183213	29
-0.109418795578151	0.490013876287529	28
0.064617774534662	0.428081367731721	220
-0.0204365359920869	2.05423696442875	107
0.107658114081804	0.894067911912343	107
-0.069296117949216	0.61974499204672	107
-0.115983625655432	0.584625442372973	78
0.00299457723851704	0.628714393082864	38
0.068560826201758	0.65101254052298	107
-0.0372576467983901	0.899447125287527	38
0.063206938226378	0.765501211572212	38
0.019539750384809	0.934009659045257	38
-0.051908235210258	0.507151951843378	307
0.060852450073784	0.878906923731301	307
-0.039839465453977	0.626206839105525	307
0.018381277932322	0.757816343080687	307
-0.104267747499638	0.496838436056775	307
0.071246130572965	0.427724577458125	307
-0.027911861218645	0.727759390956516	50
0.013204748006081	1.20824737491819	50
0.068243489530662	0.431309634462526	38
-0.044983852995233	0.402462358584844	41
0.065727719940027	0.427894070646929	50
0.113125053151152	0.547054111447345	50
0.0605175968391241	0.867905296604613	211
0.077586646440595	0.656354425993354	32
-0.0878171380052301	0.709560124672164	551
0.020495432229663	0.533869015472692	551
-0.095280033279966	0.691345865877143	3
0.115511383781274	0.937714678080072	1087
-0.111319049050722	0.485863628497776	29
0.117564386557804	0.787261695992743	23
-0.116752253855714	1.31185676100368	107
-0.059903197078771	0.816214608208255	78
-0.123196785336065	0.384533802531787	78
-0.00310910409972698	0.596385132342324	38
0.008003765781187	0.733076123097725	38
-0.023616382720517	0.724391763845703	307
-0.073477571065914	0.801415303279177	307
0.065111730445852	0.428643533555	307
0.11643696094707	0.553659467960388	307
-0.010600298850402	0.311050852910577	50
-0.104216011897344	0.50199132695866	41
-0.04399620315591	0.406427295977407	41
-0.00985000399211899	0.310392705484285	41
-0.014606338360923	0.308362454144827	50
0.06816162668997	0.774940150788265	50
-0.107582560305967	0.494406026315368	50
-0.117996523644622	1.00823116185035	211
0.00911472846254102	0.642073038626528	211
0.019663595747328	1.096347919286	211
0.017778316595526	0.532181787537088	50
0.065727719940027	0.427894070646929	29
-0.013101985651201	0.309812124917511	29
-0.019446042426304	1.85720788002664	107
0.018744971537012	1.45861110796701	107
0.00205064793644305	1.09894874273466	78
0.118573539054048	0.561194574514873	78
-0.014491086759795	0.307746458053169	78
0.025980531091417	0.528853360638267	38
-0.00882965014843295	1.19340771457646	307
0.00824744613036499	0.625802018272412	307
-0.00275009764684897	0.298575273459327	307
-0.046635272900773	0.394181524510912	307
-0.010078717883282	0.311559877079658	307
-0.016989960476402	0.303603077135928	50
0.085706462948238	2.46957546131066	38
-0.01105945197789	0.303788518784466	38
0.029268779767314	1.01632839761371	50
-0.045438960737471	0.404877654903689	50
-0.014147045532894	0.305040086639893	211
-0.047166868922168	0.395623071949438	211
0.111440899658316	0.546426643248071	492
-0.123786647934362	0.387741173875374	28
-0.01763751995723	0.806187709098949	39
-0.035548718227373	0.63309223796294	39
0.114496963289728	1.25763201219556	29
0.014014458113214	0.518311485555675	576
-0.00932865636546598	0.310898698430004	29
0.0818657740261291	1.58001470041786	107
0.01410346074674	0.642997115826549	78
-0.049094945265844	0.401339830051592	78
-0.103145401192351	0.659192265566516	816
-0.00578118884246803	0.304167437767242	307
0.064910838899791	0.778726290159858	307
0.064295421899139	0.426449645832079	307
0.065504741573766	0.427060609549316	307
0.114744831200238	0.557888959043258	50
-0.0486500631882531	0.5144416244185	50
0.065548196994937	0.634381767552747	50
-0.018069146158839	1.46378224051905	50
-0.01082960389892	0.310659749354367	452
-0.00682197718210797	0.307010175023862	50
-0.051759801014556	0.392066366518868	50
-0.000977597893781046	1.52068257378714	50
-0.018909602415491	0.734665050970197	50
-0.057018864415696	0.947236677587924	50
-0.012717394029155	0.826431271439874	211
-0.04330791143808	0.395157956206024	28
-0.0423041051794451	0.404041633823828	23
0.040267117824035	1.85480621375618	107
0.00313013604094703	1.90888067351417	107
-0.097771920535376	2.13252124891828	107
0.00481478265606905	1.17566319474618	107
-0.00496200629859001	1.86398955064505	107
-0.107753882955298	0.600949150807241	78
-0.042197726557782	1.66709570108968	78
-0.052121966254171	0.511714418739333	78
-0.10530129656831	0.498475776312597	38
-0.061205214775461	0.494114092708351	38
0.011932622893989	0.646511695179409	38
0.100689920003191	0.871181924633191	38
0.109989395276091	0.539780328275375	307
-0.029026450102849	0.905624794307798	307
0.070027153731318	0.419741512832152	307
-0.014147045532894	0.305040086639893	307
-0.015238226604775	0.306862144918958	50
0.094963371637931	1.33321944792274	38
-0.015405440800369	1.18597315676529	211
-0.113212772910602	0.691022537327838	211
-0.017758298916824	0.827984184851274	29
0.064460243357635	0.770640313381634	232
0.020686445133393	0.85713732359605	29
0.074462722345873	0.415911448943166	119
-0.056650082484498	2.13859901069788	107
0.065111730445852	0.428643533555	107
0.122638246022211	0.805849263891649	107
-0.085253521594174	0.701673284484239	78
-0.035596695810178	1.64690365943601	78
0.112155058883589	0.545363992081028	78
-0.014083627307242	0.304931736151417	38
-0.0396224948514869	0.894739424052637	816
0.1212632814434	0.793557121256011	307
-0.011351417939001	0.31015265310362	307
-0.018783210821443	0.302809698045527	307
0.115755687741956	0.552103161975383	50
-0.010600298850402	0.311050852910577	50
-0.058772644735031	0.990157738856706	50
-0.0882068801368851	1.04698676125708	50
0.027064397181474	1.50348839432041	50
0.07330366869056	0.66903481199165	50
0.109934723716662	0.894731868523454	50
0.069252091536126	0.647410542981888	32
0.068326337194121	0.424801503313369	467
-0.04399620315591	0.406427295977407	467
-0.016488827669772	0.895125508059091	39
-0.012478269213827	0.301729406901667	29
-0.076545831341876	0.618395146623124	232
-0.032692121815542	1.14655581365358	29
0.031097100322934	0.762576440223953	29
-0.063644444575475	2.18961217159166	107
-0.095968129525413	1.28534265093584	107
-0.104791745836018	0.602297358690783	107
-0.041093026938717	0.405516043775666	107
0.100199258280158	1.45128737752828	78
-0.059048391076601	0.502542293735227	78
0.104140331615025	0.897678985232806	78
-0.038198722055749	0.401532118192669	78
0.024804787636499	0.754986383488217	816
-0.048994091171345	0.898501723990787	816
0.027957451090628	0.95452762569966	307
-0.0305757272624509	1.32134282577417	307
0.055272901381048	0.860028598372968	307
-0.047125433234627	0.398911556138685	307
-0.106962948295114	0.4917080251771	307
0.0579970327036981	0.412931421724073	307
-0.018486424197797	0.302200351206137	1367
-0.103646897198361	0.498147122371109	477
0.065981038829696	0.639844393900925	50
-0.050417681472191	1.26293499648873	50
0.106665853968928	1.54499584203434	50
-0.0381519846976161	0.997780299555395	258
0.111105889375572	1.17538846639838	50
-0.091971223575812	1.1800564255599	50
-0.00607343160100304	0.304521806383311	211
0.0618889404576169	0.418990484073661	211
0.064072500491378	0.423028700376127	28
-0.116762739537178	0.467296642471354	39
-0.122086304300033	0.386281202266868	39
0.118525198952096	0.545698662557944	58
-0.074058586571385	0.618726732162642	29
0.021430724606457	0.526546990610082	29
-0.101345228626558	0.487891202067808	29
0.108781090878854	2.30144455348158	107
-0.083884076174608	1.65433916376726	107
0.060900664051315	0.422617847045616	107
0.071137097545999	0.647450504907168	78
-0.042553052254797	0.403161697278326	78
-0.00932865636546598	0.310898698430004	78
0.078362451846819	0.656599814103067	816
-0.037272778541472	1.218136307544	816
-0.047125433234627	0.398911556138685	816
0.10646682770751	0.530147240867602	816
-0.033947154278318	0.992707169453428	816
-0.041040371930203	0.506346862631282	307
0.028203198833155	0.530863457278174	307
-0.019009279184765	0.304583351463383	307
-0.048106237137353	0.39956767643858	307
0.071056528281274	1.37648175881245	50
0.07223167499218	0.428932841365855	290
-0.0177377801972	0.303517158698132	477
-0.111166342359338	0.943268890914835	50
-0.00989677941686096	0.915152328655723	50
-0.011351417939001	0.31015265310362	50
0.0757336529674431	0.652962382325154	50
-0.046285159028627	0.801842320175882	39
-0.01462872313612	0.83240904953938	29
0.069060319217333	0.778072321756686	28
0.054154406488087	1.70510542909212	107
-0.074742994848567	0.975787538072716	107
-0.00890663727419305	0.917827175534021	78
0.054721045899664	1.5605927380358	78
-0.060390797589803	1.20145858207792	78
0.0112591829500081	0.646959813877496	78
0.064733107779441	0.640451667274895	78
0.021573511258295	0.531404158931469	78
-0.105055309830169	0.788177753922403	78
-0.107217176001152	0.829328077393523	816
-0.111747162775537	0.595651703673064	816
-0.119992465565184	0.881339027682019	816
0.100394482889302	0.98448724475212	307
-0.090342446653108	0.882845275578691	307
-0.08202133327962	1.03880319842673	307
-0.124510805107256	0.386369212451664	307
0.112634032880036	0.543640573603888	307
-0.040142440240001	0.402583721682345	307
-0.013101985651201	0.309812124917511	50
0.115236866850787	0.55693933281881	290
0.113760273174199	0.547632738152886	290
0.119554806369411	0.551817623876176	290
0.018496225988805	0.531119536500645	290
-0.047493508113	0.608561134977041	290
0.064123653368184	0.422858025843307	50
0.075227268311993	0.421595587866343	620
-0.00985000399211899	0.310392705484285	50
-0.048323740293743	0.39950659544984	50
-0.052491869437538	0.516136785481354	50
-0.090638431645887	0.578321066089565	50
-0.079783058865767	0.598443909094788	50
-0.05259736508358	0.510932340975702	211
-0.119092565748863	0.584309939745067	50
-0.012351030281569	0.308634402337749	32
0.066678767548788	0.418279549775709	32
-0.107315334876107	0.607922794963901	1087
-0.00444117881786199	0.838915383012277	29
-0.035202919271618	0.634782476236727	29
-0.0423041051794451	0.404041633823828	29
-0.011351417939001	0.31015265310362	29
-0.111410770362127	0.699568817573188	107
-0.013499413158624	0.835899587841252	107
-0.052121966254171	0.511714418739333	78
0.114106609540908	0.545915588605176	307
-0.0917591393557	0.926526336838064	307
0.00641565255037901	1.1922136224618	50
0.022944968761675	0.85090814798929	50
0.00567629671291903	0.6037771959181	50
-0.013101985651201	0.309812124917511	50
-0.124510805107256	0.386369212451664	290
-0.120414401592994	0.858499626852217	38
0.015441226076865	0.645250067946016	477
0.065727719940027	0.427894070646929	50
0.060679206535603	0.421876912579415	50
-0.054126981277107	0.501926918050382	74
-0.015129237918258	0.307858064641708	50
0.068021307986142	0.432423938787649	467
-0.012478269213827	0.301729406901667	28
0.068676302895365	0.777169060045151	29
-0.039912502364383	0.395456543077446	23
-0.113367346153682	1.2229344637058	107
-0.108270824482115	0.838012754361197	78
-0.00477589770932496	0.929669599701085	307
-0.053495588647117	0.500213730120437	50
0.00712691047406799	0.624402146111226	50
-0.110914728705451	0.606888212494662	50
-0.111633276572682	0.692791540334874	50
-0.048602988687304	0.403054845012578	373
0.078397007955944	1.4956047831732	290
0.115375623635615	0.785217522443541	38
0.068958753876998	0.430773872969908	50
-0.057611653495226	0.724919498488991	50
0.119266212594975	0.802444278346595	39
0.024522805673286	0.529775544494161	29
-0.015129237918258	0.307858064641708	23
-0.103957472992604	0.498742424698705	38
-0.124258470409705	0.381989232759085	78
0.109496043559812	0.539106968999434	38
-0.057472302779758	0.719826433937751	38
-0.040883872439095	0.398345040278939	38
0.08442501083812	0.661661837860347	307
-0.014083627307242	0.304931736151417	50
0.038907740269997	1.22944580079819	50
-0.022902005673439	0.296044516985684	373
-0.04783342002685	0.398256762237576	373
0.018381232440037	0.520847664971308	50
0.021112298174638	0.529549316940111	74
-0.108855214767213	0.495147265795723	133
-0.056516443598073	0.510933787080831	39
0.06989104043834	0.739968116962955	39
0.068326337194121	0.424801503313369	29
0.113221942711608	0.895344445553231	29
-0.050012763414804	0.394859017590169	23
0.013981509398392	1.85632688096085	38
-0.109917141132365	0.605942604075798	38
-0.102243498457517	1.69549329204219	38
0.098957313104301	1.84856200495539	38
-0.101190128765615	0.778844286581281	749
0.119618338945213	1.18977389384974	50
0.064983522373929	0.882855254452829	53
0.090786470513984	1.08688030829024	50
0.00250984904246698	0.37688487648795	32
-0.051249314082334	0.391584542353005	467
-0.010600298850402	0.311050852910577	28
-0.00955732451153202	0.308066811721016	1665
-0.017512347384035	0.306009385691072	210
0.063682246140628	0.425423410434619	39
0.076416653255324	0.633319616200295	39
-0.05272462088033	0.394651174299956	39
0.065545904175158	0.878163445015176	29
0.112411978728018	0.542549821136587	29
0.018357716569826	0.5199602639578	29
-0.045698964404442	0.403132569078709	28
0.066220825513949	0.427193816716165	29
-0.00607343160100304	0.304521806383311	1291
-0.00857942285588298	0.307786121663996	23
-0.106683631866669	0.851285373061993	38
-0.124349099347802	1.17562453160484	38
-0.117697795856377	0.852839279887412	749
0.02009493590359	1.02586006723993	749
-0.123058612753265	0.842618128413382	50
-0.119915863547746	0.681368875547204	50
-0.0379250679570829	0.895630057485374	50
0.066061524811549	0.877343303114902	602
-0.118087661878117	0.689585407884312	50
-0.00994462483312997	0.977789440853256	50
0.021342912662964	0.532255062793788	74
0.019423107196492	0.530856626027996	211
0.0623320410496671	0.421751521504433	86
-0.0143764239694481	0.309223758483486	28
0.06931354877337	0.421184170400063	28
-0.016989960476402	0.303603077135928	210
-0.018783210821443	0.302809698045527	39
0.057281809935682	0.412788411887382	39
0.065553203598949	0.420386965568199	29
-0.047398169080632	0.399280023866762	29
-0.063015735921738	1.23062486583743	38
-0.0590450197476891	1.31645498043507	50
0.045353270990193	1.20397066310378	307
0.080928326615096	1.25121303141812	50
-0.097762075414444	0.786013370331905	50
0.105691362660029	1.08792855493193	50
0.062608787010032	1.65455215180587	50
0.010064419921975	0.509767407936078	50
0.06478863285198	0.425754652919662	32
0.065011583262612	0.427761488320744	312
-0.00932865636546598	0.310898698430004	29
-0.115516138961265	1.3115901500046	38
0.050706686771488	1.03984835024522	307
-0.072619768939008	1.03585170009767	307
0.021450938486044	0.932582135433994	749
0.047964859106135	1.37194916813059	50
-0.0701473786412	0.803999391523149	50
-0.089111298130712	1.17470143155708	290
0.022490767933608	1.02807264215445	50
-0.017905398716436	0.827936485416638	50
0.027509099479895	1.03426023931417	211
-0.044071373238353	0.605893874843405	74
0.070447910835759	0.655308384541312	74
-0.05101801112111	0.396441796442641	50
-0.057255150693361	0.508975751254835	50
0.070659732088686	0.429916716934287	312
-0.013331276710529	0.306264000235697	251
-0.05259736508358	0.510932340975702	133
-0.01082960389892	0.310659749354367	210
0.064397006635955	0.427808264357983	39
-0.056159167943829	0.504498069099932	29
-0.00705063799826999	0.307344716540548	29
0.0629674501538981	0.419931978172679	29
-0.013331276710529	0.306264000235697	1291
0.103660836009994	1.36515827966205	1650
-0.067240789985168	1.05036215867213	38
0.106825251446628	2.05893646924138	38
0.090464830343682	1.07158582224261	50
0.024402766024866	1.2074676748727	50
-0.040882876711558	1.07808591562704	307
-0.046282332815073	0.813549246126549	50
0.102116686569886	0.890974631046128	290
-0.039821315949009	0.619244427861929	50
0.016698459745806	0.64195141930243	50
0.00893193721311603	0.736985950947557	50
0.10689895418411	1.4416699105095	50
0.01410346074674	0.642997115826549	74
0.118348122097721	0.787493578836408	50
0.116658202896463	0.557158387084505	50
0.06775026167829	0.425159973171365	50
-0.011122067543867	0.306754140926722	50
-0.0389181895803969	0.399685218736295	50
-0.016765121001863	0.304862540838296	251
0.064295421899139	0.426449645832079	251
0.059469172434609	0.418639547271401	210
-0.015129237918258	0.307858064641708	210
0.00412301079982202	0.632209175846907	39
0.119554806369411	0.551817623876176	39
0.114744831200238	0.557888959043258	28
-0.010307977613186	0.307188752676449	29
-0.073309648264814	1.91500974531729	38
-0.116309573847014	1.2567675424574	38
0.033286556580567	0.862941528698767	50
-0.123257728964427	0.865103157755868	50
0.01689216018509	0.998198561311833	749
-0.089732408761299	0.859389746500226	50
0.109028665673845	1.51415571720599	290
0.061837627550857	1.22594731609743	290
-0.032752066133186	0.822426103826355	50
-0.015521757568877	0.727279288749247	50
-0.111956867860046	0.60221260814477	50
0.065241168042399	0.772339560757888	50
0.09878096119271	1.27173496649227	50
-0.067687075068301	1.01344244313138	53
0.118795015591208	0.559805837917357	32
0.117812773117982	0.547668034193713	32
-0.049094945265844	0.401339830051592	467
0.066713766514616	0.422156977895027	251
0.11572874039726	0.550377103658279	39
-0.047615754612789	0.400165111246498	28
0.113810990124542	0.553708147226164	39
-0.0483728774526609	0.401549119940006	39
0.100497073308302	0.868642993161722	39
-0.00940264230330501	1.103860457175	1304
0.043216106932901	1.7707622504721	205
0.017427224096618	0.84677293176738	1650
0.056429647009038	1.47074404256919	50
-0.120951308001325	0.580896713787326	50
0.067899145403568	0.638515967015818	307
-0.09623962199093	0.500791087709145	50
0.076815538503173	0.653732917074921	50
0.00876824739750504	0.639516062136709	50
-0.050012763414804	0.394859017590169	50
0.071024676318343	0.427734443724901	50
0.121872419167541	0.558596667395072	50
0.064617774534662	0.428081367731721	50
0.049364653218762	1.04554086001881	199
0.102212827096168	0.994752541501128	50
0.079851799953761	0.653681220917936	32
0.00955867033525004	0.645635490894545	312
0.118303975132123	0.556234509224784	86
-0.113639384787616	0.48618186300559	846
-0.065931510050469	0.865062485076984	39
-0.037836918510878	0.81796263020482	1650
-0.114166734639987	1.1094896985043	38
0.055800879507656	2.15380575099151	50
0.014857841245249	1.93419737859281	50
0.011950218953931	1.65033713148102	50
0.088873539368066	2.10687598687658	50
-0.107162956291989	0.785480516362262	307
-0.110099831589914	0.606450923291242	307
0.044505724132944	1.02506304064467	307
-0.110245270626837	0.486384914506992	50
-0.051249314082334	0.391584542353005	50
0.016593291033651	0.736899935114926	50
0.01688903440473	0.733605730811976	50
-0.023744775593817	0.739360100534639	50
0.1141193543524	1.37834622753207	50
0.00584757015403503	1.10915866834867	211
0.111639185705425	0.769405268593179	50
0.115264817029721	0.551317985755909	32
-0.00453760932498604	0.299139924612141	251
0.020265563738018	0.531144579144475	39
0.06740203316619	0.638925730970338	846
-0.072745688746074	1.41396134396386	1304
-0.062034578795201	0.712074393502677	38
-0.031342815189129	1.09043736889222	1650
-0.049386144269598	0.514191512644833	1650
0.020303415076073	1.01885570963226	1650
-0.110047780089793	1.68876606839495	38
0.085653153619615	0.953392271908669	50
-0.117795808176227	0.780553598803245	50
0.068021307986142	0.432423938787649	307
-0.060427083169021	0.49350791558459	307
-0.033756380860216	0.624526680003948	50
0.072181817740272	0.420480030159731	50
0.090453269978189	1.3559664652739	50
-0.00780062036231599	0.304418249633774	50
-0.01489928024848	0.304953970811166	50
0.067669606103185	0.409373149709844	50
-0.00840188252989205	1.24374941580748	50
-0.00450229454079698	1.6585544370912	53
-0.048489686938713	0.514738723479929	50
0.024487875490253	1.26155657448607	211
0.00870324134753897	0.623961344285119	32
0.063408821122113	0.422042042073915	251
-0.050046841077706	0.398984122191592	133
0.097406189153132	0.876028816463902	39
-0.033151440610021	0.913535288668346	39
-0.015129237918258	0.307858064641708	29
0.102634809764958	1.3477300590344	1304
0.110393940488608	1.15994698231368	1650
-0.070026520708676	1.26950545060333	1650
-0.082597888745927	0.604539477717546	50
-0.093067208208987	0.922324899531758	50
-0.076605245976338	0.605149167955867	50
0.117564386557804	0.787261695992743	50
-0.059802046251518	0.718584776305218	50
-0.017330682212567	0.739262714571007	50
0.022059694623809	0.531188792813207	50
0.0737971810314491	0.774272341670767	50
-0.043871204642857	0.620725674667613	50
-0.111635766696035	1.00399132413677	50
-0.087340907635731	0.957465107868744	50
-0.106845529131803	0.608568846833517	312
-0.01489928024848	0.304953970811166	133
-0.026878549155898	0.620833311503174	39
-0.084347590094715	1.63403808178942	1304
0.079314537527848	2.22207728596365	1304
0.099860865997101	0.994481095015637	50
0.059921996323183	0.978575313687947	307
-0.00536194774239795	0.805911348871119	749
0.120612842729199	0.796586325127666	50
-0.0193353452616239	0.817488936199748	50
-0.082488505643579	0.867614931010519	50
-0.00371565234200799	1.01312662643812	50
0.051444749192648	0.851470770822275	50
-0.038925487017836	0.631444582813743	50
0.049377410482025	1.20783287442097	50
-0.104636742986667	0.497104498768692	50
0.083499127769035	0.652836418725171	50
0.069337485826826	0.66265762590672	50
0.06873655272146	0.433267716079536	50
0.066443830783857	0.426856736110067	50
0.054413442757746	1.12744908829364	50
-0.100329890840593	0.780810549659781	50
0.013613548778623	0.522320534862759	199
0.010241260123183	0.638799769018601	199
-0.050786778606903	0.396721937869726	32
-0.013853756167389	0.309731576171906	32
-0.0143764239694481	0.309223758483486	651
-0.047398169080632	0.399280023866762	251
0.017989682063881	0.523453925512175	251
0.118082663428587	0.560388391567878	39
-0.011351417939001	0.31015265310362	39
-0.100794150597779	0.499169017178718	39
-0.053447409482974	0.392991698251955	39
0.091341854819142	2.28856699231167	1304
-0.119414972378635	1.65911732583083	205
-0.073415341923126	1.4416797267627	205
-0.103816964940263	1.27042321798329	50
-0.00756710518298398	0.744810943327138	50
-0.045438960737471	0.404877654903689	307
0.085149700137962	0.94882523030568	307
0.053459313377754	0.956442310797959	307
-0.085690342049905	0.597951658878253	307
0.023516094350489	0.851191363688612	50
0.016424036735778	0.758841319830218	50
-0.118084054868709	0.590564045124392	50
-0.0835195896216881	0.593742183039819	50
-0.114630334674913	0.868110131237689	50
0.0979836029526679	0.879399132966105	50
-0.032352274428176	1.32195765534663	50
-0.068781799653151	0.958688329331455	50
0.050317101993453	1.31112678690372	74
-0.052383470240535	0.510040189599189	199
-0.044486796840371	0.405816712126546	50
0.0724665622061	0.660860237239881	50
0.060679206535603	0.421876912579415	312
-0.012351030281569	0.308634402337749	256
-0.010600298850402	0.311050852910577	28
0.112293968099746	0.536578336092554	28
0.043381172146544	2.07527815289866	1304
-0.094304104759772	0.697907912041693	1650
-0.054554315277445	1.32819713379213	50
-0.079337550895722	0.614101041123874	50
0.102664905900784	1.25860981756497	50
-0.069057920235909	1.04593830084463	307
0.118397501578166	1.07737668931752	50
0.079967437274036	1.99814123891651	50
0.102275764304647	0.990677642355368	50
-0.049860990526694	0.513407478066364	50
-0.116562565213127	0.594136049404199	50
0.00712691047406799	0.624402146111226	50
-0.056354777288025	0.501061730439491	50
-0.104511337916874	0.61167957732905	50
-0.107734589274582	0.491386849125343	50
-0.00921766382803502	0.834890079061316	50
0.069587738844638	0.649361200062495	50
-0.048419747705765	0.909099572312584	50
0.0551067017581131	1.23851103884116	50
0.119910716782194	1.0925182239713	50
0.00656959825672898	1.11286654341164	50
-0.079408201878733	1.03738866736091	74
-0.00832157649167598	0.303934247191878	50
0.00460168066347	0.630171182912005	312
0.072453252008022	0.429807984314648	39
0.0243044482190991	1.7490258933202	38
-0.0522412338792	1.28656629734686	50
-0.090798493326674	0.871766599288941	307
0.110422594698608	0.901615027315571	307
0.024078750610843	0.863232502326649	50
0.020715181360384	0.518329135815938	50
-0.111441446811449	0.607262156615571	50
0.105467360744457	0.889479540981057	50
-0.048798233432897	0.516872553383363	50
-0.117236274114068	0.379674361844339	50
-0.107120975586841	0.494495013393828	50
-0.0756238344140811	0.788834192289589	50
0.118795015591208	0.559805837917357	199
-0.049816914252469	0.400002369811168	50
-0.050363538042638	0.513361209647772	50
-0.01082960389892	0.310659749354367	39
0.115533045404367	0.550014192493455	39
-0.048911448704665	0.513303170645528	39
-0.047398169080632	0.399280023866762	39
-0.047785566090786	1.80446997171002	50
-0.059701791467476	0.711795392667825	50
0.120221970352675	1.55696185822149	50
0.059572909227174	1.0642420815819	50
-0.057302508399798	0.712583354358582	50
0.060465481408618	0.767788926928287	50
-0.00890704849704605	0.917023854274696	50
-0.049921361799764	0.806673159009483	50
-0.040968450394142	0.624725940309006	50
-0.044717631482769	0.406228416061856	50
0.031074031090261	1.03423261942072	50
-0.116059683830004	0.472895233034874	199
-0.123685787737118	0.382258717772074	199
0.0668128613268451	0.428070625569195	199
0.022210192088968	0.759331937943977	278
0.067799035591847	0.42928999442792	312
0.064295421899139	0.426449645832079	312
-0.015129237918258	0.307858064641708	86
-0.073516509861305	0.61201776334399	28
-0.016508381779055	0.300398353121001	39
-0.066442726154907	0.4760472060081	39
-0.037479171121959	0.401773102679879	39
-0.010600298850402	0.311050852910577	391
0.118573539054048	0.561194574514873	60
-0.098349090606642	1.01297697109492	1650
-0.078524550715757	0.968898312780176	38
-0.010937600223918	1.40253344521035	38
0.0983162115376251	1.00248416345483	50
-0.042892464970878	1.21053208007787	50
0.097595069349205	0.991321627961803	749
0.052945251229904	1.14393699283869	307
0.023606447494685	0.857867581788623	50
-0.119533908008756	0.684524854952972	50
0.010840797577198	0.636292729210073	50
0.056434046000122	0.760926185116276	50
0.00755175951487597	1.10998711081977	50
0.061886073520169	0.765053280587757	50
0.019514307478889	0.644529019327276	50
0.031546104238134	1.13552635402204	50
0.016365420899809	0.740881831920481	50
-0.110489180611289	0.606209539940925	50
-0.122555460952963	1.00356842496283	50
-0.080502684547311	0.880021606489795	50
0.123762911229332	1.77424171232835	74
-0.057931429674819	0.7012887162741	199
0.022545720042094	0.528686432299635	707
0.095272574321321	0.998020684597314	707
0.020486808722635	0.763770506881815	278
-0.0143764239694481	0.309223758483486	68
-0.030777216153295	0.627989788281551	39
-0.013101985651201	0.309812124917511	39
0.077667620126107	0.662511412299994	39
0.011494200854422	0.630875420581539	28
-0.014491086759795	0.307746458053169	29
-0.019009279184765	0.304583351463383	29
0.060464395461836	1.24159366305197	1650
0.0211308806191099	1.26162705923876	38
-0.067675283082791	0.693511456123172	50
0.057641444735636	0.766414212315449	50
-0.092715191431004	0.696906089112024	50
-0.010361608076375	1.26886648508634	74
0.065504741573766	0.427060609549316	50
-0.013853756167389	0.309731576171906	312
0.1160090426549	0.797087293897936	28
-0.09623962199093	0.500791087709145	28
0.0692294513573261	0.432543366808688	63
-0.014606338360923	0.308362454144827	293
-0.015238226604775	0.306862144918958	60
0.0176457183534851	0.928454548895679	38
0.094790517395892	2.34032736610198	50
-0.097382494354787	0.875547836330044	50
-0.0222789126437331	0.723846753417968	50
0.070917591720685	0.656254012797064	749
0.00223318518501103	0.622450031826706	50
0.063500496434033	0.853782004062462	50
-0.095751744774947	1.30421978664128	50
-0.0476577713258201	0.390006615370291	199
0.116469123922404	0.551002832415219	68
0.011258640486961	0.641174577240986	28
-0.078648669063588	0.618029575887621	846
0.062199748792965	0.414716997676347	39
-0.011478902250235	0.911760731505826	29
-0.106151349547737	1.30525328927781	50
-0.120732673583057	0.927397788098914	50
0.060205863252328	1.0508775672138	50
0.048122744185203	1.03564069154255	50
0.065152018827495	1.07046109330036	50
0.022175831599983	0.851123602777724	50
-0.12393629182542	0.863760334039789	50
0.102515444091217	1.44491629391261	50
0.11194359642566	0.902038617214285	199
-0.038406916563782	0.814528394819383	199
-0.044256040521543	0.402407339600565	50
-0.0558639863493951	0.500317825708571	50
0.064741014645642	0.41998748676417	68
0.065553203598949	0.420386965568199	39
-0.052335718193203	0.508218172973306	39
-0.100512416477588	0.500184353663952	39
0.072302762031649	0.656952948893344	39
-0.014606338360923	0.308362454144827	39
0.06478863285198	0.425754652919662	39
-0.105136298002691	0.502087601309469	28
-0.115607323917906	2.06432596717625	205
-0.072025787946712	2.0964896320177	205
0.06837852484221	1.14887477481546	50
0.029588984413054	1.18656970547832	50
-0.120252642535419	1.02819338590586	50
-0.00690230234760403	0.988201109818572	50
0.05787685799866	1.05048084054603	50
0.052865761337146	1.05028259738952	50
-0.118768799446961	0.993789186698918	50
-0.11045364833704	0.772095010244471	50
0.014564167419189	0.521980686168831	199
0.057472991633726	1.11952573646957	50
-0.108517296887268	0.494371094407203	68
-0.018260401278803	0.305926123097725	68
0.114996016074754	0.538528970010245	68
0.114679658331354	1.05314898677869	68
-0.062078859001661	0.802888097662478	39
-0.101954728567556	0.499460641150853	39
0.072995681544202	0.66765937928752	39
-0.060264111321678	0.500434592253552	39
0.114924970907813	0.542786937613363	29
-0.05186030685008	0.510636204732055	28
-0.0143764239694481	0.309223758483486	29
-0.01489928024848	0.304953970811166	293
-0.104490898436612	1.06381543211952	205
-0.091629398054508	0.704486277096373	38
0.025008274532317	1.68737955071697	50
-0.086681392649859	1.51136761019326	50
0.054179761383369	1.32347746527422	50
-0.078890003697179	0.883444679400167	50
-0.074480661413696	0.618315651968744	50
-0.034961018922502	1.1719666138995	50
-0.073301697797497	0.786869735151224	50
0.030311480037251	1.20586183235956	199
-0.018017339699024	0.823530378204213	74
0.06085469215205	1.15955476183607	199
0.093307557217867	0.972812393270288	50
0.1159460960337	0.552870939128121	251
0.017639692597251	0.52139452937039	251
0.013526356639925	0.519081474300781	68
-0.050715099597193	0.726530532695682	68
-0.046911178270194	0.395966306653286	28
0.013126068737268	0.521567088193792	39
-0.08010931698057	0.772967997651482	39
0.06873655272146	0.433267716079536	39
-0.051509787323727	0.396986142120631	39
0.022861899409047	0.533163128234016	39
-0.047141491308744	0.399104154481913	39
-0.016989960476402	0.303603077135928	29
-0.013969563116496	0.305319002118538	29
-0.0177377801972	0.303517158698132	63
0.076615497828022	1.4068485762308	205
0.00271254057955495	1.37421876031329	205
0.102267737358818	1.44029642537727	38
-0.024980275121672	0.736125754647641	50
-0.121628584507754	1.03289645360521	50
0.095188721699114	1.43173962663836	50
0.084020317645489	1.61868682560818	749
-0.030910297388359	1.23951007675142	50
0.05938485332938	0.967891441906823	50
-0.115894886516142	1.02343245906069	50
-0.060190598238742	1.15608114147723	50
-0.039664655165884	0.820848051616514	50
0.016691673938634	0.744542607249519	50
0.034067636125827	1.30411569799703	199
0.0185514044237139	0.936160596011439	50
0.118525198952096	0.545698662557944	86
0.027409961856892	0.855315445228879	68
0.059984798477548	0.773386496293661	68
0.020600670292468	0.525615584881794	39
0.064617774534662	0.428081367731721	28
0.023577529582369	0.534053034597982	28
-0.013853756167389	0.309731576171906	29
-0.048323740293743	0.39950659544984	63
0.114683044791295	1.59230949983923	205
0.00568352374437997	1.08389842791835	205
-0.091403831275222	1.10568411796173	205
-0.0214457269263409	2.17742162229352	205
-0.081976418077468	1.0190510613185	205
0.106297762431943	2.42012416595326	205
-0.081199990662214	1.32694330907549	205
0.042789807911739	1.73832299638103	38
0.080011825573304	1.05641098625786	38
0.0931849968292891	1.06691288644483	50
-0.023165210578766	1.09045721156874	50
-0.065626449067073	1.2150220917414	50
0.014533895322136	0.650525313609205	50
-0.108319183161635	1.30668930038189	749
-0.120342174363592	1.11407691450803	50
-0.012351030281569	0.308634402337749	50
0.066713766514616	0.422156977895027	54
-0.075792819240914	0.795889657726951	50
-0.079917774386534	0.612623350243031	68
0.024289108203482	0.847451790915203	68
0.112756606179729	0.780090445712848	68
-0.050909937163077	0.510538597035451	68
0.0615451348032821	0.765193908374901	68
0.00952718668477803	0.731545942535148	39
-0.010078717883282	0.311559877079658	39
-0.013223495766846	0.304696127501345	28
0.065826416371248	0.428118271562549	28
0.0694517637964081	0.43272308821915	29
-0.067136876011496	2.21320406756552	205
-0.065764344067023	0.937713985568249	205
0.039526613804502	1.22069704445354	205
-0.093488411780408	1.33598920489457	205
-0.0618357381464441	1.82786513853249	38
-0.073039805041783	0.620687946697837	38
-0.0742963570056731	0.611065348990768	50
0.032170641988604	1.38174024800671	50
-0.07558478504254	1.12691997598075	50
-0.036200988252079	1.24533523236912	50
-0.076885925590278	0.791363015072905	50
-0.085726928334029	1.05490827841255	50
0.061709474851117	1.8849725613893	50
0.11090022592112	1.80922331500176	50
0.088475610313305	1.35064495539216	50
0.117370392278647	0.559537199320843	50
-0.051509787323727	0.396986142120631	50
0.074239923172739	0.665241906097946	50
-0.013331276710529	0.306264000235697	50
-0.05916611057016	0.492636344651669	50
-0.105308084303319	0.846552693146427	199
0.01488118850544	0.924579066716221	86
-0.035084070402239	0.621812874147269	68
-0.017330682212567	0.739262714571007	68
-0.105360979282224	0.612745570686779	68
-0.0543325454289581	0.5057816975248	68
0.060679206535603	0.421876912579415	28
-0.105578877630066	0.49611448598911	39
0.117861264428083	0.560341932747504	39
0.115673952751577	0.793658519507854	28
-0.013331276710529	0.306264000235697	28
0.118970562845413	0.556106975989904	29
-0.003789158102945	0.301240345502856	29
-0.013101985651201	0.309812124917511	79
-0.013331276710529	0.306264000235697	63
0.0176004003976959	1.69354205449016	205
-0.035512186396254	1.72203819151455	205
-0.108834454341531	1.76739996532709	205
0.020927812742216	1.28253850434303	50
0.018137905438569	1.51995433781558	50
-0.09045607816403	1.20027571859704	50
-0.109159594043503	0.947479170177112	566
-0.046214598776355	0.386750781575527	50
0.121486114039111	0.540663968335192	50
-0.072468860082906	0.621916028403107	50
0.072991829503799	1.68285242352826	50
-0.06745162958069	1.26776231878698	50
-0.110295208157512	1.25568694141299	50
0.108015886676536	0.900451023030476	50
-0.016989960476402	0.303603077135928	54
0.066443830783857	0.426856736110067	54
-0.089833908861734	0.701006917807145	50
-0.00263244404658602	0.933932087909049	50
-0.052858856287101	0.510918952564484	68
0.019423107196492	0.530856626027996	68
0.00368926658555202	0.630464333746231	68
0.00976973501538803	0.742687098064351	28
-0.044646031941619	0.513403684647606	28
0.0677828665657601	0.650745763520887	28
0.113810990124542	0.553708147226164	29
-0.013395625432738	0.303917050889448	29
-0.013853756167389	0.309731576171906	79
-0.01082960389892	0.310659749354367	63
-0.086384623872771	1.25743710286451	205
0.00631398935491001	1.58974170986502	205
-0.100631617530747	1.26250619413391	205
0.00180717204362102	2.01843365109995	205
-0.08422329014871	1.22034040838544	205
-0.0799833396787471	1.55721556971609	50
0.0127983355851961	1.12153370369087	50
-0.116367438978367	0.778737630952882	50
0.061056987972581	0.877153045690217	50
0.115224049206194	0.795378629564522	50
0.012391960090871	0.639645987954625	50
-0.010078717883282	0.311559877079658	54
-0.055309679229468	0.720591368480298	50
-0.092937813867511	0.692456484904064	50
-0.015238226604775	0.306862144918958	50
-0.113409633213481	0.689518096089458	86
-0.057302508399798	0.712583354358582	68
-0.049860990526694	0.513407478066364	28
-0.00985000399211899	0.310392705484285	28
-0.111479769689882	0.489206394510528	28
0.0645182602386301	0.425848369467749	29
-0.013101985651201	0.309812124917511	60
-0.122184500442288	1.58065937062278	205
-0.003287495422723	1.6985417247327	205
0.102796506809887	1.72035914278122	38
-0.120525713851387	1.40990603238753	50
-0.047189393151985	1.22601197438925	50
0.080926899110644	0.662851379816921	50
-0.072966064591409	0.787484634422861	50
0.049021567954088	0.827034144536078	50
-0.042759982709501	0.823266624915737	50
-0.122061930251066	0.843602034193986	74
-0.074281947706239	1.04639712776366	50
-0.063665330291405	0.698864033282162	68
0.112425131616804	0.547889795464353	28
-0.11465521364286	0.483020268951845	28
0.021112298174638	0.529549316940111	39
-0.0311716554114581	0.626484917019748	39
-0.032740547260139	0.901406492578309	39
-0.013853756167389	0.309731576171906	39
0.12055688395119	0.551642663340574	39
-0.022157096268162	0.29731147440025	39
-0.05530199287492	0.513494784553996	28
0.024522805673286	0.529775544494161	28
-0.047398169080632	0.399280023866762	28
-0.013853756167389	0.309731576171906	63
0.063047683648207	0.419382285433175	60
-0.0981556333763109	2.30016872728116	205
-0.12391155648869	1.87153447568621	205
-0.099869681514663	1.86574852906827	38
0.00288773837197698	1.93726958776507	50
-0.051203144121031	1.47900471483687	749
-0.105594757887011	1.04226412976454	50
-0.108788144155817	0.69468810149708	50
0.124281402167682	1.19700725187065	50
-0.089363338585395	0.707038725457539	50
0.110234472183728	0.538734026852035	50
-0.082431014269016	0.605777094878089	50
0.025264955983651	0.530811182680336	50
0.020982470000722	0.749427648762536	50
-0.05186030685008	0.510636204732055	68
0.074178958609659	0.655767324233744	691
0.065590462381538	0.886226325261108	691
0.020139873707854	0.532292031073519	68
-0.047615754612789	0.400165111246498	28
0.072453252008022	0.429807984314648	39
-0.018783210821443	0.302809698045527	28
0.111219022976906	0.548643901337556	29
-0.016989960476402	0.303603077135928	79
-0.011351417939001	0.31015265310362	337
0.104423437080429	1.37096213355297	50
-0.014665903678389	1.09544513770047	749
-0.029888398889744	0.917844005423596	50
0.02038644291591	1.31170703624745	50
-0.104823181213565	0.498304347407396	50
0.01340477199665	0.645589221212708	54
0.00822951547996498	0.631738137670837	54
-0.062380121239228	0.70245993597257	50
-0.103218016352125	0.495943817940828	86
0.020265563738018	0.531144579144475	68
-0.044486796840371	0.405816712126546	68
-0.111479769689882	0.489206394510528	691
-0.10604009263146	0.496026861381588	691
-0.02141302359372	0.297402347621565	28
0.097822255156252	2.3411956898451	38
-0.100843729824762	1.11474565091087	38
-0.105890779580623	0.758897450911803	50
0.103810122772441	0.99608656123542	381
-0.016596388943526	0.738913280129146	50
-0.053334393440966	0.510137754376321	50
-0.107442856913132	1.20292292068384	50
0.0518654281715391	1.12797841678036	54
-0.017876176823288	1.08575778329081	54
-0.056992445163514	0.507030087645606	173
-0.057517692703314	0.50743896973631	173
-0.081019888102987	0.61222502550096	50
-0.082342365988752	0.611655256196553	86
-0.00985000399211899	0.310392705484285	68
0.056786528118695	0.409180933432006	68
0.118075696289818	0.793279719376177	386
-0.045929538704337	0.40426972621846	691
-0.120271509506342	0.38644706382996	28
0.0747815271233721	0.651043674435277	1055
-0.014083627307242	0.304931736151417	28
-0.045695128939662	0.397361838235097	337
-0.045438960737471	0.404877654903689	337
-0.00880749617508503	0.307433004818361	235
-0.014606338360923	0.308362454144827	10
-0.017512347384035	0.306009385691072	60
-0.056827918502438	1.98881883389239	205
0.061372168242767	1.10469033581989	38
0.054544241692121	0.935203132836784	38
0.089390473184172	1.590503690766	50
0.051490395645084	1.22859478319455	38
0.020269958793895	0.857862189899232	50
0.091607103463723	1.41969265875438	520
-0.048436903741284	0.510390363507225	50
-0.0364335826365511	0.631233929250075	50
-0.013131832315834	0.748713974181639	50
-0.054397371980243	0.383274766228827	50
0.116562126503426	0.547255954923408	50
-0.020570142463879	0.812634881339996	1546
-0.044492035000014	0.401903190073989	68
-0.073039805041783	0.620687946697837	691
0.065011583262612	0.427761488320744	28
-0.048833176958386	0.401142697673106	1055
-0.013853756167389	0.309731576171906	28
-0.124043337338981	0.378904089538886	337
-0.050540640412002	0.383936316074801	63
-0.109286303417666	0.996097647065505	50
-0.068381330736638	1.16712828890358	50
0.010918404068461	0.816581301841508	50
0.110597108723085	0.740779198884425	50
-0.110525414695403	0.606239107816878	50
-0.115135639393905	0.864701049659202	50
-0.104676084359557	0.502865690635587	50
0.058291585588331	0.957400737350887	50
0.074875258413981	0.663185222957637	381
-0.052858856287101	0.510918952564484	50
0.122362975493808	0.551314454799442	50
0.035396030080331	1.05168236924206	54
-0.054143686086608	0.897994824590494	54
0.087352141830747	1.08339707562028	173
-0.018260401278803	0.305926123097725	473
-0.013331276710529	0.306264000235697	39
0.069406890057817	0.77673739743708	28
-0.059317348553088	0.990370626839893	50
0.039297245762837	1.69298173070473	50
0.116417513479696	1.37107301662057	50
-0.026957811215005	0.996122648486564	50
0.0453509626758351	1.30992767722367	50
-0.081475087451289	0.611886965473811	50
-0.058824740814499	0.720764033504264	50
-0.076513167973712	0.784298115190392	50
0.072935723626165	0.659561489097254	173
0.106302384530433	0.901387400275879	50
0.064024772395025	0.419848981662134	386
0.0198837262020179	0.526647654513096	386
0.06139488490921	0.423170574735783	691
-0.086827990055708	0.590131322304828	473
0.119776612253635	0.558588734126726	39
0.072995681544202	0.66765937928752	28
0.020856675286649	0.532473610610011	167
0.060990737531407	0.418054716717588	167
-0.01082960389892	0.310659749354367	63
-0.051509787323727	0.396986142120631	60
0.00590597043792396	1.5231461841757	38
-0.08405379231191	0.712624487525029	50
-0.1048949258253	0.760907011060948	50
0.063361672302833	0.86436935963668	50
-0.079999597696599	0.711235998986392	50
-0.076750617984278	1.17558620797538	50
-0.106889365770528	0.688517647879796	50
-0.099874547224935	0.500704855391875	50
-0.048051164603416	0.391928404151378	50
0.020265563738018	0.531144579144475	50
-0.046907685517274	0.399875915062103	50
0.012790274125654	0.517652667707515	381
-0.045475832993786	0.400767680707086	381
0.075940491956246	0.42279723745717	50
-0.039161343962884	0.401928426710575	50
0.101962437449849	0.988206288173034	54
-0.050240063963699	0.727407951751431	50
-0.013331276710529	0.306264000235697	386
-0.012103357756622	0.30665898897141	72
0.12216151227585	0.795757750658488	60
0.0652074806728981	0.649947659946884	60
-0.034054574526507	2.21008359862739	205
-0.090275236745969	1.26663936916172	205
-0.012095077598538	0.836927485493398	38
-0.111287972655482	0.602298457333456	38
-0.049414426453269	0.510798162743322	50
0.123844308507886	0.796118942050373	50
0.048953952305635	1.2222247519181	50
-0.052718866282346	0.382874649130634	50
0.065281679165878	0.420748017055516	50
-0.046980164768562	0.509189344938878	50
0.066443830783857	0.426856736110067	50
-0.044717631482769	0.406228416061856	50
0.022861899409047	0.533163128234016	50
0.022059694623809	0.531188792813207	50
0.085422018524706	1.07103821432812	54
-0.013101985651201	0.309812124917511	50
-0.046197799238987	0.51305933765997	50
-0.013853756167389	0.309731576171906	691
-0.052955486042641	0.394639668350665	691
0.0683986830496191	0.660765090968726	473
-0.063009828428592	0.813947785290509	28
-0.032939904660888	0.626236763474246	28
-0.013101985651201	0.309812124917511	84
-0.080088380137296	2.36716304337716	205
-0.118688235414269	1.23599301249492	205
-0.114646241388636	0.685336503297532	38
0.0150611493542669	0.829836456506163	38
-0.097761314775607	0.77387111880808	38
-0.089416271954486	0.707672854162392	50
-0.107520430923716	0.849803162003058	50
-0.121294514287167	0.840514628356414	50
-0.053228054083927	1.55137490764929	50
0.068599896442088	0.421000690235614	50
-0.109124731375444	0.488518993925284	50
0.023406638904518	0.754803344835525	50
-0.039230779615586	1.15123757201704	50
-0.121717668476385	0.383221395147747	50
-0.105909507100546	0.502323752525706	50
-0.116660557401761	0.691847355908452	50
0.069745750382733	1.33567202593073	566
-0.066026139469747	0.868951332726528	566
0.015757791899712	0.75569894828149	50
-0.107074097268849	0.497890660442345	50
0.115042339877065	0.55196500385066	50
0.068958753876998	0.430773872969908	381
-0.013223495766846	0.304696127501345	50
-0.00932865636546598	0.310898698430004	212
0.071997253151952	0.659905634193378	54
0.115533045404367	0.550014192493455	50
-0.016406179661166	0.299958767792386	50
-0.013331276710529	0.306264000235697	50
0.0635828889787881	0.766461740300017	473
-0.0826186967999309	0.602217938886883	473
0.124542589779288	1.10476057895902	473
0.065011583262612	0.427761488320744	613
-0.124763536552125	0.383630918357563	167
0.071152359768923	0.424842645083805	46
-0.119184738593771	0.860240372006562	38
-0.019569051884331	0.810477683682013	50
-0.114498882077734	0.862613228726363	50
-0.061217635515981	0.495043920195039	50
-0.057773990187305	0.72307615920641	50
-0.123534452176397	0.384672563564755	50
-0.1130459261475	0.694319050965546	50
0.07683283819148	0.637579278087089	50
0.065690898064495	0.412854098351393	50
-0.01489928024848	0.304953970811166	50
-0.015986199897745	0.303432381673894	212
-0.00530525491961997	0.823853566653038	1546
0.069117693094877	0.648430865972513	54
-0.010600298850402	0.311050852910577	50
-0.048106237137353	0.39956767643858	50
-0.00252216610649303	0.300091649684067	616
0.06873655272146	0.433267716079536	691
-0.013744783896971	0.307104448510898	28
-0.052463724536853	0.394104285803724	60
-0.048111194081624	0.402485411990122	60
0.017692986320918	0.749235027032551	50
-0.084194403349162	0.599102828978673	50
0.017894883074279	0.523270030832891	50
0.074413720968181	1.64399965476863	50
0.00469190752484805	0.609186584488384	50
0.061686647185597	0.775743892521522	50
-0.010078717883282	0.311559877079658	76
-0.00275009764684897	0.298575273459327	386
-0.109148010654684	0.69595023945452	473
-0.108433681267009	0.486820124260117	28
-0.090065672264775	0.787678276104818	28
0.115332035589691	0.773126642534039	167
0.062604536326932	0.419131908487917	28
0.018135302396536	0.516809869640191	60
0.0487467852343429	1.04284933481048	38
-0.0548995142166721	0.506779772632062	520
-0.037566810280563	0.625127871982884	50
0.010612853538059	0.624665935098051	50
-0.051598491759169	0.50681406272245	50
-0.031716683267243	1.07232700727313	50
-0.045953586936464	0.395483799208556	473
-0.039651811537448	0.403180944652414	85
0.066617814464252	0.637467176395232	28
0.012137503644187	0.74741681186803	28
-0.018034922592545	0.302896462013487	46
0.024549407467958	0.531308448964134	72
0.0645182602386301	0.425848369467749	659
0.071738984997114	0.42963122419925	5
-0.0143764239694481	0.309223758483486	1067
-0.068657043107859	1.03063451862407	38
-0.022032349013703	0.738932860877053	50
-0.082813893767407	0.709157924650652	50
0.027602771068205	0.85503003028495	970
0.12216151227585	0.795757750658488	381
0.00130314875269699	0.621481952172118	381
0.00786899920637396	0.643662698464207	50
-0.082220994194134	0.607076052511791	50
0.0623320410496671	0.421751521504433	173
-0.016765121001863	0.304862540838296	50
-0.0530671570326921	0.964883626773739	54
0.0266023994813051	0.858912069230687	54
-0.046196919958975	0.399899741905481	473
-0.013744783896971	0.307104448510898	167
-0.037969811076389	0.401181837487387	46
0.12280422761296	0.559240196767948	1067
0.0619460827366	1.9484488247981	38
-0.036179116555313	1.14518902556776	38
0.039900292708921	1.46718128977942	38
-0.095620110040235	1.27172050273461	271
-0.084423281667133	0.596611540933162	50
-0.023384109681091	1.06717048311016	50
-0.023489867665517	0.73647193471544	50
-0.038826422104127	0.627285088352843	50
-0.116293298385692	0.682383548565371	50
0.103622306921833	0.886871689665487	50
-0.024477561522797	0.737861889364728	50
0.059759014122365	0.881149434402904	50
-0.036899668286605	0.623196993375017	50
0.053623734718663	1.65135935200823	50
-0.094221579930965	1.29078722444662	50
0.0731035056221691	1.49901649252203	54
-0.087157815556557	0.708586217969185	50
-0.01745525625195	0.831885772972088	54
0.020265563738018	0.531144579144475	54
-0.041583640988338	0.40491100921707	54
-0.040142440240001	0.402583721682345	473
-0.058309166366961	0.503785184958668	473
-0.063917667316471	0.702586739015317	28
0.065332514760505	0.427558040043245	28
0.0692294513573261	0.432543366808688	473
0.018706376425032	0.528039048973739	28
0.116123094950752	0.551772691019488	72
-0.013331276710529	0.306264000235697	72
-0.0453182339503579	1.48044033763414	271
-0.117901939524568	1.14788236329345	50
-0.087424173477105	0.793149751928262	50
-0.089722208760334	0.87284417731464	50
0.120475290561039	1.20737927492431	50
-0.0757144731205051	0.94706382354201	50
0.106124955586373	0.899266807224169	50
0.058060996872904	0.861009807487477	50
-0.057255150693361	0.508975751254835	54
-0.0821677296436451	0.596202571276871	473
-0.048596880910649	0.397156358881164	28
-0.102415017588331	0.499375875698459	28
0.0703103271841879	0.422621603421008	473
0.065504741573766	0.427060609549316	473
0.061616367460323	0.42275650318415	28
-0.118070638050731	1.00998154051096	50
-0.104930242405297	0.696377072188225	50
-0.074672822129885	0.799417284802628	50
-0.100334278418191	0.500621131193131	54
-0.108837400084217	1.01611251256412	54
0.021637135429336	1.10812054716544	50
-0.118574837130746	0.68763963117838	50
0.113125053151152	0.547054111447345	28
0.011760784959771	0.504339149093534	473
0.061122035005948	0.417665248314766	473
-0.045033024033125	0.604575728219509	473
0.0727720325018411	0.660131859816091	473
0.11385354833358	0.544408545008273	473
-0.044486796840371	0.405816712126546	28
0.119285894597478	0.560609605474779	85
-0.108693584009687	0.597390000948694	85
0.00967220484189302	0.63430694945962	28
0.068958753876998	0.430773872969908	85
0.0660472159971141	0.425514324566589	28
-0.041093026938717	0.405516043775666	28
-0.015129237918258	0.307858064641708	46
-0.04399620315591	0.406427295977407	46
-0.109532866474882	0.951750216914073	50
0.110098973431219	1.36405130312171	50
-0.08987278179057	0.949004596109981	50
-0.113111400316445	0.685340882070416	50
0.022472578439509	0.8455194887351	381
-0.021699833409869	0.731117827983894	50
0.051753680654984	1.04286456479377	809
0.101524388849837	1.08194913299385	50
-0.047389112559165	0.402694284472409	54
-0.046183281476138	0.512827802309353	54
-0.023424994894815	0.295829103783543	473
-0.069337811447335	0.809233751495224	473
-0.00932865636546598	0.310898698430004	5
-0.013624421432918	0.309304985206354	60
-0.015882859819112	0.304059061239338	60
0.105713729662297	1.37199960522116	50
-0.020138110514455	1.27323463570169	50
0.0557673881397161	1.40380629248406	50
-0.096087775389683	1.10584543019436	50
-0.069062005080946	0.950409410887498	50
0.094071292726107	1.42929046486133	50
0.035730273228336	1.14313778918909	50
-0.0472766332909	0.983913505989078	50
-0.041529407209472	0.615037414141078	809
-0.11254580784128	0.951118480082976	54
0.060229747661974	0.97913275075658	54
0.071197456514952	0.663728216870906	54
0.108604069059895	0.903123323974016	473
0.0158728368201519	0.501187447287579	473
0.018936604099128	0.529068469850576	473
-0.046666933138394	0.401774449510598	473
0.015051537890697	0.522733228605476	473
-0.014083627307242	0.304931736151417	85
0.114744831200238	0.557888959043258	85
-0.122440702155675	0.378049110719397	46
-0.041093026938717	0.405516043775666	46
-0.056567100246024	0.501784033392886	46
-0.012478269213827	0.301729406901667	193
-0.062964454690131	1.23210864845382	50
-0.101258209739319	1.26305774572628	50
-0.023849196257404	0.99102908613767	50
0.073710130702995	0.659787831854345	809
0.026328571125213	0.949184492709972	50
0.0617702887248061	0.977180477480285	54
-0.12464873338781	0.38568710094256	473
-0.0852729127485869	0.589183161604474	473
-0.124510805107256	0.386369212451664	473
-0.102549346367114	0.504194661996863	473
-0.056830626847146	0.383833571706849	28
-0.013331276710529	0.306264000235697	46
-0.118037716405083	1.73844662099463	38
0.080568662176797	1.49080240838523	50
0.066252036570048	1.60523956621169	50
0.109739126618794	1.37854884806188	50
0.0569221716610741	1.05897346275516	50
0.100904889029385	1.24955475992066	50
0.079684642290485	0.651373524708651	50
0.074100611955063	0.660661115899993	50
0.121997894128843	1.2000296535522	381
0.08451076156053	1.06916708825579	50
-0.085666723500664	0.703256730086912	50
-0.101546561588997	0.952843812571188	50
0.118351975235829	0.558316992720337	809
-0.016336814243733	1.08685362065487	1331
0.025995489646514	0.845267353826926	1331
-0.078337831648037	0.607441404820472	50
-0.0464259486004031	0.39924880798679	473
-0.123062453810887	0.387993026616018	473
0.064741014645642	0.41998748676417	473
-0.013624421432918	0.309304985206354	473
0.0692294513573261	0.432543366808688	473
-0.010078717883282	0.311559877079658	67
0.018126305057997	0.523128912098197	46
-0.0456697812711771	0.400870461999924	46
0.059067048685633	0.411350518737553	679
0.068106318458131	0.42517085090551	46
0.025698006638633	1.74103668582765	38
0.063577040487969	1.41613597570325	50
-0.067497468593581	0.807803587908916	50
0.102447148016859	0.897292226867944	50
0.070606191705236	1.77578464866047	50
0.038164413720809	2.15572036520259	50
0.064541721829362	0.88153886602621	50
-0.039358341619121	1.12991760415007	50
-0.07727112618087	0.606651322015454	50
-0.081865728672249	0.768914500805396	50
0.068419786331723	0.778219671403794	50
-0.078558251814418	0.616765410511448	50
0.063002330831027	0.775334586773385	50
-0.063756752668981	0.814138384093401	50
0.076184746461912	0.669545947032838	50
-0.116454119299777	1.03611419421687	809
-0.018695087055757	1.49719761683789	809
-0.0873582718739651	1.21191051775256	1331
-0.047880914016292	0.403263335361737	50
-0.013853756167389	0.309731576171906	473
-0.044813061401345	0.511657977683156	473
0.068021307986142	0.432423938787649	473
0.0692294513573261	0.432543366808688	1086
0.034758956790217	1.02491854973699	473
0.068326337194121	0.424801503313369	473
-0.0143764239694481	0.309223758483486	67
0.072453252008022	0.429807984314648	28
-0.082921599795205	0.715684290761723	85
-0.05101801112111	0.396441796442641	193
-0.052463724536853	0.394104285803724	60
-0.011240296682801	0.300799876868144	60
-0.112999427575075	1.54409850494089	38
0.051155535756838	1.39442891652888	50
-0.05273231103121	1.07048049478184	50
-0.07069796536083	1.01462119691545	50
-0.031898760785257	1.25362666297381	50
-0.018168808709789	1.07754278977525	50
-0.116741608265217	0.779248366951348	50
-0.079624909145236	1.11997870669408	50
0.06590507493172	0.882659345831762	50
0.020665291168492	0.840409197767529	50
-0.114451050863118	0.785756220173872	733
-0.109991898599828	0.601616249369113	809
0.0130676593904761	0.637359528554114	809
0.065011583262612	0.427761488320744	809
-0.038341183557364	0.626438990756251	50
0.063646490966551	0.640774845997099	50
0.080151980663611	0.647547161016311	54
-0.049860990526694	0.513407478066364	50
0.074875258413981	0.663185222957637	54
-0.112317012159165	0.592816873269558	54
0.06908984723781	0.648031291105187	473
-0.043505770559801	0.405126258360448	473
-0.045208217351766	0.405617590405059	473
0.076508898418567	0.655814383837895	473
-0.05530199287492	0.513494784553996	473
0.022861899409047	0.533163128234016	473
-0.010600298850402	0.311050852910577	473
0.075265713953492	0.644144578415911	473
0.0206261649471799	0.532073161958275	473
0.0659977352787841	0.422019844740975	67
-0.052669903797696	0.720116885131026	85
-0.122323457208269	1.01788210339803	50
-0.017604423737949	0.827269753158487	50
0.024443688608608	1.03563360959915	50
-0.096951228042556	1.49199948166484	50
-0.02941053427614	0.629360018309829	50
-0.03825199286603	0.621014075787125	50
-0.080203961696976	0.613872516647754	733
-0.017379253402168	1.0944100132139	733
0.116682488330103	1.28750786919816	809
-0.072601530797169	0.976320743692923	1331
-0.088177810871657	0.698220375486166	54
-0.09980158645947	0.956859730622902	50
0.083761752197967	1.1695843215076	54
0.014998940306745	0.515321784157183	50
-0.010307977613186	0.307188752676449	473
0.0174083755721089	0.523471627463019	473
0.00209450724858995	0.622878416835555	473
-0.015760173354085	0.303743895564504	67
-0.042043440571875	0.401038650221201	85
-0.012351030281569	0.308634402337749	46
-0.011122067543867	0.306754140926722	46
0.025291702251433	0.944752924934921	50
-0.082082830911401	0.88095522316327	50
-0.050514129023618	1.25160728867319	50
0.098435069706849	0.98661081939605	809
-0.107080311697903	0.604477630913818	54
0.0615480206670051	0.771241618740055	50
-0.121052543146264	0.846461649022362	50
-0.044492035000014	0.401903190073989	54
-0.0452222836096779	0.394436230845958	50
0.00756360357233299	0.631731417201768	54
-0.047158741356148	0.402337325590611	473
0.02461845328357	0.7590675548746	473
0.111182954430409	0.902626443936692	28
0.0196534243583389	0.530495647634422	67
0.065202775514037	0.641332972437293	85
-0.112403793757245	0.489268010300042	85
-0.124160584453997	0.384065906070779	46
0.075940491956246	0.42279723745717	60
0.0340099381675441	1.68458044638724	50
0.055959312406662	1.65505832938133	50
0.066222619371181	1.34177130280866	50
0.013660275843052	0.751694396417314	50
-0.046643387946103	0.81330668305233	809
0.110875847171371	0.906415811987618	54
-0.063798021684363	0.884585362370039	54
0.117861264428083	0.560341932747504	473
0.114031854572479	0.557026518506265	473
-0.072516626309022	0.618083066698071	473
-0.042533878512635	0.402293483937571	67
-0.044486796840371	0.405816712126546	67
-0.049860990526694	0.513407478066364	67
-0.013744783896971	0.307104448510898	46
-0.051401291098132	0.513734793307528	46
0.058974678813063	0.413651315336411	46
-0.014083627307242	0.304931736151417	5
-0.018260401278803	0.305926123097725	5
-0.013101985651201	0.309812124917511	60
-0.104940047293281	1.66310028688631	50
-0.04902455523663	1.44373993189353	50
-0.015367441558473	1.34238036501178	50
-0.124033103204065	0.984846684975737	50
-0.00267095510708504	1.26788508753404	50
-0.081101381641098	1.13240094937168	50
0.023745684838157	0.753508814294939	50
-0.0930296928886331	0.7834662364053	50
0.051224066222238	0.949347271564486	50
0.072836997884995	0.781571544934236	50
-0.118895372614051	0.582950836633531	50
0.057568844096218	1.15030537271392	54
-0.062158180302292	0.88121636302816	1331
-0.033695972512876	0.914326259676839	1331
-0.0518699117013211	0.723807323415909	50
-0.0203412170473219	0.727290831616676	54
0.0680918760955071	0.659934063381243	54
-0.0430436613086	0.402561509639493	473
0.021973309314803	0.531414359618923	473
0.081708583837008	0.660406910236236	473
0.014819788325774	0.521323038893825	85
0.068514259763356	0.431702930604033	46
0.108117735148937	0.533580653306519	46
0.067429771725375	0.421168261799147	46
-0.044977551715461	0.403333012286339	46
-0.011351417939001	0.31015265310362	60
-0.05225035152972	0.970220479664285	50
0.089487580530064	1.18257329307464	50
-0.030013316235358	0.979767225070151	809
-0.10284941696272	1.02325926302847	809
-0.092662181275267	0.676565084554954	54
-0.021992585456903	0.80807455607879	54
-0.0721694463213271	0.608533455413528	50
0.000620172380757955	1.16178408055252	54
-0.000526651181472992	1.08978987804253	54
0.018936604099128	0.529068469850576	54
0.00945037006968896	0.641749754969459	473
-0.103957472992604	0.498742424698705	473
-0.0517409211423679	0.395770574228461	473
0.0628261542360971	0.422300847683199	473
-0.040968450394142	0.624725940309006	67
-0.046417363102765	0.39862786128635	28
-0.045438960737471	0.404877654903689	28
0.011053187724662	0.634554429970064	85
0.027260057260329	0.529587203745025	28
-0.018034922592545	0.302896462013487	46
0.068514259763356	0.431702930604033	46
-0.013744783896971	0.307104448510898	5
0.124060103121822	2.29639445726021	50
-0.061801584813054	0.889782340126559	50
0.115099148966037	1.99198227156294	50
0.102225403868799	1.87754645006848	50
-0.091896800997047	1.43563716238632	271
-0.106607186339431	1.33009347132767	50
0.101602683231197	2.10009803323518	50
-0.011159298684063	1.10607253024422	738
0.023246383291889	1.41467728644538	50
0.05642363156221	0.970032170623482	809
-0.030445648835165	0.905867682953458	1331
-0.017501925917519	1.14307370443341	54
0.092602020697702	1.21817399701525	50
-0.060742859719487	0.806460178397678	50
-0.097484167975463	0.499694254478834	1538
0.089163023150418	1.08534204162566	1538
-0.110900686934346	0.484668879426894	473
-0.081934795523378	0.598102550036957	67
-0.122826485962358	0.385841741432623	28
0.065727719940027	0.427894070646929	67
0.068958753876998	0.430773872969908	67
0.069644515993782	0.664646297947691	28
0.06259221555135	0.415961786714563	85
-0.022157096268162	0.29731147440025	85
-0.013969563116496	0.305319002118538	46
-0.113328387286663	0.482776537167653	46
0.0659977352787841	0.422019844740975	46
-0.015129237918258	0.307858064641708	46
-0.015129237918258	0.307858064641708	46
-0.019758977609089	0.300854235265918	72
-0.013331276710529	0.306264000235697	72
0.053787282182168	1.63348176361835	50
-0.0980262391137769	1.19293718293229	50
0.085089072075057	1.92470879727931	50
-0.12363338416789	1.17740210303718	50
-0.110070542721352	0.701488981758279	50
-0.055300120846896	1.214728410238	50
0.071313415947363	1.58542703362463	50
-0.00581458391989898	1.25979603358647	50
0.119042382352514	0.792927258402717	50
-0.088578405431772	1.20228200943765	50
0.099500522188067	1.51168165076277	50
-0.122574299463917	0.387919878505882	50
0.0759908474130671	1.05474329879855	50
-0.041684732591142	0.912119432080504	50
-0.052072936612339	0.89469880562455	54
-0.034703758776647	0.895752967947962	54
0.024588459637688	0.95086440381439	54
-0.09072197742782	0.69762135198056	1538
-0.057575777981199	0.716935847908565	473
0.112425131616804	0.547889795464353	473
-0.086199056052215	0.693132427846071	67
-0.011351417939001	0.31015265310362	85
0.0137382211020191	1.28165643128913	50
0.116663066020278	0.5543168024792	50
0.07258180523962	1.41382143157893	50
-0.116428525072375	1.1915951195343	50
-0.042058979809435	0.608994863876738	809
0.01274968326427	0.73161184647208	54
0.113411028922945	0.901116844823896	54
-0.079117457529433	0.884784461867447	1331
0.09838159031696	1.17964873214508	50
-0.04396621154129	0.607358833664493	50
0.088790149675168	1.08504528687173	473
-0.053747716180704	0.712522076895799	473
0.123024711065164	0.554938942706478	473
0.05350921733214	0.747311270743194	473
0.09712158180675	0.999938636129789	473
-0.013853756167389	0.309731576171906	67
0.114022422047317	0.786823870622269	67
0.07223167499218	0.428932841365855	67
-0.087555930127292	0.594847259481777	67
0.022861899409047	0.533163128234016	85
-0.121850120191988	0.387056418604752	85
-0.00630148959092802	0.307501913163364	46
-0.015129237918258	0.307858064641708	12
-0.014083627307242	0.304931736151417	70
-0.01082960389892	0.310659749354367	60
-0.123406511492386	0.846254695364345	50
-0.011277126959057	1.87417619673185	50
-0.106837281227104	1.32798977239779	50
0.00713125950986104	1.37485948996795	271
0.022632424219833	0.53057018459177	50
-0.110487062592987	0.474680486817516	50
-0.024186796436746	1.15250921734591	75
-0.115414834210096	0.781377732448872	50
-0.041813498589566	0.404645085772278	809
-0.00757135999329495	0.306852567040636	809
-0.015892351352501	0.295100453610115	809
0.012084535981054	0.631620389429805	809
0.121995424472807	1.28916243211155	1331
0.024506337450746	0.950923409490674	54
0.112674398052653	1.28759105346089	50
-0.079917774386534	0.612623350243031	50
0.124201970240696	1.20784537761118	50
0.08061886627166	1.23857131951055	54
0.066803606009148	0.771452265225327	473
0.020457185483383	0.840800091638649	473
-0.073863756620924	0.614108669123506	473
-0.101630123591508	0.500445416324286	473
0.119378633292882	0.800778401394103	473
-0.010078717883282	0.311559877079658	450
-0.123550767440329	0.386698545659496	85
-0.011829014813697	0.305214293953818	85
-0.00997518058477398	0.30136616351927	85
-0.018783210821443	0.302809698045527	12
-0.018034922592545	0.302896462013487	70
0.114474235578918	0.518511735018174	50
-0.094571054080307	1.2061094697918	50
0.069000712121247	1.66215815290419	50
-0.00449964749917797	0.835615350022944	50
-0.00903308320829299	0.994061865147969	75
-0.077065113923979	1.28905324307455	50
0.03571965577215	1.65285938422262	50
-0.124510805107256	0.386369212451664	50
-0.044717631482769	0.406228416061856	809
0.116123721574928	0.788528691339806	809
-0.066023910015554	0.698391317072378	50
-0.016925973792899	0.807098618686139	50
-0.075602845103147	0.793309412015057	1538
-0.039563791527483	0.808524467011447	473
-0.123298442644805	0.387667991616228	473
-0.117993298006456	0.59025725361484	67
-0.05101801112111	0.396441796442641	67
0.016228014532268	0.515268632654408	46
-0.052184288337618	0.514684735650345	46
-0.0488142217045709	0.39891017168219	46
-0.015652326111167	0.3036297971358	46
-0.0177377801972	0.303517158698132	12
-0.00857942285588298	0.307786121663996	12
-0.013624421432918	0.309304985206354	12
-0.012103357756622	0.30665898897141	72
-0.0143764239694481	0.309223758483486	5
-0.01839467152632	0.299087439564183	5
-0.011351417939001	0.31015265310362	1405
-0.045427564693396	1.57042832597816	50
-0.108725340479708	1.0190799045369	50
0.08391141522733	1.35949136556028	50
-0.109512171443687	0.866815115040779	50
0.025308030912549	1.26045081657465	738
0.032185791700905	1.11752538849679	75
0.026384103624748	1.11699268715344	50
-0.056116752713524	0.894114012683077	50
-0.052746683497274	0.89260445909644	809
-0.069801172039092	0.805694121357118	54
-0.044486796840371	0.405816712126546	1538
-0.100482622959816	0.496599787742203	1538
0.113139296294093	0.546820443886083	28
-0.053274531619901	0.514568553185665	67
-0.073516509861305	0.61201776334399	67
0.019627862401412	0.759548150138669	85
0.121111002975807	0.556403463912007	46
-0.052463724536853	0.394104285803724	46
0.063541742851411	0.419925388972327	46
-0.011351417939001	0.31015265310362	12
-0.010600298850402	0.311050852910577	70
0.0673060307699091	0.429998857599968	60
-0.013624421432918	0.309304985206354	60
0.00388738744994999	1.81082243778297	50
0.120864455437119	1.80370504585786	50
-0.120576238572214	1.10360023442439	50
0.100556228539947	1.618556609433	271
-0.072271093453126	1.21638986054562	50
0.116344339745398	1.55112843143445	50
-0.043422795891385	1.61331871332704	50
-0.097297086737305	1.04234856079466	50
0.116336469906586	1.55170092308056	704
-0.079922410552764	0.71775954284123	50
0.0985583604821359	1.43643579042212	50
-0.081006801591843	1.11217092030003	50
-0.103901232908075	0.92440176952932	50
0.124004396933437	1.57043584965489	50
-0.100707307449711	1.03398738694591	50
-0.053027454845035	1.07156301907725	50
-0.07392517043464	0.611695450599259	809
-0.041813498589566	0.404645085772278	809
-0.088022840634558	1.12729638943288	54
-0.086164265752036	0.951639980450749	1331
0.062904895640859	1.51557800552348	1331
-0.029147464654282	0.706301447683188	473
-0.044486796840371	0.405816712126546	473
0.00621450613756303	0.62622961095075	246
0.060561405431852	0.769807911442605	246
-0.015986199897745	0.303432381673894	67
0.00221460347161295	0.617257690164354	28
-0.048323740293743	0.39950659544984	28
-0.051036941719715	0.391218904300357	1429
-0.011581310910634	0.30715594261813	1429
-0.108158779221935	0.495400548681527	46
0.015254840036995	0.517820665077714	46
-0.123062453810887	0.387993026616018	46
-0.013744783896971	0.307104448510898	60
0.085667568790724	1.07732026267028	50
0.118199233466383	1.781573229841	50
0.0889898435520891	1.41120639221238	50
-0.103687710430507	1.29364410652338	50
0.094099688167284	1.20339506562863	50
-0.090725068279105	1.49434237739189	50
-0.119295773645943	0.384774926513972	50
0.00242053482129301	1.34483498990339	50
-0.011690363724437	0.298522079434048	50
-0.01082960389892	0.310659749354367	809
0.0222267321669301	0.732712291464492	54
-0.0591808639395141	0.720333313459636	54
0.016145621243726	0.512102468387722	50
0.0512777698310431	1.03225026451534	50
-0.026176615748939	0.986698680910307	473
-0.084409469751469	0.713121436104266	473
0.0283122222059879	0.858759732207628	473
-0.057554038752561	0.498156862959099	473
0.122583648885242	0.558749534404391	67
0.084627877481533	1.16031103511318	67
-0.124275012536968	0.386446151307926	28
0.115457888538721	0.557323926907344	1429
-0.055120998240731	0.382632480590178	46
-0.013624421432918	0.309304985206354	46
-0.0543325454289581	0.5057816975248	12
-0.018260401278803	0.305926123097725	759
-0.0329123406328981	1.11729173383141	50
-0.00697210350731603	1.11589364488574	50
-0.0851388760332	1.02730825786832	50
0.00605454415680695	1.46262350499084	50
-0.07095204542988	1.0472403488025	50
-0.051102278967345	0.904907400630404	50
0.061895003346451	1.24084208684841	50
-0.036415470265501	1.21512941062059	50
-0.083740418507393	1.05131416255296	75
0.014482575516407	1.27646984336876	50
0.067098497792872	1.73982334210337	50
0.096991078713874	0.975510941475252	50
0.023118393001599	0.528079920669109	809
0.069944609194055	0.432003173101958	809
0.0206261649471799	0.532073161958275	54
-0.018697033266067	0.826097064862283	54
-0.089833908861734	0.701006917807145	50
0.111890926083064	1.18442048284693	50
-0.0874661580842781	0.595319986791747	54
-0.085024486134624	0.585732359744614	473
-0.0552130378769991	0.716218466877362	473
-0.054062760204627	0.716652104440219	473
0.00414554288090696	0.631378357075973	246
-0.08453093304704	0.704717432762747	246
-0.015129237918258	0.307858064641708	67
-0.016508381779055	0.300398353121001	28
0.121161262703114	0.556786394746953	28
0.12439907254572	0.556224276661673	46
-0.011122067543867	0.306754140926722	5
0.026066834139895	1.03982444735776	50
0.066110469571157	0.771739120252937	50
-0.116465772977337	1.10132219390648	50
0.119896719064192	2.07594621779266	50
-0.018486424197797	0.302200351206137	50
-0.107385572822738	0.609715518175377	54
-0.0823839525025381	0.965391271430456	54
0.00188688976213203	1.0980463450335	54
-0.070796833938687	1.01971499070159	54
0.060608055414221	1.13128142503264	54
-0.08598296945095	0.800618432182045	50
-0.027119110059145	0.995485085990069	54
-0.106761749274788	0.496994104307888	473
0.075649974337624	0.664157953518836	473
-0.108158779221935	0.495400548681527	67
0.018862830745787	0.759263987419132	67
0.020444534262558	0.519166849268705	67
-0.104031662460954	0.495669493222483	67
0.117591626354504	0.556802903241462	67
0.121872419167541	0.558596667395072	46
-0.122086304300033	0.386281202266868	12
-0.00932865636546598	0.310898698430004	60
-0.119694526128097	0.929886818717097	50
-0.108751180992353	1.06207334462084	50
0.065637969993456	1.68950600241373	50
-0.070077767596617	1.20295439446525	50
-0.08315397166948	1.28587109022418	50
-0.060911657306932	1.20444998173226	50
0.063550857743307	1.37711805400748	75
-0.035855480481461	1.39846012036761	75
-0.031478824176535	1.22159653304066	50
-0.113451288722513	0.988151900771578	50
-0.057507420304695	1.21680658522614	50
0.044790336772489	1.38750276164991	50
0.05078363704597	1.02511188196728	54
-0.103957472992604	0.498742424698705	54
-0.109277648342743	0.487793156321421	473
-0.040708611525771	0.619013521266691	473
-0.104266751447385	0.499414028476374	473
0.00243604148130006	0.617669041582262	473
-0.10642213188997	0.4892282679894	246
0.053786972040578	0.852047805346141	246
-0.021298430339578	0.74260597548671	67
-0.041572317351436	0.397134666167928	67
-0.113021844567045	0.377805447047882	67
0.116167172877776	0.553613300776313	28
-0.013744783896971	0.307104448510898	28
-0.012625592647175	0.302504420553504	102
0.071997253151952	0.659905634193378	288
-0.0177377801972	0.303517158698132	12
-0.013101985651201	0.309812124917511	584
-0.024579495489057	1.55856264335045	50
-0.113542124798169	0.85584959176396	50
-0.112103012737456	0.955538775479159	50
0.038154466441975	1.04276058894301	50
0.022410959353926	1.02644316845216	50
-0.028374387560595	0.920321578240651	75
0.096331314629627	1.08512594969295	50
-0.0910847915095651	0.783609043733524	50
-0.040758304940225	0.805559476973098	50
0.060332748344563	0.976797488249966	50
0.050251280226131	1.12930826724168	50
-0.052612691436122	0.798928471592227	50
0.056998783590162	1.04646860759944	50
-0.055217494963094	0.888366655267011	50
0.016634661757394	0.846245709762722	50
0.0558580922262431	0.869605516409507	50
-0.118695473144694	0.589651771467252	50
0.068514259763356	0.431702930604033	246
0.072995681544202	0.66765937928752	67
-0.124275012536968	0.386446151307926	67
-0.114302918205806	0.601274248446718	67
-0.060264111321678	0.500434592253552	67
0.068326337194121	0.424801503313369	67
-0.010078717883282	0.311559877079658	12
-0.01105945197789	0.303788518784466	70
-0.016989960476402	0.303603077135928	5
-0.013101985651201	0.309812124917511	584
-0.123334011472415	1.61844083101648	50
-0.088412643927705	1.12658997647976	50
0.029311229014777	1.03628955721306	50
-0.029036120282169	0.910773366556592	75
-0.005649880125847	1.00131195823548	75
-0.097688657380136	1.09474193304614	75
0.020789652045571	1.28591483227911	75
0.104067637611009	1.33345365813019	50
-0.049386144269598	0.514191512644833	50
0.015831454685807	0.738952430100961	50
0.069644515993782	0.664646297947691	50
-0.108044287103952	0.492964321590382	809
-0.117762119435911	0.679916767668284	1331
-0.102295194904398	1.0252016214182	1331
-0.079509347176525	0.718102084729233	50
-0.0158616703043289	0.737272176791892	1538
0.0984117366289951	0.880596647641855	67
-0.087921379267606	0.698804355748965	67
-0.021611181282767	0.733268420629023	67
0.071997253151952	0.659905634193378	67
0.074548129391159	0.668123209394791	67
0.00856297620300905	0.626509653304906	288
0.121759844942426	0.553280738332291	46
0.120450180275425	0.552981117602334	12
-0.013101985651201	0.309812124917511	60
0.049832267054693	1.12797165367931	50
0.0212441324200801	1.70862599452074	50
-0.064833902225368	1.52141151707444	50
-0.063762578230532	1.0566871481515	50
-0.122486887891331	1.34357840364609	50
-0.096543933260636	0.962376397420574	75
0.056741993675053	1.41560453232092	50
0.11432908105604	0.55058410860476	50
0.074239923172739	0.665241906097946	50
-0.0645775286246491	0.616036435541865	50
-0.01839467152632	0.299087439564183	479
-0.077881696056075	0.61837673642265	1331
0.049900965755581	1.12564773639127	54
-0.078991254155248	0.617464451180173	50
-0.0609877596346901	0.713224642451498	1538
0.094394071514616	0.993382578392018	54
0.053049844001606	1.03545584557912	473
-0.113876841264538	0.600036657478033	473
-0.0517091344952511	0.516440082749072	67
0.067949155380551	0.874573407005965	67
0.00870324134753897	0.623961344285119	67
-0.038198722055749	0.401532118192669	102
0.064741014645642	0.41998748676417	156
-0.013853756167389	0.309731576171906	629
0.114060444745492	0.547712300430483	46
0.064295421899139	0.426449645832079	12
0.06040627777665	0.417522921974896	72
-0.018034922592545	0.302896462013487	584
0.012762170503603	1.29911969234285	50
0.11714907147507	0.557957559956189	50
-0.105117804406276	0.494747236891075	50
0.022112552311326	0.858861377959552	1331
0.028500306650565	0.755934292281762	1331
-0.064616246357333	0.975939736060571	50
-0.071323406799383	0.896613102053909	572
-0.023628852626856	0.92279514651135	473
-0.117378401371697	0.690072145429313	473
0.105303751595047	0.904459937189745	473
-0.115430193867285	0.482243774276703	473
-0.116065788197701	0.586541913770609	28
-0.010719690177716	0.303804907375998	102
-0.040403460835354	0.389947117769968	288
-0.015760173354085	0.303743895564504	46
-0.104879219173814	0.494394041541099	12
-0.013853756167389	0.309731576171906	584
-0.067507777900637	1.28815918096766	50
-0.055517317408415	0.494773215323781	50
0.015855348265312	0.529756024544679	50
0.031548385363446	1.55524297165079	50
-0.095496593923706	1.21085001851195	50
0.020982194588524	0.532048425820811	50
0.0144386355212071	0.641935797607997	50
-0.046417363102765	0.39862786128635	809
-0.013853756167389	0.309731576171906	809
-0.081883675213438	1.05478697443225	1331
0.019488189848736	0.91536387043431	54
-0.037808825250059	0.618572220731722	473
0.118750623361641	0.556660935469648	67
0.06873655272146	0.433267716079536	102
-0.013853756167389	0.309731576171906	102
0.078655833324332	0.413309017818801	288
0.067159914641848	0.424424230758124	288
-0.031402438429497	0.72026153723729	46
-0.00630148959092802	0.307501913163364	1151
-0.042340453863406	1.05856944396159	738
-0.114232797045906	0.853934289525177	738
-0.123389002594865	0.865417926608996	50
0.09191344529278	1.50321420752165	50
0.041493752901572	1.31237491996927	50
-0.011108081150065	1.51566777814663	50
-0.029197677198339	0.72656844906793	50
-0.052482562569535	0.391850971024333	50
-0.082342365988752	0.611655256196553	1331
-0.094882911591311	0.868577256694408	54
-0.077038207626793	0.608006529281861	473
0.017020906558501	0.649168396546797	67
0.072380616924796	0.648174473444468	67
-0.010600298850402	0.311050852910577	12
-0.01082960389892	0.310659749354367	72
-0.013624421432918	0.309304985206354	5
0.010353818365468	0.638800919887762	50
-0.05101801112111	0.396441796442641	50
0.068599896442088	0.421000690235614	809
0.064617774534662	0.428081367731721	809
0.014989821583254	0.927433524175687	54
-0.115793766116948	0.696007380442189	473
0.028485975514024	0.947316948027015	473
-0.09734805407661	0.76381796834494	473
0.064541721829362	0.88153886602621	473
-0.109230457676562	0.496259067742574	28
-0.04783342002685	0.398256762237576	102
-0.010307977613186	0.307188752676449	288
0.116780782539851	0.785599736212655	629
0.109860535137888	0.772221042759073	629
-0.123178611794018	0.379123696405857	629
-0.013853756167389	0.309731576171906	43
0.0599635005722849	0.419184263275561	43
0.0673060307699091	0.429998857599968	72
-0.0464259486004031	0.39924880798679	744
0.067534126058707	1.38506229881573	50
-0.086990079813236	1.25248165023651	50
-0.085899289931906	0.704956171565173	50
0.00960812865368199	1.5256854117229	50
0.035365864300981	1.37571444230223	738
-0.112964380890365	0.86843965169954	50
0.061715246206942	0.767293044203541	50
-0.092520874527268	1.16159549846693	50
0.023873852058914	0.947188846884984	50
0.0499702561509739	1.09536874320611	54
-0.0143764239694481	0.309223758483486	50
-0.040082031306085	0.610748988405333	1331
0.0523883232212961	0.851985536625734	473
-0.088287204856333	0.70937075482748	473
-0.034483741108549	0.903902126769782	473
0.055590080020849	0.853076319581652	473
-0.081709435714904	0.597133849712211	473
-0.042074416254899	0.40245810740541	67
0.068958753876998	0.430773872969908	102
0.076877338658304	0.655918000405533	627
-0.00910053687412904	0.307290833973771	629
0.116658202896463	0.557158387084505	629
-0.043015498950004	0.400236678053582	72
-0.037252800006027	0.630430043006656	50
-0.079081675733916	1.57844660725607	50
0.104105449887498	2.03640920483444	50
-0.098480860649877	1.35468206159242	271
-0.094038463477924	1.178285598681	738
-0.106978930214929	1.29411645613385	738
-0.095346967732325	0.603082110372648	50
-0.047195166647202	1.23854956404982	50
-0.105750851812425	0.961878335947175	50
-0.071228228214913	0.978238393369168	50
-0.07696547916699	0.888608584477331	54
0.011939937440405	0.632286487762803	54
-0.040602574003719	0.404235318048079	54
-0.016958360971168	1.00498457719602	54
-0.000185709662885003	1.00510498921931	54
0.103713153730767	0.90081371166105	54
0.113170182692549	1.18202813767829	54
-0.061462631939788	0.696079513437432	54
0.064460243357635	0.770640313381634	473
0.057983308594885	0.875963398247256	473
0.015741856721468	0.749276655600361	473
-0.106830734892024	0.495531959689448	473
-0.044677485286864	0.612360128368606	246
0.122095187742538	0.901429482281808	67
-0.0788022557221409	0.706285803666423	67
-0.108689793197	0.493711385851833	67
-0.010078717883282	0.311559877079658	67
-0.109853970512928	0.497781486487707	627
-0.012351030281569	0.308634402337749	5
-0.013624421432918	0.309304985206354	287
-0.012351030281569	0.308634402337749	60
0.116879358684831	0.555959988029339	309
-0.104089036383282	1.40688112614735	50
0.00276595549248704	1.76360901394851	50
-0.011442042059893	1.48881358390551	271
-0.052433294458665	1.44282183240885	50
0.07417089036903	1.68313879080462	50
0.069978082002892	0.652167421065787	50
0.0910490342371279	0.984088897247262	50
0.096353217681852	0.998329281066005	50
0.084856899697333	1.64360980038424	50
-0.05151953161157	0.718905975325203	50
-0.013624421432918	0.309304985206354	50
-0.060535753405918	0.71880621455307	54
-0.083090062302757	0.874563838523349	54
-0.08536531819105	0.703839726117691	54
-0.101573278579132	0.856367970047689	473
-0.113299801258234	0.600157132197045	473
0.0220754022874891	0.529654299241619	246
0.115264817029721	0.551317985755909	67
0.070917591720685	0.656254012797064	67
-0.0597875769769139	0.500266063257978	67
0.00372441150437397	0.617014096788376	67
-0.044227206695181	0.404926512088884	629
0.014269294869949	0.730114648895175	50
0.06685192841345	1.75395674091312	50
-0.023016026363924	1.78562059287299	50
0.00279168970305699	1.18495993019354	271
-0.031307717780771	1.1646306651734	50
-0.029364659322702	1.17866377204292	75
-0.078826456305819	0.607921550930565	50
-0.112711125892412	0.486570710409012	54
-0.105189581831009	0.495306269357524	54
0.024779150574497	0.533324797447813	54
-0.062276160486769	0.981938841910977	54
-0.075915070330782	0.949195436743644	54
-0.021868759113993	1.07049909475075	54
-0.110663922464176	0.867150959987314	572
-0.087403260153388	0.707372388917241	473
-0.068475777739282	0.623084847656394	473
0.066460491348874	0.771632186362793	67
-0.045208217351766	0.405617590405059	67
-0.109756061825029	0.491506804901668	67
-0.049860990526694	0.513407478066364	67
0.07469752783464	0.655156152889989	67
-0.01082960389892	0.310659749354367	67
-0.02267984924283	0.29709547416165	101
-0.11755737291669	1.01931686664663	271
-0.051946865912696	0.789708262584334	50
-0.122520457176588	1.10799189417953	50
0.124655754426627	1.10390688573529	54
-0.021271433979237	1.22175306455164	54
0.077278985480731	1.4911547240899	54
0.05754341502684	0.763237487833739	473
0.0293789850634379	0.856323315548612	473
-0.037808825250059	0.618572220731722	473
0.020139873707854	0.532292031073519	473
0.0131941706922321	0.641137655865091	473
0.121872419167541	0.558596667395072	67
-0.037886383232506	0.61836816730069	67
-0.106501449492459	0.494581026255683	67
-0.042843069643126	0.609129734763568	67
-0.013624421432918	0.309304985206354	67
0.058834572152462	0.941012209680973	67
-0.047398169080632	0.399280023866762	67
-0.02267984924283	0.29709547416165	67
-0.013624421432918	0.309304985206354	101
-0.015882859819112	0.304059061239338	748
0.062604536326932	0.419131908487917	309
-0.00396006233035395	0.921947715581938	50
-0.019151757852038	1.00786157449328	50
-0.0866103517657511	0.958772597284326	738
0.058769055806584	1.06773607932146	50
-0.020519072230023	0.734062367165235	50
-0.042214525295282	1.38495768152898	247
-0.02245542209413	0.736991685397334	75
-0.03019917481102	1.16209672522974	54
0.096776369787973	1.57997739174809	54
-0.113467253715696	0.594163787701799	54
-0.061161026341874	0.695966475503273	572
-0.015882859819112	0.304059061239338	572
-0.012873233777438	0.308131929989485	246
0.122945542785307	0.795193660901801	67
-0.107132290277509	0.600378365070994	67
0.061616367460323	0.42275650318415	67
0.022632424219833	0.53057018459177	67
-0.010600298850402	0.311050852910577	288
-0.00705063799826999	0.307344716540548	60
0.025096599941438	1.46910806564581	271
-0.069989170793782	0.788411878434989	271
0.06496255505539	0.881678500479776	50
-0.041874136539687	0.815636669013207	50
-0.108265543852164	0.695786621948862	50
-0.042277694018665	0.61262458945651	50
0.086954919456084	1.08398858292294	50
-0.109517721299343	0.602069788846028	50
0.0831835603055719	0.664696529200207	50
-0.05259736508358	0.510932340975702	50
-0.025223789410351	0.996535583424995	50
-0.0850420527402051	1.1351727376036	50
-0.10002327114179	0.774223686271941	54
-0.086130566588098	0.709143503622839	54
-0.029868396888754	0.712963218537207	54
-0.0457049464468891	0.401588536424989	67
-0.115882335107503	0.780999880630701	572
0.063047683648207	0.419382285433175	572
0.119728912975863	0.550254803926259	54
0.071833343864438	0.651139279767327	473
-0.069083967766034	0.804214944071931	246
-0.045208217351766	0.405617590405059	67
-0.043770844638245	0.401488285332584	67
-0.010307977613186	0.307188752676449	67
0.070437290176426	0.426852731020308	67
-0.108159947899272	0.487022732115953	67
-0.015129237918258	0.307858064641708	101
0.0747347886825021	0.422248749402877	60
-0.068946837108332	1.20991860477979	50
-0.00886297978779504	0.841766790594823	50
0.113318959415632	0.554643411181974	50
0.116997576107346	0.538524712970663	50
-0.108280987542815	0.482558632138874	50
0.00674380145032405	0.639307984730624	271
0.119091397437878	0.789846902539076	271
0.026332974025138	0.759039462560457	271
0.020736930527995	0.532607502199498	738
-0.082988645471629	0.707439782345284	738
-0.056989672895411	0.716293064005441	738
-0.05154163651194	0.513513599787255	50
0.00194349308665498	0.835563923862485	50
0.019838441145698	1.29416316317413	50
-0.11006375024782	0.603764722709629	50
-0.048833176958386	0.401142697673106	50
0.122092928315505	0.560758459163796	50
-0.052463724536853	0.394104285803724	75
-0.014491086759795	0.307746458053169	75
-0.097353688485465	0.688558969898214	50
-0.074723289824521	0.972532794441584	54
-0.048323740293743	0.39950659544984	67
0.117591626354504	0.556802903241462	572
-0.00985000399211899	0.310392705484285	572
-0.013624421432918	0.309304985206354	54
-0.011581310910634	0.30715594261813	67
-0.013101985651201	0.309812124917511	67
0.016635259712998	1.12512910977596	177
-0.104676084359557	0.502865690635587	67
-0.118144342970502	1.17340861860258	67
-0.0423041051794451	0.404041633823828	5
-0.044227206695181	0.404926512088884	271
-0.02193554004941	0.297186557793273	271
0.067083780017577	0.423725009236392	271
-0.00955732451153202	0.308066811721016	50
-0.045493892479281	0.38850285322153	54
-0.051278723979454	0.395061759941221	54
0.054163971789273	0.962593293092001	54
0.014076638157737	0.518780840819215	54
0.068106318458131	0.42517085090551	473
0.016060891520284	0.733248459057153	246
-0.05259736508358	0.510932340975702	5
0.017617474192174	0.759544265826752	50
-0.120767125659054	0.767658604931289	50
0.063446916836824	0.763005392258279	50
0.065241168042399	0.772339560757888	50
-0.051072322268797	0.509493585027057	50
-0.121125905546209	0.384857127135179	50
0.05949944825168	0.76067713164208	50
-0.030729915616056	0.621707949697939	50
-0.097207556608232	0.875690615817084	50
-0.121233548244243	0.845702558473079	54
0.025616572809706	1.0234939841757	54
-0.049587063919885	0.396022343256716	67
0.06595061339597	0.424959093225807	54
-0.083879657115879	0.703249469031989	67
0.020601859283929	0.923167262598027	67
-0.00734265174619497	0.302896064289494	67
-0.040142440240001	0.402583721682345	67
0.064037575885295	0.870288900396583	67
-0.0356452709281661	0.632923820962963	67
-0.042058979809435	0.608994863876738	67
0.124179906972055	0.555894836641506	67
-0.101565435806903	0.497630681353766	101
-0.05259736508358	0.510932340975702	420
-0.045208217351766	0.405617590405059	5
-0.045929538704337	0.40426972621846	5
0.09887332469928	1.08064313265288	50
-0.033652435820001	1.08653978960321	50
-0.074258213010261	0.950590200763339	50
-0.068949823764561	0.893501042522001	50
-0.057284981787206	0.887604950869153	50
0.057269584142173	0.974361762272966	50
0.085049161012578	1.89419580484809	54
0.096471921509067	0.995317550116413	572
0.066312250803571	0.774129323251577	572
0.114471980943948	0.782698334622267	473
0.0195489624510971	0.528756540721056	246
0.100349726369919	0.871539775830757	67
0.077337781053081	1.23219408439631	177
0.06040627777665	0.417522921974896	675
-0.00955732451153202	0.308066811721016	101
-0.011351417939001	0.31015265310362	72
-0.015652326111167	0.3036297971358	1742
0.114773784885612	0.547853694621369	5
0.064151032521293	1.49919671724218	50
-0.075044734212194	1.13524136118303	50
-0.113041491167695	0.780030065296397	50
-0.081670677850507	1.12171018753087	50
-0.0623877986271521	0.967370430146593	50
0.122092928315505	0.560758459163796	54
0.0568642052007	2.11360559198296	54
0.052869729145803	1.14549489225553	54
0.00662292610438897	0.641810385895186	54
-0.092826665768573	0.698573581931411	67
0.0729458883547121	0.429109969063495	67
-0.016242968537248	0.302486726404103	101
0.066936883524786	0.426163543798059	101
-0.050012763414804	0.394859017590169	72
-0.013744783896971	0.307104448510898	420
-0.0143764239694481	0.309223758483486	5
-0.012579738056133	0.306348459330134	5
-0.0640276980474001	0.981929411876047	50
0.090179831780819	1.60765991447685	50
0.030516790144084	0.941000405738255	50
-0.068678887668814	0.804572870609562	50
-0.027561983885346	1.06332481687786	50
0.089883839785713	1.1841800724706	50
-0.087175990950323	0.976024976552392	50
0.075988425371326	1.24009280754658	50
-0.0380785913110771	1.51148580469188	50
0.021342912662964	0.532255062793788	54
0.030094822299404	0.85796920216982	54
-0.101107312800165	0.779322448704047	54
0.0190341941701599	0.521808444241004	54
0.124628876201727	0.798078689696595	67
0.060842059719435	0.629713688337044	246
0.022059694623809	0.531188792813207	67
-0.055038927913751	0.511453718809073	67
-0.0429969408111029	0.512966933792712	67
-0.05530199287492	0.513494784553996	67
0.061562376166572	1.15081798442521	67
0.065504741573766	0.427060609549316	101
-0.015129237918258	0.307858064641708	5
-0.104209929466031	1.03952699298621	50
-0.079633383836719	0.884844811307227	50
0.0545623269585071	1.39730378133285	50
0.063333245524544	0.859752125240111	54
-0.071089184160939	0.793442349129789	54
-0.124746617876373	0.383584148607101	54
-0.080915243679395	1.45954662036031	54
-0.0712091185889791	0.89616376197296	54
0.012894619719624	0.52046104979049	54
0.112190307803094	1.2929035828885	67
0.107506183820218	0.881177185572953	246
-0.11012924478396	0.485423406824602	67
-0.019353754868348	0.734231925969564	67
-0.113724245266001	0.58735008248428	67
-0.105654944382597	0.605909944000088	67
-0.003789158102945	0.301240345502856	101
-0.081223992493638	1.17482937601404	50
-0.0526849647834941	1.0679071779248	50
-0.0155343727510811	1.08710925699271	50
0.088448978626025	0.968374442050639	50
0.028677312233782	0.921754648842447	50
0.055787248572592	1.14463349314672	54
0.098243032248319	0.877527874027399	572
-0.033382289842704	0.621973738600975	54
0.019562286566238	0.518989463546585	54
-0.112719174011833	0.602337446731881	246
0.117348009020895	0.782071425656422	67
0.075956418014394	0.660441920552805	67
0.068820025476476	0.425352455845667	557
0.0579970327036981	0.412931421724073	101
-0.018260401278803	0.305926123097725	72
-0.022902005673439	0.296044516985684	72
-0.022157096268162	0.29731147440025	5
-0.00985000399211899	0.310392705484285	5
0.120399782221626	0.5562493588399	5
0.06049572606229	0.414358955714907	5
-0.071609211480267	0.781752147841145	271
-0.082554916143407	0.608140414730753	271
-0.104888993895295	0.604482196157135	50
-0.085899289931906	0.704956171565173	50
-0.053612674450001	0.510604002609411	50
0.015254840036995	0.517820665077714	50
0.068326337194121	0.424801503313369	54
-0.022368237050214	0.730542920145134	572
-0.0380891294304621	0.609100118706916	54
-0.012579738056133	0.306348459330134	67
-0.040051020322833	0.626617029439293	67
-0.00955732451153202	0.308066811721016	101
-0.00857942285588298	0.307786121663996	101
-0.011829014813697	0.305214293953818	72
0.08465248471276	1.44932885355248	271
0.048657145281978	1.7967865722778	50
-0.070471760126562	0.878812534951207	50
-0.115454118003976	0.58943827462264	50
-0.049124770078872	0.513658197765241	54
-0.0597875769769139	0.500266063257978	54
0.02037027983245	0.53067861760661	67
0.063360828154712	0.617191795839623	67
0.016002437027265	0.51785706501771	67
0.114773784885612	0.547853694621369	67
0.012859267107601	0.642698721831461	67
-0.098478647089323	0.853956644715734	67
-0.000494667093085988	1.01566809139201	67
-0.076504356683442	0.791577690477639	185
-0.013853756167389	0.309731576171906	101
-0.011351417939001	0.31015265310362	101
0.110209683670832	0.541362217015613	72
0.065234449686174	0.425982382242539	5
0.010369846601914	0.632434708214098	5
-0.109090841055174	1.27128395565322	271
0.058969621797381	1.24798079288	271
-0.028137140754005	1.1712321170325	50
-0.118190133360687	1.00065332314072	50
-0.062948390865615	0.816516910854924	50
-0.027642617467338	0.922622047189661	50
0.0635920715919141	0.861755304183873	50
-0.082888463643052	0.606035166998612	54
0.00893193721311603	0.736985950947557	54
-0.085657644926132	0.802189431860206	54
0.068465579329217	0.424653360650974	67
0.064072500491378	0.423028700376127	67
-0.072373234408085	0.61374495437388	67
-0.00682197718210797	0.307010175023862	101
-0.014606338360923	0.308362454144827	72
0.063579236992142	0.423710016349816	5
-0.040863085750617	0.404478833335043	5
-0.00757135999329495	0.306852567040636	5
-0.110441946827697	1.10107078252652	271
-0.081176896177527	1.05996092980865	50
-0.050128541534064	1.38104550587718	50
-0.099183821390562	1.11139684784785	247
0.046985615488696	1.02315429824172	50
-0.019163346753295	1.08047898799455	50
-0.070584785255505	1.0448799472321	50
-0.040922626481021	1.06129692189525	50
-0.044093334982049	0.964166116760518	50
-0.059306622547003	1.30347597677379	50
0.069651658384268	1.97954119851231	54
0.00539145569263599	0.630481444186672	54
0.0735307351626741	1.33054850654915	54
0.069190684623775	1.14965110616548	67
0.091005361541181	1.18535848912158	54
0.065011583262612	0.427761488320744	67
-0.0515942367414221	0.505237593670257	67
0.068514259763356	0.431702930604033	557
-0.0488142217045709	0.39891017168219	185
-0.101183580795191	0.498105168303193	94
-0.054071391454542	0.508212195098903	101
-0.013853756167389	0.309731576171906	5
-0.01489928024848	0.304953970811166	5
-0.0414435166084171	0.821908848401304	50
-0.112951487327148	0.694174983450092	50
0.10227113777258	1.09803095909563	50
-0.027985103213769	0.996375811025554	50
-0.109854573795672	0.70121090068356	50
-0.112403793757245	0.489268010300042	54
-0.0185081540318069	0.817591853918876	67
-0.057715474627845	0.720982311804463	54
-0.110342735138444	0.605730526939053	54
-0.099251374501564	0.498587701588529	67
-0.0836211448629211	0.696334617958377	67
0.026774419285829	0.532070908665503	67
-0.107258209972951	0.495868700227035	67
0.121111002975807	0.556403463912007	185
0.113006445637466	0.540192935485736	94
-0.010078717883282	0.311559877079658	900
0.120710845398222	0.554507917600781	5
-0.089017976330833	1.76599897458728	50
0.05741240914044	1.21794595964349	50
0.099851254504245	1.3110049184864	50
-0.084102204452731	0.713961021727348	271
-0.119319671946438	0.681828886878127	271
-0.047023914312872	0.804330010137231	50
-0.053434638438115	0.388514171289346	50
-0.037568012834602	0.618133174909777	50
-0.056554722014077	0.499261473899164	50
-0.104169501449159	0.94061749938461	54
-0.024902522380773	1.68822460532831	54
0.070166940026358	0.430623595063156	54
-0.046420277847866	0.401800735079608	54
0.071738984997114	0.42963122419925	67
-0.012579738056133	0.306348459330134	67
-0.110957842739996	1.17472199011777	67
-0.013624421432918	0.309304985206354	94
-0.050363538042638	0.513361209647772	5
-0.048093446520582	0.499754815329332	5
-0.04234454409359	0.999607665702914	50
0.019373294500441	0.734232062618686	50
-0.061923352589226	1.04643955953825	50
0.051772055681785	1.26048523824125	50
-0.0995406049474989	0.777929200182802	50
-0.030329766841664	0.989171115585686	75
-0.117629067629752	0.773578833143679	50
0.123214024374104	1.26586229232983	50
0.067347241487098	1.32105910010491	54
0.029825140454254	1.04204226596182	54
0.022731910006469	0.935000405534556	54
-0.058522287173989	0.502539362164334	67
0.011626697504924	0.747301586611831	67
-0.022162395186193	0.811070475952613	67
0.109169997500844	0.906785546109457	67
-0.043765277911147	0.404872502815869	185
-0.01082960389892	0.310659749354367	101
-0.0143764239694481	0.309223758483486	95
0.124618136451182	0.552003120723257	72
0.110948540286445	0.538894027251698	5
0.020837832997748	1.81324043407107	50
-0.046358068007917	0.99054563374596	271
-0.064614099478403	0.960265452683694	50
0.0191341107895699	1.01241813593119	50
-0.086885595902491	0.852290748968523	50
-0.023346102901711	1.00359188764222	54
-0.023263108199487	1.59376487896699	54
0.047296264559145	1.21171813817533	67
-0.064458232831027	0.698532276722494	67
-0.055373312157821	0.721455237539445	67
-0.109756061825029	0.491506804901668	67
-0.120611189646956	0.681111339378947	67
-0.101153902717879	0.671102679440783	67
0.065605521208875	0.424348658902844	67
0.00959671706022802	0.637336979519839	67
-0.108044287103952	0.492964321590382	67
-0.024886324606478	0.726056987425024	67
-0.099594020528953	0.503339000826401	67
0.117230981987236	0.787856424878167	67
-0.110003849137359	0.495934510061176	168
-0.014606338360923	0.308362454144827	101
0.0736600587337169	0.427592161594112	5
-0.012103357756622	0.30665898897141	7
0.042133097718166	1.47905015971009	50
-0.042176371570482	1.24045131458783	50
0.0805010727140421	1.32528864793903	50
-0.060248066212903	0.882880183273006	50
-0.069454033175857	0.894522123557303	75
-0.102864425365894	0.770824857829704	50
-0.107995095880157	0.600813907747819	54
0.110081555380306	0.870165975739008	67
0.021548847357693	0.643469945272649	67
0.068514259763356	0.431702930604033	168
-0.013624421432918	0.309304985206354	101
0.117054485809393	0.555001443186904	101
-0.0143764239694481	0.309223758483486	72
0.069007047059067	0.426545564270773	5
0.117105330603411	0.541028414183958	5
-0.011351417939001	0.31015265310362	106
-0.103132176896587	1.99036887988348	271
-0.085589673128525	1.18934942245037	271
-0.090520859208841	0.781473925575444	50
-0.033021149810003	1.17391316145023	50
-0.111787186440488	0.825853090713601	50
-0.111665133267248	0.681354725933	50
0.066535840271801	0.651479932967496	67
-0.091018891630569	0.964266435086766	67
-0.042197744342481	0.62520029475581	54
0.117243732475918	0.79558842694567	67
0.00368926658555202	0.630464333746231	67
0.046322747396968	0.930454581721553	26
-0.066458033516302	0.617410186185273	557
-0.090080909527476	0.703923141650742	185
-0.043049564627005	0.399627908325483	7
-0.091625498945565	1.59401196518472	50
0.019320562364701	1.65264339908626	1037
-0.072432207072359	1.21593636359441	271
-0.11117620555778	0.678861568281451	271
-0.020090100834826	0.981602251370304	50
-0.046369172345384	0.801769251069587	50
-0.093470152473638	0.789946599188057	75
-0.06949113519652	1.38162790746793	50
0.07665493336135	1.33600609252368	67
0.0659977352787841	0.422019844740975	67
0.114031854572479	0.557026518506265	67
-0.090249740506919	0.697588181500619	67
0.021157144774681	0.854925129615662	67
-0.059299681243405	0.889409375896212	67
-0.081850536794126	0.603244491050051	185
0.063085808714421	0.421834857282596	94
-0.00705063799826999	0.307344716540548	101
-0.012103357756622	0.30665898897141	101
-0.010600298850402	0.311050852910577	101
-0.073238109728283	0.618788133375286	101
-0.011829014813697	0.305214293953818	5
-0.013101985651201	0.309812124917511	7
0.017152921835172	0.517511010471268	5
0.06873655272146	0.433267716079536	5
-0.123298442644805	0.387667991616228	5
0.00238013191169395	1.17354607639632	271
-0.076092083255796	1.20963116995952	271
-0.030913819695733	0.983900967548802	50
0.028071369675021	1.1230227580156	50
0.042679686791154	1.01724325951517	50
-0.105716380891196	1.10588027582228	50
-0.0417037680725471	1.08876390924935	50
-0.056159167943829	0.504498069099932	67
-0.034872519384901	0.697734407522629	1521
-0.053505063228751	0.720899605319397	67
0.00584178062280605	0.626037005513193	67
-0.067433178195297	0.867560089624204	67
-0.122179584452392	0.768909111818541	67
-0.021931103128472	0.724412012457397	185
-0.0594742293146811	0.492683603773099	185
-0.04155316363011	0.396303468509975	185
0.019778745270232	0.532959424226122	94
0.065011583262612	0.427761488320744	94
-0.010307977613186	0.307188752676449	101
0.065504741573766	0.427060609549316	101
-0.048596880910649	0.397156358881164	101
-0.015359728771148	0.304552334865948	5
-0.017287461607113	0.301785471882542	5
-0.012351030281569	0.308634402337749	5
0.075487929507702	0.654600908444964	5
-0.00229921384646203	2.07157501010448	50
-0.105473729631201	0.690588945710779	50
0.085667568790724	1.07732026267028	50
0.043309420687395	1.80954109458458	50
0.112892626960041	1.36779916164283	50
-0.059518307872129	0.874575866665104	50
-0.115042255161901	0.778421618354386	50
-0.046689067784207	0.98133312427679	50
-0.07297711792948	0.796739558873012	50
0.0857648390681231	1.07169338031569	50
-0.052793464548386	0.893614196042078	50
-0.096973329128888	0.684772115953953	75
-0.00276987427768405	0.907685096657652	50
-0.0964199176426001	1.12134818233304	50
-0.024300302721329	0.728409673773403	54
0.011947490465464	1.45272491432749	67
-0.036779049515794	0.629936414866168	67
-0.104216011897344	0.50199132695866	67
-0.104879219173814	0.494394041541099	67
-0.089113851383791	0.591335743540371	67
-0.012208752179192	0.839628689966706	67
0.00457858877328299	0.6343468583605	67
-0.06147781682872	0.71332957001405	67
-0.061420989480897	0.492426235244893	26
0.0989793353902511	1.00076140732336	67
-0.115112119519342	0.690082938236348	67
0.114323837645374	0.790364255453778	185
-0.09384792836335	0.680436166810969	185
0.070362381186867	0.649010413508265	94
0.116615125583377	0.550860143192889	101
-0.00932865636546598	0.310898698430004	5
-0.118603138350285	0.594941696675394	5
-0.043274676498284	0.405479729353745	5
-0.112888652536314	1.65019086801235	1037
-0.089480303573421	1.05665615194486	50
-0.117273636304462	1.0715644851173	50
0.0268441781323751	1.56306455599062	50
-0.119704640938041	1.0775066413008	50
-0.00820385849342198	1.00124186577956	50
-0.087542832641566	1.20910725477117	50
-0.11096997513236	0.927290688740923	50
-0.0949687161535669	0.879559848161352	50
-0.082979118250765	0.699901495576575	67
0.058627201221606	1.21955410043524	67
0.018047175412837	0.758567979068363	67
-0.037982416454691	0.892154313493884	67
-0.116882976955299	0.662223103974685	67
0.063085808714421	0.421834857282596	101
0.064295421899139	0.426449645832079	101
0.064072500491378	0.423028700376127	5
-0.0522326900407351	0.396312941536484	5
-0.090837591524312	1.8533087935482	50
-0.108746952385868	1.26079333479308	271
-0.001260774113645	1.1980123626924	50
0.030953800992364	1.13079275811001	50
-0.011015856962208	0.832770167431444	50
-0.0000619323808059846	0.939709466449237	50
0.011438116118713	1.03372614025862	247
-0.0493374714023091	0.854282332322711	50
-0.028204594319428	1.04607632011797	50
-0.043976855329778	0.994600290349653	50
0.031738888083487	1.4492031638452	50
0.053037936697885	0.959449611194922	1521
-0.111781043818259	0.481732926064229	67
-0.052077626356284	0.970526012112153	67
-0.059457045946689	0.878941941167803	67
-0.063297467137633	0.479257776328263	67
-0.114032380739976	0.687742384442916	67
0.066220825513949	0.427193816716165	94
0.060184931988982	0.421326552510971	94
0.064295421899139	0.426449645832079	488
-0.014147045532894	0.305040086639893	5
0.076424759385184	0.663634263070109	5
-0.0246096786226681	1.86400127711844	271
0.051452755181658	1.22856688715709	50
-0.030269011337694	1.48144656128538	247
0.078203308483131	1.42459106739545	50
-0.060018254272747	1.38798045708743	50
-0.033941465606706	0.908968875662173	50
-0.014220581263544	1.40995026259573	67
0.073434432152952	1.42037362671086	67
0.069030759245103	0.656246241295529	67
-0.074974254710242	0.948754013317315	26
0.025557156676601	0.938952865203954	67
-0.042641422398643	0.625186370919045	67
-0.018173799885261	0.298285619309967	67
-0.016765121001863	0.304862540838296	185
0.056662989799196	0.844855937557841	94
0.015485870556928	0.519184016014737	488
0.118303975132123	0.556234509224784	7
-0.013969563116496	0.305319002118538	5
-0.019659680772652	0.298033111447556	5
-0.015129237918258	0.307858064641708	5
0.060184931988982	0.421326552510971	5
0.112425131616804	0.547889795464353	7
0.105688450085597	2.372436705561	271
-0.123876796065579	1.21336949266754	271
0.089746435831233	1.07172987053916	50
0.019608542323954	0.853119648022911	548
-0.121172254485257	1.41094674229281	548
-0.042128071533767	1.38357674069829	50
-0.079986442840584	0.765162114990559	50
0.1159460960337	0.552870939128121	50
0.014277872387557	0.519331913139948	50
0.11171105503823	0.547736308208336	50
-0.019137799157437	0.298248684530651	54
-0.049072155422481	0.976907333692898	54
-0.070052879564677	0.807843799013369	67
0.0332472080249741	1.22065678778521	67
-0.056258676538801	0.717294773063199	26
-0.054547218023661	0.505807600437008	185
0.068514259763356	0.431702930604033	72
-0.014491086759795	0.307746458053169	72
0.00327658603089498	1.42157082875991	50
-0.090541807045332	1.60445273254039	50
-0.046880099512683	0.988065230053621	247
-0.078509376376858	0.786691211842366	50
-0.02900929289933	1.00575750472674	50
-0.026465614993286	0.9244782168171	50
0.067622212797856	0.657693310597805	50
-0.078789098687499	0.963669163847809	50
0.015218099094448	0.633117265824582	67
0.101495009295188	0.888126401820949	67
-0.063838875100944	0.703628925508654	67
-0.099160797268766	1.13147195928192	67
0.012799539861079	0.751580976031754	67
-0.071345514355918	0.796875390245277	67
-0.121866135856882	0.376056623040057	67
0.025099690943753	1.02825648672574	67
-0.017512347384035	0.306009385691072	101
0.012700533839668	0.743507406734973	488
-0.00326953475123704	0.301710940325323	5
-0.015129237918258	0.307858064641708	5
0.068514259763356	0.431702930604033	5
0.059427375236707	0.409758778336838	7
-0.012873233777438	0.308131929989485	7
-0.053916025442433	1.05942391987365	50
0.0817641094023091	1.35434809275173	50
-0.049494529207067	0.984391790947844	247
0.06074339230215	0.972740029341023	50
0.015325698001773	0.650057656869297	67
0.018268934454685	0.813460833408007	67
-0.056676695679212	0.715559747922601	67
-0.106355389467433	0.494023739422757	67
0.014092667265781	0.639516668480985	67
-0.11228866827886	0.478279770184696	67
-0.015783145499788	0.896395711696612	94
0.114881466445484	0.77318515069934	94
-0.013969563116496	0.305319002118538	101
-0.016362917768962	0.830110730003305	488
-0.015882859819112	0.304059061239338	17
-0.018783210821443	0.302809698045527	5
-0.057468598211485	0.498896003481223	7
-0.090635993476982	1.21219572092142	50
-0.064676708039211	1.44546605741207	50
-0.00836014398098905	0.924010016114858	548
-0.07983486473129	0.875116590068045	67
0.095590564864121	1.28791091480857	67
-0.096666354415615	1.00269483222802	67
0.00387161928874802	1.10985830984255	67
-0.084510098577026	1.13093242013601	67
-0.088701026524737	0.709025342132956	67
-0.121147273037085	0.684630809234153	67
-0.05585003204919	0.502925892374687	67
-0.043312031529089	0.393808193046264	67
0.018844275608265	0.521681092008296	94
0.118478362131514	0.553694364052775	94
-0.010371539185857	0.306127575405917	1317
0.110726828726486	0.546272363065256	1317
-0.01082960389892	0.310659749354367	5
-0.011581310910634	0.30715594261813	5
-0.119677663375469	2.47678384615804	1037
0.055111222172036	2.18804952927979	50
0.0567391481858061	0.863164164931879	50
-0.065130561841281	1.43225462961434	50
-0.011765212422053	0.90557138143972	247
-0.0807227531333849	0.605070131123716	50
0.0306904793558001	1.201085296971	54
-0.046010256941273	0.612404425483751	1353
-0.080274287835525	1.21494071302394	67
-0.121955966725245	0.677682357490161	185
0.118795015591208	0.559805837917357	185
0.0198837262020179	0.526647654513096	1317
0.06595061339597	0.424959093225807	7
0.11906425333357	0.559164091905342	7
-0.123929890871697	0.747732225407299	247
-0.025352301012099	1.26718616393844	247
0.0402402142974549	1.56291583843209	50
-0.119008261893651	0.585786911281916	50
-0.111017970998475	0.486481432021643	50
0.060069409623031	0.879743919054489	67
-0.115499138831393	0.587451888404373	94
0.019062088027864	0.53055044721911	72
-0.057292653915224	0.498054184267034	488
-0.013101985651201	0.309812124917511	284
-0.0628903573147031	1.65217916312067	247
-0.018320755376367	2.11172878600225	247
-0.016242968537248	0.302486726404103	50
0.107613065933433	1.36226314700776	50
-0.047615754612789	0.400165111246498	50
0.095639502959779	0.997469276012597	1353
-0.080321767451958	0.796008600343355	54
-0.117686822177513	1.31047015775995	54
-0.124118497385778	0.673464410708962	67
-0.043160386394002	1.22003978416657	845
0.068514259763356	0.431702930604033	67
0.074875258413981	0.663185222957637	26
-0.080251931830176	0.612579301335663	185
-0.048323740293743	0.39950659544984	7
-0.010600298850402	0.311050852910577	562
-0.00705063799826999	0.307344716540548	548
0.0109815270081089	0.730262342221429	548
-0.04373694288696	0.400034130984403	548
-0.04783342002685	0.398256762237576	50
-0.049739458080265	0.394900145602248	50
-0.08400437986049	0.871733835211325	54
-0.058773933422154	1.66496825068883	1353
-0.00629482424109396	0.909017034068061	72
-0.05963255456429	0.71691336573125	72
-0.03690821814754	0.632111262513513	7
-0.044227206695181	0.404926512088884	562
0.038531114002729	2.43654649696712	1037
-0.106459495671055	0.494562828661654	548
0.023789442693733	0.848778201264052	50
0.057007669320035	1.06563359858643	54
0.022344473079173	0.931315693980101	1353
0.057902430389875	1.14987369658407	1353
-0.067364622149827	1.04805276757298	67
0.019423107196492	0.530856626027996	67
-0.044983852995233	0.402462358584844	26
-0.058522287173989	0.502539362164334	185
-0.123786647934362	0.387741173875374	94
-0.045929538704337	0.40426972621846	5
-0.046417363102765	0.39862786128635	7
0.116469123922404	0.551002832415219	230
0.076127184181753	1.39965056070293	50
-0.010793690963591	1.43647722299922	548
0.106010796985165	1.91757688729487	247
-0.055075707947242	0.89748171672762	1353
0.082575910086941	1.15792918483635	1353
0.038834146579326	1.13876830274771	1353
-0.108952950311316	0.875833440659203	67
0.027717513839035	0.531071847295868	26
-0.010199270615302	0.301488389130814	185
0.115755687741956	0.552103161975383	94
-0.00985000399211899	0.310392705484285	1460
-0.010600298850402	0.311050852910577	519
-0.013101985651201	0.309812124917511	7
-0.015012798106374	0.304610526590875	230
-0.048833176958386	0.401142697673106	7
-0.044486796840371	0.405816712126546	562
-0.116264560718625	0.584929000637627	50
-0.124885776625727	0.385294468813802	50
-0.066409855462267	1.31475810802863	1353
0.018301899761703	0.912820268229386	67
0.0590900136667431	1.06435919586611	67
0.02318990287585	0.857713421398967	67
-0.0390242889400601	0.626733777830432	26
0.112606146486487	0.550360637441227	94
0.121149470588145	0.781530245033418	72
0.02108716984729	0.529620119204942	72
-0.088520920050489	1.25980608246625	271
-0.045526948521855	0.901785155291183	50
-0.079204864204917	0.59985172522341	67
-0.115402479330854	0.599229253490716	67
0.117490019849739	1.290118382138	67
0.018716127015864	0.850724104204529	67
-0.042381355615226	0.60981606425822	26
-0.115213378653228	1.09697797369681	67
-0.05825898594145	0.498094273737601	67
-0.041417038140109	1.15768549227419	26
0.068467197596619	0.777839719578211	185
-0.075929933512556	0.601687447048573	185
0.0233207870307131	0.527732940829662	72
-0.019659680772652	0.298033111447556	72
-0.05055561711448	0.393821164534571	17
0.049232933988927	2.14682900351183	271
0.073262102866086	1.32892868704594	271
-0.03608422492715	0.902285658283066	271
-0.00657318445954902	0.841190800575036	50
0.089795498065418	1.08376334473152	50
0.000777478156999023	1.01244355533572	50
-0.063204477552487	1.04211336937304	50
-0.058217794116385	0.87983530846302	247
0.064285242821027	1.14283230625638	50
-0.020275171716122	0.737032240041694	50
-0.109004794441594	1.2321784086936	54
-0.077670898598259	0.93349999049101	54
0.010385509505996	0.638233632271468	67
-0.031691540586397	0.978145093756711	67
-0.0508364858257641	0.724215199808337	67
-0.04038266001944	0.618713922400731	67
0.114773784885612	0.547853694621369	67
-0.013930135919791	1.09778255857829	26
-0.064318061538445	0.804417389901343	26
-0.018260401278803	0.305926123097725	94
0.0631881819261631	0.42486749563325	94
0.116114907325088	0.7798267017961	284
0.064397006635955	0.427808264357983	5
-0.01082960389892	0.310659749354367	5
0.120450180275425	0.552981117602334	562
-0.105895399402573	0.495690460606141	562
0.081867709107556	0.663337983303589	562
-0.084707542362074	1.44567601344583	271
-0.015482459642453	0.746425541032815	50
-0.022754126028985	0.737402163391927	50
-0.017486597948138	0.745696650926537	50
0.018357683478628	0.854502307280143	50
-0.105888705373273	0.494428582965311	50
0.025831469742715	0.524072677663569	50
-0.106234216882088	0.49260388568503	50
-0.084102204452731	0.713961021727348	50
-0.067349862555162	0.801612070396706	1353
-0.044256040521543	0.402407339600565	67
-0.052858856287101	0.510918952564484	67
0.063977625557477	0.414881665739265	67
0.115978249443544	0.550221394754258	67
-0.124999220538264	0.38508206599332	67
-0.108152276548726	1.04230629497864	67
0.060900664051315	0.422617847045616	67
-0.10939258715716	0.496922336611911	185
-0.010199270615302	0.301488389130814	94
0.068243489530662	0.431309634462526	94
0.062125335447785	0.778012498991923	275
-0.014598118814664	1.65809122480196	271
-0.014894341952072	1.16877210119363	50
0.0173523029899541	1.21148206992903	50
0.115333244215087	1.39575927227288	50
-0.097647198618591	0.962277210638119	50
-0.021610782024532	1.03790608861318	50
-0.00666993446248199	1.01268636710648	67
0.015102163378362	1.19278846180586	67
-0.0861267053503631	0.955837053265664	67
-0.122237545192087	0.92808762842289	67
-0.024054279578704	0.739817559081685	67
0.106551993587134	0.902982937834773	67
0.068813170850108	0.648528631154571	67
-0.019897962825667	1.20287384450166	26
-0.034487029388042	0.821502337822062	67
-0.075788076276163	0.795121044601001	67
0.115144316964465	0.540738680211687	185
-0.045929538704337	0.40426972621846	26
0.065332514760505	0.427558040043245	94
0.067528191620867	0.430472173413981	94
0.064431240940366	0.646522644875426	426
0.1154550696846	0.549387366897033	275
-0.058347297849351	1.05525353373175	50
-0.116908890861037	1.01835073553501	50
-0.031425926225729	1.47861042673347	50
-0.073027242266657	1.30931864072155	50
-0.0347606968081819	0.634787549566935	54
0.044392049811509	1.48954790747392	54
-0.0728494588423531	1.05151460887618	67
-0.095876349442483	0.775527058026194	67
-0.0645527673773471	0.812088338661469	67
-0.00161112399452101	0.927394576366722	67
0.065943716328339	0.936750317158444	67
-0.110262043906826	0.95220449075549	26
0.101689195583777	0.894957781663659	26
-0.043777805179624	0.511071132695104	26
0.061422404000928	0.868536116488704	94
0.0747127696691971	0.655091621019851	94
-0.012351030281569	0.308634402337749	94
-0.013624421432918	0.309304985206354	5
-0.013853756167389	0.309731576171906	7
-0.015760173354085	0.303743895564504	7
-0.045199805528693	0.503670020655027	1621
0.046598445124914	1.89623224588091	50
-0.069271947037989	1.38872073652127	50
-0.00910324741260005	1.42312132710099	67
0.074727361928005	1.32765756649543	603
-0.120197857369736	0.570973973912386	67
-0.046299608716956	0.808907149479139	26
0.113235827775505	0.785129329379966	94
-0.05103088832409	0.3921042416962	94
0.06595061339597	0.424959093225807	426
-0.045438960737471	0.404877654903689	5
0.071960451265649	0.427902264092886	560
0.027488799168399	0.532273996452874	275
0.073167476133627	0.42828051579113	1621
0.0515706765737311	1.16941257980814	50
-0.119751897885005	1.15469608709648	50
0.078419424814844	1.69886040477203	50
-0.030160275420092	1.32784369305063	67
-0.095097518276291	0.964442595159876	54
-0.0798734338769001	0.924639267327812	67
0.051060315647558	1.16845428495273	603
-0.00733507277233803	0.912424361520193	67
-0.051815455275966	0.790833779196711	67
-0.037590586236547	0.824988324897896	67
-0.058689949894616	0.491108012459026	26
-0.111517824354632	0.48195503907365	26
-0.048911448704665	0.513303170645528	94
0.021112298174638	0.529549316940111	94
-0.052955486042641	0.394639668350665	94
-0.014836786385177	0.30123433162309	17
0.107604449510232	0.52434045403469	17
-0.013624421432918	0.309304985206354	5
0.065011583262612	0.427761488320744	5
-0.010371539185857	0.306127575405917	560
0.065011583262612	0.427761488320744	275
-0.04195486521282	1.46560243903181	50
-0.098135217408177	1.28708240456819	50
-0.04212081051408	1.15672493634744	50
-0.018909602415491	0.734665050970197	50
0.0197275563345189	0.846071387042025	50
-0.048155485305032	0.778551067587836	50
-0.098757187495027	1.04180881799274	67
-0.087359241683144	0.786819332032931	67
0.063927682898139	0.967126715522418	26
0.05887785022861	0.766308441094655	26
-0.050597185971315	0.51191818013514	67
-0.027816052120715	0.716167982841195	26
0.020457714658058	0.752129244746755	26
-0.08404390249755	0.601647864318325	94
-0.045929538704337	0.40426972621846	94
-0.01654083137492	0.298510978493777	94
-0.017512347384035	0.306009385691072	5
-0.013624421432918	0.309304985206354	560
-0.043080010609336	0.391897076344002	1621
0.00270877358134303	0.939362700064094	50
0.104555051546921	1.52793423502942	50
0.015303921532613	1.29001220534062	50
0.068810833130235	1.21246445847507	50
-0.045797392879764	0.81745357462766	67
-0.116208870449919	0.781454372350079	67
-0.010452288822551	1.10336347794053	26
0.053065471434992	0.743696614607332	26
0.067528191620867	0.430472173413981	67
-0.01429243923493	0.747498735780374	26
0.0659977352787841	0.422019844740975	94
-0.011829014813697	0.305214293953818	94
-0.048323740293743	0.39950659544984	94
0.065185405432411	0.412279283876917	524
-0.013853756167389	0.309731576171906	5
-0.115554581067048	1.11975542446182	50
-0.00556270384588697	1.10855202626244	50
0.059084948608741	1.32987839591065	50
-0.00172760367542601	1.43761105108315	50
0.123762947614965	0.803385905016559	54
-0.071334786545884	1.03198505370118	50
0.077586646440595	0.656354425993354	50
-0.108349402826579	1.04112605103585	54
0.0359599499319661	1.30653007335056	67
0.070812475506151	0.96989573414903	67
0.012547245351115	0.719103019947993	26
-0.014630280921819	0.295472591932889	67
-0.00734265174619497	0.302896064289494	26
0.073611959713875	0.666223561785704	26
-0.05186030685008	0.510636204732055	26
-0.0522326900407351	0.396312941536484	94
0.0645182602386301	0.425848369467749	94
-0.0493048643616441	0.396504491866663	524
0.068243489530662	0.431309634462526	426
-0.055383506200927	0.38607247279498	120
0.065727719940027	0.427894070646929	120
0.115264817029721	0.551317985755909	1621
-0.00306993608427497	2.08169066368986	271
-0.082305971550955	1.21265286584992	50
0.120225620045084	1.44855602312696	50
0.031489890960006	0.525964562675526	54
0.106884071298992	1.58905142093142	54
-0.117597854344674	0.587846253281728	67
-0.105488401840242	0.763445036164724	67
0.01516925865004	0.74512539524445	26
0.064034450421061	0.776547263090896	67
-0.0761011883764851	0.796764631369073	128
-0.025649479462916	0.734694847066291	67
-0.110431106306257	0.783306882663866	67
0.016573240592237	0.531211358518804	26
-0.020669791184376	0.296344179840398	26
0.11050503814865	0.54725784811134	26
0.06595061339597	0.424959093225807	94
-0.014147045532894	0.305040086639893	94
-0.045929538704337	0.40426972621846	94
-0.012122864480574	0.304695510654726	5
-0.123333252846817	1.09016879935473	50
0.062086324145918	0.975952820448181	247
0.075649974337624	0.664157953518836	247
0.0934253996427	0.987372189410006	50
0.00266119839761203	1.24203461498015	50
-0.124160584453997	0.384065906070779	67
-0.046417363102765	0.39862786128635	67
0.0669417252467061	0.771239568232927	26
0.110706093535089	0.765914129767521	128
-0.071665883136719	1.14063079840771	26
-0.112927001296614	1.20702239657051	26
0.083494071962342	0.665302908879617	94
0.061616367460323	0.42275650318415	26
-0.011351417939001	0.31015265310362	17
0.12439907254572	0.556224276661673	5
-0.056337491118891	0.384343849878801	560
0.071467486021094	0.421925104117467	276
-0.056337491118891	0.384343849878801	275
0.049482578061563	1.62681588988108	271
-0.019766224933174	0.912566791030711	50
-0.104352018373349	1.12963991763407	50
-0.055765353412614	0.809514474108722	50
-0.069021739770611	0.699956368904591	50
-0.012724046477812	0.821514144296627	50
-0.026594463644125	0.984520824626289	50
0.048139176308633	1.79030422499347	50
-0.10659885364885	1.81562829947224	54
-0.05528511840391	0.889189331602572	54
0.066793658521576	0.642212899011015	67
-0.053055722802102	0.509030594306632	67
0.006288175691047	0.640564875878472	67
-0.0200979215076	1.09005863183374	67
0.00540659505053198	1.51496751888166	67
0.075259158449911	0.656119763719767	67
0.00695801814691099	0.639598985263278	67
-0.104728593843542	0.496751437739363	67
0.0113733143397829	0.635132909300733	67
0.071569036690284	1.22398275395067	128
-0.112237192692022	0.933312408799728	67
0.016370126350731	0.520289566133475	311
-0.055281648850799	0.701914283038957	94
-0.105809403233817	0.488671308941483	94
-0.065735624937837	0.606005465334194	524
-0.037384002497014	0.900525315298908	426
-0.044000378905196	0.397618493542091	120
0.0652298414767371	0.873699651060452	120
-0.010307977613186	0.307188752676449	5
-0.084073288275304	1.44350966397508	50
0.100503807720698	1.72632090412303	50
-0.061090957563394	1.07549324576588	50
-0.076357528465695	1.28096396596993	50
-0.026867777761726	1.00161055581841	50
-0.027543026299259	1.09725366460055	50
-0.030306835560616	1.25238315470875	50
0.029623599974265	1.1171985051379	50
-0.081923069032479	0.607298071785508	50
0.063784304886773	0.777058653152551	54
0.119476280820481	0.778898357278312	54
-0.03452937408847	0.829707820733314	54
0.096461941991919	1.3373001358151	67
-0.029549149261374	0.918469382017821	237
0.047231300434138	1.23885426974492	67
0.022857742575387	1.08696434929748	67
0.024092965984113	0.851338235050763	67
-0.06529915595258	0.797283772220064	67
-0.114016851025388	0.597830752726835	67
-0.047398169080632	0.399280023866762	67
-0.100206768523824	0.763514178484567	67
-0.01893126115794	0.73369919343167	26
-0.018916315538166	0.29887157352273	94
-0.0543325454289581	0.5057816975248	94
-0.040372464329973	0.405081926853881	94
-0.050046841077706	0.398984122191592	426
0.069944609194055	0.432003173101958	275
-0.096264023406375	1.18132727058448	50
0.034645861667163	1.04440823738856	50
0.015109649851664	0.744424366420275	50
-0.103584441950888	1.02235951667754	50
-0.004599804973764	1.09593807230502	50
0.012404382831647	0.640845840454161	50
-0.116249876291674	0.599347058073847	67
-0.0111460099531741	0.920712887774284	67
0.00365078291548204	0.912871636214413	67
0.019716065711803	0.930222590129365	67
-0.0617505648904541	0.709171941681552	67
0.00317518927319704	0.931775294691793	67
-0.070000715922618	0.606317387063153	67
-0.059950668768494	0.888156318620822	67
0.021342912662964	0.532255062793788	128
0.00334182597122401	0.620213364548129	67
-0.037250184451989	0.399829018622785	311
0.077667620126107	0.662511412299994	94
-0.00997518058477398	0.30136616351927	94
0.069817365690341	0.4207839274167	94
-0.121763530051488	1.49763231619302	271
-0.04052665853543	1.28653496766203	50
-0.0792849363970371	1.16391418701117	50
0.00715380719123704	1.25946872548039	50
-0.102715681330496	0.94973253082116	50
0.00771147357228896	1.11549691968455	50
-0.0841258755447401	0.698966847087515	50
-0.017109002708916	0.896084287016461	67
0.016286933600381	1.07210535901141	67
-0.018529660173191	0.882138622098917	67
0.092885910013099	1.16493573081349	237
-0.010818191558945	0.841779194782757	67
0.113909973876789	0.784937090904595	67
-0.040282711252012	0.626193273909909	67
0.061112948875225	0.869385526621804	67
-0.077037561774732	0.611813082831797	67
-0.0450066091283819	0.618522869703285	26
-0.116618746116753	0.581195603190758	128
-0.01222243065809	0.739976527143777	67
-0.043770844638245	0.401488285332584	94
-0.00985000399211899	0.310392705484285	94
0.0675366683181849	0.652537443832599	94
0.121602046379939	0.559957524290477	120
0.015029423429006	0.518391528415866	120
-0.0143764239694481	0.309223758483486	5
-0.0143764239694481	0.309223758483486	275
-0.00607343160100304	0.304521806383311	275
-0.080377681669259	0.876805220585308	50
0.067485333295245	0.979490374529032	50
-0.0508909364064361	0.724491906887959	50
0.015763352402194	0.839692821742931	50
0.017639692597251	0.52139452937039	50
-0.113631778057198	0.597927167656355	50
-0.095460758310921	1.03699154983506	50
-0.03825199286603	0.621014075787125	50
-0.068274069947163	0.615788477684931	50
0.022588917740975	0.8580822747543	50
-0.065295977356729	0.701087075088312	50
0.100049700449594	1.00385234370647	50
-0.081129964304159	0.613454508517899	50
0.013334967347325	0.614084540363178	50
-0.113418465295662	0.482799804935096	50
0.079840386170591	0.66850394153239	50
-0.091789961952933	0.700140573986724	50
0.0632232239527371	1.315088204216	50
-0.069302983139064	1.64387390096065	54
-0.0816881927286	0.609956042527023	67
0.062604536326932	0.419131908487917	237
0.067034910560868	0.424343710997175	67
-0.0509263271503	0.515479271347687	67
-0.04399620315591	0.406427295977407	67
0.11732688469713	0.55467304124138	67
0.06775026167829	0.425159973171365	26
-0.074129428272586	1.62301121662484	128
0.0196534243583389	0.530495647634422	128
0.10886917888374	0.902899530551926	26
-0.08516667459488	0.705039687660803	26
-0.0338411051807001	0.627894007524309	311
-0.075980916185961	0.878047208967346	120
-0.012625592647175	0.302504420553504	5
0.113006445637466	0.540192935485736	19
-0.031912725773261	1.74776939424064	50
0.089416836406328	1.06138352843719	50
0.061353540247864	1.41358638783222	50
-0.054114815702473	1.36298933390671	50
0.098904090936072	0.889766516447868	50
0.054611120047845	1.40729904772908	67
0.029846676657987	0.960147347496822	67
0.026090537901737	0.954885012627138	67
-0.0724526955174311	0.603163362245827	128
0.094750477630552	1.09477341671644	67
-0.052016677311948	0.515939460003165	26
-0.05272462088033	0.394651174299956	94
0.115755687741956	0.552103161975383	94
-0.048602988687304	0.403054845012578	94
-0.015129237918258	0.307858064641708	120
-0.017512347384035	0.306009385691072	5
-0.045929538704337	0.40426972621846	5
-0.014606338360923	0.308362454144827	19
-0.010078717883282	0.311559877079658	7
-0.075536261926786	1.12129124029747	2
-0.0894167614262	0.796813124756202	50
-0.108619833975903	0.49824814998419	67
0.107622883807317	1.2418675633568	26
0.013529411458023	0.636328963113229	67
-0.017512347384035	0.306009385691072	67
-0.060954635328865	0.715095453209863	311
0.064295421899139	0.426449645832079	19
0.018265601322296	1.83813977802328	247
-0.0191062870762651	0.887392108231795	50
-0.00932865636546598	0.310898698430004	54
0.00508472996291698	1.25215824746888	26
0.067159914641848	0.424424230758124	335
0.107916833214646	0.903472044207525	335
0.021737641856712	0.760271381951963	94
-0.0451216122002009	0.614205964798826	94
-0.057043088036282	0.500118692034431	120
-0.012873233777438	0.308131929989485	120
0.116388163544397	0.547379202478424	5
-0.0143764239694481	0.309223758483486	5
-0.013101985651201	0.309812124917511	19
-0.00531501060061301	1.52739368361199	50
-0.0317067670749031	0.998328383375314	50
0.109266378288598	1.00810110468195	54
-0.051740061065498	0.902090520621381	54
0.0721979224349511	1.84379213656778	54
-0.109998642297135	1.16075043427858	67
-0.017568191772627	0.824636449422039	237
0.024441851751716	1.54128242623192	67
-0.083673132071712	0.794066679879806	67
0.059337581789373	0.878838344637441	67
0.0000220291443550069	1.17322142897167	26
-0.092509831575434	0.790913910261171	128
0.063302970820194	1.07207651137411	128
0.087864897235328	1.06098110062602	67
0.103594606647185	0.894269201625409	67
0.11171105503823	0.547736308208336	335
0.120830411380203	0.551990297615139	120
0.065727719940027	0.427894070646929	120
-0.00607343160100304	0.304521806383311	19
0.067429771725375	0.421168261799147	19
0.065727719940027	0.427894070646929	19
-0.022902005673439	0.296044516985684	19
-0.013331276710529	0.306264000235697	40
0.067528191620867	0.430472173413981	40
0.111885827297312	0.776808039842479	40
-0.096219878870588	1.55284522019451	271
-0.118537691975863	1.52262494847917	2
-0.119184738593771	0.860240372006562	2
0.0560695495950671	1.50808876179873	50
0.00465081973428705	1.09011433422956	50
-0.096202495894685	0.964651927500571	50
0.090127999390056	1.3379317992104	50
-0.108976701881085	0.700398748189901	67
-0.03156276718378	0.986521052241358	67
-0.090140874315928	0.703299760846384	67
-0.01462872313612	0.83240904953938	67
-0.052003520873963	0.703287257416082	67
-0.030234206770491	1.0779521643762	26
-0.019502089445672	1.01554601049267	26
-0.081129964304159	0.613454508517899	26
0.068943687180169	0.775981424273716	67
-0.081047885264212	0.592741846260788	67
-0.048106237137353	0.39956767643858	120
-0.0516467184480191	0.510833041040766	40
0.043905553745085	1.19204990719271	2
-0.0725320203805721	0.796826134956035	50
0.068947832161787	0.752095714927211	50
-0.010307977613186	0.307188752676449	54
-0.054400755057281	0.386085263097944	54
0.049274981713864	0.939044519101382	67
0.099884476862955	1.42979245419725	67
-0.028484515224959	0.969610026484668	237
-0.0308107972942639	1.25567416293266	26
-0.059945014211286	0.870672238171282	67
-0.086441596349755	0.707900962485999	67
-0.120701804167728	0.584904879830311	26
-0.05272462088033	0.394651174299956	94
-0.100794150597779	0.499169017178718	94
0.0703103271841879	0.422621603421008	120
0.065727719940027	0.427894070646929	120
-0.015129237918258	0.307858064641708	5
-0.011873419864587	0.305880608617324	19
-0.016406179661166	0.299958767792386	7
-0.043541395304766	0.400172761925336	40
-0.123134984986961	0.675071090457238	2
-0.093100347383266	0.696921368269739	2
0.027027096132017	1.90144928093987	50
-0.116583342188123	0.597261896781686	50
-0.118695473144694	0.589651771467252	54
0.058032467250263	1.24203720298429	67
0.031899953501037	1.20924348468974	67
0.116466201918334	1.45101509112137	67
-0.054820711217719	1.0571373219997	26
-0.027734369836704	0.729378897718464	128
0.118795015591208	0.559805837917357	67
-0.053935962168673	0.38468635294454	67
0.017639692597251	0.52139452937039	335
0.105618714560914	0.890545700856373	94
-0.058768603281155	0.50016557730885	94
-0.015986199897745	0.303432381673894	19
-0.00195730724335497	1.02048038647831	2
-0.09437359523098	0.678146485863176	2
0.113539659139796	0.554581364078402	2
-0.103957472992604	0.498742424698705	2
-0.048326904344743	1.49154219304582	2
0.059733603205268	1.50782014245083	50
0.100946143299092	0.882142171036339	50
-0.078447477306424	0.87918208398478	50
-0.00880749617508503	0.307433004818361	54
0.121247087631541	1.08673338814656	67
0.013922206254594	1.12359791985019	237
0.050606796288221	1.49828457060907	237
-0.013131832315834	0.748713974181639	67
-0.0605030734975061	1.19897170397167	237
-0.0577137813042961	0.896737960977536	237
-0.050264127594056	1.07685092208724	67
-0.123685787737118	0.382258717772074	67
0.068243489530662	0.431309634462526	26
0.00627325002089296	0.632980931643669	26
0.068705794244287	0.657168387414397	94
0.067799035591847	0.42928999442792	5
-0.124510805107256	0.386369212451664	5
0.123024711065164	0.554938942706478	5
-0.010078717883282	0.311559877079658	19
-0.051509787323727	0.396986142120631	50
0.1230742081914	0.551473146425965	50
-0.00388218210289604	1.1897382496853	50
0.06439733709578	1.42621489654975	50
-0.024795261223119	0.724601794412554	67
-0.073335614650391	1.37020461853137	237
0.097555349324146	0.875833935721121	237
0.056767951884801	1.48230166461152	67
-0.098965068253654	1.20132752713513	26
-0.114672836682964	0.569199607927044	737
-0.018797994155243	0.736117800046171	67
-0.112200047473675	0.57895431742663	67
-0.0387015477721711	0.829656033632262	335
0.01250576290632	0.641886256932938	94
0.081560284808949	0.658931367071222	26
-0.014083627307242	0.304931736151417	120
-0.041093026938717	0.405516043775666	120
0.069007047059067	0.426545564270773	5
-0.045438960737471	0.404877654903689	5
0.01706044307284	0.531985133195115	5
-0.016765121001863	0.304862540838296	19
-0.011581310910634	0.30715594261813	19
0.079611673977082	1.25888190049555	50
0.094394071514616	0.993382578392018	207
-0.0228027047227261	1.93331343244309	50
0.111315674959992	1.27269533955067	2
-0.06130182122918	0.702201396668563	2
-0.102875447922768	0.497923316353727	2
0.106889938572862	0.523546135148575	2
-0.021611181282767	0.733268420629023	2
0.122962709960855	0.549542276868515	54
-0.00955732451153202	0.308066811721016	67
-0.050284580406	0.506951883028194	67
0.104067546721955	1.69113241099078	67
-0.00135120005745804	0.934475946389872	67
-0.0572264905279351	1.14368700313122	26
0.022605019890757	0.528221030869455	67
-0.079514874016743	0.61118168537155	67
-0.010078717883282	0.311559877079658	335
0.121602046379939	0.559957524290477	335
0.060315283900461	0.745684012311016	26
-0.000735793856631029	0.615544985011349	120
0.0196534243583389	0.530495647634422	120
0.11906425333357	0.559164091905342	5
0.064295421899139	0.426449645832079	19
-0.014083627307242	0.304931736151417	40
0.021104589103496	1.02876616488546	2
0.033615097243111	2.01807331716956	50
0.075506436458849	0.656299657309341	50
-0.016774403397725	1.01138121682904	50
0.012841265090027	0.646171302966839	67
-0.028629071326176	1.24857563146042	67
0.07253623084191	0.655040197539772	237
-0.010627465537091	1.1752338417985	237
-0.0673342647809611	0.975122413168849	67
-0.010078717883282	0.311559877079658	67
0.121712464014268	0.795842165672435	67
-0.013331276710529	0.306264000235697	67
-0.01489928024848	0.304953970811166	335
0.074569367394589	0.661613387820654	26
-0.035548718227373	0.63309223796294	120
0.123197984194967	0.551644068846744	5
-0.108855214767213	0.495147265795723	5
-0.115792559907566	0.38176515798799	5
-0.00780062036231599	0.304418249633774	7
-0.014491086759795	0.307746458053169	19
0.065727719940027	0.427894070646929	19
-0.051300007004182	1.02316655761004	50
-0.0773452465850391	1.31320768101369	50
-0.101698012305246	1.59019544245373	50
-0.037252800006027	0.630430043006656	50
-0.050229937040002	0.394314569545288	50
-0.010944393752913	0.301329759029399	67
0.027830090915031	1.70100343232702	237
0.023205260347925	1.37871159885406	67
0.0433786620165369	1.64040662426972	26
0.017370866282459	0.644483974801648	67
0.118082663428587	0.560388391567878	67
0.064024772395025	0.419848981662134	67
0.019624283550654	0.841859360527588	67
-0.043731748923565	0.602667295001224	67
0.0665968290846321	0.645345051453238	67
0.011963498815687	0.63638869107408	335
-0.05101801112111	0.396441796442641	120
0.01597264241003	0.520909775366961	5
-0.039408815431125	0.399098004450885	5
0.064295421899139	0.426449645832079	19
-0.01105945197789	0.303788518784466	19
-0.083902042142929	1.49347715555715	2
-0.00689413951859597	1.9536221081249	50
0.114471980943948	0.782698334622267	374
-0.070088501399404	0.893720541550029	50
-0.069136765187381	0.970402610680058	50
0.06589850513453	0.410913801403934	50
-0.00955732451153202	0.308066811721016	50
-0.0865407237739469	0.598683524759545	67
0.066291025225143	1.24836796097421	237
0.078647674906461	1.60893638696863	237
0.000749063131304961	1.68301984403327	237
-0.070907110729416	1.40184187626351	237
-0.035571693148671	1.14984185146404	67
-0.0672832820604961	1.12716437781174	237
0.056366296241264	0.953118166739841	67
0.106063277230108	0.906194368072589	737
-0.045208217351766	0.405617590405059	335
0.028485975514024	0.947316948027015	94
-0.115505119134359	0.58927000240944	94
-0.123062453810887	0.387993026616018	94
-0.110114368261731	0.49145536173464	94
-0.041583640988338	0.40491100921707	120
0.05887785022861	0.766308441094655	120
0.121049079867752	0.554024501122338	5
-0.055038927913751	0.511453718809073	1149
0.067528191620867	0.430472173413981	1149
-0.015129237918258	0.307858064641708	19
-0.008609366639591	1.72783614817706	374
0.00581930755614202	1.02617268096615	50
0.065826416371248	0.428118271562549	54
-0.118581608069705	0.583054037511213	67
-0.113134047448705	0.595813152429701	67
-0.0122033404683189	0.909712615313017	67
-0.014719820528328	1.5039667243449	237
0.06895545370021	0.882778759359928	67
-0.037625262532738	0.998844802605996	67
0.059407734806797	1.61111124725721	26
0.114523887801545	0.556079869162498	26
-0.014417768004819	1.08048676242145	26
0.015888105656773	1.07741634806058	335
0.063144021057543	0.761143326604035	94
-0.043944411916318	0.509813379610015	94
-0.013101985651201	0.309812124917511	19
-0.047166868922168	0.395623071949438	40
0.113615912003897	0.547830435374616	40
0.065727719940027	0.427894070646929	40
-0.051045385706333	1.29852317771597	374
0.0328712375922881	0.86571460301551	50
-0.059334432146454	0.976499303552992	67
-0.062220469327439	1.04600886389839	67
-0.114830899435115	1.005153864943	237
-0.119332871128243	0.998494105577713	67
0.078811524219616	1.52524587716994	237
-0.045996317101526	0.602648958467319	633
-0.08999413866749	0.689662849463354	633
0.022080053501729	0.755934517473809	26
-0.00638875890922697	0.902793368589553	335
-0.044996093463187	0.811692246866342	94
0.118144079933925	0.799838185394741	94
0.064890851566312	0.423529530325631	19
-0.124510805107256	0.386369212451664	19
-0.01105945197789	0.303788518784466	19
0.019166816800256	0.526461447405356	40
-0.042866381101119	0.821331994776413	2
-0.124190742269235	1.22040463581278	2
-0.061102024027584	0.977405035418083	67
-0.073425199678093	0.938504308562651	67
-0.062136107414678	0.713012209828433	633
0.118913611828852	0.53391780984314	67
0.075668757349629	0.420856886930502	26
-0.058600872082891	0.503142295392462	94
0.012524700315964	0.641074196066634	26
0.065011583262612	0.427761488320744	19
-0.013853756167389	0.309731576171906	19
-0.00653010300550405	0.304008933048588	19
-0.012103357756622	0.30665898897141	19
-0.040863085750617	0.404478833335043	379
-0.004017750497187	0.299605063767044	379
-0.015760173354085	0.303743895564504	40
0.069040051761599	0.4233158114024	40
-0.064469020036428	1.2814866728211	374
-0.037378139003723	0.900477262181008	374
-0.104676211704015	0.786050462542597	50
-0.078118294692783	0.805207748718798	50
-0.033732973155428	1.14914635857664	67
0.049733401140493	1.30708522419945	67
-0.120651387446474	0.936129639226471	237
-0.045085917354603	0.877264542969571	67
0.0834280227938931	1.53547864357493	26
0.062397729941112	1.45006297463557	67
0.0612432926358371	1.04869814113526	67
0.061886073520169	0.765053280587757	67
0.0100843691960411	0.740169956968503	67
-0.052858856287101	0.510918952564484	633
-0.018657589508026	0.825984424387944	335
-0.013096469797747	0.740304591005784	94
0.124776569215193	0.801929783036943	94
0.070166940026358	0.430623595063156	94
0.015741506400494	0.517629508452107	94
0.074875258413981	0.663185222957637	26
0.068514259763356	0.431702930604033	410
-0.010600298850402	0.311050852910577	26
0.113838218157256	0.549801315446983	111
-0.056125414684217	0.495361427549098	111
0.065281679165878	0.420748017055516	5
0.064295421899139	0.426449645832079	19
-0.045438960737471	0.404877654903689	40
0.122299383290698	1.53209554121922	2
0.063784374986691	1.07334679448597	50
-0.080487952373498	0.610700587010003	67
-0.075914879122011	0.613306904707994	67
-0.060389809390372	1.28282630122251	67
-0.080207221063233	1.2110494529138	67
-0.01254981593391	1.29342569951076	237
-0.06808351579421	0.942784045391517	237
-0.0652172756675961	1.37335514418125	26
0.020432233499348	0.750082197631722	633
-0.00839432253869299	0.832505959198412	633
-0.044983852995233	0.402462358584844	67
-0.01690839604012	0.738718839683116	67
-0.122826485962358	0.385841741432623	67
-0.110552513560458	0.492122235218559	94
0.079154660523452	0.658344714712041	94
0.016921709835098	0.521731959686743	26
-0.00727985139462795	0.301165868365881	410
-0.124510805107256	0.386369212451664	19
-0.014836786385177	0.30123433162309	19
0.071517419863808	0.427045099500324	19
-0.010371539185857	0.306127575405917	40
-0.059453710935759	1.82262000234446	50
-0.00992156165970504	1.81509881444303	374
0.01784424317447	0.849866521623593	50
-0.013223495766846	0.304696127501345	50
0.117370392278647	0.559537199320843	54
-0.055827633233014	0.508138993748821	67
0.075074595164472	1.231094386048	67
-0.016139024940337	1.39532383788042	67
0.051176746442567	0.927477281833863	67
0.114765643944264	0.52447310348268	67
-0.07530957243962	0.601711304506402	225
0.11906425333357	0.559164091905342	633
-0.044717631482769	0.406228416061856	67
0.119998330299614	0.558503549573078	67
-0.0254037316872709	0.737058782687888	67
-0.050046841077706	0.398984122191592	67
-0.013101985651201	0.309812124917511	26
-0.04653768885958	0.798469202834724	26
0.069337485826826	0.66265762590672	26
-0.104450288576686	0.494057606139351	94
-0.038026934612799	0.612328579096625	94
0.01733481272308	0.831037679160632	94
-0.0517409211423679	0.395770574228461	379
-0.00857942285588298	0.307786121663996	379
-0.015249916578101	0.884327317027184	67
-0.05912435607122	0.71662611438528	67
0.097664555801619	1.76980863660334	67
0.061312596967827	0.744639061448934	67
-0.010078717883282	0.311559877079658	225
-0.116738992612401	0.749997552654348	26
0.00959671706022802	0.637336979519839	94
-0.05186030685008	0.510636204732055	94
0.103531212825516	1.00303964592091	94
-0.019950878707906	1.61874157002996	50
-0.103616367505746	1.02465632658951	26
-0.041987322127949	1.21974972089577	67
0.02807545950086	1.02680723349313	67
-0.082855807654561	0.603088780040834	633
0.120666528737996	0.545391321056478	225
-0.00682197718210797	0.307010175023862	67
0.011736851144865	0.506789839141054	67
-0.092367075271939	0.794990911965463	26
0.00460168066347	0.630171182912005	26
-0.107272905304264	0.494261741253521	94
-0.118417850654266	0.582819775001815	94
-0.059950580180512	0.494230764848008	94
-0.112714703722779	0.489254573992335	94
-0.047913957776858	0.51345104595692	94
-0.048436903741284	0.510390363507225	94
-0.013853756167389	0.309731576171906	26
-0.124768592362442	0.383891303232431	26
0.117370392278647	0.559537199320843	111
-0.042043440571875	0.401038650221201	19
0.018381232440037	0.520847664971308	19
-0.122520439111023	1.43244959976303	50
0.114773784885612	0.547853694621369	2
-0.048342225987526	1.41049050491778	50
0.030220136303777	1.27999802922415	374
0.108927072970081	0.910100900770673	50
-0.015195665415664	0.919344679897334	50
-0.078617768308902	0.613645141695876	50
0.11906425333357	0.559164091905342	54
0.00256606671853299	0.627416891166111	67
-0.041027222943347	1.14980440435328	67
0.016269441298883	1.35793525206043	67
0.050086035546512	1.13740765548609	54
-0.050909405812076	0.969098934415704	67
-0.103806614409485	0.501816119875936	67
-0.043505770559801	0.405126258360448	67
-0.013624421432918	0.309304985206354	225
-0.013624421432918	0.309304985206354	26
0.118018953248112	0.76545531033372	94
0.070437290176426	0.426852731020308	111
-0.0492726348285401	0.515126997567484	19
-0.0679975455298339	0.610676488737545	19
-0.0483728774526609	0.401549119940006	19
-0.012103357756622	0.30665898897141	19
-0.017191616966261	0.829297330552428	374
-0.085295053123033	0.59481662981994	67
0.076446465021484	1.58707215585782	67
-0.048863129203899	1.32779420941227	67
-0.0481701805165951	1.07098291235255	67
-0.048762088241175	0.72666892544922	54
0.113939886524211	2.05760951316514	67
-0.043261189396765	0.819513253097558	67
-0.04453045982198	0.988345476462035	225
-0.038198722055749	0.401532118192669	67
-0.0762354434164631	0.591764245159277	26
-0.044194822194725	0.810575054687421	449
-0.10933708703134	0.609118049616929	94
-0.045479969543036	0.732181271745301	26
0.02037027983245	0.53067861760661	26
-0.055150775945824	0.490365594267464	111
0.013613548778623	0.522320534862759	111
0.0174083755721089	0.523471627463019	19
0.068021307986142	0.432423938787649	40
-0.0143764239694481	0.309223758483486	40
-0.010078717883282	0.311559877079658	40
-0.060240016070813	0.981222219485598	2
-0.042794872979488	0.401597476110652	2
-0.069324999363935	1.9488644149772	50
-0.01076211033024	1.95645419817305	50
0.023726763073001	0.860978235366344	374
0.06622555910828	0.974021563861692	50
0.087054862469804	1.43256752137843	50
-0.121069332950955	0.68067251253685	50
-0.091851515955077	1.19994726855465	67
-0.041076817821644	1.32921973543494	67
-0.000469296592396029	0.849210534998852	54
0.066589322011143	1.43147733867454	67
0.10500833805685	1.70352299097514	67
0.0377363527257371	1.77848632507875	67
0.00858021987110202	0.623903348760096	449
-0.042866381101119	0.821331994776413	449
0.00613979659803299	0.929235295183037	449
-0.081787549522768	0.610759865878482	219
-0.121794103944172	0.583309842736319	94
-0.077350281313026	0.615746700135739	26
-0.061684660165349	0.484730729428225	26
0.01706044307284	0.531985133195115	111
-0.00932865636546598	0.310898698430004	19
-0.056340057321063	0.501149427945812	19
0.071246130572965	0.427724577458125	19
-0.017512347384035	0.306009385691072	40
0.01706044307284	0.531985133195115	40
-0.013624421432918	0.309304985206354	40
0.076493719434195	0.667508892980458	2
0.120940730351894	0.545871960451731	50
-0.051908235210258	0.507151951843378	67
-0.118392641935677	1.13915659287709	67
-0.047689889564847	1.40146116403676	54
-0.11742964655095	1.24830282704347	67
0.089333479148702	2.06364430703663	67
-0.074214426605387	1.37960607050705	67
0.022766491912991	1.44991235814085	67
-0.089602082074986	1.03637247633354	67
-0.04910647977671	0.515668111049776	67
-0.036563273564647	0.630545920946219	67
0.071313274845749	0.418683703922603	67
-0.0116008935365119	0.30518624821679	67
0.105467360744457	0.889479540981057	26
-0.055642065010412	0.721362280866949	94
0.071505317487341	0.658880942743097	219
0.0891248662413871	0.969935784851203	94
-0.111356240088719	0.691979672200925	94
-0.0344145501047271	0.635108592812524	94
-0.0689992866910371	0.618161841283445	94
0.013613548778623	0.522320534862759	26
-0.10218707665162	0.491661195068806	26
-0.010371539185857	0.306127575405917	111
-0.04783342002685	0.398256762237576	111
-0.045953586936464	0.395483799208556	19
0.120338379196674	0.552898594014909	19
-0.011985893166096	0.300640699892177	19
-0.013853756167389	0.309731576171906	19
0.071517419863808	0.427045099500324	40
-0.043515237799607	0.399282128928367	40
0.014537081334726	0.513097283095196	40
-0.107729335666002	1.41468089933074	374
0.065605521208875	0.424348658902844	374
0.022933914873184	1.11518699652083	50
0.06040627777665	0.417522921974896	50
-0.01082960389892	0.310659749354367	50
-0.090837853187379	0.875824702225192	67
-0.0819681695653151	0.70835502078264	67
-0.0963831105047061	0.864634250745322	67
0.080731834000341	1.32087537990718	67
-0.096930430765942	1.04745210989327	54
-0.087265727039562	1.04078015522817	67
-0.101517107036684	0.967552781822202	67
-0.0609877596346901	0.713224642451498	67
-0.048602988687304	0.403054845012578	67
-0.015012798106374	0.304610526590875	26
-0.037479171121959	0.401773102679879	94
-0.114572239326329	0.470998053059835	26
0.118082663428587	0.560388391567878	111
-0.119060489924804	0.38601316461453	111
0.021573511258295	0.531404158931469	19
0.01536793171205	0.526448688530343	19
-0.044717631482769	0.406228416061856	19
-0.010078717883282	0.311559877079658	40
-0.103549817998477	0.962598821899183	50
-0.102698628334684	0.494565882004742	2
-0.107385572822738	0.609715518175377	374
-0.015129237918258	0.307858064641708	50
-0.010600298850402	0.311050852910577	54
0.100604997558325	0.887272792765465	67
0.069030759245103	0.656246241295529	67
-0.00611977360224003	1.10362427879312	67
-0.103266520646257	0.965631171365333	67
-0.103859878183946	1.34247811874552	67
-0.00534443525634298	0.926206336510795	67
0.00376756822763402	1.28049165607777	67
-0.00838698142366401	1.27012206500667	67
-0.045975168345773	1.24624280436996	67
0.021221497057284	0.753818871138534	67
-0.103131303648686	0.496995152182431	26
-0.104974952434381	0.603681020877457	219
0.032940268345358	0.949808501606631	219
-0.102211584713928	0.503762847503821	26
0.06829187589925	0.424203230067558	19
-0.013223495766846	0.304696127501345	40
-0.015652326111167	0.3036297971358	40
0.0676779550605781	1.99173180995684	50
0.015660709503087	0.757891137504481	67
-0.101181845066304	1.16927165207865	67
-0.117924178354247	1.01050618441237	67
-0.048106237137353	0.39956767643858	449
-0.123062453810887	0.387993026616018	26
0.019653965403329	0.62835389355277	26
-0.00727985139462795	0.301165868365881	26
-0.048341551158088	0.396830121753118	19
-0.108200966146173	0.487297025569315	19
-0.015129237918258	0.307858064641708	19
-0.052955486042641	0.394639668350665	19
0.067429771725375	0.421168261799147	40
-0.041285872642776	0.620475912164738	40
0.01861275931585	0.522928786167854	40
-0.038617279723031	1.59228888624551	50
0.046712411337838	1.43569603680015	50
0.08179740299451	1.51469967846481	374
-0.105449105306164	0.503104026152862	50
-0.051278723979454	0.395061759941221	50
-0.124880028836355	0.382235757537966	54
0.080396879119493	1.15735851399816	54
-0.059866314059999	1.06384547867621	67
-0.111610754360114	0.697564014926237	67
-0.122246896767174	0.678350774643955	67
-0.051333355934409	0.509065838919164	67
-0.04783342002685	0.398256762237576	26
0.050268522053487	1.03972043515581	449
0.00414554288090696	0.631378357075973	219
0.058753386544495	0.413024897092012	1359
0.060900664051315	0.422617847045616	19
0.063408821122113	0.422042042073915	40
-0.01082960389892	0.310659749354367	40
0.063109628430064	0.87650457622762	50
0.01704129678411	0.737384390061745	50
-0.070822800355718	1.45739473769199	50
0.00936561027217997	1.82342584937487	50
0.07746934613905	1.7316388679585	50
-0.049816914252469	0.400002369811168	54
-0.086368512994892	0.664521348778262	54
0.0571559317493921	1.24167862027666	67
0.033892665769093	1.19683296611009	67
0.099960725960785	1.63091498818985	67
-0.109209499484753	1.1899328963864	67
0.050395245475551	1.4778722361464	67
-0.068010065713729	1.04371465030067	67
0.071974038691446	0.661111198669704	67
0.018009134654146	0.530350031904946	67
-0.041678074359559	0.500169911916445	67
0.117243732475918	0.79558842694567	26
-0.054731954157892	0.899743968665596	449
-0.072036886001846	0.621214611311487	26
0.027011194966766	0.765499315794397	219
0.071695343147769	0.878916762149633	219
0.068868158303459	0.663025691538005	1359
-0.014836786385177	0.30123433162309	19
-0.018260401278803	0.305926123097725	428
-0.03375752285655	2.01946852180749	50
0.017551409272618	0.743091590914452	50
-0.124173404609835	0.765594652189787	50
0.091873203430398	1.27432558722552	50
-0.111847704316164	0.869035079654527	67
-0.00320830595131305	1.51656669387057	67
-0.06192794279362	1.45220403388134	67
0.00571556668692996	1.51549247929969	67
-0.0968208488315629	0.667702207492337	67
0.038479177032038	1.4819010327147	67
0.0389704236530271	1.46228626639429	67
-0.069817575951357	1.37946006912954	67
-0.056592631967615	0.90020954250744	67
0.032137543522837	1.63506355899108	67
-0.03287390790561	1.37557194897732	67
-0.081129964304159	0.613454508517899	67
-0.041323053107545	0.403370107197925	67
-0.0420626043030951	0.401898330668391	67
0.018386704728344	0.638852931447439	449
0.098799001315749	0.977373432454363	219
0.0616441421152371	0.881713370552264	219
-0.088519981992064	0.691652466266809	94
0.10286547136677	0.883156443227862	403
0.075876076983645	0.667215005300225	1359
-0.033756380860216	0.624526680003948	1359
0.113884059039911	0.534622215070813	19
-0.014606338360923	0.308362454144827	40
-0.0143764239694481	0.309223758483486	40
0.01784424317447	0.849866521623593	50
-0.0848896377781579	0.71449145733724	50
-0.108408759936452	0.788895513819249	50
-0.054826434444573	0.513300894159669	50
0.014332521718466	0.523064299776682	54
0.114262845221154	1.63264089916329	67
-0.082685218637036	0.708556876883527	67
-0.00402942022503905	1.79276657642691	67
0.00852619021651801	1.19598433196174	67
0.105769574872578	0.996346803999939	67
-0.097157679569561	0.499268624488995	67
-0.047158741356148	0.402337325590611	67
-0.081563524157879	0.612536652865983	67
0.012834001944186	0.645390959863672	26
-0.119218218522682	0.773781346991631	449
-0.058768409941669	0.492478387811772	449
-0.0511066106879951	0.804961185320526	449
0.117177985247352	0.784346444974221	219
0.066220825513949	0.427193816716165	219
0.014419676359301	0.522299623856162	219
-0.045929538704337	0.40426972621846	26
0.019423107196492	0.530856626027996	1359
0.020139873707854	0.532292031073519	19
0.123469923772608	0.552648529605722	428
0.11732688469713	0.55467304124138	40
0.110262540066677	1.18432295705694	50
0.117348009020895	0.782071425656422	54
-0.079330095860081	0.77615819542607	54
-0.024766703853594	1.07315977421896	67
0.054295764901904	1.01822160209689	67
0.094392689749056	0.987235757953776	67
0.017882036253793	0.838188612827802	67
-0.050173126854725	0.509119248786242	67
-0.044486796840371	0.405816712126546	449
-0.096407945113607	0.786188651387659	449
0.011345599884215	0.936160677294652	449
-0.050012763414804	0.394859017590169	403
0.0631881819261631	0.42486749563325	26
0.118082663428587	0.560388391567878	1359
-0.018260401278803	0.305926123097725	19
0.01880463284079	0.528868589983836	40
-0.040113990559565	0.807358993679222	50
0.038263733007856	2.22187102777455	50
-0.00528539297691899	1.97209190105873	50
-0.107002197640668	1.82502739051635	50
0.03050162773473	1.12093646737097	50
-0.103496812243381	0.498827644100387	50
-0.039352337506585	0.818297322234432	67
-0.000571871267397994	1.08359891614855	67
-0.089909748041915	1.28577082715825	67
0.033505845316528	1.47768467060457	67
-0.046411974654537	1.30774747203382	67
-0.119542088066189	1.10037970164121	67
0.09295015929658	1.4264524897851	67
0.12038942315028	0.795701101641091	67
0.045299501127563	1.01025117428266	219
0.00429701597120102	0.932189770910341	219
0.021985568036884	0.754108095600971	219
0.00843027632177495	0.634706920596712	219
0.022375669065431	0.531370542769522	403
-0.048323982878528	0.5166765249079	19
0.068958753876998	0.430773872969908	19
0.114031854572479	0.557026518506265	19
0.121161262703114	0.556786394746953	19
-0.010078717883282	0.311559877079658	40
-0.05248095724515	0.376160814690125	40
-0.013853756167389	0.309731576171906	40
-0.064957525888618	0.895833483851717	50
-0.076842608928347	1.38336858329241	50
0.027258811788096	1.04351056425548	50
0.019398782933832	0.644808020167725	50
0.06908984723781	0.648031291105187	50
-0.00127956723365996	0.919308593230723	67
-0.102696808911693	1.31890814093457	67
0.049062379952507	1.64567793332869	67
0.017447178767002	1.52122495075515	67
-0.075325922218036	1.02238634327085	67
0.111422529807637	1.71361118406468	67
-0.047158741356148	0.402337325590611	67
0.00537080331802697	0.635266088447526	67
0.071606624552239	0.646229454332188	26
-0.025642198715935	0.724087592669229	449
0.0144386355212071	0.641935797607997	219
-0.027297096924874	0.635263829070438	219
0.023118393001599	0.528079920669109	219
-0.102415017588331	0.499375875698459	1359
-0.056816279812524	0.500388677558719	1359
0.067528191620867	0.430472173413981	26
0.077361001068894	0.663281943265396	26
-0.038198722055749	0.401532118192669	19
-0.102688796194472	2.26319280196291	1692
-0.089718310660263	0.790100553298517	50
-0.049008813094775	1.48076117198434	50
0.086647607905115	1.07822223858378	50
0.095360882140489	1.62631409037815	50
0.034816895443611	1.29908369781249	50
-0.118479115692829	0.459619683122554	50
-0.0143764239694481	0.309223758483486	54
0.103133701945997	1.80558461799074	67
-0.00193932830785004	1.28065373948888	54
0.073241155362989	0.661085481756613	67
-0.042838238561297	0.380391724737965	26
-0.0168237205137159	1.0766543923644	449
0.025285282272401	0.757826690772418	449
0.058274031833788	0.866849704565433	219
-0.054424482319841	0.505133640446972	19
0.0697221855447751	0.427366790874333	19
-0.04399620315591	0.406427295977407	19
0.068243489530662	0.431309634462526	40
-0.014954747170305	2.28481393249364	50
0.00571402276769195	1.24371264651357	50
-0.102514593949801	1.12988903172434	50
0.052466269682209	1.94532717460642	50
0.057666387888902	1.73848423785264	50
0.087735353608167	1.35566953692573	50
-0.021043496897751	0.718930849845134	50
0.0688570542953501	0.775659261916772	50
-0.075616124276408	1.04292870163334	54
-0.088589201339783	1.11385404163583	54
-0.03412777021984	1.15040588524209	67
-0.0802375692222091	1.25792840390096	67
0.0719080952518359	0.877458864711614	67
-0.073574887312035	0.613348922220852	26
-0.093100347383266	0.696921368269739	449
-0.043434108503362	0.70351962074793	449
0.000530188062261017	0.617471546394423	449
0.117370392278647	0.559537199320843	449
0.100931524277217	0.891154929211937	219
0.116342656985458	0.553187398434925	219
0.061485583152318	0.415186289550409	403
0.117154944105054	0.547857683805181	327
-0.019532322792839	0.301496689188543	171
-0.0143764239694481	0.309223758483486	171
0.121111002975807	0.556403463912007	19
-0.069560349703869	0.962675905447546	40
0.103610853260417	1.53445444319925	50
0.070974755820315	0.661071531167349	50
-0.098141184015149	0.785233858524354	54
-0.046026483447606	1.02887633408038	67
0.105563559962412	1.27843856751901	54
0.011264906140709	1.19342265664281	67
-0.014606338360923	0.308362454144827	67
-0.101958293997946	0.861100462375267	67
-0.075907918440156	0.790176037865928	67
0.018844275608265	0.521681092008296	67
-0.103346479415372	0.492279671169265	26
0.014765834031375	0.518562285804635	219
-0.047158741356148	0.402337325590611	219
0.113838218157256	0.549801315446983	219
-0.010600298850402	0.311050852910577	19
-0.106421556201434	1.33205005060178	50
-0.116448059580977	1.0395521762833	50
-0.086209314462034	1.09742731165319	50
-0.082025582793673	0.87743038343016	50
-0.042833896257662	0.9854968649027	50
0.061784813907091	1.65890059954818	54
-0.080274586204218	0.879617132028537	54
0.027395419385411	1.1968571485972	67
-0.037172344876877	0.827522974962242	67
0.05335743018645	1.05551256075382	67
-0.122671098348357	0.938532729398362	67
-0.000229440376012025	0.93092830396736	67
-0.045440781628234	0.871812542850157	67
0.122162503977656	1.65091444498038	67
-0.09177898538759	0.796423867911995	67
0.117681046536637	0.787780582534319	26
-0.051509787323727	0.396986142120631	219
-0.117162132971782	0.779171548961978	219
0.009832580985907	0.507251700892801	219
0.11695983706766	0.549068615917954	219
-0.0123589450153589	0.916770054957767	26
-0.01082960389892	0.310659749354367	26
-0.010307977613186	0.307188752676449	19
0.067623150399367	0.652437357281585	224
-0.018273428656421	0.7113518644792	40
-0.088842036903812	2.25679253193672	1692
-0.091705784670528	1.69271403708426	1692
-0.096422809607705	1.12292179751978	50
-0.017427598070382	1.26312837615522	50
-0.100090559376803	0.936599776591822	50
-0.068471651981883	1.28831114910644	50
0.016803932484653	1.17503829293713	50
-0.056375717368072	0.89824083108571	67
0.0135615558040409	0.751876062846492	67
-0.0160916255963111	1.09311671107498	67
-0.082689884088849	0.608475181660089	67
-0.109606573390819	0.690305923249069	67
0.00458596142355705	0.633022630299368	26
-0.078826456305819	0.607921550930565	26
-0.107472329308371	0.610028731042708	26
0.11695983706766	0.549068615917954	449
0.0198837262020179	0.526647654513096	449
0.023091353761424	0.532256409343095	219
0.068514259763356	0.431702930604033	26
0.064024772395025	0.419848981662134	19
-0.0488142217045709	0.39891017168219	19
-0.047880914016292	0.403263335361737	40
-0.011873419864587	0.305880608617324	40
0.015624806318974	0.527678669456648	40
-0.099929233867478	1.85613801802618	1692
0.00217893846444095	1.73875327118317	1692
0.056658087125577	1.81093278439986	50
-0.04126328735596	0.983657485182481	50
-0.040278918637116	1.06641496423269	50
-0.083379579287579	0.878292618811152	67
-0.091122873579514	0.681698068937362	54
0.059230080045245	1.06650641500399	54
-0.00505051852751604	0.836534930286594	54
-0.062554766252379	0.713522841816493	54
-0.112016657057502	0.602077521012061	67
-0.053384276641664	0.728644151922745	67
-0.086020752842737	0.713273724617635	67
0.017524411557354	0.844625114526307	67
0.0197210294822771	0.849236896688662	67
-0.0698188064283321	0.806128132891529	26
-0.045462998983295	0.396068057437414	449
0.058582699357983	0.871675970586923	26
-0.042074416254899	0.40245810740541	403
0.021342912662964	0.532255062793788	1250
-0.011351417939001	0.31015265310362	327
-0.0456697812711771	0.400870461999924	171
-0.018783210821443	0.302809698045527	137
-0.048106237137353	0.39956767643858	137
-0.011122067543867	0.306754140926722	224
-0.052955486042641	0.394639668350665	40
-0.046189872742916	0.397258852142176	40
0.085537848104683	0.959310723946841	40
-0.006502336346218	1.6744929564157	1692
0.040624947437775	1.76881448638039	1692
0.096344482218196	1.75562197366955	1692
-0.080639218676638	1.14329242458477	1692
0.025215289413012	0.861450571787963	50
-0.023068732811293	0.813581046967246	50
-0.019939851749168	0.739672146643918	50
-0.01628532567064	0.815670770336676	50
-0.00480542881341495	0.82774923887485	50
-0.0204281620540741	0.821347221087041	50
-0.056453872079396	0.889421934387531	54
0.085347378389294	1.61046527042989	54
-0.094156532658245	0.878573758706194	54
-0.054080993275768	0.903965037130768	67
-0.078576651045003	0.611106899771325	67
-0.062380121239228	0.70245993597257	67
0.012233185625284	0.741629345061486	67
-0.118892278082175	0.685630849139388	54
-0.082308991140016	0.715389794687548	54
0.0747815271233721	0.651043674435277	67
-0.0364335826365511	0.631233929250075	67
-0.07960383147219	0.607052789768262	67
0.019851438342441	0.645726228502001	67
-0.045438960737471	0.404877654903689	67
0.017871737565998	0.520804362496276	26
-0.050845491985299	0.719496353266693	26
-0.0517091344952511	0.516440082749072	26
-0.06158841358806	1.22553075616016	67
0.062110534531568	0.423308876408503	219
-0.018260401278803	0.305926123097725	1250
0.117861264428083	0.560341932747504	327
0.069007047059067	0.426545564270773	180
-0.105920621662774	2.12844517470496	192
-0.103905722409617	1.04783642750837	1692
-0.084137177700648	1.03275216103792	50
-0.089493234993159	2.17707117713004	50
-0.070844808633697	1.53585507827336	50
0.058470340378593	0.872553752037128	487
0.074363160369838	0.774185391273935	50
-0.118102204243992	0.589462465449903	50
0.066443830783857	0.426856736110067	50
0.019195949745048	0.640516300562664	50
-0.113176973017171	0.488497477450868	50
-0.079217646087414	1.47866089823192	54
0.00707851890387901	0.642747766705471	67
-0.045438960737471	0.404877654903689	54
0.070979799365324	0.65751213722626	54
0.01706044307284	0.531985133195115	54
-0.018783210821443	0.302809698045527	54
0.065826416371248	0.428118271562549	67
-0.058324162995347	0.486790038722943	67
0.060487269454618	0.961397348584404	67
-0.11713001766805	0.475447752798512	67
-0.099563111437178	0.5009390271481	26
-0.046053226986725	0.509926370401577	26
0.05988534299994	0.958959144989027	67
0.107674685011411	0.527771030278095	67
-0.046657421075637	0.51370579657364	67
0.070166940026358	0.430623595063156	219
-0.016765121001863	0.304862540838296	219
-0.00985000399211899	0.310392705484285	219
-0.016989960476402	0.303603077135928	26
-0.105917675149779	0.697244132996539	40
0.064541721829362	0.88153886602621	40
-0.112298435635345	1.58604643495718	50
0.088638380697796	1.25854097080479	50
0.087616656699736	1.21407951856083	54
-0.077864751551752	0.939946669244372	54
-0.115651886780759	0.856669564843485	54
0.015382979001426	0.839506465315702	54
-0.087525804357219	0.857289727890369	26
0.032582924828117	0.959792905044023	67
-0.076249116555754	0.61781742341916	67
-0.039161343962884	0.401928426710575	297
-0.038138285421414	0.632394255465288	26
-0.010371539185857	0.306127575405917	26
-0.014606338360923	0.308362454144827	19
0.019062088027864	0.53055044721911	19
0.020281087290472	0.932101063558652	50
-0.014065892129304	1.4341731067645	50
0.111219022976906	0.548643901337556	50
-0.052463724536853	0.394104285803724	54
-0.048833176958386	0.401142697673106	54
-0.00296376243333296	1.01775070605247	54
-0.107455701580016	0.499411449693088	26
-0.056729575817849	0.499683975553893	67
-0.042043440571875	0.401038650221201	67
0.00256606671853299	0.627416891166111	67
0.069673983475498	0.428700075147689	219
-0.011581310910634	0.30715594261813	26
-0.011581310910634	0.30715594261813	171
-0.017512347384035	0.306009385691072	40
-0.045438960737471	0.404877654903689	40
0.020555126229451	1.00238858056809	487
0.076007366485616	1.24338442305848	487
-0.087758564658995	0.88911041699217	50
0.045322208065915	1.19982470642043	54
0.119378633292882	0.800778401394103	54
-0.000969078486881991	0.597555850501294	54
-0.113880150393233	0.482944056028777	26
0.015485870556928	0.519184016014737	26
-0.059048391076601	0.502542293735227	26
-0.019009279184765	0.304583351463383	26
-0.011351417939001	0.31015265310362	137
0.11050503814865	0.54725784811134	19
0.065111730445852	0.428643533555	19
-0.123046514477722	0.379930764074422	40
0.058275848746249	0.757819852241218	40
-0.082922167657798	0.601714794639696	40
0.113934978973217	1.16688472194853	54
0.100886594613816	1.00649025894141	54
-0.025341328645502	0.73425027016455	54
-0.056884585436507	0.7114960021056	67
-0.117342915246395	0.59393192790353	26
0.025625821223468	0.85610298938452	26
-0.105596652908225	0.499673487678433	26
0.066728574792215	0.86653466318718	26
0.072453252008022	0.429807984314648	297
-0.012351030281569	0.308634402337749	26
-0.012579738056133	0.306348459330134	26
0.06478863285198	0.425754652919662	171
0.114060444745492	0.547712300430483	137
0.122362975493808	0.551314454799442	19
-0.123786647934362	0.387741173875374	19
0.064990100026298	1.25388588796926	50
-0.109971799223047	1.09260330618604	50
-0.05474583145719	1.18681847314831	54
0.011113278437788	1.37509243095893	54
-0.114277521363215	0.770903012081296	54
0.109145837908046	1.07730270280896	54
-0.040626914172178	0.825858954508196	67
0.00876533264954404	0.732855374359267	67
-0.010522800140836	0.923766641780837	26
-0.078588718224168	1.02410458183987	26
-0.045208217351766	0.405617590405059	297
-0.0143764239694481	0.309223758483486	297
-0.069902133639614	0.872965877373104	19
0.110517859097202	0.90720500810259	180
-0.05677916018507	0.510709402445406	50
-0.00955732451153202	0.308066811721016	50
0.119959468947464	0.554939656141762	54
-0.022223487295392	1.00764481530357	50
-0.07631303866282	0.791101753568332	54
-0.012807519062118	1.09235584744781	54
-0.083028977423844	0.715066200689829	67
0.05048869303266	1.12532997590375	67
-0.079680619638311	0.944885623404726	67
0.083918463184401	1.25397406342613	13
-0.010600298850402	0.311050852910577	26
0.117861264428083	0.560341932747504	67
-0.043505770559801	0.405126258360448	67
0.064617774534662	0.428081367731721	67
-0.097653555349978	0.688681434154166	67
-0.077448878202838	0.619301611012175	26
-0.044952740150558	0.510897461913703	297
-0.105761603607072	0.501349292178222	297
-0.101254163845012	0.496278938767197	297
-0.011829014813697	0.305214293953818	19
-0.015882859819112	0.304059061239338	40
-0.12343209813595	0.870098733676645	50
-0.124915365919486	1.24710626590883	50
-0.044492035000014	0.401903190073989	50
-0.0131200131239529	0.97386727639532	54
-0.037546325365665	1.13071570904295	67
-0.100495054389304	0.50275864947013	26
-0.11611309614118	1.02611972675048	26
0.114209639322546	0.77942345322195	26
-0.045906334459307	0.612344434968201	26
-0.013853756167389	0.309731576171906	67
0.096475485541737	0.97389404529859	26
-0.088759220183115	0.952212408071779	297
-0.074737397625043	0.790905736285095	297
0.115220819821713	0.772036758236368	297
-0.107582560305967	0.494406026315368	297
-0.123062453810887	0.387993026616018	297
-0.049522121948636	0.397244090839285	297
0.118750623361641	0.556660935469648	19
0.113329361687848	1.18332371401296	50
-0.015053293716863	0.901089055241148	50
0.061553153869418	1.15255705370612	50
-0.106994924028761	0.500186854540264	50
-0.047125433234627	0.398911556138685	54
0.0166904878052569	0.522745554754554	54
-0.108638695972638	0.845417990579468	50
0.036225043386789	1.56413734803346	67
-0.105803132076136	0.857066947566015	67
0.01706044307284	0.531985133195115	13
-0.106811363385368	0.495708633175242	26
-0.044948543845025	0.40358629855748	26
-0.052491869437538	0.516136785481354	26
-0.12041930261471	1.08490892338693	303
0.00718239063972403	1.02008917574895	297
-0.014716467719365	0.304450272448662	255
-0.050858231524492	0.509840623949636	137
0.117370392278647	0.559537199320843	19
0.065727719940027	0.427894070646929	19
0.015971038403899	0.728406866001971	40
-0.039882004030651	0.403808216331341	50
-0.095537951374153	0.775743777123746	54
-0.082508174401829	1.41050395765158	67
-0.107186680505749	1.11933339854574	67
-0.04209585842176	0.398629468331036	26
0.014557899446626	0.641032386571892	26
0.069040051761599	0.4233158114024	26
-0.013753381294447	0.838855774142471	26
0.031528136711333	0.857011450056307	67
-0.047158741356148	0.402337325590611	303
-0.05603448620035	1.05978665442852	303
-0.023125014340437	0.726528454539485	297
0.11645952485935	0.790366875508682	297
0.069533685222107	0.423862620814623	19
-0.012103357756622	0.30665898897141	19
0.063802046200613	0.424547853941428	19
0.060900664051315	0.422617847045616	40
-0.014396141476155	1.75089988737218	50
-0.080424186447162	1.56742241978595	50
0.107583173757321	0.905088077036408	50
-0.120551648393422	0.5869456500515	50
-0.045240708822487	0.607217911656284	50
-0.018236066463396	0.806672916460728	50
0.087311930376427	1.80031133533731	50
-0.00491778753184102	1.65963741552454	67
-0.054424482319841	0.505133640446972	26
0.0729458883547121	0.429109969063495	26
0.120481142856353	1.09615301219052	297
-0.109083833777986	0.691395649252129	297
-0.077992755112234	0.60701125591664	297
0.113361508100299	0.545292860602346	19
0.016459255964612	0.52071248315468	19
-0.078510823578212	0.884515428704163	50
-0.091870837762159	1.43120220104605	67
0.01815419138608	1.36307541577861	67
-0.083022895000155	0.608647712717365	67
-0.03656484479873	0.903604280094129	297
-0.023288487464654	0.70983220725212	297
-0.050715099597193	0.726530532695682	255
-0.109990755986481	0.489672041083902	19
0.067734711512853	0.641924679601413	19
-0.0427842361806789	0.404190879097033	19
-0.056554722014077	0.499261473899164	19
-0.00757135999329495	0.306852567040636	40
-0.05138504653701	0.511416182563212	40
0.118082663428587	0.560388391567878	40
-0.048111194081624	0.402485411990122	40
-0.118299241424474	1.61550928014558	50
0.044675829268557	2.30805069779101	50
-0.094639242110921	0.685997850479323	50
-0.109818700448037	0.695387484800766	50
-0.051249314082334	0.391584542353005	50
-0.0978715913556329	1.47985099411972	67
-0.080884255101593	1.37087014794608	67
0.109383016071853	2.25067263744603	67
-0.052283265985697	1.5401404086302	67
0.017894883074279	0.523270030832891	26
-0.047632383728538	0.393359682285977	26
0.123201823359791	1.10044660606759	297
-0.096258509656173	0.78148909274954	297
-0.086263445337371	0.709433547990512	297
-0.063621825527486	0.693205609010211	255
0.017663450838871	0.520127639654355	19
0.112754022968467	0.768839672473931	19
0.087528209759538	0.658169555354343	19
-0.11574284105184	0.480453899548161	19
-0.05138504653701	0.511416182563212	19
-0.046907685517274	0.399875915062103	19
0.115755687741956	0.552103161975383	40
0.017600513371111	0.518633308229707	40
0.00163680156457502	1.63740740131404	50
-0.093551257947637	0.794636447775613	50
-0.010307977613186	0.307188752676449	50
-0.03493176226035	0.900728561772005	67
0.020264006100163	1.69357780657056	67
0.00287336737992305	1.29994498623949	67
-0.00357760591017697	1.00856765192763	67
0.033818887430722	1.52961302607798	67
-0.0558265220277851	0.901447956868622	67
-0.00523615590691895	1.35059505122098	13
0.071024676318343	0.427734443724901	255
-0.052491869437538	0.516136785481354	19
-0.121717668476385	0.383221395147747	137
0.074080118019961	0.668499786738027	19
-0.047125433234627	0.398911556138685	19
0.07223167499218	0.428932841365855	19
0.068514259763356	0.431702930604033	19
0.021828992059685	0.529733466670431	19
-0.011059682717029	1.49363835001461	470
0.05561297822101	2.17375029819645	50
-0.0744893042267381	1.48370391853306	50
-0.063762578230532	1.0566871481515	50
-0.08959793150444	1.03566439172673	50
-0.094603471319653	0.695669253849863	50
0.086067859825866	1.24590435045947	50
-0.00292727201169096	1.25790401406843	67
-0.053526988678565	1.17273180800509	67
-0.041252849077789	1.40845502678228	67
-0.084622336961096	1.26443764662479	67
0.00564216374511795	1.51803602825349	67
-0.11060517080438	0.701147720136703	67
-0.074942345034361	1.05006135339802	67
0.020498843510908	1.38124591822619	26
0.021896555050905	1.58991723220204	13
-0.054547218023661	0.505807600437008	13
-0.048911448704665	0.513303170645528	1380
0.011272768466171	0.509771574136453	1380
0.064692312560364	1.47001375974928	13
-0.013744783896971	0.307104448510898	26
-0.052858856287101	0.510918952564484	26
-0.111522768875747	0.59418715747793	297
-0.121710652344962	0.674004331130667	297
-0.03724196391428	0.617291372587227	297
0.071222545818169	0.658325270505646	297
0.00651579333775998	0.628968749183453	13
0.119554806369411	0.551817623876176	255
-0.046907685517274	0.399875915062103	19
0.065504741573766	0.427060609549316	19
-0.013223495766846	0.304696127501345	19
-0.040162078138082	0.614265492533385	19
-0.0483728774526609	0.401549119940006	19
-0.012579738056133	0.306348459330134	19
0.114523887801545	0.556079869162498	19
-0.013853756167389	0.309731576171906	910
-0.05537469742948	0.506033684064807	180
-0.045462998983295	0.396068057437414	40
0.122999024065256	1.97363034093726	470
0.080912571964797	1.25787200786927	50
-0.021771820308681	1.48130915745169	50
-0.059679254134578	1.54424626510054	50
-0.06414715956165	1.38083824826673	50
-0.107460237133661	0.85188502471619	50
0.015051537890697	0.522733228605476	50
-0.091637651665845	0.781362285765439	50
0.062742273382982	0.876879483184494	50
-0.106568383381204	0.689183313213554	50
-0.017125191850784	1.52552628547216	50
0.087911599253475	1.25769914183933	67
0.00732748317063103	1.11474959751165	67
0.029235683099295	1.12176334991142	67
-0.065571442824613	1.07532829778745	67
-0.06976946985043	1.14199319807899	67
-0.119608561525841	1.15761741540577	67
-0.088887512581178	0.944545454710636	67
0.00714923365206799	1.11742118851756	67
0.00922285899520203	1.26680733015417	67
0.016228014532268	0.515268632654408	1380
-0.113707622707525	0.779423925651829	13
0.012084535981054	0.631620389429805	425
0.00810459524123397	0.729848119806689	26
0.00256606671853299	0.627416891166111	303
0.032153881405531	1.10712335219688	303
-0.094525282489257	0.775136381362847	297
0.00256606671853299	0.627416891166111	297
0.109496043559812	0.539106968999434	13
0.120144454328909	0.792207947713806	19
0.011141169743493	0.647597056347648	19
-0.109822324611283	0.480212169577399	19
-0.121229618052168	0.383158629312139	19
-0.050937472734974	1.16638736232927	470
-0.117134376263328	0.686528118718848	50
0.101248849999037	1.00053714631827	50
0.069944609194055	0.432003173101958	50
-0.088016643720385	1.17558141589189	67
-0.093237959651604	0.967578840984736	67
-0.0302555515876221	0.62622382193719	13
0.0660472159971141	0.425514324566589	1380
0.065727719940027	0.427894070646929	1380
-0.051313253931106	0.507776350385009	1380
-0.060363729320143	0.717609674891844	13
0.114924970907813	0.542786937613363	425
0.105541998438486	0.902686635245368	26
0.106804367574775	0.896053982580838	297
-0.013624421432918	0.309304985206354	19
-0.045208217351766	0.405617590405059	19
-0.0177377801972	0.303517158698132	910
-0.006366241217445	1.41558664055361	470
0.041541556802031	1.12889019927097	470
-0.058554137152269	0.883492415123267	470
-0.091666611359345	1.91314410525197	50
0.052741586538374	1.11725019429861	50
0.00956096423989095	0.639828502265829	50
-0.019371311707945	1.23145509014929	50
0.081613155339075	1.06802703921538	50
0.0585797857571631	0.763239802357529	50
0.047208945618324	1.85605432280409	67
0.0173305723453701	0.837705517786031	67
-0.022667493771646	1.23242811618136	67
0.033921555240181	1.56413136834154	67
0.071997253151952	0.659905634193378	26
0.021342912662964	0.532255062793788	26
-0.024521860303623	1.30574376290375	303
0.062227365027131	0.761616206905286	19
0.113838218157256	0.549801315446983	19
0.016459255964612	0.52071248315468	19
0.112411978728018	0.542549821136587	176
-0.040602574003719	0.404235318048079	19
-0.05916611057016	0.492636344651669	19
0.108886691785608	1.96974790295541	470
-0.11226978235324	1.95811211437574	50
-0.072102467630899	1.04541083386668	50
-0.0457690284158651	0.726546982859504	50
-0.108012518252236	0.785991802621028	50
-0.065962248917396	1.50765305028179	50
-0.090874612738241	1.18782316855007	67
-0.027231346080775	0.71962148077486	13
-0.047398169080632	0.399280023866762	13
-0.122810396568858	0.386028638609868	13
0.1175794288905	0.796063487406429	303
0.0618889404576169	0.418990484073661	303
0.0907893576275099	0.981063935009619	26
0.123885360366378	1.36306665276723	297
0.068017625870516	0.639066493278881	19
0.075343827000633	0.664142566198057	176
0.114031854572479	0.557026518506265	176
0.0116881461741321	0.5165992530717	910
0.076289582514254	1.57047714415968	470
-0.115683602025132	0.907565536914819	470
0.05499745554014	1.32340734081687	470
-0.00669736408843802	2.37416703882655	50
0.108500552730648	2.33196492717453	50
-0.079893909011395	1.55780067978712	50
0.0439180846262141	1.01573388031273	50
0.0645655993189051	0.418101810928924	50
-0.052463724536853	0.394104285803724	50
-0.03118350388555	1.15621543906463	50
0.054776753923705	1.03863631024553	54
0.075426913458826	1.64616566979191	50
-0.036440103720504	1.32783158403295	67
-0.0407480609281931	1.46861968167035	67
0.00799727750204204	1.07717074672843	717
-0.0668472794091241	0.895397968744118	67
0.011963498815687	0.63638869107408	13
-0.114141462414912	0.782769173287002	1380
-0.100333182307908	0.701981202313652	425
-0.052874289277982	0.509182709693493	303
0.01919160661569	0.850870722129233	297
-0.031821408933109	0.634881748016985	13
0.011802818634105	0.743170714911363	13
-0.121850120191988	0.387056418604752	19
0.114819782634545	0.548644234559556	19
0.0692294513573261	0.432543366808688	19
-0.047880914016292	0.403263335361737	910
0.0206261649471799	0.532073161958275	910
0.06139488490921	0.423170574735783	19
0.116130855465849	0.536301926273476	19
0.109972476928353	2.03706258573877	470
0.073570531537875	1.82319245460791	470
-0.061084173230226	1.22522661178319	470
0.117128743073496	0.905830451072625	50
-0.025067276827615	0.916085875509827	50
-0.081556993067645	0.8810015167364	67
0.06890861151418	1.39765564264229	67
-0.098817736033443	0.493156401159401	1380
-0.058970678417113	0.885528448307192	425
-0.109943342607164	0.601169736118241	425
0.025746790157375	0.850597707398989	26
0.122969518914981	0.78992424243785	303
-0.053810081793194	0.507716161919922	303
-0.058481353465788	0.70598344283826	26
0.011919391626754	0.516529560402629	297
0.065111730445852	0.428643533555	26
-0.048632189625783	0.513265804947756	26
-0.00932865636546598	0.310898698430004	19
-0.013853756167389	0.309731576171906	145
-0.105793344449531	1.66902406907696	470
-0.00579885806385805	1.18698437271118	50
0.0825001704030131	1.05762812283792	50
0.034777372283842	1.56912636127264	54
-0.080599382171612	0.965766800669487	67
0.025119080994624	1.56294225701425	18
-0.123985679258041	0.776896725023629	26
-0.00995127562521603	0.920402540473052	26
0.094971853536022	0.994914465520407	1380
0.093906277858963	1.18225408211637	1380
0.05893919634099	1.3181740486812	13
-0.117158496633109	0.589408966047842	425
0.017824588069106	0.644491395512218	425
-0.110900686934346	0.484668879426894	425
0.012524700315964	0.641074196066634	303
-0.0814734289656131	1.19057258527478	303
0.110209683670832	0.541362217015613	297
-0.106222051967513	0.502224389721423	297
-0.080637351991394	0.611358377202055	26
-0.046907685517274	0.399875915062103	19
-0.047158741356148	0.402337325590611	19
0.112606146486487	0.550360637441227	19
0.068021307986142	0.432423938787649	176
-0.00653010300550405	0.304008933048588	19
0.111933096734019	0.548796466474094	19
-0.10266195254353	1.12434090253139	50
-0.100643528777202	1.61135730708937	50
-0.102308434180011	1.68022749133389	50
-0.064942445078082	1.70340794362176	50
-0.055967460551223	0.274047451425184	67
0.065727719940027	0.427894070646929	67
0.015485870556928	0.519184016014737	67
-0.070365344783757	1.44238824631433	425
-0.062506565287999	2.00662173069917	425
0.062110534531568	0.423308876408503	297
0.063802046200613	0.424547853941428	297
0.067839391188123	0.782821364341462	19
0.067437612491359	0.970058712087264	19
-0.00880749617508503	0.307433004818361	19
0.0308534392101401	1.20743827548973	145
-0.091422097909534	1.09766511007709	50
-0.063560397337353	0.977161213980517	50
-0.110686123942082	1.34411009055035	717
-0.06976207032933	0.789776945635934	717
0.0400909760941049	1.30198565037834	67
0.105303751595047	0.904459937189745	67
0.014612838525746	1.43885841122714	67
0.028234560003832	1.12861016534626	13
-0.113338253394906	0.488264175759786	26
0.121602046379939	0.559957524290477	19
0.0749554765556451	0.42162850402883	176
-0.0143764239694481	0.309223758483486	19
0.00814588529965998	0.736537156004826	19
-0.111914408618633	1.17968957122363	50
0.00502578911307905	1.08700572926572	348
-0.096177572547492	1.00515460032852	348
-0.115614533389263	0.944483236370715	1439
-0.04910297820256	0.809026933055521	1439
0.062952790801209	0.74284899783579	1439
-0.081047885264212	0.592741846260788	717
0.0108139719195171	1.11138697101117	717
-0.0823564996338419	0.605523644360786	717
-0.016596388943526	0.738913280129146	67
0.114450269079551	1.0687878193905	67
0.057880476236821	0.960577888353559	67
-0.020322153896884	1.25420935586495	303
-0.021232454969714	0.729406220984021	303
-0.044227206695181	0.404926512088884	297
0.0123870126957349	0.647450029702114	297
0.065727719940027	0.427894070646929	19
-0.019532322792839	0.301496689188543	19
-0.037100088786222	0.61929152363325	176
0.064802696550479	0.771263156803863	19
-0.088568520436022	1.42586470346723	348
-0.066335970242686	1.28244174675189	50
-0.082837794811048	1.10732095972235	50
-0.082988645471629	0.707439782345284	348
0.098616968176363	1.00509949028063	348
0.090380765982625	1.08980545526597	348
0.057517892592004	0.952644764287282	348
-0.028498346484183	1.3295960548907	1439
-0.097873302102459	0.498744251105463	1439
0.101533390854843	0.873164072259947	717
0.102525284542566	0.89924399444205	67
-0.104528725512309	0.499344833456235	67
0.107136197924761	0.895460873360461	67
-0.00203787521266596	2.4915963988976	67
0.101261584991792	0.896204928233416	425
-0.048421868569804	0.809508889933075	13
0.00700294126478696	0.626537753839266	13
0.065241168042399	0.772339560757888	19
-0.086092756894895	0.694997054678395	19
-0.121406061549041	0.651660332578521	19
0.068014233191218	0.961086109356284	19
-0.021334951630017	0.817448197991469	348
-0.048911448704665	0.513303170645528	348
0.00744034968950902	0.629639333096772	348
0.069951850235769	0.662612847839937	348
0.120612842729199	0.796586325127666	348
0.069729493925121	0.652184177842079	348
0.026288623585687	0.532283441158684	348
0.124179906972055	0.555894836641506	348
0.112130562937898	0.542368413410919	348
-0.0812043621404031	1.13780307748569	54
0.027057484751307	0.853899391978788	1439
-0.070536913268222	0.6161607709585	1439
0.064294419977549	1.66064787692175	1439
-0.047913957776858	0.51345104595692	1439
-0.0464259486004031	0.39924880798679	717
0.064566475651842	0.777325994656135	18
0.0673060307699091	0.429998857599968	67
0.06931354877337	0.421184170400063	67
-0.109081030491802	0.499112977452444	425
-0.089357277330221	1.73767472905502	425
-0.121287831381628	0.58612261566688	303
0.102651205703717	1.266010433468	303
-0.041049398874177	0.617342992515408	303
-0.104577721183087	0.492236267783363	297
-0.052057460788398	0.904501898960458	297
-0.016765121001863	0.304862540838296	297
-0.046175286803277	0.397468301034504	19
-0.083806667571142	2.34614659245203	348
-0.00532314114311805	0.829928941920308	348
-0.097997992757213	0.504031886195283	348
0.123086433130243	0.804090672725645	348
0.121872419167541	0.558596667395072	348
-0.124022549019788	0.386298231965833	348
0.054054935204544	2.18938099232322	50
-0.08594218978515	0.597087807027685	54
-0.05210095507173	0.776958882118893	1439
-0.015760173354085	0.303743895564504	717
0.02831293539189	0.737565331752622	717
-0.041093026938717	0.405516043775666	67
0.0692294513573261	0.432543366808688	425
0.058422365170835	0.770144090597736	19
-0.033973561969998	0.623926187878734	145
0.013991884975859	0.752947372992594	348
0.020430370862631	0.732179140726128	348
0.019060964116587	0.642694009677168	348
0.019214170580158	0.528675027087993	348
-0.112368146025211	1.45130523061436	54
-0.085687451164153	1.06950250624935	1439
0.023118393001599	0.528079920669109	717
-0.04932496462221	0.40170667360707	717
-0.049908435196714	0.506118800317857	717
0.11950744800814	0.557706258436455	67
0.110061222152985	0.533061570344232	67
-0.053478097674487	2.14175666511444	67
-0.100571283666364	0.60720320264921	67
-0.112214400179467	1.39707041984652	425
0.001638376474009	0.623178930037106	303
0.108327950497776	1.2606757921935	303
-0.047880914016292	0.403263335361737	297
-0.00630148959092802	0.307501913163364	297
0.020205685201538	0.852357097069545	13
-0.048604378034516	0.387758398795719	19
0.05670151988463	0.872026757296359	19
0.10067780172546	0.870825323554344	19
-0.115011285659883	0.692600196493474	19
-0.064057261496946	0.978283158405509	19
0.114744831200238	0.557888959043258	145
-0.035361245236921	1.37254868975842	348
0.119552957356612	1.34687996976901	348
0.118510737960263	1.33559115830733	348
0.120074972928432	1.20687251202861	348
-0.032366516604987	0.714737930232335	348
0.114809151385801	0.787079113579688	348
-0.091906161039475	0.935390987681057	1439
-0.014514047418791	0.823733013787238	1439
0.124320417389687	0.799089575516939	1439
0.11906425333357	0.559164091905342	1439
-0.02341985519042	1.32286056095909	1439
0.070420948839936	0.664879838132358	717
-0.012103357756622	0.30665898897141	67
-0.104988844803917	0.502225945612101	67
0.115042339877065	0.55196500385066	67
0.017396305479728	0.833507699527546	67
0.113539659139796	0.554581364078402	67
0.014223094026572	0.636302931771952	67
-0.110851176041012	1.93926886729883	67
-0.105576406487674	0.607018985183951	67
-0.041752943965453	1.27799523654496	425
-0.122523409313593	0.86658908514268	303
-0.015012696109643	1.26778553144718	303
-0.00832157649167598	0.303934247191878	297
0.066220825513949	0.427193816716165	297
-0.116148393944452	0.693205318793127	26
0.00572557202208701	0.630898515826693	19
-0.016989960476402	0.303603077135928	670
0.014557899446626	0.641032386571892	19
0.036135051581357	1.21969940249443	348
0.035450517658271	1.67675770177312	348
0.086959795715091	1.06781411690457	348
0.051560685246888	0.850034248548373	348
0.014014458113214	0.518311485555675	348
-0.113913614793819	0.69107110361791	348
-0.08439161954314	0.596745752100268	348
-0.081041633305992	0.609428603492072	348
0.064072500491378	0.423028700376127	348
-0.119740085534744	1.2433818194412	348
-0.070208133289461	0.961208642264911	20
0.066220825513949	0.427193816716165	1439
0.12467062624374	0.553946168486382	1439
-0.052482562569535	0.391850971024333	1439
-0.105714191820604	1.20064857674358	1439
0.073546883532125	0.659005852127073	717
0.115236866850787	0.55693933281881	717
-0.00653010300550405	0.304008933048588	67
-0.055997655470745	1.65132038558457	67
0.117154944105054	0.547857683805181	425
-0.070684634386631	0.794592214905855	425
0.00460168066347	0.630171182912005	303
-0.058411820980145	0.69907544509621	303
0.063320102180306	0.418158319549506	303
0.019737643190746	0.944502157274385	303
-0.080872183104036	0.604511676180264	297
-0.047158741356148	0.402337325590611	297
-0.012351030281569	0.308634402337749	297
-0.0177377801972	0.303517158698132	297
-0.010078717883282	0.311559877079658	297
0.113318959415632	0.554643411181974	13
-0.011581310910634	0.30715594261813	19
0.060122430594302	0.767583443894049	19
0.064741014645642	0.41998748676417	19
0.016600810093884	1.45874192646038	19
-0.071202058641422	0.716397803871187	348
0.114475522321768	0.904535339944378	348
0.068255455827716	0.768103774130194	348
-0.038840994444766	0.509797085020597	348
0.064901687273986	0.646191414294385	348
-0.0592214587868301	0.87593812552143	54
-0.086768886103292	0.927011615040798	719
0.062968072313122	0.747963783334064	1439
0.007231151607344	0.626754364538842	1439
0.023577529582369	0.534053034597982	717
0.117861264428083	0.560341932747504	67
-0.044717631482769	0.406228416061856	67
-0.121613957572247	0.384923161638436	67
0.072724200664536	0.42390865993882	67
-0.048541322645149	0.396600483117232	67
-0.107120975586841	0.494495013393828	67
0.078633183922304	1.83731145617985	67
0.108084808528227	0.88940513463162	425
0.07253623084191	0.655040197539772	425
0.070478229813311	0.627997807181425	303
0.113838218157256	0.549801315446983	297
0.0694517637964081	0.43272308821915	297
-0.0143764239694481	0.309223758483486	13
-0.00705063799826999	0.307344716540548	19
-0.05050398059241	0.491987342858401	19
-0.117415373459595	0.597173347709943	176
-0.032395417939207	0.631581096561007	19
0.0802552212155529	1.33085648104128	50
-0.044701444071194	0.908903586683143	1439
0.077255629204898	1.33442312943652	1439
-0.0324943418254779	1.12613253714398	18
-0.0918880489230281	0.786940943083501	67
-0.015589914266504	0.746794615643357	67
-0.0998335123780349	0.781794717627177	67
0.0310284480647131	0.943036999343801	67
0.043464039282473	1.14574589896086	425
-0.107460237133661	0.85188502471619	26
-0.043107716758079	0.613058093414954	297
-0.015238226604775	0.306862144918958	19
0.017370866282459	0.644483974801648	19
0.00421666524066999	2.05046257851577	348
-0.054934720375008	1.67747309450207	20
-0.0431072434201401	1.16325053650021	50
0.029689727266479	1.55066546413586	54
0.10810255860726	1.26541920446147	717
-0.0562259675760271	1.27294351755524	717
-0.086654086743812	0.849879736337383	303
-0.01083486625289	0.923704934240141	297
-0.0486500631882531	0.5144416244185	297
0.089504350977815	0.981229786446535	297
-0.069030102524578	1.01884308826704	13
-0.021031655160672	0.814519933375764	13
0.020265563738018	0.531144579144475	176
-0.111941710582018	0.490025692393463	19
0.066713766514616	0.422156977895027	19
-0.04735052837043	1.14333737348794	18
-0.0513645626363241	0.886905927755617	18
0.0857033217269541	1.04932687615114	67
0.109514884644547	1.28035441567079	67
-0.013136125085598	0.821871358723104	297
0.033972034129915	1.18415990662691	13
0.065826416371248	0.428118271562549	19
-0.011351417939001	0.31015265310362	176
-0.041754196237063	0.623270185391272	19
-0.034318603467286	0.632811018666914	50
0.080850367172172	1.43699922681611	719
-0.064279397822766	0.794646177910674	26
-0.081660269311262	0.596046623681314	13
-0.03833994317484	0.818421567757978	13
-0.039739370899718	0.620687739449444	13
0.0174083755721089	0.523471627463019	19
-0.107618563057935	0.488270448700381	19
0.020686968925305	0.516707710385587	176
-0.046650760160685	0.401536391319869	19
-0.0371248716663301	0.6190324186958	19
-0.069431005586403	0.61656224662838	19
0.07056966326173	0.765677564224638	19
0.023943616122419	0.75235554463175	20
-0.052506846100014	0.730174177766658	50
0.057005944635138	1.06445313489287	50
-0.087903442820127	0.791855628395692	50
0.066898767780449	0.422754970019815	50
-0.094603471319653	0.695669253849863	719
-0.120142003254965	1.23335745352551	18
-0.108097298329893	1.20095804563581	18
-0.01889082083926	0.729229363844373	13
-0.013853756167389	0.309731576171906	26
-0.066107407086297	0.964837108498545	303
-0.10796051293068	0.937522038443924	13
0.067652914453768	0.423745640542221	19
-0.041493254298273	0.616439857781827	19
0.00799257648049001	0.731768976488875	50
0.057782579507624	1.12930979305664	50
0.075835014476367	0.959997773773858	50
0.068243489530662	0.431309634462526	50
-0.052712068570701	0.391090267213195	50
0.060521668323369	0.755749558232638	719
-0.023233617343162	1.12290701273479	719
0.121111002975807	0.556403463912007	13
0.116392037753701	0.548922900455016	13
0.067066822721892	0.650350264808526	1722
0.075812248399668	0.662832654616051	1722
-0.039939299056956	0.62241425212039	303
0.026090537901737	0.954885012627138	26
-0.111363291421653	0.481897613341547	19
0.016090731095101	0.758972853837636	19
-0.045266301264286	0.388246669996075	19
0.119266212594975	0.802444278346595	143
0.0161058108593261	0.931441298212707	20
0.00642564119510503	0.878275768006393	50
-0.078437182898208	0.608060019778303	50
0.071387124745851	0.65497871928787	719
0.063054516320486	1.06175712106891	719
0.062422018653426	0.84107690245978	719
0.00682417653887701	1.33744796860805	719
-0.11039144368359	0.78304785325872	67
0.070143215062512	0.651580651338226	67
0.123731742373439	0.791017564247158	1722
0.101181918748319	0.892549195023227	13
-0.070337399896291	0.612172580221035	13
-0.031079631240413	1.60605272904158	303
0.046328591723897	1.11470504915151	13
-0.105977467499002	0.70601765729783	19
-0.123196785336065	0.384533802531787	19
-0.045055586125462	0.819684601086744	50
0.076184746461912	0.669545947032838	50
0.090673250441628	0.981990943091568	719
0.117785564775073	1.08145924105043	719
-0.115175534567133	1.50718825194105	67
-0.071793382645729	0.62048674121441	67
0.00334665551642799	0.622374131032894	13
-0.043765277911147	0.404872502815869	13
-0.018260401278803	0.305926123097725	1722
-0.080640537741701	1.20753674271666	13
0.108977721104851	1.37898562378618	13
-0.023616382720517	0.724391763845703	13
-0.11583125682073	0.686658003123212	19
-0.054808358657284	0.505011902265595	19
-0.038138285421414	0.632394255465288	19
-0.045240708822487	0.607217911656284	19
-0.048323740293743	0.39950659544984	143
0.12280422761296	0.559240196767948	19
0.078626461681631	1.16140843628276	50
0.00594449444199596	0.622198437356889	719
-0.098513200567841	1.16925345035306	18
-0.10046819834816	1.11213063701448	67
0.004803488771569	1.02240045760425	18
-0.087640314942792	1.19357392998214	67
-0.11102078067612	1.38690318490546	67
0.069958564969867	0.76422457099646	13
-0.025341328645502	0.73425027016455	13
0.066443830783857	0.426856736110067	1722
0.0123658199952	1.19397782014442	13
-0.01082960389892	0.310659749354367	13
0.0538646615880231	0.95713181467952	19
-0.097795986352448	0.497341158888786	19
0.00752092225659296	0.638194203319354	19
0.063682246140628	0.425423410434619	19
-0.090854003483294	1.08839419436066	50
0.067768506407565	1.20391114563242	50
-0.093335678600602	0.498570546239065	54
0.069416938229063	1.39586397143785	719
-0.0835303813988551	1.29004163809557	67
-0.11159453460948	1.42086928040774	67
-0.021852906014725	1.33465973981596	67
-0.107147139323776	1.09556429326745	13
-0.070525078880324	1.09257749870844	303
0.077929637103674	1.34015765793902	13
0.095757983949747	0.988691339558615	13
0.072302762031649	0.656952948893344	13
-0.024252193543435	0.800430369719672	19
-0.078016272386669	0.606341591966224	19
0.118075696289818	0.793279719376177	19
-0.012211256198281	0.300780774275586	19
0.110997067291576	0.546356035325567	19
-0.093254912499877	0.680632900772176	19
-0.050597185971315	0.51191818013514	143
0.026868231559488	1.77175471967251	50
0.013969979618161	0.640679532582191	50
0.119526752707623	0.778027167422494	719
0.052433807297338	0.953111319606378	719
-0.022755877342829	1.53370716816184	719
-0.00848712062517998	1.44021415171341	67
-0.114403475934454	0.695960559451506	13
0.12137761158606	0.794748363101496	13
-0.110707813936106	0.939870689286569	13
-0.0380763274210481	0.90477323355143	13
-0.091835846778573	1.1009762672384	13
0.067429771725375	0.421168261799147	303
-0.021681491727811	0.720990181010249	13
0.064617774534662	0.428081367731721	19
-0.090547799382162	0.701138074893205	19
0.079622044882778	0.648664399366596	19
-0.04138982822656	0.612864574864357	19
0.109716167453272	0.535009862469001	19
-0.11229752817286	0.48144173970274	19
0.016085879417556	0.527887344372366	19
-0.013101985651201	0.309812124917511	54
-0.052252492731201	0.717431796721547	719
-0.050711324076216	1.13928790407405	719
-0.02597481594216	1.60454216640126	18
-0.095529067814535	0.876063249249803	67
-0.117195304827464	0.470696974864892	13
0.01214821333469	1.28276875238895	13
0.112142851088326	0.535462300100808	13
-0.00932865636546598	0.310898698430004	303
-0.072399273114703	0.959616976555138	303
0.011142161201328	1.18945422158059	303
0.0606971517455001	0.95611090938447	19
-0.110948049645916	0.594313729681241	19
-0.036422147026361	0.824259586134577	458
0.118348122097721	0.787493578836408	19
0.0948093264232151	0.997035864730319	19
-0.0982551574223231	0.497254240121424	19
0.071738984997114	0.42963122419925	19
-0.054659786746581	0.385844435774994	143
0.118527585768129	1.54620857461121	50
0.047707212598031	1.12697669359892	73
-0.08421998601571	0.869372370674522	719
-0.124663537973713	1.49228243906713	18
-0.048577270293743	1.61905152385666	67
-0.113162973501258	0.699540028520803	67
0.107884764981178	0.757136741628273	13
-0.062453395282564	0.713654022528485	13
0.014598831072846	1.283033663549	303
0.057253251929329	0.965417696018577	13
0.118750623361641	0.556660935469648	19
-0.079892317068068	0.707907705178046	19
-0.043878238249307	0.818860430708091	19
0.067379762132477	0.772310924822699	19
-0.110278606981824	0.601188700893956	19
-0.052967212980044	0.51438022334865	19
0.108500471659657	0.911392958565571	19
0.100110380369828	0.993103299795929	19
0.016403160603442	0.743401627100749	19
0.054456156620035	1.12846807421054	50
0.11628624501342	0.535452909697978	719
0.048733589606112	1.04110388006445	719
-0.092063408396972	1.25235068471996	18
-0.014265998787666	1.64978606660411	67
0.087432174290413	0.96515056704388	26
-0.061159080439521	0.488466436530352	303
-0.050312232067013	0.388394226345652	303
0.016029388451506	0.74366313757395	13
-0.020083227802036	0.919886561677607	13
0.00947451921577003	0.636383276635918	19
-0.057292653915224	0.498054184267034	19
-0.054602791316909	0.501167838709412	19
-0.114357792772434	0.4808909602668	19
0.114551473024989	0.551179369126289	143
-0.038039712497817	0.629485492310145	19
-0.035683952781343	0.905343341364697	20
-0.058406228518338	0.720955912089359	50
0.12481020564051	1.11177922002011	50
-0.06659680587302	0.971300374331733	50
0.068561391548546	0.65957303655717	50
0.118530590196451	0.549986094211897	54
-0.0999796144106579	0.776407909187355	719
0.018894242175895	1.02321986876637	719
0.024910808327263	0.855209637097202	719
0.018108322500316	1.29663694638177	719
0.00452243398886199	1.35331442936206	719
0.033946180161788	1.61687532985172	18
0.123893585907926	1.3287728989741	67
-0.039377863059017	0.616811715209094	13
0.061986732841308	0.771167717331896	13
-0.120179179253963	1.09154930831745	303
-0.122864058659138	0.777906658813801	13
0.0123985215365749	1.26877201180093	303
-0.0610696748673511	0.882022409085707	13
-0.070586567333968	0.790241668365226	19
-0.015167567178709	0.746970481259243	19
-0.00985000399211899	0.310392705484285	143
-0.095808040586197	0.691425511695387	50
0.0275299087298611	1.03253922626155	719
0.120297535821551	1.0935631414277	719
0.107064229137347	1.69391300075137	719
0.094275678776268	1.09120062393435	719
-0.00907143377664998	1.80800750272881	67
-0.10495831710633	0.492228462666661	13
0.018573391092451	1.83755634430242	222
0.054054292183486	1.64970589838047	303
-0.021469025919617	1.0520376204539	13
-0.042394776299294	0.616105681962207	245
0.021573511258295	0.531404158931469	245
0.099235160073601	0.889503387379921	19
-0.021882776946458	0.729277407857081	19
0.020640580562273	0.936269200731398	19
-0.027565886832963	0.731638644589577	458
0.0630298260630861	0.770489800111245	19
-0.030039156914391	0.625573383591665	19
-0.123924104426372	0.661058173633708	50
0.0645767930950471	0.865067682997357	54
-0.05101801112111	0.396441796442641	719
-0.06240206358017	1.6510798373264	719
0.068620377333286	0.64588556470931	67
0.01990945215145	0.530640314346712	13
0.010507494035914	0.631021474896942	303
-0.040732866890164	1.03646735038807	303
-0.048865027467673	0.98049128671564	13
-0.046196302793159	0.910272461238917	13
-0.124152584096095	0.923123117074563	303
-0.111683107247562	0.776194143343034	19
-0.08256003802722	0.79713972610255	19
-0.074058586571385	0.618726732162642	19
0.097486503540437	1.00205492652201	19
-0.039480195816511	0.621357879205425	19
0.120617425503852	0.79882870883028	143
-0.025259352946541	1.30406606574536	50
-0.053195252497564	0.896823814607772	50
-0.022767156810426	0.815819636515801	50
-0.057426553884238	0.875881023369497	719
0.031764931470333	1.04708496441152	719
0.0601730799786781	1.50148168061512	719
-0.115204875121743	1.5261289416554	67
-0.095310083602864	1.12263798401852	67
0.115144316964465	0.540738680211687	13
-0.051509607977403	0.505035708929107	26
0.0650853431859439	1.29776527209114	303
0.068464704485382	0.884338444744812	458
0.015023800362818	0.512915744184548	19
0.0682834648384571	0.879884219042397	19
0.0673060307699091	0.429998857599968	143
0.122393597680312	1.27530700898476	20
0.072724200664536	0.42390865993882	719
-0.11477893046513	1.41561438820205	67
0.005345833465487	1.02544427268115	13
-0.052383470240535	0.510040189599189	303
-0.00596515228596395	1.10474391126875	303
0.047524658425156	1.12641616128994	303
0.00639687327189797	1.15626632303215	245
0.0629725659029981	0.9630724640848	245
0.016090731095101	0.758972853837636	19
-0.041937239854829	0.613977872754818	19
0.020982194588524	0.532048425820811	19
-0.02234281953358	0.733901112737255	19
0.105563938437979	0.887980072231438	19
-0.103224659819586	0.699297323380331	50
-0.035259377054821	0.619605453068217	50
-0.049555060445752	0.398432556040513	1201
-0.04226821433828	1.08429463808218	73
-0.093548748431212	0.880656228472803	719
-0.076468817296285	1.62318394103632	719
-0.097546102979729	1.53723054054684	67
0.089330548047861	1.6875295307264	67
-0.056078485288779	0.501604931385829	13
-0.068813944233093	1.01777503336497	13
0.067323027894372	1.43233005444709	13
0.0692294513573261	0.432543366808688	19
0.01726316535679	0.749061136511639	19
0.085758535403493	1.07935040829293	458
0.053870005048539	0.857002118583952	19
0.103689976557131	0.901184431769512	19
0.013038095005617	0.516885527120154	19
0.021342912662964	0.532255062793788	19
0.02700305874528	0.532486272342931	19
-0.101252468110351	0.603043499122747	50
-0.120968340317868	1.01113706092998	50
-0.075788076276163	0.795121044601001	50
0.0599635005722849	0.419184263275561	1201
0.072009999053266	0.422073505697779	719
-0.018486424197797	0.302200351206137	719
-0.018260401278803	0.305926123097725	719
-0.07688083876498	0.615742261205951	719
-0.00899835644361502	1.11118015600165	719
-0.081824998995417	0.594161755656223	67
0.062603532370339	0.98147340522891	13
0.018402853749333	0.849658043043156	303
0.00654978625427505	1.26351354252919	303
-0.069733063086399	0.958824159113666	13
0.119121642320191	1.42113877724929	13
-0.043765277911147	0.404872502815869	245
0.023807066196194	0.531752286620686	245
0.028626911420831	1.00154549114497	19
0.020715181360384	0.518329135815938	19
-0.105888705373273	0.494428582965311	19
0.0120697835386691	0.641064184441789	1421
0.061927849574856	0.633917060790109	19
-0.12390250367676	0.376865415636903	50
0.116045230466713	0.78179950649753	50
-0.019009279184765	0.304583351463383	1201
0.014995240005229	0.751987568246665	719
-0.027401594732294	1.27333271106128	719
0.068842867533638	1.06195751752131	719
-0.025152354241918	1.84798062894904	67
-0.10676300916838	0.928693674021763	67
-0.05259736508358	0.510932340975702	13
-0.063517913355887	0.482720112941351	222
-0.025769243170747	1.54029343969007	222
-0.00841497111922196	1.43407823161774	303
-0.043963149079263	1.29460760003147	303
-0.021373972034759	0.730509894885408	19
0.00595376650828605	0.635779093095981	19
0.00437410922525705	0.623483048917176	19
0.017371125044381	0.522287382578247	19
-0.034856756471488	0.633251560551747	19
-0.109943342607164	0.601169736118241	19
-0.026578531739637	0.726052231028214	19
0.073546883532125	0.659005852127073	1421
0.06873655272146	0.433267716079536	19
-0.0684852028402551	0.893183787014736	50
0.087955570946787	1.17923042734455	50
-0.105339826543023	1.17819197485421	50
0.029222474974438	1.03885348208717	20
-0.014716467719365	0.304450272448662	1201
-0.016716857972407	1.50886710602642	719
0.014025288830905	2.22883378178534	719
-0.013188837616383	1.67079014021183	13
-0.097943292150024	0.498259225183177	13
0.025798871920056	1.18428867187083	303
-0.086765240836896	1.12388871774853	303
0.065111730445852	0.428643533555	19
0.00766225149368705	0.710643058230505	19
-0.076260237747982	0.610599450093004	19
0.064295421899139	0.426449645832079	19
0.011295947704096	0.631906157654734	19
0.061012575429745	0.965736639535921	19
-0.058443038972598	0.709335783318079	19
0.015184197660477	0.751068505185487	19
-0.123314907824726	0.383048807319861	19
0.109779918495387	0.898316708740449	1421
0.034061656589746	0.953581715550642	20
-0.117335508322377	0.681113040351089	20
0.078576506196934	0.775434399753992	20
0.01861275931585	0.522928786167854	1201
0.067886197975354	0.419176279032098	719
0.0491809739562	1.83429239544244	719
-0.043016722836504	1.04725492964646	719
-0.072974741022131	1.5611259767368	18
0.013745949631617	1.60608763793774	719
-0.010199270615302	0.301488389130814	13
0.102687862873445	1.44035109658529	13
-0.019969878540318	1.2554652951199	303
-0.062136107414678	0.713012209828433	19
-0.016800857296482	0.874737019298219	19
0.019778745270232	0.532959424226122	19
-0.015129237918258	0.307858064641708	1201
0.033526710112454	1.05107898024808	719
0.080865766692111	1.77881149472119	719
-0.00773858186378096	1.4884355145407	719
-0.105990067668827	1.62305789316638	719
-0.053709899173684	1.50840234848927	67
-0.062167698555835	1.59779066836579	67
-0.025000591689048	1.70939946756364	67
-0.048489686938713	0.514738723479929	303
-0.03131676623241	1.39696265453361	303
0.027356230423604	1.02655608024155	303
0.0697221855447751	0.427366790874333	19
-0.0401557117307459	0.627381460543053	458
-0.052858856287101	0.510918952564484	19
-0.071141759359008	0.799025222627665	19
-0.113467253715696	0.594163787701799	19
-0.00682197718210797	0.307010175023862	19
-0.021276782015858	0.73373368090846	1421
-0.0560055061631311	0.726629483343386	1421
0.0189343092630641	2.44898996410653	67
-0.10129480485613	1.68716529909072	67
-0.087379009631653	1.63835950082788	67
-0.087245855592912	0.594433815743143	13
0.085615337503014	1.35310754386152	332
-0.115141837075809	0.860151825145874	332
0.06873655272146	0.433267716079536	13
0.113545661375308	1.54587994011235	303
-0.038297135041875	0.879802017673617	303
0.0193742609243081	1.19654818156522	303
-0.05055561711448	0.393821164534571	19
-0.033695972512876	0.914326259676839	19
-0.016989960476402	0.303603077135928	19
0.018899188383117	0.756948160850191	19
-0.038695290227764	0.621695009578504	19
-0.089947259027211	0.700662664928224	19
-0.109666966950997	0.486825653670922	19
0.063759052183748	0.410344922287777	19
0.113318959415632	0.554643411181974	19
0.05777692573946	0.409997154954204	1201
-0.048602988687304	0.403054845012578	719
-0.068534883443357	1.02213064373389	719
0.093776941151463	2.00819323618013	719
0.0803461784815021	1.56304124691112	67
-0.0636436075902001	0.884364944933956	13
0.0692294513573261	0.432543366808688	303
0.022861899409047	0.533163128234016	303
-0.00574731933699701	1.18035383185009	303
0.016342606091206	0.530526997763678	19
-0.037252800006027	0.630430043006656	245
-0.019250906809856	0.732348466148924	19
0.115042339877065	0.55196500385066	19
0.055723852109561	0.855160836342486	1421
0.02008338984991	0.63629455077418	1421
0.118442634755801	1.58242247568901	20
0.090301121473345	1.0763263261912	20
-0.00653010300550405	0.304008933048588	1201
-0.012113025487117	0.916995414552021	719
-0.00705063799826999	0.307344716540548	13
-0.052482562569535	0.391850971024333	332
0.083620372383497	1.26829861808499	303
-0.083090062302757	0.874563838523349	13
-0.121938749812528	0.678324751272964	19
-0.096029610009073	0.689211866964547	19
0.016829705288593	0.528720094880775	19
0.011504810659321	0.510224301297888	19
0.010132445378269	0.63825574819205	19
-0.0423041051794451	0.404041633823828	719
-0.095832561946848	1.44520383240547	67
-0.0666494495239181	1.38755142060178	67
-0.055089346884189	0.510083274147963	13
-0.070341275258434	1.21518215781803	332
0.010385509505996	0.638233632271468	26
-0.029620080000047	1.48864627119494	13
0.122497896374485	0.781273611700327	19
-0.0382365947628061	0.626460776932613	1421
0.020675857154266	0.758761041238607	523
-0.064814477235974	0.802928073046059	719
-0.123812953738989	1.17144318912853	719
-0.089418994758805	1.42690755656691	67
-0.044952740150558	0.510897461913703	332
0.063802046200613	0.424547853941428	332
0.00463804548555002	0.622358279283628	303
0.075635486429615	1.5132097233931	303
-0.064764076147826	1.06793768501693	13
0.027703114878692	0.95744400806145	19
-0.054921228539229	0.944629480694721	19
0.062030379426343	0.772716246733032	19
-0.075078282862469	0.796714648947333	19
0.034863914461633	1.2961544605296	523
-0.0704736666071411	1.29168273849166	523
0.021157144774681	0.854925129615662	523
0.012790274125654	0.517652667707515	73
-0.081908664990453	0.612572547205689	719
-0.083291530550084	0.703910190623661	73
0.00651875720058204	1.02084853206019	719
-0.06058040589342	1.89549222527554	719
-0.124470556535233	0.81592759546281	719
-0.105290281195618	1.59625817655627	67
-0.108911720352326	0.607849632903013	13
-0.109424946116758	0.608771585506362	13
0.104473907930409	0.901031174840621	332
0.023347971768519	0.532945084236679	26
0.039154790278453	1.48135984673866	303
-0.068039254595463	1.05423935980333	13
-0.060012879464117	0.718436691411931	19
-0.027648340032843	0.995543937821047	19
-0.0882244859714571	0.793240833298508	19
0.073241155362989	0.661085481756613	19
0.115042339877065	0.55196500385066	19
-0.045438960737471	0.404877654903689	19
0.011128935292506	0.728730000972094	1421
0.006637026897235	0.625954746958154	523
-0.115144136505766	0.692614011552526	523
0.018095573485544	0.514781992376816	73
-0.01082960389892	0.310659749354367	719
0.066097499822884	0.422533652613509	719
-0.042539738764742	0.620651192345995	719
0.061078225137113	1.07066611411965	719
-0.066128636222776	1.53183733693506	67
-0.043149524384905	1.32178477979331	67
-0.01370759110924	1.23600801280141	67
0.113778834175742	1.28807849708946	13
-0.0508616202243331	0.96062433186606	332
-0.0597875769769139	0.500266063257978	303
-0.021261641887607	1.06399679005389	13
-0.111878089182448	0.861001339717474	13
0.123729702859576	0.793022873367585	245
0.00640942496285801	0.631930236329812	19
0.059896102150136	0.766427669009113	19
0.065583959728577	0.771534253137542	19
0.071666219125298	0.663360832787743	19
-0.094003086112565	1.14487083348213	719
-0.0530531411092841	1.28422358351595	67
-0.023075764710068	1.34722024566626	67
0.076007366485616	1.24338442305848	332
-0.121161639639784	0.766432710189721	332
-0.103036292946107	0.49744595032672	303
-0.00947630822151002	0.833505334161788	13
0.082877869827424	1.24515164837622	19
0.055707267969656	0.968528197174178	19
-0.057077679157011	0.498912845133458	19
-0.08762127184125	0.698851591658238	19
-0.050229937040002	0.394314569545288	19
0.11913555093471	0.54731225889898	523
-0.116565262169856	0.760270007574046	719
-0.113986404132525	0.592800265450187	719
-0.118723706470084	1.07989248623352	719
0.017083574364142	1.19519733018816	719
0.032026541773982	1.19312690421553	719
-0.085854702187601	1.20218642574099	67
-0.109626141463271	1.03002124564689	67
0.066666750215985	0.422555455092988	332
-0.012873233777438	0.308131929989485	26
0.070126519902649	0.769853875632663	26
-0.111253061529828	0.604720305390188	303
0.124579666130595	1.0870693700713	13
0.000923406734058996	1.09928751665075	13
-0.075482074817054	0.612057053661427	245
-0.033215148408507	0.710817810565938	1421
-0.053334393440966	0.510137754376321	1421
0.021112298174638	0.529549316940111	1421
0.104208241860082	1.54790447298406	523
-0.04707070111636	1.32545109355885	719
-0.076612818107891	1.35264949067643	67
-0.00985000399211899	0.310392705484285	245
-0.091373428801853	0.695641708905457	19
-0.0522326900407351	0.396312941536484	316
0.00463804548555002	0.622358279283628	19
0.059669506156277	0.864712566634669	19
-0.048833176958386	0.401142697673106	523
0.0940131176428201	1.34934786657985	719
-0.0461584821562751	1.76480559891084	719
-0.105290452753879	1.25350084961307	18
-0.105182447526253	1.50653936256091	67
-0.067520021808388	1.44876384764614	67
-0.081588457618243	0.714541070459066	67
0.02125276656033	0.512210374210701	26
-0.056516443598073	0.510933787080831	303
0.062505174006145	1.55957960963116	303
0.102363094033417	1.78158697121093	303
-0.044679601780064	1.24695595199264	303
0.062192905524828	0.981143740712059	245
-0.119008261893651	0.585786911281916	19
-0.046993499453844	0.81038144050025	19
-0.092949880957072	0.499342627195315	19
0.114773784885612	0.547853694621369	316
-0.015549883051146	0.959239935491379	523
0.096912772639421	1.07379867593119	719
0.062560808365607	0.633215070272421	67
-0.025547114074457	1.00270321233901	332
-0.00391951351888298	0.995277870234467	26
-0.00893756865012796	1.77716451885401	303
0.081158737417967	1.32757053284298	13
0.00493548845335001	0.631687842134573	13
0.061470255105212	0.877003149759018	316
-0.111013443964468	0.49228515755034	19
0.110817098480162	0.770124366383719	19
-0.091261150930163	0.700331644987144	19
-0.050527624131015	1.28892598340283	719
-0.124791312624936	1.24664545313573	67
0.013575108674787	1.9399347268949	18
0.029529489028282	1.87257033306673	67
-0.114372842478124	0.58270857304311	67
0.063207455669508	0.980596464962599	67
-0.042533878512635	0.402293483937571	67
0.05788723733456	1.30171497286844	332
0.017778316595526	0.532181787537088	19
-0.116213713979125	0.691722314874194	19
0.055623699894284	0.954814232030775	19
-0.010600298850402	0.311050852910577	19
0.023701801648579	0.750773670084501	523
-0.00757135999329495	0.306852567040636	719
-0.044717631482769	0.406228416061856	719
-0.104408952723443	0.755940920983843	719
-0.075928197253338	1.57249858851163	719
-0.00775498695418697	1.49930353083583	67
0.11323441100547	1.73135854970258	67
-0.050099079507276	1.38295132746557	67
0.0731562823491551	0.652341979248945	332
-0.101275577490921	0.876587598792307	303
0.00667077756523904	0.626254704394637	303
-0.0515942367414221	0.505237593670257	13
-0.118102609763241	0.687899423379625	19
-0.054590150804634	0.506359366444858	19
-0.0427842361806789	0.404190879097033	19
-0.082346812079762	0.68638592536222	19
0.108073751234947	0.910144467947082	523
-0.048111194081624	0.402485411990122	523
0.015051537890697	0.522733228605476	523
-0.00606729535235995	0.922602646450224	719
-0.119838634347861	0.679952545365086	719
0.093541605877268	2.11804039800549	67
-0.039256227568122	0.822871841635054	67
0.072190533752881	1.32920540178037	67
-0.00630148959092802	0.307501913163364	67
-0.09343715541246	0.845748962063921	332
0.115236866850787	0.55693933281881	332
-0.058063870238088	1.05985803501058	332
0.0781010478368081	1.14548251098974	303
0.071290017526884	0.6561312726268	13
-0.060317141887443	0.893503070810607	19
-0.04886324305114	0.510252239192455	19
0.114385587990154	0.902317241455551	316
0.013845096387166	0.522309918415563	316
-0.047653778608595	0.391593538111809	19
-0.010078717883282	0.311559877079658	19
-0.10495831710633	0.492228462666661	19
-0.05281128065731	0.503859628452737	19
-0.0254037316872709	0.737058782687888	523
-0.109517721299343	0.602069788846028	523
0.035899767518269	0.953090500329658	719
0.122364108664161	0.903383881782961	719
-0.120923764489472	1.57513519744957	719
0.00903598425222796	0.623931424778293	67
0.023453810749121	0.760233024138999	67
0.04912683813735	0.93238741537356	13
-0.010371539185857	0.306127575405917	332
0.026544206386758	1.30925421435145	332
0.023347971768519	0.532945084236679	303
0.122644287303456	1.19852564034822	19
-0.12142927394935	0.756363774262268	19
-0.040319049716348	0.997911303198157	19
0.01438865968306	0.910251102316344	19
0.017663450838871	0.520127639654355	19
0.110833600243803	1.1714569582438	523
0.027017934324743	1.11726846279993	523
-0.123046514477722	0.379930764074422	523
-0.012579738056133	0.306348459330134	523
-0.119939338209943	1.38435330134209	18
-0.051990449003963	1.38410513308887	18
-0.116458199106177	1.23040627199903	67
-0.042465254129102	1.22946979406353	18
0.045941643766764	1.22056960283267	303
-0.036988692314226	0.400542253692017	303
0.019172346553254	0.82494362004145	13
0.09748228245733	0.994394996909716	19
-0.00231467471358204	0.934709629791023	19
-0.00382547589546101	0.935799157873577	19
0.102037013199466	0.889329719254434	19
-0.083521115225091	0.701273312109535	19
-0.044227206695181	0.404926512088884	19
-0.0505413040224501	0.871834781811359	523
0.087416926273968	1.32436119654481	523
0.071246130572965	0.427724577458125	719
-0.109208858374653	0.845186738472512	719
-0.100521177270002	1.2684872556707	719
-0.062499723303127	1.46379332698065	719
-0.099978126727199	1.47484854676284	18
-0.106370050268617	0.499901645519741	332
0.064741014645642	0.41998748676417	332
0.0383034427240651	1.21353454493702	13
0.023834983725987	0.527144072619912	13
-0.00439689252164699	1.50360475598499	303
-0.0728854905144251	0.891423625328954	13
-0.045920754510557	0.609279516841188	13
-0.113418465295662	0.482799804935096	245
0.086140115135448	1.03250645742007	19
-0.107272905304264	0.494261741253521	19
0.030095868692813	1.20414789388832	523
0.073991124305596	1.50550041936835	719
0.0303099893794661	1.77527420024876	18
-0.00191844167796096	0.848696844685835	67
-0.056303321061979	0.510520603493228	67
0.102361478510824	1.69521656447394	13
-0.106234216882088	0.49260388568503	303
-0.109833169497328	1.32229383754896	303
-0.098604927805215	1.12194775122368	13
-0.047619561345891	0.398140935290316	13
-0.079972653288672	0.883765238652312	19
-0.073882909905774	0.798706374657764	19
0.119524068832788	1.45088686419511	19
0.0194076155314989	0.850037345268287	19
0.065281679165878	0.420748017055516	19
-0.011851714263535	0.915306810626144	19
-0.00802722723038496	0.92041416252474	19
-0.10833050573041	0.78905023089855	19
-0.00724747505935897	0.919414040903288	19
0.00745904381760698	0.626562691197626	19
0.065332514760505	0.427558040043245	19
-0.0941891884937131	0.792981143127503	19
-0.019009279184765	0.304583351463383	19
-0.11385321450531	0.940700496191481	523
-0.034719227956559	2.09920952390767	523
0.0000722635752159473	0.939824613005458	523
-0.0379374211776991	0.393862497148656	523
-0.105895399402573	0.495690460606141	719
-0.081951586065301	0.877435439981617	719
-0.109817831623311	1.07837983839379	719
-0.111386670486424	0.835404483030078	719
-0.101588705570431	1.40528233075073	18
-0.091388548557273	1.20046627203734	18
-0.036567931338252	0.389029870756193	67
0.10764763618563	1.86555282567414	303
-0.086423148558996	1.24553059833228	13
-0.111373728132361	0.595977425537254	245
0.070038695733592	0.419923646364791	19
-0.036262680491023	0.907951137709038	19
0.118795015591208	0.559805837917357	19
-0.016370189442676	1.07834107921399	719
0.023066224055534	1.78555717401279	18
-0.102338665925607	1.18839543513286	67
-0.086759537401645	0.797129882518592	67
0.073012627509242	0.41450823621327	67
0.113499793969522	0.540865250604801	13
0.010321467895551	1.27680702507541	303
-0.123786647934362	0.387741173875374	245
-0.008193618058983	0.915740692291425	19
0.114770215596159	0.774502951185697	19
-0.011779430848865	0.907240382791054	19
-0.078143722131891	0.614811758286792	19
0.121049079867752	0.554024501122338	19
-0.049368447235425	1.18911593758813	719
0.102409881042349	1.45260778244162	719
0.077303604109686	1.23392875800456	18
0.006279198198614	0.937919625207609	67
0.091975861424944	1.24675849982077	18
0.109809527403331	1.27729893518113	67
0.022654299907941	1.2969645569027	67
-0.0927716491566219	0.883515990626824	332
-0.10798507232865	1.12375694229853	13
-0.03666718733282	0.627813708276952	303
0.014546097001819	0.639518389097355	19
0.01410087006306	0.520583292925203	19
0.073710130702995	0.659787831854345	19
0.0729458883547121	0.429109969063495	19
-0.075255127771886	0.878430254455649	19
-0.116954536452874	1.0862345076351	719
0.022428394203527	0.93801007072883	719
-0.094720388713009	1.85341592413714	719
0.085098895284448	1.9037027614238	719
-0.0669127977106579	1.53057918779531	719
-0.041847054719229	1.38975125169104	719
-0.049934677692589	1.23865504540438	67
0.109624106531952	1.33359517951443	67
-0.041512671418532	0.625151524676126	13
0.067876823243419	1.31069794733309	13
-0.0521000380827	1.07117056200592	13
-0.039923765846254	0.620447655272028	19
0.019058854131079	0.648989568088347	19
-0.037785812191563	0.622971731357582	19
0.090862228221286	1.07692092559264	19
0.0585341082809741	0.74789921913419	19
-0.020014883537947	0.994767397684266	19
-0.012873233777438	0.308131929989485	317
-0.105714337508154	0.942710684366962	719
0.0388064709295251	1.32001469600269	719
-0.047595774443268	0.605627063234162	719
-0.022701802508629	1.50322388273104	719
-0.093729451342932	1.27461992265168	719
0.099962881759185	1.42263081264916	718
0.053166763891509	1.0520341123542	67
0.11357037040969	0.904420603124106	332
0.115434921750282	0.772877487909129	13
-0.03309153637256	1.57174219883604	13
0.0898844838267721	0.966040054163868	303
-0.0399622912452819	0.805673915743211	19
-0.00164950417035004	0.608918240605278	19
0.060069409623031	0.879743919054489	19
0.019562286566238	0.518989463546585	19
-0.037005920863043	0.628707881432571	19
-0.01846072888754	1.35070532408266	719
-0.047990822763013	0.911283267803715	718
-0.112289146371963	0.781811329925435	67
-0.111338980241682	1.12603617363421	67
0.0264840084592221	1.11627859254422	13
0.051651222712467	1.30737639292914	303
0.056414449056562	0.86043922100626	19
-0.110525414695403	0.606239107816878	19
0.098616968176363	1.00509949028063	19
-0.121099587256433	0.678147242020043	19
-0.028168937201952	0.911161894363734	719
0.057698647670102	0.861050552738582	227
-0.084823166040834	0.713637417059582	719
-0.054563358993842	0.51319671703933	67
0.116458776084522	0.795359222612076	13
-0.051921538261714	1.23485566295758	303
0.074569367394589	0.661613387820654	303
-0.105738551975938	0.607562035264699	303
-0.056078485288779	0.501604931385829	37
0.075027290736871	0.63519255462369	718
-0.111168637943586	0.489918106947283	718
0.01727302478139	0.514984401107679	18
0.06478863285198	0.425754652919662	18
0.11432908105604	0.55058410860476	18
-0.04783342002685	0.398256762237576	67
0.119468596265751	0.554151734991589	67
0.031268462630844	1.20179180158777	332
0.109074432053512	0.770011800440073	303
0.121499578238363	1.07073855291833	303
-0.010600298850402	0.311050852910577	303
-0.052148174740858	0.503828492652138	303
-0.013101985651201	0.309812124917511	19
0.066443830783857	0.426856736110067	19
-0.013331276710529	0.306264000235697	599
0.045806506745345	1.19695181031344	37
0.010630984702242	0.734910461262825	19
0.00306213262911303	0.613520257823757	719
-0.044227206695181	0.404926512088884	227
0.016228546994973	0.647186688300424	227
0.119715223484686	0.803561569441184	227
0.022861899409047	0.533163128234016	18
0.065605521208875	0.424348658902844	18
-0.014005802483376	0.740213555896543	18
0.065605521208875	0.424348658902844	67
-0.0612283814735211	0.70834333959089	18
-0.045266301264286	0.388246669996075	67
-0.045213134931948	0.401032369451346	67
-0.0575076069085581	0.721274817152215	67
0.068514259763356	0.431702930604033	13
0.121602046379939	0.559957524290477	67
-0.063297646515716	1.22899434785792	332
0.052052353277403	1.11419996780399	303
-0.116690698301226	0.582701644066141	303
0.115042339877065	0.55196500385066	303
-0.110746903378513	0.484533021669375	303
-0.033711069492197	0.911189673533292	303
-0.0143764239694481	0.309223758483486	13
-0.099446837525812	0.866549821095934	13
0.070832093617448	0.647777605213086	13
0.068021307986142	0.432423938787649	599
0.033619643332354	1.11926271041814	37
0.0195385707532389	0.640245469547878	19
-0.013101985651201	0.309812124917511	19
0.032423387216984	1.12747068182997	19
-0.029470739644296	1.42356184033124	719
-0.042096176823485	0.616332551264579	227
0.060679236985686	0.769641704805944	18
0.019448563674753	0.513977020713192	718
-0.077526703229464	0.598873402807968	718
0.024063547451823	0.533833685760585	18
-0.019009279184765	0.304583351463383	18
0.0645655993189051	0.418101810928924	67
-0.043332109619272	0.619690857648381	67
0.116834851949947	0.555604749418703	67
-0.025157204046662	1.00413376822935	13
0.064397006635955	0.427808264357983	303
0.114773784885612	0.547853694621369	303
-0.04910647977671	0.515668111049776	13
-0.040713162487896	0.998755883848825	13
-0.013101985651201	0.309812124917511	599
-0.00910053687412904	0.307290833973771	37
-0.114008723563954	1.03392665984992	19
-0.122516292643877	0.998408468826402	19
-0.111454724559854	0.949502107728641	227
0.055165925404292	0.754239475519688	227
0.117693161127939	0.790443269349725	227
-0.041925502752126	1.04412444844527	18
-0.107428969362606	0.950282872201946	18
0.073241155362989	0.661085481756613	718
-0.107995883478239	0.497976159070371	718
-0.114729113242635	0.601059907561969	18
0.070420948839936	0.664879838132358	18
0.012950692827435	0.646862395108674	18
0.068243489530662	0.431309634462526	18
0.118144079933925	0.799838185394741	67
-0.051146084814319	0.509006116359029	67
-0.01033212115212	0.916471866667413	67
-0.122868374283823	1.35187947978424	13
-0.031994964252578	1.4871297417842	303
0.06478863285198	0.425754652919662	13
-0.059950580180512	0.494230764848008	19
0.051472729230461	1.13184847238265	227
-0.041754196237063	0.623270185391272	227
-0.024962763555101	0.920101977610367	227
-0.119791007200962	1.07282049034538	18
0.104353443443284	1.86437123872644	18
-0.056303321061979	0.510520603493228	18
0.05850979945799	1.0656805060077	18
-0.046795266032312	0.610549232610274	18
0.057144862981	0.755526030561802	67
-0.074577104047576	0.622494157268672	67
0.013984092280688	0.640094703778018	67
-0.00910363166948003	0.991534008931426	67
0.091463643997842	0.988123922236456	67
-0.055866726811395	0.902748060088949	303
-0.050858231524492	0.509840623949636	19
0.06873655272146	0.433267716079536	19
0.06873655272146	0.433267716079536	19
0.0238304525933269	0.851126896732573	19
-0.11700828441828	0.681157645307975	719
-0.053612674450001	0.510604002609411	18
0.00289141748226895	0.62150539647206	718
-0.052093293945813	0.907569293682966	18
0.077912934567373	0.658614818402073	18
-0.052491869437538	0.516136785481354	67
0.051335791197048	0.952034074594525	67
0.105609901635612	2.13357309956693	13
-0.059311194345003	0.497999085994422	303
0.102462747006739	0.886779759333478	303
0.0694517637964081	0.43272308821915	303
0.114551473024989	0.551179369126289	19
0.010035824200805	0.631510283740409	37
0.0983123087946201	0.877331936367463	19
-0.091332083716565	1.5951725367443	227
-0.057342721365403	1.69243177719262	227
-0.108936521944237	1.83290546824575	719
-0.123458577219774	2.04647922114929	719
-0.088027153260605	1.68235512897496	227
-0.010184355984745	1.6820726070729	227
0.076397750065592	1.33610565125867	227
-0.00184471581156698	1.02001393615417	227
-0.116448962993773	0.85758728155287	227
0.083844137471108	1.14837462019473	718
0.06060153326242	0.879165199127521	18
-0.122148708823994	0.765516342706091	67
-0.045565869394488	0.614180316098711	67
-0.083410781778587	0.698334819414576	67
0.115059608566839	1.78677285460417	67
-0.099449172291444	0.764520593260331	13
-0.00632066556269595	1.10717467187187	303
-0.085967589825123	0.700350456927724	303
0.052645178519521	1.11639406100711	303
-0.043223127243457	0.821167813861473	13
-0.118532755180441	0.937561981302415	13
0.0170516650754839	0.844252629072018	19
0.021342912662964	0.532255062793788	19
0.0466657187259	1.15230014117758	19
0.065826416371248	0.428118271562549	19
0.0890315959020001	1.49845830978715	227
-0.0215402631642	1.08080296760903	227
-0.057417872878174	0.899027188483506	718
-0.032696629482881	0.832617370016593	18
0.052038520242935	1.45656171673144	303
-0.013691900811694	0.740134908982389	13
-0.106420664735408	1.03805203094576	13
-0.056340057321063	0.501149427945812	19
-0.081773254899151	0.591076881656477	19
-0.046246439493344	0.607604790739054	19
0.024348107609603	0.846449631042967	19
0.061654996971487	0.763090225985043	19
0.018357876340918	0.750309256084044	19
-0.041512671418532	0.625151524676126	19
-0.123432002069679	0.385484362764816	19
-0.08030024120987	1.80174427479956	227
-0.033387056162915	2.08368333548497	227
-0.011350525334141	1.65173369496692	719
-0.099024554861332	1.44338525029623	227
0.019768229590527	1.63056420624953	227
-0.066706272014028	1.05967181324573	227
0.015225832569004	1.43837937514622	227
-0.088630967539808	0.874393839551872	18
0.08209655098306	1.06774431197343	18
0.104473907930409	0.901031174840621	67
-0.020850952196437	0.996772469404844	67
0.094503301791669	1.79500528694121	18
-0.030499963052435	0.886098568530109	67
0.015228519847446	0.63946112691175	67
-0.080007170040161	1.35563791933656	67
0.039184673513836	1.39232466958023	67
-0.106994924028761	0.500186854540264	303
0.0658348418529851	0.782387281454066	13
-0.03587062605605	0.623291019910173	19
-0.0742963570056731	0.611065348990768	19
0.023091353761424	0.532256409343095	19
-0.005985283407141	0.905495103177884	19
-0.035275276972821	0.612684936039228	19
-0.024367554994432	2.15156495940276	227
-0.108627143872375	0.945447698706447	719
-0.076951246340366	1.205375376857	719
0.060033449409169	1.07090932982615	227
0.000088750068478971	1.1621503143954	227
-0.079207167835584	0.607114885334416	718
-0.053542630286978	0.791416963774275	18
-0.124811807493304	0.675093091391209	718
-0.030590859840665	0.633986856143851	18
0.05422733980747	1.04338697756036	67
-0.102943717502247	0.861737377148273	67
-0.1048682901853	0.846175756517132	13
-0.056563866930933	0.722276102829757	303
-0.0472762999597181	0.813700679772306	13
-0.099563111437178	0.5009390271481	19
-0.017758298916824	0.827984184851274	19
0.10496630392972	0.899588333669489	19
0.036912681474249	1.2255785390323	719
-0.046687283168166	0.731719938486041	18
0.116114907325088	0.7798267017961	67
-0.111359937760655	1.2817458229294	13
-0.082547169730686	1.41461218718326	13
-0.1143641503922	1.25642705143419	13
-0.053334393440966	0.510137754376321	13
-0.052491869437538	0.516136785481354	13
-0.107272905304264	0.494261741253521	13
0.075448066390312	0.42345551901756	13
-0.060645748989943	0.49723649222225	13
-0.012873233777438	0.308131929989485	13
-0.012920308580569	0.832666413483495	19
-0.109435905432895	0.694207782123684	19
0.029029103523276	1.04091691949236	19
-0.053873964588684	1.72682772994423	227
0.10553901602704	1.00554769411862	18
0.092412243408236	0.97927039304701	18
0.07697996333088	1.0391502637969	718
0.10135911357506	0.88721078579047	67
-0.026385590585728	0.733836681723485	67
-0.076767996030762	1.84235812990047	67
-0.117006508303208	1.12458665434622	67
0.0603076129065691	1.15349577461551	67
0.015757791899712	0.75569894828149	303
-0.115801394031404	0.594526051849983	13
-0.103957472992604	0.498742424698705	13
-0.107767721175506	0.496846592783537	13
0.014723673155954	1.0232525373385	227
-0.038439690829999	0.82184544655662	18
-0.068302227030604	0.867924795629107	718
0.020868614916582	0.646334192986958	718
0.0618889404576169	0.418990484073661	67
-0.00382547589546101	0.935799157873577	67
-0.00514388048149805	0.842350251294837	13
-0.029735897907558	0.914651783294246	13
-0.058768603281155	0.50016557730885	13
-0.029088187293009	0.718532898410649	13
0.00662292610438897	0.641810385895186	13
0.110923405147369	0.542194619869922	13
-0.043505770559801	0.405126258360448	13
-0.060215099549641	0.490651260698943	37
-0.088638168346539	0.693915716980072	19
-0.084243601949448	0.603389510944116	19
-0.043028851377492	1.66650094887919	227
-0.0754763912809751	1.86308582274978	227
0.00384127013050894	1.5069287421311	18
-0.108394667222535	0.494979751835719	718
0.030258290657438	0.529034442288247	718
-0.021188265743898	0.732734384694267	67
-0.0255506644162971	0.721500821802851	67
-0.027319541695803	0.623224906052477	67
-0.109338565050128	0.592398275176366	67
-0.0849040481381021	0.845745765071401	67
-0.108420521530876	0.599920446547095	13
-0.0489755992051309	1.23996213598236	19
0.060948893363969	0.978622894718686	719
0.015568390639056	1.01041449505127	227
0.0167708887473	1.1823204769177	227
0.03337775635862	1.22026770313084	227
-0.069723111654546	0.978806625267992	227
-0.052858856287101	0.510918952564484	718
-0.104450288576686	0.494057606139351	67
-0.058344009744045	0.724043230249044	67
0.11714907147507	0.557957559956189	67
-0.013624421432918	0.309304985206354	67
0.11432908105604	0.55058410860476	67
-0.0998539532900929	0.951930458206266	67
0.114901330964662	0.902397209207654	67
0.00914112142789403	0.637323427397809	67
0.013648884521392	0.642988869554818	13
0.024747005940129	0.860598214634882	13
0.070038695733592	0.419923646364791	13
-0.069616817779646	0.860598790495034	227
0.12362072147407	1.37371841763792	227
-0.11070688324006	0.489101616296272	18
-0.05309004465731	0.509061166186363	18
0.0192645629513371	0.745256680239145	718
0.0692294513573261	0.432543366808688	67
0.117106994105284	0.544508440646539	67
0.057165379343385	0.755996576224877	67
-0.013101985651201	0.309812124917511	303
-0.047650711559471	0.400635332981182	289
-0.01640052803324	0.817451650135143	19
-0.077782954692074	0.618251743838802	718
0.072009999053266	0.422073505697779	718
0.014332521718466	0.523064299776682	67
-0.07942255790331	1.05185715148992	13
-0.019009279184765	0.304583351463383	160
-0.010199270615302	0.301488389130814	160
-0.00985000399211899	0.310392705484285	13
-0.012211256198281	0.300780774275586	13
-0.00602043241848904	0.827248273280279	19
-0.108939545943847	0.70185654835321	19
0.0504405617438341	1.37957602565418	227
0.063817392180741	1.80344381377458	227
-0.056327275120004	0.900240430353056	227
0.116246397124971	0.550154266415212	227
-0.014836786385177	0.30123433162309	227
-0.048833176958386	0.401142697673106	227
0.115755687741956	0.552103161975383	18
-0.013101985651201	0.309812124917511	67
-0.052383470240535	0.510040189599189	67
-0.043765277911147	0.404872502815869	67
0.079608331992019	0.660229418850029	67
-0.045453003571957	0.395274749937729	67
-0.100817377006907	1.19062688605558	67
-0.075272428349512	1.62394633945105	67
-0.111105128974059	0.606913111494214	13
-0.122947411046464	0.376958495994399	13
-0.115792559907566	0.38176515798799	289
-0.045953586936464	0.395483799208556	289
0.068021307986142	0.432423938787649	289
-0.048865002970912	0.396234195642696	289
-0.092856112239084	1.55399952786926	13
-0.015652326111167	0.3036297971358	13
-0.013101985651201	0.309812124917511	13
0.108322218065649	0.897975214346548	19
0.017355414950277	0.733583112463702	19
0.074072670430014	1.91342802138446	19
-0.073072336149405	0.802600617688689	19
0.024365326470341	2.13208750728863	227
0.021463374732296	1.37852448095331	227
-0.116097462029803	1.64287633478719	227
-0.052861898636548	1.21804047468836	227
0.0502859615564351	1.68128439969087	227
-0.040863085750617	0.404478833335043	227
-0.09334161941884	1.26576849193707	227
-0.014083627307242	0.304931736151417	227
-0.050046841077706	0.398984122191592	18
0.122251880016089	0.552373827652501	18
-0.010600298850402	0.311050852910577	718
0.072488006147877	0.782609161124577	67
0.016796580485667	0.82985038656854	67
-0.01082960389892	0.310659749354367	13
-0.097568700126258	0.49635761840724	13
-0.037651255926228	1.3957809801556	13
0.115147909986118	0.900804811445022	13
0.090752579697393	1.07051760550159	13
0.0726747291713	0.426393944260399	289
-0.011240296682801	0.300799876868144	289
0.103401682912516	1.43412496001709	13
-0.013624421432918	0.309304985206354	848
-0.0143764239694481	0.309223758483486	19
-0.121482762226128	0.384279700809796	37
-0.020725302921597	1.17970971627791	37
0.065677740113224	0.649608767935775	19
0.01471590146423	2.09964098244008	227
-0.081410117923244	2.44466269498353	227
-0.0525786858559461	1.11708292023662	227
-0.04622942458767	0.507387730058998	227
-0.019009279184765	0.304583351463383	227
0.059669506156277	0.864712566634669	67
0.118573539054048	0.561194574514873	67
-0.010600298850402	0.311050852910577	13
0.107612496432019	1.27577997284084	13
-0.011581310910634	0.30715594261813	1053
0.068514259763356	0.431702930604033	13
-0.039783995629286	1.0018309138404	37
0.022146297519589	0.530783530395755	19
0.071495245266388	1.9299605735538	227
-0.115823975262475	1.24562721106425	227
-0.033088705385537	0.628689366816201	227
-0.017287461607113	0.301785471882542	227
0.064295421899139	0.426449645832079	227
-0.014836786385177	0.30123433162309	455
-0.0177377801972	0.303517158698132	67
-0.121768743740809	1.12998338219017	67
-0.013853756167389	0.309731576171906	160
0.00588264762324098	0.624877171889011	125
-0.114460207718063	0.597635664296464	125
-0.00705063799826999	0.307344716540548	289
-0.080321767451958	0.796008600343355	13
-0.011122067543867	0.306754140926722	13
-0.04059906770141	0.623607954737419	13
0.059546283850729	0.758257911942418	19
-0.0548995142166721	0.506779772632062	19
-0.123574940018263	0.848482770082429	227
-0.042533878512635	0.402293483937571	18
-0.059335705958532	0.478149006153366	18
-0.079148173043267	0.606274865086847	19
-0.047067507162345	0.513883293335478	118
0.119773250779829	1.08925643094305	118
-0.079964697152625	0.801394772960098	227
-0.11465521364286	0.483020268951845	227
0.014881929119486	0.638277332981939	227
-0.0370142470743861	0.622350784765447	227
0.091645562365453	1.05897360385125	18
0.015619366667274	0.517946009922668	18
0.010286181844577	0.727469735413919	18
0.068868158303459	0.663025691538005	67
-0.0379374211776991	0.393862497148656	67
0.041014361959591	1.10447549519328	67
0.033125698631584	1.30455644009268	67
0.06873655272146	0.433267716079536	848
-0.038440594577253	0.397172027158836	13
-0.083814914044035	0.706658128899325	19
0.077723730999298	0.411119542719736	19
-0.028922018987983	1.98609459678512	227
-0.117520868538397	2.07378434127025	227
-0.048536957834057	0.977149405203363	227
-0.055383506200927	0.38607247279498	227
0.115630902104246	0.549391465233875	18
0.0736600587337169	0.427592161594112	18
0.0692294513573261	0.432543366808688	67
-0.00780062036231599	0.304418249633774	67
-0.104754067824762	0.849183082413908	67
-0.016765121001863	0.304862540838296	67
-0.00932865636546598	0.310898698430004	67
0.018810879348511	0.756849853084662	67
-0.0519721248627411	0.389959222381692	160
-0.043765277911147	0.404872502815869	125
-0.039882004030651	0.403808216331341	289
0.023834983725987	0.527144072619912	289
0.010840797577198	0.636292729210073	19
0.00685055928128497	0.624903408076153	19
-0.076780856930917	0.611498044772866	19
0.00572557202208701	0.630898515826693	227
0.026763816324369	0.865120199810134	18
0.074569367394589	0.661613387820654	18
0.015137493299023	0.526914114820138	18
-0.013331276710529	0.306264000235697	67
-0.050768617313674	0.393391877181087	296
-0.01082960389892	0.310659749354367	645
0.064397006635955	0.427808264357983	19
-0.019009279184765	0.304583351463383	19
-0.119443394601659	2.04498341841334	227
-0.00832157649167598	0.303934247191878	227
-0.00932865636546598	0.310898698430004	13
-0.00932865636546598	0.310898698430004	848
0.054708560519679	1.91637113526681	19
-0.074420815906542	1.28302188789647	227
-0.012579738056133	0.306348459330134	227
0.026774419285829	0.532070908665503	67
-0.046907685517274	0.399875915062103	1156
-0.00720563081363901	1.23257542981749	67
0.019103064665155	1.29136856863075	13
-0.046175286803277	0.397468301034504	645
-0.00705063799826999	0.307344716540548	13
-0.015129237918258	0.307858064641708	13
0.121963015933752	0.793065804380779	13
-0.114461636033455	1.95261046864733	227
-0.018486424197797	0.302200351206137	227
-0.110090223112112	0.693090477489457	67
0.119998330299614	0.558503549573078	18
-0.015359728771148	0.304552334865948	1156
-0.014606338360923	0.308362454144827	67
-0.013853756167389	0.309731576171906	67
0.0922862032766369	1.23558331836369	67
-0.058251902543309	1.132524430886	13
0.056972330318	0.971193475163761	13
0.063320102180306	0.418158319549506	645
0.017177048406197	0.522544874404932	13
-0.048341551158088	0.396830121753118	13
-0.080467486862054	1.36724752424482	13
-0.019532322792839	0.301496689188543	13
0.01726316535679	0.749061136511639	19
0.065215851078526	1.05623168381142	19
-0.117823477776313	0.776006406214197	19
0.117370392278647	0.559537199320843	19
-0.119997232329809	1.16775038689367	19
-0.075718831394339	0.601436782704043	227
-0.062455751194025	0.807268118219282	227
0.023178908021453	1.43618404323465	227
-0.124432197738421	0.926672118210844	227
0.016111960677248	0.52589716525156	227
-0.01082960389892	0.310659749354367	227
0.117106994105284	0.544508440646539	1156
0.00786899920637396	0.643662698464207	1156
0.064890851566312	0.423529530325631	67
-0.082256475218061	0.608500224450939	13
-0.106853275427494	1.03558219668936	315
-0.040499444662353	0.893020082346106	367
-0.011814369900976	1.58663490347158	13
-0.065798822122525	1.6495586452723	13
-0.00453760932498604	0.299139924612141	125
0.057656909205677	0.970970368212714	13
-0.013853756167389	0.309731576171906	13
-0.011240296682801	0.300799876868144	13
-0.015359728771148	0.304552334865948	13
-0.103186280799779	0.499604208685848	13
-0.013624421432918	0.309304985206354	13
0.074263772100172	0.656059498178369	13
0.015427778741595	2.04735400053782	227
-0.037882774697516	1.81338833106583	227
-0.10666864343385	0.754847164994678	227
0.075933765931028	1.14339695290873	13
-0.12390250367676	0.376865415636903	227
-0.044486796840371	0.405816712126546	227
-0.044033387998075	0.39850649805045	1156
0.06478863285198	0.425754652919662	67
-0.021319665292042	0.736331889124848	67
-0.092430710970902	1.05282219204755	315
-0.046689055570895	0.394669370003591	13
-0.0874598905135871	0.705560531679356	13
-0.116767772339591	0.383372474505817	13
-0.00116629265530499	1.29531586197471	13
-0.013101985651201	0.309812124917511	13
0.117861264428083	0.560341932747504	13
-0.044227206695181	0.404926512088884	289
0.06478863285198	0.425754652919662	289
-0.0143764239694481	0.309223758483486	13
-0.124469644933318	1.58714609259037	13
0.06478863285198	0.425754652919662	13
0.066443830783857	0.426856736110067	13
-0.075012160144029	1.60001413742957	19
0.0645679357374001	0.869781127164758	67
0.018034372347013	0.523506504708009	13
-0.04924914025938	0.393689487270398	90
0.078442354798803	0.658688868922969	19
-0.042533878512635	0.402293483937571	19
-0.002029834013211	0.921691509014476	227
0.026641678018934	0.859053843587297	227
0.092672087332057	0.983435592229613	67
0.066290161520966	0.650698399796089	67
0.057171405541133	0.964356462947497	315
-0.04974718715598	0.51121909900626	13
-0.07573975357192	0.617340758357022	13
-0.072177183669689	0.613901003771593	13
-0.034266908395715	0.829313155984604	860
0.011721016303234	0.993515211295865	227
0.013692377578375	0.918843721692343	67
-0.083814914044035	0.706658128899325	67
-0.105467617092762	0.605393623397095	67
-0.073339693017312	1.14012205841271	13
0.016228014532268	0.515268632654408	13
0.00480331671047496	0.951455840257067	19
0.0457121550490091	1.80278171795357	860
0.0678176723032941	0.771338298338049	67
0.054075767694134	0.86376655718442	67
0.010612853538059	0.624665935098051	67
0.020260925270255	0.827267110620461	67
-0.020017546745283	0.803610158091591	67
-0.035877741469272	0.628152957502813	22
0.0317511094327519	1.30104396169377	67
0.011621173561716	1.01348772650076	13
0.020151369638806	0.762503036356923	125
0.064878988758741	0.87075416779425	125
-0.062687555001774	0.492594669015882	13
-0.089051655138492	0.695462631866025	19
-0.076036273315697	1.23108744285942	13
0.107199133235759	1.23109266698597	227
0.088742085494355	1.24674137685209	67
-0.124721014524782	0.69596673512869	22
0.058458939741232	1.90270120179407	13
-0.0340832873131191	1.29736592791954	125
-0.115414834210096	0.781377732448872	13
0.067949155380551	0.874573407005965	13
-0.021609392027629	0.739112300110593	90
-0.124571532801517	0.765108094179075	13
0.054118245575738	0.859300052774816	118
0.07887878165789	1.1471589952931	118
-0.00324313279545097	1.52276140544078	118
-0.084120739471457	0.866492723652105	67
0.03081472127147	1.40188684081158	67
-0.000635855703427946	1.00507690180453	22
0.000119707792815005	1.11215449865205	22
-0.0555036341094261	0.896462443889597	22
-0.120217101713804	0.935232773975904	67
-0.095432714025029	0.695113169509842	13
-0.0114276715780079	1.16420067707115	13
-0.077423156692655	0.601062156390387	19
0.099046643032454	1.44669689705157	67
-0.120663059985943	1.00259986390907	22
-0.027249178944972	0.918863725619994	67
-0.124499557879384	0.783839387860564	13
-0.032663317329891	1.34661242915707	125
-0.055527120126019	0.718161339440863	118
-0.095432714025029	0.695113169509842	118
-0.0155491868318151	1.47636151200551	67
0.123480829403307	1.08840122713688	67
-0.028759238433846	0.722231861550061	67
0.099983504292117	0.98611062285353	67
0.065044127758322	1.05760525704125	67
0.083922867166359	1.67316840311587	367
-0.027252642374197	1.14786286159326	125
-0.075911027866909	0.888886049833357	118
-0.09399128013804	1.50395479834196	67
-0.092411987435813	0.698780245391407	67
-0.096474106904165	0.681977389716372	13
-0.050330713539131	0.802996889492903	13
-0.090888436320136	0.691294580828639	90
-0.028890034317115	0.729440785510965	67
-0.111635354307673	0.597906704565391	67
-0.0492726348285401	0.515126997567484	67
-0.119782056446567	0.774392111566729	13
-0.050909937163077	0.510538597035451	13
-0.111409740826473	0.599174995447891	13
0.072381228988332	0.643387706803577	90
-0.106222051967513	0.502224389721423	702
0.113909973876789	0.784937090904595	118
-0.055359078877141	0.887877571906675	67
0.094618200252269	1.08447140491305	67
0.120946430710426	1.99445717297269	22
0.104446717032235	1.27388390477141	67
-0.106326774274983	0.699865553695084	67
0.031700849203106	0.863851671990894	13
-0.055208381544513	1.31150717290995	118
-0.066565698420242	0.871975846460245	67
-0.112964613343624	0.604431105894423	67
-0.069076481014833	0.891120686814912	13
-0.06709449420767	1.51867821966299	125
-0.00483399366096804	1.01261078203657	125
0.121124813851569	1.33066172303087	13
-0.04377559950363	0.620888800095053	13
0.12328099352396	0.793103213575814	90
-0.082264572075058	1.05537245422722	19
-0.052388994914788	0.49218774267682	19
-0.107534919562452	0.498748777549737	118
0.012159293534053	0.642481875941284	118
0.057226694326043	1.40341948874172	860
0.028714552087163	1.19410751764784	67
-0.098882640139602	0.940489331301446	67
-0.107024162229781	0.928583523458448	67
-0.08561429062174	0.849953053189656	67
-0.064961284165322	0.979022288811736	22
0.0566416199527	1.32261135379594	67
-0.08695914376887	1.38981780982706	13
0.014469215722429	1.28035549574587	125
-0.030525098471	0.905783515753134	13
-0.115284149041319	0.690257310327094	13
0.11278596240851	0.785641307952045	90
0.024579620331494	0.947575469260464	90
0.03204836276404	1.2151450190239	13
-0.023041182662042	0.809070605490313	67
-0.111249012961334	0.941095558304827	67
0.097020429477169	0.985820927913729	22
-0.015691669247459	0.804502671232832	22
-0.055146369172422	0.791140491273034	67
-0.115651750395237	0.583743042137425	13
-0.11179952451516	0.596323178203575	13
0.041203054319393	1.43105757527375	90
-0.103957472992604	0.498742424698705	19
0.033079731444919	1.27992444705383	118
0.01128338213572	1.67609676751139	13
0.0759709712536441	1.32737445128208	67
0.082806661244297	1.35645662722575	67
-0.0951039773472599	1.05098746154616	125
-0.019930043250964	1.24403556705244	13
-0.088282011045955	0.703216296646858	13
-0.078425362800285	0.887864124899204	13
0.101012732582527	0.877818458874332	90
-0.048150101803799	0.790663805028044	118
0.017152921835172	0.517511010471268	19
-0.106155679270389	1.3504753687656	860
-0.0818394492476861	1.1959424382103	13
-0.1184501087552	0.775418784514774	67
0.053569415354203	1.05237512735748	22
-0.04489337601253	1.74759598881837	22
-0.0211730302504241	1.00946627891219	67
-0.00619095128282099	1.26845268415821	67
-0.060018169941699	0.709809028862079	13
0.023308292956649	0.94310295042653	90
-0.118095711272685	0.68732944031081	702
-0.057292653915224	0.498054184267034	90
-0.020879931638821	0.914513609296101	118
0.111155869477697	0.770766001052977	19
-0.045093184412161	0.992528285803664	67
-0.00942303123877197	0.92003874924348	22
-0.101570761579174	0.865867189336019	13
-0.032742243518168	0.632110332855382	702
-0.119697774008688	0.590251762329991	118
0.013129215155858	2.2391395332861	118
0.000467772276648959	1.60037797685324	67
-0.109717040824645	1.65646450391085	22
-0.051606986052991	0.8929073231617	13
-0.060423517874985	2.04157035027352	13
0.0778925526288901	1.22691121204906	367
0.113111821601313	1.47476690056164	13
-0.017305004975089	1.14785427656016	702
0.021409010984717	1.11982997991847	13
-0.102415017588331	0.499375875698459	13
0.092905355822884	1.06586761839601	367
-0.0876416689884491	1.26960307924367	702
-0.105839697439346	0.69283045420786	702
0.016594585600025	0.511602608192293	702
-0.09382061411454	1.62844140387675	67
0.039873900849121	2.14607996761684	67
-0.091377910893749	0.683203911606946	367
-0.116115025230815	1.17046452338867	13
-0.071876508840004	1.38198898464312	702
0.026889172232172	0.952914161221717	209
-0.077976818037377	1.26326404358561	13
-0.070974893758041	0.928148599908809	67
0.114518783008469	2.04856948545484	13
0.118082663428587	0.560388391567878	315
-0.028855133260843	1.08361582337137	13
-0.040968450394142	0.624725940309006	13
0.070247296452128	0.41930428372213	118
-0.090822210383651	0.678149211743166	118
-0.016645674350344	1.08762380867605	209
-0.076346866085145	0.615638748639773	209
-0.10607178207315	1.54343345552908	67
0.066220825513949	0.427193816716165	13
-0.049172681920137	0.508923052804431	13
0.014134508942994	0.838915351376684	118
-0.081503887282666	0.968084329922361	13
0.058098031184856	0.86081174060648	13
0.044953883269778	1.63673884358109	13
0.088052456136158	0.966286040224165	367
0.050525554804418	1.67073199791349	13
-0.079527631162824	0.871054464544123	13
-0.118892278082175	0.685630849139388	702
-0.077374427130225	0.615765668993877	1069
0.092137089514906	1.08985662630124	13
-0.036488844135536	1.00513758997213	367
0.060396806781975	1.22170499309468	125
-0.03852728295668	1.00312148800937	702
-0.073831920250972	0.871105926401912	1069
0.109118298100627	1.93401133633084	13
0.030410120965405	1.51903151652575	367
-0.00509820205918499	0.931672998164923	367
-0.019182749581049	1.07625242126745	209
-0.052220398148228	1.15730249965293	209
0.023811152543225	0.918307808658772	209
0.105671302017377	1.83287045314049	367
-0.116915630728833	0.940631264166129	13
-0.062049877021558	1.26194827114054	13
-0.045211483390868	1.05188715888159	90
-0.060018433151563	0.987427077229285	702
-0.096828125007749	0.961288207107292	209
0.028438331849217	0.527726003908771	209
-0.055154873677779	1.57890001188213	67
-0.048399535017681	1.6250815545981	67
0.050399861242699	1.8721528334456	13
-0.061709414983587	0.963666615786664	13
0.012212700551167	1.15949782151478	13
-0.005543304095038	1.30338440147865	367
0.104291080133834	1.63282371750487	367
-0.118296508920738	0.927325952792208	367
0.0561307222012291	1.29546834580554	13
-0.062798604365144	1.22777159048448	702
-0.04038803644067	1.06870387817256	209
0.014646861687749	1.00182730064795	209
0.109699200954079	1.43892067168792	367
-0.12108260962808	0.832248219540634	13
-0.093860845009039	1.07063788734108	13
-0.02105482656464	0.91607672376014	209
-0.111014969438073	0.954627609235495	67
-0.048584832198538	1.89263050686049	13
-0.071713785137012	0.897445268785707	13
-0.098670894982111	0.66827111737026	209
-0.09815898053547	1.10656051111822	67
0.104801247289482	1.33557334455183	67
-0.068180198277658	1.42161950771027	13
0.111811674666637	1.25006553326221	702
-0.110437948815987	0.688962285113421	702
0.108322218065649	0.897975214346548	209
-0.046133799167317	1.47738799313787	67
-0.033699888170572	1.57152759349247	67
-0.09967436439772	1.32682385992935	67
-0.06203067392101	0.698833362638199	702
-0.10889249678343	0.784639540449675	702
-0.122100199214886	0.761554517605664	702
0.055763793660304	0.86353935212515	118
-0.047476427525323	1.61657435189891	67
0.0203478332942501	1.3794767872731	13
-0.084725547560118	1.1822077159434	702
0.068561391548546	0.65957303655717	209
-0.018330973946175	0.9903358789033	13
-0.036502624121974	0.899638843100554	13
-0.099791757941338	1.17417532256906	13
-0.019484562072683	0.819499073666417	367
-0.0597875769769139	0.500266063257978	13
0.055214552448522	1.55241269557286	13
-0.00755021169933801	0.842850993429357	13
0.045442887024558	1.87906031695856	13
-0.108239941661166	1.11898141034726	702
0.0844375297536219	1.25555103138258	1069
-0.099440244049487	0.939705500771921	1069
-0.04475465541364	0.400356269051288	209
0.11073154309932	1.28818730303875	13
-0.0920392138144111	1.02796491392524	13
0.04909514575867	1.55357391911198	13
-0.081124697008663	1.02686757004172	13
0.041150179007561	1.39808333731577	13
-0.097361938465593	1.09019289593943	702
0.024449342897082	1.18592936061087	67
0.071251315482446	1.75585312640317	67
-0.056951155289154	1.3639390156637	13
-0.096899514537027	1.29142376433035	263
-0.11115855681517	1.20512487943788	263
-0.01275565473101	1.47966688944226	13
-0.118436507484311	1.00315922842557	118
-0.115022403610616	1.67411367668679	67
-0.029575665835665	2.08833507262506	67
0.105052084699215	1.95268376652816	67
-0.043267572130034	0.877008910430849	13
0.013126068737268	0.521567088193792	13
-0.075745278313711	1.3058557249839	13
-0.101046078166395	1.0834429506768	90
-0.092013272035966	0.679944562785311	118
-0.046420277847866	0.401800735079608	209
-0.00705063799826999	0.307344716540548	209
0.060627790885352	0.874580589878614	209
-0.111353841113539	1.61823165813444	67
-0.0418677124917189	0.397234005337675	13
-0.066561427200466	1.38774784474929	90
-0.060225975364373	0.717824770534905	209
-0.010322401328651	2.15613792888127	67
-0.045565869394488	0.614180316098711	13
-0.117366944176206	1.04196884511082	13
-0.038351268311426	0.99005105920769	209
-0.016963962747063	1.09231337292632	209
0.071960451265649	0.427902264092886	209
-0.01082960389892	0.310659749354367	209
0.076961122171276	0.669780304295215	13
-0.122322509607208	0.381250564408128	13
-0.117599699066316	1.17320115038474	13
-0.0244621669306	1.07368070679142	702
0.102323031097889	1.00676623683802	1069
0.097424095028637	0.998456645388258	209
0.036141306994303	2.41548810202976	13
-0.07450966641972	2.39247164811992	13
-0.045208217351766	0.405617590405059	367
0.118038717552698	0.556494411455106	367
-0.00955732451153202	0.308066811721016	13
0.016829705288593	0.528720094880775	13
0.014419676359301	0.522299623856162	13
-0.050786778606903	0.396721937869726	13
-0.047653362236859	0.506223656478185	13
-0.110489180611289	0.606209539940925	118
-0.077461923005489	1.21106114493179	1069
0.0989122950633829	0.989023553677792	118
0.068021307986142	0.432423938787649	118
-0.034928516835033	1.08411883823151	67
-0.01272492422345	1.02066700735127	263
-0.111039208038737	0.599290440279067	367
0.059067064418238	0.755702707181477	13
0.022548224688332	1.7916403753128	702
0.019128252620661	0.849598174172599	1069
-0.091711452257225	1.23924488141301	1069
0.116504233869624	0.537860817718223	118
-0.058795544368531	1.95804216857318	67
0.054489241566676	1.7960306425094	67
0.056531104636502	1.65873716596382	67
0.022913969011764	1.60805388797726	13
-0.06839788927708	1.21835063126027	367
0.079925584303584	1.52176424134584	13
0.012764569401296	1.26505741745225	13
-0.109986258106446	0.959574481513044	13
0.043654078248596	1.12845659740059	702
0.0967183224564	1.22565901977824	702
-0.0313611466314589	0.977249307129508	1069
-0.12269717977494	1.27375730071502	67
-0.089465251518635	0.695698407342169	263
-0.078249793658466	1.05736123956011	263
-0.046666933138394	0.401774449510598	367
-0.111788461162393	0.491943392257224	13
0.066180427041847	0.781166776226439	13
-0.0207638261031911	0.733724037469904	13
-0.033633850359913	1.24099928511998	118
0.033761430585931	1.4563203855538	209
-0.048341551158088	0.396830121753118	13
0.0166904878052569	0.522745554754554	13
-0.097752408432907	1.09630620008233	13
0.058327007907763	0.750118360262718	118
-0.07459047197962	1.15196325607989	67
-0.121502406637113	1.51448832895717	13
0.052769970185531	1.13795854427063	118
-0.045301604696964	0.781669938864915	118
-0.00189237196603398	1.72364953908593	67
0.0639547353586321	0.640751001145851	367
-0.117753933733674	0.692543741378378	13
-0.0769417225676991	0.617582017285356	13
0.027892076413002	1.52531378536461	13
0.071290017526884	0.6561312726268	118
0.115264817029721	0.551317985755909	209
-0.065625332845027	1.86684878120475	13
0.124513992243041	0.789125612383279	13
-0.110167517971449	0.702673533384347	118
-0.083572152941324	0.708771018825495	209
-0.0613235053054661	1.05374492507796	209
0.019214170580158	0.528675027087993	209
0.065504741573766	0.427060609549316	263
0.07223167499218	0.428932841365855	367
0.0632691236762421	0.409380178151446	13
0.091686057228539	1.60822456656816	118
0.096056901890668	0.993961307677711	209
-0.0816002179116751	1.09538577735141	209
-0.0899701841323159	1.57837280821095	67
0.019024227227458	0.738872616671607	263
0.0208929644675671	1.02874803664653	13
0.04922525460961	1.03959751024148	13
0.120928394066444	0.794831785023164	13
0.116573465506217	0.788806684553056	209
0.02023320176598	0.938647158546285	209
-0.047706669464347	0.512871600129905	13
-0.042949389962148	0.807289545695517	13
0.00671990990693605	1.08114516066644	13
-0.10911310215974	1.08593305070846	13
0.096292641087345	1.23573935809583	209
-0.103266722950531	0.923641175891947	209
-0.047979046359346	2.01745905870613	67
0.022475770633708	1.46435887994584	67
-0.0858283671415619	1.10440300772984	13
0.121387983329543	1.4714132402628	13
-0.052634830914529	1.37297621698515	13
-0.03682191043857	0.820284033600598	90
0.019525398656603	0.937289513684876	702
-0.050420896192388	0.805586995996601	118
-0.030438074662812	1.32865203933875	67
0.089076638807729	1.94942637090475	67
0.0363442751897241	2.26106199299483	67
-0.0761888149251621	0.717291896916394	67
-0.119592618151356	0.800110711345275	67
0.013978136859871	0.741727238140399	67
0.056348756927517	0.963889920578492	263
0.039356634124614	0.950544183521104	263
-0.06366767239019	0.814991864731322	13
0.062437947609821	0.858592135636026	13
-0.003668059060422	1.17807720118904	13
-0.015120907042713	0.820420133091518	13
-0.114294505503447	0.780768959292254	13
0.015900488909158	0.62379819393737	118
-0.060535753405918	0.71880621455307	702
-0.038934540006393	0.612129033201991	702
-0.101954728567556	0.499460641150853	118
-0.00471781720155196	0.917359272435889	209
-0.083778558169335	0.866404468339886	67
0.054807193209548	1.00716732427776	263
0.043393867779679	1.08190875659967	13
-0.013454448542101	0.829631160673514	13
-0.099023385681175	0.774444648893633	118
-0.054563358993842	0.51319671703933	702
-0.124022549019788	0.386298231965833	118
0.019460167378447	1.45005167201072	209
-0.059728505483127	1.0738877640869	13
-0.001481807997322	1.50942259834447	67
0.041113248959844	1.64857191247591	731
-0.048525824090127	0.985481955857796	731
-0.08094148775766	1.00205114438682	702
-0.062230640872348	0.881102227539426	118
0.024663975022004	1.26609357653988	118
-0.024125765247818	1.38780469387791	118
0.00919523835276004	1.4445099194113	209
0.092427464043849	1.08383298990422	209
-0.108056783091831	0.496050638350636	263
-0.106613416515648	0.495062547522491	263
-0.124885776625727	0.385294468813802	731
0.118351975235829	0.558316992720337	731
-0.062734373378659	0.712816907217106	118
-0.119890881700189	0.856665188378709	118
-0.088034966277097	0.695251263012141	209
0.119285894597478	0.560609605474779	209
0.110283169106715	0.543620751810326	263
-0.103036292946107	0.49744595032672	13
-0.113459067474389	1.4912761319943	731
-0.049864363968957	1.15015408621922	731
-0.038771327655754	1.45720809205275	209
-0.061286556495151	0.983332512307176	209
-0.045437212542412	1.74151155068241	67
-0.085936656047148	1.40664970078615	731
0.023101318633458	1.09016176045301	13
-0.038851934811479	0.998705223470497	731
-0.00978562957003903	1.3432764585633	13
0.115950818263088	1.9487811756804	13
0.105155868232394	1.36512928958495	118
-0.103566735996849	1.06656976128311	118
-0.11128605072815	1.25003053036192	67
-0.019093119222839	1.42268791458274	67
0.105201586504481	1.55304953379601	13
-0.00507831729582997	1.7750987001975	263
-0.103431473403064	0.872494164673879	731
0.053380573676492	1.31250336434497	118
0.022412082059573	1.02719695157756	13
0.0893815801540711	1.69301093538938	13
-0.054902290749803	0.878670458423396	731
-0.062565742728403	0.933768186759134	731
-0.0446035497676009	0.877971390273324	731
0.0740767614547701	1.51691966859499	13
-0.107796016724893	0.753045346289352	13
-0.013185053016011	1.58566257119815	13
-0.08762402025089	1.32947364255353	59
0.120006589392178	1.79870203167309	118
0.0718273599916051	0.651763747124903	13
-0.116767772339591	0.383372474505817	13
0.00521927084558405	1.4611674928156	13
-0.01082960389892	0.310659749354367	731
-0.013744783896971	0.307104448510898	731
-0.052491869437538	0.516136785481354	118
0.084952468373921	1.17772604557597	13
-0.111939921748402	0.772984671121998	731
0.099036607131367	0.988462097063707	731
0.00414554288090696	0.631378357075973	731
0.0766833789338141	1.03607615629097	13
0.108843298860305	0.891084199150524	13
-0.013853756167389	0.309731576171906	59
-0.106761084898124	0.600463858800201	13
-0.0203427835511369	0.726372830232815	13
-0.055126466329666	0.501531102838228	118
0.064295421899139	0.426449645832079	118
-0.097997992757213	0.504031886195283	118
0.015946589796321	0.748901076514517	731
0.021552050468798	0.517010801476319	731
0.056755611564691	1.05242485177374	90
-0.046603092876357	1.08138525663773	13
-0.10005750292993	1.12948431268066	13
-0.0889424715431511	0.877308106819278	118
0.11487090787974	1.819020241144	118
0.098745520709885	1.24903339746861	13
-0.037287145020704	0.392651449720871	13
0.0693217697166481	1.31561016286105	118
-0.104728593843542	0.496751437739363	13
-0.039262398192443	0.626350162395366	13
0.074333147341204	0.655841175271707	13
-0.10111757666378	1.25183920722183	13
0.028500459282478	0.866505480765347	59
-0.065715019389705	0.700067333672947	59
-0.039839465453977	0.626206839105525	13
0.018204632852197	1.20761840870479	13
-0.084948366587114	1.19388155490844	59
-0.0714550788887	0.615214406973173	118
0.118797984272555	0.789754580628796	118
-0.065987116615579	1.17731747655738	118
0.01770339600426	0.755880188641759	13
0.0512168316534241	1.20361844728109	13
-0.04064258412405	1.90169261407564	59
-0.019297684066335	2.02987471351166	59
-0.124640163492459	1.32352521467387	118
-0.120057066115572	0.931868707297015	118
-0.11548963689416	0.600676443082792	13
-0.078282218609434	0.611700591950909	13
-0.00757135999329495	0.306852567040636	731
0.064072500491378	0.423028700376127	731
-0.076113222291084	0.619317091681616	13
0.104209584568287	1.96764415869696	13
0.02600502971165	1.46997863460835	118
0.063458636100833	1.59575733444536	118
0.076892953707556	0.66458962998424	13
-0.00936778482795697	1.50217448443787	118
-0.017663332986172	1.82352847535489	118
0.069733353912649	0.655602617496332	731
0.119691930701709	1.67761642128914	13
0.028233652472178	1.68421936030616	118
-0.023242221164033	1.57272187763554	118
0.057112967525862	1.72055841250722	67
-0.078609993411584	0.788748752891286	13
-0.06974394960163	0.877597309436959	731
-0.0913858342333	1.18893759226788	13
0.124726290486956	1.16695598630463	13
0.117378802899281	2.14035595315318	59
-0.0968936151961019	0.787893864826242	118
-0.12358298619265	1.32156479864915	118
-0.117846103206835	1.19678860638928	118
-0.101513174166176	1.87761633855073	13
0.117673364500413	0.546637410004423	405
-0.042377959569798	0.800112021576412	13
0.092629166348107	1.74133699100033	59
-0.105909507100546	0.502323752525706	118
-0.01885044670997	1.0115723952798	118
-0.094753737049793	1.44303938335985	118
0.00738551592512005	2.02546570568382	118
0.069117693094877	0.648430865972513	118
-0.0345143286167821	0.624258007146105	13
-0.104778512254116	1.0980586010677	13
-0.04735622730117	0.811316519737761	13
-0.058785422119146	0.503960332802497	59
-0.114388838102118	1.18425871578424	118
0.09564177122559	0.99034299259918	13
-0.00807681577185304	0.840952730218608	13
-0.123996862837154	1.48555471673142	59
-0.0288018719888949	1.26644994428311	118
-0.0191128849342	1.01617081611894	118
-0.054071391454542	0.508212195098903	13
0.102316042335173	2.04525679542299	59
-0.077313548641312	0.614828018219375	59
-0.101239758075052	0.955651934951358	118
-0.055878557950235	1.20535112817407	118
-0.116315141591703	0.583500353908606	118
-0.048821599166763	1.14068244277277	13
0.0562984731251061	0.743571725361696	13
0.00868337958974697	0.72743670770071	13
-0.045213134931948	0.401032369451346	13
-0.0713739287448481	1.38402341417381	59
-0.027086139015877	1.91143491477693	59
0.024574128620206	1.83007177369032	13
-0.07416635979574	1.13164222793818	13
-0.115516297982337	1.68781799989286	13
-0.011413800872526	1.40892717322904	59
-0.00583281376443101	1.26687193638247	59
0.063038179013617	1.33343741323725	59
0.097787071826017	1.44071460517032	195
-0.068498584281408	1.14044434964405	13
-0.053431783853799	1.12124756091102	13
0.100049700449594	1.00385234370647	13
-0.010089558262344	1.83429324468245	59
-0.124490124103476	1.252130495132	59
-0.00670390880428495	1.9503853324923	13
-0.107272905304264	0.494261741253521	13
-0.043865152385033	0.511564379531546	13
0.06873655272146	0.433267716079536	59
0.014968629155826	1.56113360525308	59
0.098404612361	1.43364664765214	59
0.068465579329217	0.424653360650974	195
-0.081126114332388	0.969479904324647	195
-0.117646464649014	0.892218159069478	118
-0.011545287631998	0.835395827137615	118
0.016111960677248	0.52589716525156	13
-0.111378063239848	0.860872384302989	59
-0.099428801873872	0.775798143611095	59
-0.054552358860716	0.714584449376249	118
0.084095530063679	1.84704351646261	195
0.030399418754403	1.78761265854708	195
0.0244392014154881	0.85132424536719	118
-0.08768692689088	1.6055335199521	59
-0.039328705056134	1.16490741204353	195
0.00341533085660195	1.21612550627963	59
0.014540257335773	0.630338202739831	59
0.063544078976911	0.764794756429504	59
-0.09125107038233	0.4943897861119	59
0.017477388338464	0.63337904964758	195
0.066760194683179	0.652892096291811	195
-0.10228347564026	0.767162964352299	13
-0.00475797260775401	1.07566426854633	13
0.00583241171914195	0.639631527951595	59
-0.0978748572760571	0.773019059424539	59
-0.013101985651201	0.309812124917511	59
0.123508575522947	0.792235267298276	195
-0.032308709464814	1.63935485781847	195
0.074484609089718	0.658666743279069	13
-0.104266751447385	0.499414028476374	59
0.00537080331802697	0.635266088447526	59
-0.111474355209911	0.692925308725735	13
-0.122461514117854	1.64388527678066	59
0.116448700058582	2.38733431018093	118
-0.040381431051394	1.40850900044426	195
-0.045967538609933	0.506166164532933	195
-0.053875723618431	0.902426520312236	195
0.064424592788618	0.641634508792105	59
-0.018286639124272	1.09338229763788	13
0.061616367460323	0.42275650318415	59
-0.110341263404635	0.687565052177586	59
-0.114023670397624	1.27782264479863	59
-0.00243506371993296	1.1965732674921	195
-0.041600089089611	1.25764435320048	195
0.027717513839035	0.531071847295868	195
0.014441593977775	1.20808850055099	13
0.077703614071732	1.14791363728109	59
0.026186037282214	0.856666677371933	59
0.018832391416603	0.524518769483162	59
0.106356955687413	0.890068455699897	13
0.0134444637528049	0.511433866276497	13
0.031349021120324	1.52001326190403	59
0.074569367394589	0.661613387820654	59
-0.107522449012256	1.12216740006333	59
-0.020044920050906	1.49101093305848	59
-0.027275389666531	1.35397027422483	118
-0.10938344849512	0.774006543737596	195
-0.109735675806326	1.55351736969019	195
0.120670548197969	0.558781456019631	195
0.028005371628362	1.18299353539452	195
0.084929886817447	1.2644458456355	59
0.00953735358754704	0.895074702305608	59
-0.097132158938648	1.48648616506039	59
-0.118643357097656	1.35165353268224	59
-0.103474414609395	1.64061691705041	195
-0.03353895303078	1.53506207182908	195
-0.037808825250059	0.618572220731722	59
0.094292370617842	1.08122880809313	59
-0.048541322645149	0.396600483117232	59
0.069117693094877	0.648430865972513	59
0.071089349587259	1.88452260065706	59
-0.116551965109603	1.55954848246817	13
0.123729702859576	0.793022873367585	195
-0.097768357880853	1.28630902164168	118
-0.024590548333828	0.997708414389498	195
0.061616367460323	0.42275650318415	59
0.118817067426284	0.798481398538602	59
0.021828992059685	0.529733466670431	59
-0.020241331998738	1.71362413258582	13
-0.015342781468901	1.0900811712595	59
0.019127206227486	1.86484395704225	59
0.074670093236513	2.04820575567234	59
0.091878819190013	0.96789737339583	59
0.022207930483055	0.515792096395427	59
0.004614743548223	0.934921641212751	59
0.07223167499218	0.428932841365855	59
-0.122322316584329	1.74320721917149	59
-0.122778153718774	1.67880431257545	59
0.014029614326377	1.73794095381248	59
0.031200497176835	1.42387500139297	59
-0.0989888832852061	1.03428920400036	195
-0.040279153936163	0.826343491916044	59
-0.040345230326951	1.22652311278146	59
-0.00337474499819701	1.81356837254502	13
-0.115332099730448	0.928210051744188	59
-0.0870304611385651	0.595712791685788	195
-0.066945483607702	1.45797287573805	195
0.11732688469713	0.55467304124138	59
0.020230833549822	1.02122407492503	59
0.099168499714596	0.882104483758583	13
0.021710841538339	0.531567354999494	59
0.122668139506521	1.57086214904205	59
0.098333686677629	2.12290491088722	59
-0.000401158114130995	0.617221147428149	59
-0.054269118371897	0.726064404576834	59
0.024802169193503	1.03058692565261	195
-0.027294119530174	0.731768441762831	59
-0.018264476239553	1.38806778464763	59
0.092535119978106	1.69178897223273	195
0.077479407146314	1.58607723313706	59
-0.077037321579176	1.77622607201223	13
-0.014589126555501	1.51244101605234	59
0.102126390457831	1.23586826015129	59
-0.116641010341918	0.860703765249335	59
-0.05422387532652	0.977933458515635	59
0.106600203304651	1.59822908645519	59
-0.056111967388245	1.06091272342598	59
-0.122096581312977	0.945921319785962	59
-0.095535331027915	0.790565350285108	195
-0.108599317318193	1.45786948906975	13
-0.111275530122531	1.26262789108343	13
0.00393151740718001	1.18506880950417	59
0.10614611621295	1.54892559184807	59
-0.078325121743189	0.877033692207628	59
-0.068225881904357	1.24568981206084	195
-0.077927288135108	0.936734442861534	59
0.051877815061338	1.40029099609158	59
-0.083139921281124	0.962616344699024	59
0.031154503652935	1.10966666920469	195
0.024230612734606	1.76884691121565	59
-0.117034080370754	0.692440923372816	59
-0.121907872787462	1.11318306773287	195
-0.096571944268375	1.0470754730048	195
-0.032400405309062	0.628642298349227	59
0.114889262725607	0.790427364693465	59
0.03308021633683	0.523961184950674	59
0.01857505510597	0.529783160511132	59
-0.124671096371928	1.6739068373325	59
-0.083677059196265	1.50774032658993	59
-0.099713620745672	1.62607335784601	59
-0.103139802344628	1.27972114548071	59
-0.065779629534436	0.616306126308058	59
-0.120303164417351	1.22422216888103	195
-0.036142470238531	0.617840400609531	195
-0.098804171769995	1.12070156665346	195
-0.088765247999395	1.44533215044093	59
-0.103587072099786	0.608486683089091	59
-0.124746617876373	0.383584148607101	59
-0.013342920478759	2.34407095733104	59
-0.114134113085698	0.581201694181898	59
-0.047392611475703	0.511296998053964	195
-0.05530199287492	0.513494784553996	118
0.093908702274069	0.983613666118511	59
0.118528632370353	1.31476762533318	59
-0.045352132562019	0.726877767963445	59
-0.0483728774526609	0.401549119940006	59
-0.101843514005709	1.04868745469679	59
0.020161048814926	1.99814339591698	59
-0.091162330637069	1.44535194562838	59
-0.069742463072673	1.78814234449047	59
0.05699057667915	2.10222977390613	195
-0.022210925618276	1.41674617649573	13
-0.015750854425173	1.09838772523891	59
-0.010367205704112	1.35122226805315	59
-0.120188042400974	0.76768206913902	59
-0.107995095880157	0.600813907747819	59
0.115457888538721	0.557323926907344	59
0.06899094680364	0.761618685630613	59
0.112845489195834	1.7281665967729	195
-0.00706561717701704	0.835706998839836	59
-0.118032221577142	0.688813412424957	59
0.012379683490334	0.639627960388077	59
-0.033947711833589	1.19417326143704	118
-0.100327283605356	0.964827088144419	195
0.068367131856667	0.631415830188037	59
-0.000359304284679007	1.15750747893495	59
-0.012351030281569	0.308634402337749	59
-0.020564086540615	0.74487656820848	59
0.119879027783543	0.793679833726554	59
-0.00590324647035401	1.11263930258834	59
-0.096453106982663	0.695446694136731	59
0.121906897545366	1.60914608103816	59
-0.02651915398677	0.920928171187061	59
-0.039939299056956	0.62241425212039	59
-0.042519686696379	1.82699209933351	59
-0.118521844949973	1.5335418332166	59
0.0643952022544631	1.54988923773193	59
-0.038967185697769	1.16859061280382	118
0.0236996576841501	0.763956722097869	195
0.069673983475498	0.428700075147689	59
-0.076260237747982	0.610599450093004	59
-0.013098000425566	1.23724575674635	59
0.06816162668997	0.774940150788265	157
0.01706044307284	0.531985133195115	157
-0.029295984718493	1.39467653468792	59
0.118038717552698	0.556494411455106	59
0.115533045404367	0.550014192493455	59
-0.049386144269598	0.514191512644833	59
-0.090491676463872	0.932207909017495	59
-0.080219354083494	0.880950391569781	59
-0.0877926809444169	1.29181733163714	59
-0.113113010606576	0.598857070325891	157
-0.01082960389892	0.310659749354367	157
0.064072500491378	0.423028700376127	59
-0.037467027638966	0.620257766392597	59
-0.050909937163077	0.510538597035451	59
-0.093947312194377	1.12785223026945	59
0.113337639841876	0.535331563192487	59
-0.0609932780532561	1.44384835924028	59
0.09657946107526	1.76395724602864	195
-0.082556840560671	1.37515267249904	59
-0.094103029132267	1.67321449655555	59
-0.053010742688867	1.67503141818858	59
-0.077600888085999	0.789558648105272	59
0.12410296722628	1.11096250155447	59
-0.084716185715142	0.709438790572313	118
-0.053874717027266	1.05629651854744	118
-0.032857054384527	1.56388434174513	195
0.018756615189511	1.93028423680908	59
-0.065060923955506	1.82937624760947	59
-0.106840796177991	0.690808906124553	59
-0.024358790648693	0.735371812328888	59
-0.020435057608518	0.739489181343253	59
-0.071328651126042	0.805594113461956	59
0.116123094950752	0.551772691019488	59
0.0794613911332061	0.664265019225951	59
-0.050648097604335	0.509986476168629	59
-0.0337694376830821	1.59296629111225	59
-0.028532338895642	0.721239076278332	59
0.114078380332101	1.42019329175336	59
-0.062370073671766	1.15116002783744	799
-0.109885259032508	1.53170969476092	59
-0.102187070675121	1.58575642621299	59
-0.072072274091815	1.0532365766252	59
0.014682726552244	0.830460437257138	59
0.068813170850108	0.648528631154571	59
-0.10713541037455	1.50010970913378	59
-0.100570102815667	0.940046822734738	59
-0.0715188301167981	2.21695709389918	59
-0.082087459433845	0.604529954868883	59
-0.102775421504473	1.04752756722372	59
0.00819735679170097	0.633064737437229	157
-0.050309025951779	0.394720696356412	59
-0.018486424197797	0.302200351206137	59
-0.107749571311985	1.46775795836861	118
-0.03089250756855	1.78679983663344	118
-0.074423778970767	1.7121182727092	62
0.0000627748925240423	1.00903250106684	62
-0.042691440539375	1.46622044950047	59
-0.120759820112093	2.31174555463634	59
-0.075751282609962	0.865548796409061	59
-0.074616835081484	0.604110669193192	59
0.015704418031625	0.925615012445081	333
-0.038758440544935	1.30314954455606	62
-0.024054279578704	0.739817559081685	62
-0.048323982878528	0.5166765249079	62
0.113522450086207	0.76746817139738	118
0.071792896891844	1.59247050229291	59
-0.114844333239244	0.772221514445789	59
-0.079644774141958	1.13510767876206	62
-0.0732663126662511	1.88636230052125	59
0.119110417015506	1.44400194233524	157
-0.0746500427096291	1.13692408509084	59
-0.033597738026359	1.33050757538146	118
0.033965621796942	2.31281789401732	62
0.104643861976823	2.19335401632472	157
-0.037372317158698	1.60104197599266	59
-0.012625592647175	0.302504420553504	500
-0.00858255459573698	1.32741300136255	157
-0.000728474864249984	2.15426692246954	157
-0.000610413610725002	1.275466188593	59
-0.011374946018613	0.840595601288964	59
-0.049290909665963	0.995878314454593	59
-0.00622964346557997	0.837996757886749	59
-0.0621133084789251	1.04172341647904	59
-0.0401557117307459	0.627381460543053	62
0.0727797867862841	1.40011908189275	157
-0.028265799919132	1.26033550073603	333
0.0603180929968971	1.1437575525365	333
-0.00900254079246299	1.76366426123896	333
0.040981185550388	1.48400024214484	333
-0.075656001813768	0.60811633087689	261
-0.11395007229459	0.48683010770634	261
-0.0881749719110621	0.704221121376255	59
-0.109638437555129	0.599061466957567	59
-0.046409096460829	0.723779105454605	59
-0.106501449492459	0.494581026255683	59
-0.044625650895549	1.27693655059908	59
0.025803947453931	1.29665963450902	59
-0.064409246495181	0.982631915431358	261
-0.124123374409728	0.926482456035041	261
-0.040838289643502	0.821289526348168	62
0.078911618747201	1.58597773996507	157
0.074193837026158	0.888667053278644	59
-0.116287991783338	1.5259778459268	59
-0.106946017946149	1.28581155690054	59
-0.022277199340028	1.93743660043048	59
0.089957335058128	0.981136979097585	59
-0.106581029735057	1.80498677527713	157
-0.054286241633321	2.28109311265675	59
0.124354705829697	2.08295670702188	157
-0.114202397032419	2.42106276430347	157
-0.079845334913208	0.884411169770317	59
-0.046371890850517	0.813577237996802	59
-0.073206952190693	2.05796992156164	62
-0.049415882301511	0.729309158599646	157
0.0623320410496671	0.421751521504433	157
-0.019009279184765	0.304583351463383	59
-0.017512347384035	0.306009385691072	59
0.069402300933375	1.21656787485485	59
0.010728112251965	2.05669769493264	59
-0.0992689460338499	0.906935906410459	59
0.068943687180169	0.775981424273716	59
0.103870859980243	1.00488064924737	59
0.074979895595366	0.879897011302416	59
0.018100552212616	1.42963916881961	62
0.059027670317667	0.878835043110922	59
0.032137927263146	0.950965116259158	59
-0.00970936001066203	1.09337895374164	15
0.104544507663877	0.901155763347024	15
-0.091364646178749	1.21627823557538	118
-0.086275040763042	2.10172293162883	157
-0.011958255044634	1.35442643200491	59
-0.00632899904495798	1.18569642879195	59
0.062919797682944	1.31818598468536	59
0.115220005000677	1.28418924094705	59
-0.103310037342147	0.940736328072145	261
0.114215235868325	1.16734226788273	261
-0.021241046474296	1.46350705100717	62
-0.115395856975286	0.850703193437144	62
-0.027567867552548	1.68985608643744	157
-0.04779932511315	2.17754213853612	157
-0.073116963233227	1.18959342597984	59
-0.106479101033196	0.956957091416783	59
-0.0761814610677261	1.35223531466439	59
-0.032648339248166	0.909482625276603	59
-0.11636095140253	0.689592176581944	59
-0.00540108950667695	2.02568723324617	59
-0.111295549390047	0.599027373835489	59
-0.036813643460016	0.816532591119731	59
-0.121557957465369	0.682910413207211	59
0.024302383986021	1.02589858620779	59
0.019539750384809	0.934009659045257	15
-0.049417799249894	0.716867700043119	261
0.118144079933925	0.799838185394741	261
0.047016009445521	1.93035640718361	261
-0.0275159442533049	0.614552124470227	62
-0.00707304822739896	1.35817767910874	157
-0.081852324091949	1.72400818600261	157
0.083054151692056	1.34266465394928	59
-0.080572647862823	0.88306967609115	59
-0.04342725260311	0.622544718330539	59
-0.117386162385177	0.688269977368071	59
0.016343231129428	0.643023338740896	59
0.072058754610931	0.665755852204394	261
-0.048323740293743	0.39950659544984	261
-0.0570939385854961	0.501751389602393	261
0.093798743423816	1.07934989498864	261
-0.112574367764605	1.97012509436567	62
0.11373283570694	2.12234525757254	157
-0.05047585764054	1.23070330309391	59
-0.046136720480585	0.612954373748443	59
0.012410392912927	1.4421223030662	59
0.054740180793765	1.2919132156402	59
0.016696214390596	0.750339415334679	59
0.00644675505736103	1.77246389548791	59
0.08683565864165	0.64190813852639	59
0.121872419167541	0.558596667395072	261
-0.014406422923449	1.73164978486833	62
-0.047158741356148	0.402337325590611	62
-0.032064772524466	1.66266827686804	62
-0.030689678454719	2.41838269999293	62
-0.096500649678949	2.33790335127743	157
-0.018983918212193	0.744296325974485	59
0.012496476351189	0.645926842762075	59
0.122583648885242	0.558749534404391	261
0.070917591720685	0.656254012797064	261
-0.036120755627211	0.630555601086829	261
-0.04717782851505	0.51109739779622	261
0.019480811430108	1.67200334973525	62
0.068185639686501	0.780737645758852	62
0.113557423062234	1.36370871879812	59
-0.105042730991507	0.603682416073379	59
-0.053349415281248	0.511558165572824	261
0.0292639278986661	0.859083722624532	261
0.118082663428587	0.560388391567878	261
0.113751513111506	0.77459679311678	261
-0.041122017826418	0.610138365331356	261
0.097224369150918	1.27029217831297	59
-0.10145398709405	1.01960308331841	59
-0.042983430667508	0.622561441311292	59
-0.102549346367114	0.504194661996863	59
0.020866537250155	0.840794262615708	59
0.07930477465678	0.774210306152593	59
0.0206261649471799	0.532073161958275	189
-0.0747686549819691	0.792295824102395	189
0.117581636782978	0.790130165509649	261
-0.023858212908102	0.730024546653929	118
-0.104879219173814	0.494394041541099	62
0.082015220050661	0.654826796475608	62
-0.016772640456991	1.24775437706311	62
-0.058131630117972	1.51835299664908	59
-0.065081107015407	1.12706272234587	59
-0.107164322437329	0.936632135662467	59
-0.030977927640492	1.16156295808792	189
0.095861452149961	1.31645844465235	261
-0.00100456462601395	1.25848961664572	261
0.108281300168046	1.37552248774397	261
0.043657517105878	1.63945590544757	261
-0.119968535809874	0.77375330750768	62
0.017811006350821	1.84068049145123	157
-0.04501792433778	0.606350928069077	59
0.086623161396022	1.17198152227144	59
0.0936802167637411	0.988391625932391	157
-0.0402591529420731	0.50754522238217	62
0.019653006893032	0.847416621543478	59
-0.102089664677225	0.50331873539362	59
0.10543093408275	1.01003985630172	59
-0.046135989397315	1.36429321484478	352
0.02071755562079	2.02690831037883	261
0.010922975884364	0.641330876222042	62
0.111902398305329	2.44674090294214	157
-0.09939023372719	0.952664565552542	157
-0.105268748362717	0.495361172267422	59
-0.00961363672409199	1.42743585635142	352
-0.039579332359593	1.70443133454787	59
0.116963952328083	1.08411155092593	191
-0.08124784664251	1.1174459318871	62
0.021916905498634	0.526342483189066	62
-0.110414429632264	0.995546651845654	157
0.053639346069239	1.30086850419682	59
-0.00232426663792795	1.64096989496141	59
-0.048169297693947	1.23582478267578	191
-0.0271919737727711	0.978808004477026	189
0.124020464804557	1.55978261048778	261
-0.116698501210787	0.775453630018393	118
-0.045093184412161	0.992528285803664	191
-0.108591126298211	0.873457062133654	118
-0.089221842337786	1.04067805413059	62
-0.09584044377534	1.65415421973647	118
-0.029756744778907	2.33491805368578	62
0.100628840900369	1.4466577869949	189
-0.121052604404669	1.10492689288836	191
0.121090555874816	1.54337230345081	191
0.018474707670932	1.20924424665111	15
-0.076584637675683	1.48433539680358	118
-0.0560502322511121	1.13305533609403	62
0.104959709830665	1.55119754897905	191
-0.102505016152058	0.939695525006098	191
-0.00369403129010404	1.58711209385546	191
-0.120273990419643	1.94727288188981	191
-0.110100343658776	1.45061432432176	118
-0.0389467465572591	1.5461534978557	62
-0.017270381529344	1.51155946307065	118
-0.103844201173654	1.31868853927905	62
-0.102655377902587	1.73706608682722	352
-0.102866411527991	1.18894723129697	191
-0.072835557611319	1.12567839815856	191
0.115224665232235	2.06349683774479	191
0.018117417019363	1.44228468113013	62
-0.112297793638349	1.39128877501094	62
-0.089400128671392	0.800287517758255	118
0.040931794374525	1.39962557834625	59
0.042894784529482	1.43904818381755	189
-0.011520403947703	1.21984676007747	62
-0.118251314806248	1.11133033376812	304
-0.015741129414524	1.01517793424033	59
-0.038341183557364	0.626438990756251	191
0.000276434941793968	1.00297328520361	62
-0.0765940805312481	0.88192266558601	62
0.077816407282122	1.14995478501794	304
-0.024038648740355	0.987624678419692	304
-0.121877304789353	0.851075256699319	352
-0.099430587165469	1.19836242826762	59
-0.115414834210096	0.781377732448872	59
-0.027717942384682	0.728745638666388	59
-0.0823812492912111	0.707322263993013	191
-0.108217281005264	0.702751121050496	261
0.122256081627301	1.62617446034908	62
-0.015082972701453	0.830970697278335	62
0.049733943225731	1.11824842413168	62
0.035884487618865	1.60745989789187	62
0.026834629778849	1.04243309373684	62
0.03718940926593	2.15524191532755	62
-0.046055471414061	2.11453686097763	304
-0.010216582965869	2.29582587955903	304
-0.040625761586162	0.627000321148523	304
0.038404683810479	1.85629480539195	304
0.066381703005139	2.30546145859469	59
-0.106945896511456	0.789684091628633	59
-0.052696581966469	0.901201194112807	59
-0.109718222610706	0.783472456667745	191
-0.049201003941295	1.37822150102733	191
0.014585476851847	1.28131641493964	191
0.109371347060702	0.999313832085327	261
0.064128328110588	0.779930137081371	62
0.08057785730127	1.80993664959746	62
0.014245917323484	1.96848470717729	62
-0.09752845623533	1.22718213141257	62
-0.119813765623391	1.41032608728941	62
-0.0737005437253651	1.88628594446265	62
0.015090112666609	2.0405485188539	62
0.012871079433519	2.22249941544255	62
-0.024212528605744	1.31954804096099	62
0.123389323858963	2.36643756140455	304
-0.0334891395446491	1.87367122455558	304
0.121255570738728	1.93076516521869	304
0.120174650668405	0.551720657254939	59
0.066227182362653	0.646176172960924	59
0.020311518686195	0.632641555027793	59
0.026402194826331	0.528678635752169	191
-0.040074872164411	0.80600401198299	191
0.017663450838871	0.520127639654355	191
-0.055683793046853	0.505241584679208	261
0.070437290176426	0.426852731020308	62
-0.0666360286372299	0.802980877233695	62
0.006288175691047	0.640564875878472	62
-0.017542671442992	1.32681499974969	62
-0.063358665644489	0.982614668370184	62
-0.016396110551517	1.93164472312588	62
-0.051892225376121	1.9102125671344	62
0.096719739550767	1.14748137980803	62
-0.0917042017649981	2.12744252783329	304
-0.0103860711279899	2.26030762375406	304
0.035523182226783	1.87024221358366	304
0.096411047919771	2.14093573461558	304
-0.085125648869969	1.70191010078168	304
0.023505843349045	0.940804952306934	352
0.07449540892372	0.783040371810891	191
-0.117282786598575	0.683327561831076	191
0.118957164992365	1.08898733064114	261
-0.050113745496927	1.44942154301107	62
-0.039972212863819	0.825054723759338	62
0.122074917784805	2.21872748575602	62
0.065405700484257	1.32334747061034	118
-0.082794438380982	0.705013154568825	59
-0.10142577717342	0.776168773455382	59
-0.053165630311416	0.499358396395374	189
0.118643195786805	0.539866713719576	191
0.0166904878052569	0.522745554754554	191
-0.052415171103786	1.26504920153768	191
0.068021307986142	0.432423938787649	261
-0.118603138350285	0.594941696675394	62
0.059018685042322	0.766983050846506	62
-0.114595367088364	0.868262655333824	62
0.016459255964612	0.52071248315468	62
-0.039391704750592	0.399009516585891	304
-0.091530212689771	0.690153260945439	59
-0.042533878512635	0.402293483937571	191
0.060679206535603	0.421876912579415	62
-0.01489928024848	0.304953970811166	62
0.0692294513573261	0.432543366808688	62
-0.051509787323727	0.396986142120631	62
0.109860535137888	0.772221042759073	62
-0.029203829529726	1.61766889311207	304
0.0917808029263401	2.13459604432325	304
0.04829309185695	2.11306517803049	304
-0.006053320194784	0.812385374924598	59
-0.00653010300550405	0.304008933048588	189
0.113318959415632	0.554643411181974	189
0.057281809935682	0.412788411887382	261
0.066590722247304	0.424404496381017	62
-0.0264244280065991	0.995537711195258	62
-0.057707754287592	1.90788983342228	62
-0.055503469041069	2.07672524597892	304
0.035296053468548	1.70460928654638	304
0.033369135403895	1.72140787513774	304
-0.013101985651201	0.309812124917511	59
-0.10395749362499	0.495108602288214	59
-0.02267984924283	0.29709547416165	62
-0.045934143657863	0.398703005711155	62
0.031435314945351	1.03275782928194	62
-0.10755718467826	1.88601307598529	304
0.042856961336923	1.65255935262895	304
0.058235459062555	0.762123616295809	191
-0.041754196237063	0.623270185391272	191
0.024059257683387	0.532540912167226	189
0.068514259763356	0.431702930604033	62
-0.095731431099637	0.693426893684596	191
-0.046748260738803	0.813626853620921	191
-0.066535966845918	0.701653095499018	261
-0.105418189109501	0.939745405075286	62
0.083064909149141	2.38672282860256	304
-0.110355370465683	1.4835005256773	191
0.057677064126601	1.28916520396914	261
0.024126779743422	1.29496655921673	62
-0.066605362722714	1.53069299599682	62
0.019188820128879	1.52068589902323	304
-0.106039150520391	1.32317907297258	304
0.086834265642304	1.56206337713757	304
0.118295684578956	1.19016924638315	59
-0.116106822073874	0.848798596016637	261
-0.054170827941572	1.0539851127347	62
-0.100902518554925	0.866585573454728	62
0.104654089001132	1.26464206275537	62
-0.095118190241116	0.929988723500753	62
0.021181615743429	1.20291883257532	62
0.035554782945154	1.3051142166561	62
0.00278360547146606	1.75854265122313	304
0.102444990321639	1.17878174921777	189
-0.0758274162128501	0.607713885091345	304
-0.113186440655294	0.861457701896924	304
0.073710130702995	0.659787831854345	261
-0.113025304331102	0.486774751080315	189
0.11432908105604	0.55058410860476	62
-0.124224919127492	1.60189152552381	62
-0.00833971441746895	1.54540651499158	304
-0.057217632266501	1.0567332853518	304
0.022227694219732	1.03227231179606	59
-0.0631095461882371	1.06017057838521	62
-0.017931364214094	2.1188571701254	62
-0.07767651116275	0.976154035115305	304
-0.033230458228749	0.911906926367635	304
-0.037646593419261	0.619859346811746	59
0.115266587396243	1.03261596907037	59
-0.044717631482769	0.406228416061856	189
-0.051271456680614	1.72546270145956	62
0.03590748158609	1.61505616859443	363
0.118274882342087	1.51144099748811	363
-0.045213134931948	0.401032369451346	189
-0.08045738543938	1.10123580750098	62
-0.019355211697593	1.66526599386052	304
-0.048751045380743	0.990351129205725	304
0.077145871664677	0.4172638746165	191
-0.044094913101647	1.53059458472706	59
-0.050276831694587	0.969225126497352	59
-0.016778919331457	0.829639712189652	191
-0.072108915158077	0.948800708138511	62
-0.074328970579398	1.10261067171779	62
0.112828587728667	2.05120662810453	59
-0.014278352657355	1.16589739021233	191
-0.00281271840959996	1.26067032338919	62
-0.121338046630312	1.71370059877621	304
-0.032658020155964	1.07832874097075	59
-0.054381256464222	1.21189965043991	62
-0.041460008260862	1.4824305652589	304
0.057852671765124	0.871450682530174	59
0.020074806899878	1.09854514260237	189
0.071265923482812	0.777195879752064	62
-0.0591593091128541	1.39838827587005	304
-0.066111273677473	1.30272128588739	304
0.10686777906746	1.26343731282272	59
-0.010242564982972	1.18580809585419	59
-0.022527384112338	0.727241846005972	59
0.053982325851875	0.85499025466033	1211
-0.058069598774972	0.710828158965862	1211
-0.022785130755935	0.734558308703353	62
-0.037252800006027	0.630430043006656	62
0.0192420399237609	0.937056810088966	62
-0.101409820750415	0.605431027340365	62
-0.047226845800167	0.503514194717739	62
-0.112935543930778	0.600429485531359	62
0.0574311964701411	0.873534583061264	62
0.0743919453694431	1.42053885029591	62
-0.123321801882544	1.25799303010147	304
0.00674380145032405	0.639307984730624	1211
-0.104597671177526	0.498842083958753	189
0.018962427847117	0.52083441109268	62
-0.121362176085184	0.385432700383723	62
-0.037284582457158	0.616314663105913	62
-0.067844180042974	1.5917704100411	304
0.05763037297625	1.61617784830828	304
0.056122834507157	1.12608190465783	59
-0.102598169704781	0.607352025109705	59
-0.110428719606725	0.593852287309318	189
-0.113731608823718	0.480729769256651	62
-0.120036440579232	0.384811338315178	62
0.0673060307699091	0.429998857599968	62
-0.0419563211922011	0.621396562999067	62
-0.111847704316164	0.869035079654527	62
0.058422365170835	0.770144090597736	62
-0.087217486043105	0.939608493726344	59
0.031585504335702	1.40162861593504	59
-0.07644906845245	1.65251884646005	59
-0.012978859676485	0.837181931421074	59
-0.112104474580542	0.604477729744145	59
-0.10530129656831	0.498475776312597	1211
-0.01344814907645	0.745997823914217	1211
-0.052491869437538	0.516136785481354	189
-0.105117804406276	0.494747236891075	62
0.016803863967488	0.52808696414946	62
-0.035314736044735	1.50002608920697	62
0.017778520422237	1.65163004657307	1211
-0.111717102491634	1.15898290530062	62
-0.08762127184125	0.698851591658238	189
-0.011400659282861	1.42819793694904	62
0.086632116683553	2.00235708033233	62
0.02024658780456	0.758828732188053	189
-0.02427492092557	1.35572280627248	62
0.070255321459766	0.890084073287603	62
-0.00362529367515696	1.2743988167351	62
-0.118830846170878	1.92877093983652	62
-0.108486471323145	0.604908198630138	62
0.00862051750071702	1.19338631973607	62
-0.080774731223258	1.93247066716109	62
-0.072308270368761	2.00831524958051	62
-0.043272513056965	2.40993813752634	62
-0.077970783751839	2.1172892919039	59
-0.117442460137037	1.12714716626444	1211
-0.034453130334798	1.63123139195517	62
-0.072834998606113	1.52544804220296	59
-0.11575714876919	0.992047940273207	62
0.073819068133042	1.93920503500533	62
-0.123235022766994	1.51866240397917	62
-0.046804107084465	0.812575529402524	1453
0.083269042130218	1.62072485033696	1453
-0.123801425956539	1.45545655733575	62
-0.050977639634386	1.59116532615522	62
-0.11531566357635	1.04293584643336	62
-0.0272584348385611	1.08055353809067	62
-0.086563852122323	1.51571470303135	62
-0.00161681094739796	1.94596987635143	62
-0.062535018400553	1.37080791691879	62
-0.095175857029124	1.67698645018483	62
-0.054922048898946	1.81541587254163	62
0.064066693586329	2.31360593338602	62
0.097163756615304	1.80493063308454	62
-0.076681133154153	1.68710311051848	62
0.0545593241686721	1.39982300310207	62
0.03691862341831	1.90863960742231	62
-0.119133515974482	1.30311896960701	62
-0.104482879325254	0.599616410675384	62
-0.118569630687524	1.42142286707712	62
0.080470247004686	1.51167125115231	62
0.0926944694566511	1.52495928394151	62
-0.063836694542597	1.04944228761454	62
0.08508405689824	1.25469181874895	62
-0.03171019094155	0.917481037966653	62
0.047841788937205	1.30352677091659	62
-0.011043764760911	0.914630778665144	62
-0.052925430964087	0.907599172582984	62
-0.07968284861002	0.976011371237268	62
-0.069144210655163	1.7111344737942	62
0.064759897479244	1.76876443137391	62
-0.044097315402396	1.37884240762476	62
-0.017199894955084	0.740811999251853	62
0.058422365170835	0.770144090597736	62
-0.06643907905494	2.0302203715062	62
0.077728783691548	1.25154293707987	62
0.036610344689695	1.37942133457419	62
0.027684821818718	1.20346607590766	62
0.101050763659679	1.53601697067459	62
-0.124995049335063	1.60435582521959	62
-0.06833465243888	1.7037924830686	62
-0.007028090500109	0.834994115611645	62
0.069648596202477	0.649801238200087	62
0.00384608830994004	0.838998248322698	62
-0.088777228282133	1.23701043802774	62
0.106618469872077	2.14298200322449	62
-0.044554186229767	1.94698163960544	62
-0.073793935704025	0.717307952070873	62
0.122922967040712	1.54930007275841	62
-0.018871921979815	2.48496884989237	141
0.00414932057267703	1.44007809535567	62
-0.103784361353792	1.67642011257409	62
-0.086982590165582	1.50506134106494	62
-0.087098587644431	0.710431257034945	62
-0.080569804866531	1.7287561235496	62
-0.060185636429588	1.21638317667783	62
-0.0669807221594641	1.22564720312443	62
-0.022344293019396	1.23544810324704	62
-0.116386680640423	1.9502092802755	62
-0.043828083138134	1.92904952386886	62
0.00491601410141695	2.37270436000419	141
0.00627327217357199	1.18079222802658	62
0.108959575673707	0.895147878942839	346
-0.121097663176616	1.17914194929628	62
-0.052789346341492	0.720251665651542	346
0.023848275807591	1.8090119918638	62
-0.091079515739691	2.12242129933495	141
-0.069458794421991	0.949710032861936	141
-0.124267097534386	0.913139505245709	141
-0.101725021643636	0.867862438370465	141
0.034620999151546	0.86708164103779	62
0.0250631543312581	1.02422270622183	141
0.00629646184412802	0.916431427729652	62
0.02812153959667	0.527038521171425	62
-0.059140158024366	0.716920036236466	62
-0.105348390760117	1.15090282776991	62
-0.092461668962983	1.50656276334673	62
0.014006804834621	1.81608775742363	141
-0.018324288285851	2.44365948413601	62
-0.092236051048144	1.9457379714399	141
-0.095901649487745	0.965070826081009	62
-0.043976855329778	0.994600290349653	141
0.049172891726912	2.4653929319993	141
-0.022608041246719	2.12598265087079	141
0.057644546162215	1.06676655936136	141
0.064106232685436	0.873557831850497	141
-0.112374458597323	0.596199181832458	62
0.078147122727424	2.31703471670491	62
-0.012815796754256	1.26418195529677	62
-0.0492726348285401	0.515126997567484	62
0.067187433642957	1.25158792257052	62
0.017752446878183	1.12805108531154	62
-0.047784878756533	1.08010495460921	141
-0.081633931350577	0.875175479386071	62
-0.115472493741079	1.76398443915586	141
-0.075536441989239	2.11287892068043	62
0.010035824200805	0.631510283740409	62
-0.098932984090061	0.756267747073022	62
-0.121838881585616	2.47514472731737	141
0.086405645079899	2.45600840721331	62
-0.094889670279861	1.27469718773504	141
-0.0704537373612401	0.974367461357481	62
0.006577715934586	2.04991921056838	62
0.119290166756204	2.43166449150162	62
0.06728599511885	0.966956231331453	346
-0.103316193326173	1.41138002842314	62
0.020593527412514	1.17463532817146	62
-0.099907095799768	2.12314856461047	62
0.002685123776623	1.83501891308314	62
0.00859775781016703	1.08577600204259	62
-0.112226891895368	1.41512603937556	62
-0.082493685654168	1.61322434265664	62
0.00508627431846898	1.2076733593586	62
-0.031123330399599	0.821287277706526	62
-0.077286500855146	1.90210587811139	198
0.106029144052003	2.39619579249883	62
-0.034859749198862	2.10841830285734	198
-0.117472725358965	2.31838481827984	198
0.078860280644146	1.33072042250635	62
0.071180948694575	2.38438881500002	62
-0.118202507040163	0.848028525457263	62
-0.110757210190207	1.98104376977157	62
-0.080349248682037	1.62439739538381	574
-0.110964243300736	2.21575024800648	574
-0.0493380932482021	1.86278941949121	574
-0.0914494284444149	1.90459653516131	574
-0.066359116395058	0.965196753603367	52
-0.061628701526074	2.19188921950173	52
