x	y
-0.122111529246232	0.700492592640457
-0.293794057657015	2.08320850897277
0.378555760302496	1.7953210670095
0.464448443242656	2.27556280379561
1.12946614171654	7.74656445673194
0.239543506517637	0.555548143723017
-0.0914498613343017	0.155369092106937
0.260863125774203	0.440921548328279
0.680114576979834	1.76739142978291
0.176051203768898	0.301922231423126
0.157589987149312	0.207132621663352
0.167646581795787	0.158789886928471
-0.524751809874773	1.43780685406166
0.52308970034772	1.27421432481182
0.0985395294357662	0.138919382178193
-0.102269689043459	0.0875396436014329
0.185111421216964	0.271028991780431
0.382999861598417	0.675455944085588
-0.14781990304144	0.22131223337624
0.499176619481326	0.885384332613819
0.168133224753535	0.209167646212638
0.580313231852574	1.1836784084883
-0.0471672840410715	0.0501428320476449
0.216553439964188	0.134794540683091
0.445661739132202	0.3597408017734
-0.232502513270593	0.133538255902428
-0.236291309244861	0.131651840446223
1.27227319814169	1.08858305850465
-0.117420007984273	0.0882508131361686
-0.309528124431583	0.451360724449545
-0.0210521597774458	0.0243483869594155
-0.0529811272214887	0.0634469123686981
0.195868332253279	0.255721959390649
0.253321468318508	0.412939718145395
0.231158791278611	0.402676971678773
-0.084840954510278	0.100517229587263
0.229066520714571	0.299520200597608
-0.197280554050077	0.292394899300555
0.544254129347351	1.20837583236843
-0.18248355885539	0.231748106529376
0.36067705768238	0.568702020849277
0.425749321508615	0.607677747043805
-0.170865089376881	0.157515455665364
-0.488498633049596	0.428953502223843
-0.511442721561724	0.394820585168015
0.261465511846069	0.307914381895175
0.647800018040463	1.27330231310585
-0.386959947744871	0.576675018060537
-0.0188785374980918	0.0207437274747952
0.241524094435939	0.320190765289787
-0.42692345508638	0.631664797752209
0.148968262048057	0.175998333033922
-0.127744415757154	0.119786381852883
0.887165300791409	1.83753861415164
-0.0201286001734263	0.0188302086327661
0.422189265992954	0.798139692279717
0.349492135532175	0.578082221655897
-0.632973582255371	1.19597025336064
0.226650704442908	0.303212937445701
-0.183332640825135	0.19612396215281
-0.326603265200119	0.529912325907518
0.180113276714182	0.231332116461196
-0.495422886487991	0.83467865058283
0.137815059066725	0.183471847268201
1.01854419909573	2.52593761207741
0.20815648450447	0.319525550410996
-0.150341810491575	0.203100857805158
-0.348748551513559	0.582420145243221
0.937572317558804	2.64547817835545
-0.476415476121845	0.837768928211161
0.829855719843175	1.9084249776954
-0.091401465024943	0.100180167296251
-0.507299119236294	0.654791312285999
0.161246006793854	0.186937069812956
-0.29636109219735	0.300674407205328
-0.0433146637954509	0.0355453519506067
-0.228880152133701	0.232960618271868
0.146689241732545	0.125475929284253
-0.419232854717623	0.487346078282337
-0.375629959628315	0.520641850772708
0.114118182105444	0.140631523323392
-0.613328112965143	1.03901589475261
0.0590070666683443	0.0741904384395787
-0.200484327781381	0.260142823891606
-0.611765166694379	1.19849430356615
0.528682731211287	1.05047229876067
0.328535029140224	0.501278304797855
0.0121492103041131	0.0522675075114825
0.619214042750886	8.3822987103674
1.14827136725621	15.4195904665867
0.715101591809719	6.00653044384914
0.340491066374126	1.5067321046968
0.178943763033238	0.52305700697362
0.115041462890566	0.256410549688515
0.376421606928371	1.19013408046669
0.135556433799376	0.309710739864946
0.0678797781845094	0.124616182254945
-0.0220586310368724	0.0317889188039043
-0.114233150569619	0.247636200392397
0.118800931191599	0.257691085840018
0.55965600958212	1.84408629863457
0.480709541357191	1.19940880578147
0.152124215716175	0.316673718661812
0.270250211056674	0.653903195999037
0.0989428693137003	0.174558002589556
0.0891584325408327	0.135955352818745
-0.206413121051295	0.378063247529495
0.0350924865715816	0.0505862863512915
-0.103602478121686	0.146366045090044
-0.143838079906064	0.12198814854267
-0.261791346625287	0.249366460276843
0.0272496375117132	0.0222924049927857
-0.217654488564598	0.190508073425995
0.513573671862565	0.460603752544048
0.0699448886795019	0.0628800880018371
-0.415671155851871	0.88599461544229
-0.132386175611282	0.218401554936801
0.188205935631086	0.302107216550733
0.151173730527872	0.237348660818545
0.174377554710525	0.29640575080294
0.0355161366437386	0.0537794314996093
0.464406819397155	1.02438292488362
-0.053898518316379	0.0747225477842823
0.000424006403156556	0.000479218032028981
0.0239702346853636	0.0306530830252444
0.00725325224348205	0.00975588472143528
-0.384475718768118	0.708839434136564
0.033088878635983	0.0404432539553609
-0.412573177240343	0.635638788235266
-0.344406024157389	0.382122618597689
-0.342124188124151	0.363387585982479
0.0770765894552031	0.0997530876313414
-0.26497231568755	0.474005729084686
-0.0546204880520802	0.0735054520803362
0.305612075185216	0.549748628851288
-0.392515569677888	0.877372315343511
-0.317409676183822	0.579107005444719
-0.125012342124467	0.188506001204033
-0.301614425730572	0.487298518367396
-0.178103813944018	0.252829841446398
-0.0843304378235109	0.118409913562784
-0.16509417508471	0.253701104403166
0.199767682212891	0.305372926767726
-0.264385719753277	0.441515894739937
0.0429630865902739	0.0572248819315566
0.142595549728493	0.220553088345172
-0.0798051919903846	0.107945441933942
-0.493402825707509	1.08874022738498
-0.509430297821578	0.890251023516796
-0.333559245364307	0.62523483795543
-0.185109398696143	0.298592022532966
-0.0716953479684855	0.106637174393251
0.120869894102861	0.161531493126791
0.0476870464240342	0.0608623533126572
0.246375021203413	0.480168218604186
0.419718516030133	0.904754919340196
0.25121319454026	0.442719933824282
0.0447307095408949	0.0564770169578154
-0.0486604860370624	0.0686435600417581
-0.126808812753238	0.1841720399402
-0.0234034335433299	0.0266876519634077
-0.313253770424463	0.558665265180711
-0.0216699785475831	0.0255738410512624
0.0625514641834955	0.0747632483988137
-0.32478140474796	0.537424602414347
-0.220905741543431	0.274387519948299
-0.285765895750862	0.411151733392422
-0.195709587429669	0.301056289436343
0.251548025946238	0.43442263631909
-0.192807256365837	0.287538483250409
-0.277560175715326	0.500014722854635
0.565602710662806	1.21165635887048
-0.299815268483226	0.536642460011223
-0.337662742218166	0.508954937082376
0.143300882966754	0.189303684547741
0.194274270722043	0.305229975330053
0.11737839327091	0.85044831299008
-0.0964636633757833	0.501652018996846
-0.4722290713401	4.60981560994923
-0.272766098927958	1.08308177141072
-0.0569832800277946	0.129421966286155
-0.0216538724946843	0.0482595114045518
-0.0869765295893474	0.187514571171556
0.0191913407021522	0.0376976845030932
-0.188607850373029	0.394807801731016
-0.223395041879464	0.623523888373776
-0.355767938313167	1.00641464877776
0.292911190053069	0.727290853593649
-0.433667323559637	1.21627595641599
-0.0168886509015211	0.0244810367619772
0.014132253915978	0.0195006302042046
0.270269487815783	0.511688109697165
0.311121491311905	0.64972326530526
0.220431240957285	0.43036322953574
0.0614288408384798	0.108231515886837
-0.0608712932380561	0.118694730040188
-0.0709011325757824	0.118516417835497
0.109838246227631	0.184854759285409
-0.295381057396798	0.535009607247593
0.542224369563735	1.25525593037563
0.24256557316809	0.443236549537625
0.53526405171765	1.10050207771345
-0.0745717172809745	0.087868305255622
0.188549857509483	0.301734182172538
0.312167858110158	0.466382375701265
-0.104294117427708	0.145281141744429
0.423926273263497	0.948776108006188
0.124899551917328	0.195081956815446
-0.0822022281572754	0.140161893530796
0.0479397543964333	0.0649205235845867
0.230249849001911	0.460494100284484
-0.0996229318921808	0.172900078284638
0.378096896149206	0.829130029902622
-0.272947091722156	0.479077785207387
0.222056647280605	0.338170616618821
0.188715330396511	0.318593822673626
0.138012466935026	0.247585801506893
-0.576458089302383	1.55771969435485
0.517209379720333	1.60833381980095
0.292579024436112	0.650421181354838
-0.0913347073183661	0.163886298120615
0.108993885984945	0.139010490006172
0.575914802725049	1.1985960397891
0.566996264659279	1.15714699442183
0.369696273064696	0.61963741076433
0.530573445786801	1.2564051352304
0.188249817149716	0.269164244890028
-0.144091219455345	0.196630428879095
0.317061098789776	0.467189357455165
0.250234250477333	0.361124009932538
0.242104472568906	0.36022599300587
0.365625251689695	0.643522255993737
0.359531424380872	0.575707670956339
0.402021176453668	0.626455394556987
-0.117654906539909	0.15093898859866
0.340863346202242	0.679227781572137
0.0946314834090838	0.155763367998056
0.57677218347784	1.13246686913371
0.058382142437701	0.0738221836712065
0.418600027223466	0.725931122067341
0.0758660522058571	0.112816998113246
0.154431814474997	0.245360358380359
0.194703895771236	0.368460334029953
-0.391537045110556	1.05312090082854
-0.0720755143568571	0.111238900971497
-0.126694381223586	0.238015642388479
0.183338325298828	0.328942011457911
0.158354392512906	0.271034394405672
-0.0329135022431529	0.0465246107962588
0.496938955159144	1.06126446812204
0.624559502560483	1.27556295898752
0.434372261208568	0.623532475901718
-0.395321523958947	0.750118124472603
-0.250834058151706	0.34244588713418
0.135631638445689	0.17903020107034
0.038203782849633	0.193767665044095
-0.225202812568398	1.80665480407463
-0.321562949455941	2.36623505859929
-0.58194315597449	5.66678484162851
-0.478400277298275	3.14089320268671
-0.397885484974862	2.29608591384868
-0.0490419460296548	0.132060980954846
0.0153195071077939	0.0330559073837793
0.0781465190364641	0.14119889390172
0.127295791954871	0.343921952997894
0.0180159456449018	0.0341032751883325
-0.220955695791231	0.693286966846382
-0.375175147671152	1.08180305919558
-0.148742522017459	0.33485974143154
-0.373383739821059	1.15435750419672
-0.585281078206115	2.12880887959128
-0.222470404562093	0.256311819005168
0.0196904635786116	0.0180951474708635
0.0573745246567162	0.0528610054649692
-0.174913896682323	0.16068130880486
0.0737514189202124	0.0606520132423918
-0.865856557771721	1.70325255068318
-0.221833704877335	0.521858067173036
-0.273531371273175	0.718791951343231
0.0903807479613449	0.165410770521486
0.386416671295106	1.04432008818053
-0.0740536311218058	0.124732942710792
0.150704379437088	0.283098666146668
0.170389365879509	0.293148790196731
0.204339319566855	0.357578006007152
0.469137463777872	1.19242453969381
0.265254855851032	0.47932698251499
0.180322711813989	0.310628873619201
0.0875681373517395	0.128872929986087
0.318804220448995	0.715235770070835
0.212177448019153	0.266528895827033
-0.240430181039448	0.279402753668668
0.295732151146708	0.267281123009181
0.250927322750014	0.477593423109938
0.00309637289475455	0.00427581306019365
-0.297116257227248	0.616375993108749
-0.0699142180172184	0.10171910359821
0.000798925067281485	0.00095507002866398
0.202066647720486	0.38230126047521
0.170237138903414	0.307844846861116
-0.254028007828248	0.446183501661329
0.10269216839195	0.146045440451263
0.308967903580624	0.64376087771719
0.118928332612148	0.193985932907166
0.515672969732675	1.18936705582533
-0.156113815673736	0.24023831291835
0.12047952139654	0.186169952077775
0.148638856882577	0.215321029859322
0.00907468847496613	0.0130351949950704
0.44753890392122	1.01579748708449
0.5222708227105	1.14749435526911
0.634146275189975	1.68465258077225
0.00285942002948892	0.00350145567180086
0.58907249293325	1.58952879332114
0.195730845137806	0.314703282051994
0.0170195989930306	0.0233495000034119
0.0280649446605277	0.0421894720631631
-0.0693562240288346	0.105642873615439
0.114518201684797	0.211725399806523
0.0680719280844063	0.105342232737892
0.51249946593263	1.08592553111575
0.324605601620533	0.476631856237966
0.436674513478895	0.923437850205388
0.593262306390784	1.22911380343563
0.56236870010642	1.20247156458243
0.590755816311677	1.39871455144574
0.108915554924418	0.16896979481726
0.217491135127445	0.369092281177622
0.000328671351002057	0.000396760758537656
0.0973499049673208	0.135589664451084
-0.0109162856602464	0.0124863141365774
-0.0213216105470815	0.0290406947973324
-0.8347020722791	2.01215935901563
0.108637784484847	0.150381200848303
-0.0428694322916507	0.0572991561661468
-0.136048268749752	0.239693474193286
0.325745943500145	0.68433116056266
0.0904290394229104	0.132143237102825
-0.0185726730591676	0.0220264859664875
0.365167801106591	0.784584360723146
0.155557715263387	0.219429945410647
0.296629445587051	0.496036735006517
-0.059203201564888	0.0821712974656563
0.278090487962734	0.526642401096436
0.353629238928164	0.66419662408582
0.161964254338416	0.226105367325144
0.738702759211983	1.79996164750547
0.474024262392119	0.765672604519424
0.0113766831166618	0.0508498606582956
-0.103295427760223	0.579639954640557
-0.251888248069522	1.70440985036658
-0.283256177532455	1.59227199977646
-0.186008518392743	0.856506927003619
-0.39833321492452	2.79817282301843
-0.211827384712907	0.84634686498147
0.00703426109520109	0.0184909410851472
0.07276343782822	0.193188942277963
0.417908572305881	1.52183406257052
0.271093123882926	1.07485538676274
-0.0420489484119643	0.0926520713172204
0.163563275826497	0.444022916107013
-0.152620230614204	0.36997854751825
0.0943463217481421	0.214052968991926
-0.0177663506474121	0.0335904418117952
-0.107026473676208	0.220220208468823
-0.146533292540757	0.14454741932255
0.251874458752592	0.31110610676323
-0.0154572676610746	0.0176256335354306
-0.064469789924881	0.0512939571371192
0.491316208515483	0.631560931057822
0.0529757503530426	0.0609749899834435
-0.414572881194791	1.32599047049086
0.00130425028961095	0.0021844027034842
0.194935615026012	0.420192734369497
0.387330276099007	1.14940797679062
0.308315402844992	0.691155409990632
-0.134722774168794	0.247346448457041
0.388802549530536	0.774312570672859
0.182539936237386	0.306293934086651
0.757765371080146	2.49639575400127
0.431721697033673	1.04075495993726
0.167772168982476	0.320104695665516
0.171067679714035	0.310220854274341
0.5004759609294	1.36528732450967
0.13943118079868	0.219538417137871
-0.0469554040194149	0.0482958815804362
0.613031557327301	0.840546602697336
0.101496823674769	0.165638934490366
-0.0473539399031437	0.0725779204985204
0.0576351056649062	0.0833005344676209
0.252305909711292	0.474459307339964
0.654249275277806	1.86642961575729
0.245446910810159	0.494480886349505
-0.0966038501520617	0.161093848588058
-0.175130244885701	0.294109849798324
0.388782291863909	0.825097488938825
0.485098936767035	1.26325581647986
0.150885119070201	0.234643442260096
0.287866782530707	0.544500977321183
0.377392970383898	0.774573102350339
0.216350384912104	0.355121785795329
0.0460727663673852	0.0602156629817718
0.236186202444408	0.415622775096527
0.155476353772618	0.244549303417106
0.0357370108015202	0.0404490332545327
0.349147649256736	0.67200332684581
-0.0463550640367724	0.0632204117841646
0.286160154023672	0.529974344398159
0.141651218227567	0.215032496446094
0.0162132655703473	0.0193072467980425
0.0995146860638093	0.150752598274683
-0.259770505943127	0.483973198655364
0.0566171046055575	0.0930521367006677
0.225101898951967	0.461432038460599
0.601656728032206	1.37096263951871
-0.0672330100831057	0.0812334274484376
0.333148678905377	0.470404736751163
0.757371942353434	1.84882439141212
-0.221448162113102	0.338651733927484
-0.0526071534588994	0.0676300995531915
-0.00995379547136651	0.0109132804123782
0.171946382241466	0.28694959872516
0.0868199886831904	0.121289866421727
0.588552372573908	1.40188009539655
-0.268758990567066	0.47843046827813
0.252673871300415	0.407963161880631
-0.0219490847240759	0.0305131703484333
0.206503014659036	0.269743629797201
-0.128427539828781	0.190956890380091
0.152464506413147	0.262891349100165
0.015498604523984	0.0224533817752776
0.116729077151284	0.163699767558906
0.016283511060402	0.0195553448326371
-0.151660470636196	0.209051519389827
0.444546533354541	0.893246380585094
0.381594545960062	0.663030026066669
-0.537118426991676	0.977110780644598
-0.0693721020522502	0.0943742253391391
-0.0844785048120346	0.132078940332486
0.0846526158568595	0.123342601335686
0.249133289156702	0.401266723367787
0.239770744511872	0.430072842912222
0.302703295625966	0.647970319570004
0.172340991203024	0.286843658854578
0.50383921551499	1.07935709323233
0.483190057997627	1.01556134226667
0.568486671184299	1.22652205911918
0.0137049275528243	0.0625819028569257
0.0164958421465167	0.06464110698585
-0.0495497832315576	0.184303892811435
0.147172547835957	0.72349144960506
0.0100703832174913	0.0317802490609196
-0.351385708685267	2.22958234541285
-0.277694084261514	1.6270718230192
0.20352455014844	0.891832765303571
0.364749975962419	1.75183357317196
0.133267882124593	0.366589928852976
0.545135089102719	2.9080376700511
0.184138590566019	0.574468411398956
-0.0871827695001649	0.202428316431868
-0.0601880154441291	0.125641747826138
-0.200315717616641	0.510918479999178
0.0194093191555205	0.0368430771506049
-0.201362925242971	0.456527594525121
-0.345812835731169	0.608667204794804
0.0192887664435391	0.0245750488091644
-0.0171520874437148	0.0196437516889903
-0.809968747052446	1.76937697540513
-0.569634913508837	1.00009205253155
-0.115105404697408	0.162419918298884
-0.328489868148913	0.962630293905909
0.0707675825912114	0.131280041426214
0.016113444875739	0.0241430730280037
0.030092152110497	0.0431986443978242
0.201262171695106	0.38436054713147
0.130137174043333	0.214168306828504
0.663074359059038	1.4430268693062
0.404748415613144	0.824122302404571
-0.132685254427272	0.195855100944773
0.0933997840027705	0.125583760658028
0.268777687988776	0.464295994803696
0.05531558807622	0.0802957953424857
0.434593916808852	1.06192627950733
0.0104548836116679	0.0137129029910051
-0.244000154831706	0.344463797473011
-0.18979236697211	0.213787405091753
0.266454260716561	0.524219741689909
-0.0814566318738947	0.122854700203066
0.28029350880098	0.512213022003137
0.0225743258086101	0.0276275315860123
0.0861070786887972	0.126055943243914
0.194361174250011	0.372675262314367
0.492462178060485	1.04291934769357
0.402140263767106	0.893669028379643
0.206857222343414	0.334800265876374
-0.00453172215845495	0.00654375559337259
0.282542763486646	0.504028927490954
0.120240293495126	0.150147536456706
0.336397161114661	0.591292466523188
-0.113731281577601	0.15942544534107
-0.0612525706674105	0.0789346206032579
0.162180165112533	0.244232748348618
-0.369531982047572	0.626894274078084
0.212058249839083	0.264845666070192
0.643238187107794	1.31915646622106
0.674899218226467	1.44021228742978
0.837916443326964	2.33541250762653
-0.0209463136613112	0.0229171249302734
-0.12952032011243	0.161720423959744
0.132021190592364	0.200927876168971
0.0992265776019615	0.145671562759295
0.10346165097559	0.173449388671519
-0.0719640798406908	0.106790033845174
0.133597729578403	0.234357141342834
0.745410220742455	1.76587345722189
0.538418343927487	0.746427777219855
0.23092119613219	0.296137596478765
-0.0956874125966543	0.109955161885605
0.161631625700301	0.209812796194467
0.663339110090894	1.4114170400728
-0.105876408993037	0.138278594311289
0.266067293858599	0.416406560202002
0.316352996285175	0.515946363938838
0.218188446860476	0.366754151372324
-0.0750623630333988	0.108666084413947
0.212145494591199	0.368136756237311
-0.195067367957823	0.294382684629321
-0.321009186143916	0.590786414455676
0.181861196093098	0.29529101052465
-0.0389773129006016	0.0514044355043431
-0.451722785817109	0.765579518525648
0.277816307525353	0.424325045259909
0.355169548908245	0.483488074331606
0.134378506112903	0.184067014894059
0.0733236654173813	0.0807334301773151
0.334148029094918	0.444731571746873
0.344735443568504	0.567005469023623
0.14129859332031	0.238824403230532
0.258154265281674	0.472907671470096
0.127564162516422	0.193310714162766
0.278601619821744	0.452653925100321
0.500895163938568	0.794206153413827
0.44476512448895	0.642525853529668
0.655655590175306	1.33656605459082
0.466414415803885	0.635327485393972
0.0575748652044128	0.315014530926299
0.0681028265605926	0.335134545701202
-0.0659353889549503	0.280447475642442
-0.196805811953582	1.23135515338671
-0.539724802716851	5.03109081471498
-0.26416494099763	1.64041967529247
0.450075193426635	3.17825376890922
0.389629611169504	2.03033818350363
0.25683542888846	0.820933347902394
0.0529620649517267	0.128980403809742
-0.204900344840658	0.596390379773588
-0.140261519741705	0.368985034210144
-0.0271054249692557	0.0483304462142868
0.140649819880816	0.310383666334815
-0.0144836496666947	0.0271466660314103
-0.425512928210726	1.37860842714504
-0.0247165044334809	0.0227758222950774
0.713369512963421	1.33242183132313
0.430410283502835	0.642625201973307
-0.391411499237583	0.47155448440825
-0.253598561109455	0.294681852899739
0.344327382993842	0.568945830372365
-0.177006381524475	0.388080630672428
0.140579935647044	0.276949092771593
0.643750696170775	2.1152274154905
0.358759452703857	0.83965060077376
-0.292385390704289	0.58326145996263
0.194697441698489	0.318937800933903
0.159101749602598	0.218909171283082
0.361489084556739	0.587256792273459
0.0973880530639617	0.127407452504461
0.558570882628206	1.25579828072605
-0.280278579337882	0.498227633218134
0.536271054216271	1.28042235798968
0.0113608850195268	0.0138639903698502
0.843079496558634	2.09810777681477
0.26908892194602	0.339403956063067
0.287484157831542	0.305222545833376
0.0878088965993316	0.121468656901582
-0.0676810664030554	0.0970473592269166
0.0217772620383017	0.0253170841587746
0.355189498292398	0.567932530849836
0.580688839499328	1.39189663985918
-0.115198094305315	0.181204310803633
-0.0210202233202047	0.0234524609774333
-0.231801270827987	0.315750200349844
0.673373919987739	1.8201568878968
0.0785261210269536	0.11071232384157
-0.0993660280569216	0.135093257327098
0.097627891059035	0.1178888883673
0.227978485485414	0.321964906124613
0.120319346565314	0.161398655273272
0.0859266450108541	0.100675601219863
0.240928442194037	0.374079366193204
0.181211225621627	0.26760734517881
0.201637471158768	0.234170093688085
0.453709565296845	0.784928831991226
0.329125101596327	0.473897485219931
0.0795572999600594	0.110974800926362
0.41134545474767	0.694668621675046
0.160939878848405	0.2184848118906
0.00354187841751283	0.00417303904133648
0.261156416299969	0.416204380586428
-0.14243164378398	0.23447175422909
0.0449805429023267	0.0665126916975227
0.0598457801228208	0.0884138660368609
0.995542193069224	1.58010612656172
0.973501237692732	1.65165799466713
0.319666086706744	0.381485331760179
0.0785925103012285	0.0743247661535832
0.102042050729976	0.111817901395716
0.250040111447792	0.324937806372126
0.416369008722243	0.714026705877451
0.0684187222628065	0.0870648836255438
0.704355885580928	1.61782248914782
0.206185644235287	0.295719808726375
0.00423514127481001	0.00520074975613456
-0.0788345765318729	0.103808259135716
0.0219551031697721	0.0273092163762524
-0.181794993844006	0.229883499318996
0.253033119960626	0.352507907309883
0.572965213461971	1.21296473518657
-0.0872281034259037	0.118400279623305
-0.36152416405694	0.534369204367451
0.208071915554973	0.274500611688844
0.223684934035467	0.268918953137775
0.112638827897561	0.134393552703737
0.340906275109071	0.467943917273934
0.176113310725579	0.219690058384408
0.300277849749586	0.397775776173142
0.243427833631818	0.423063366603604
0.0576387756628613	0.0814101058432784
0.0010311488698757	0.00136170050890343
0.576226696333096	1.15245510958181
0.452810471413841	0.788394873344934
0.269789567425594	0.257311824146667
0.150680764627232	0.124911400699992
0.069478633961689	0.414258345442107
0.00393920468789867	0.016291619875384
-0.37157721902971	3.86843225269575
-0.550665773953012	7.04187426879329
-0.0170123523404788	0.0547405430065656
0.549598798375516	4.08038535296435
0.374717191063782	1.84165715292773
0.390172958430151	1.93708704622432
0.216819879025197	0.686458929059213
0.356193136781437	1.37100132229562
0.171346546878322	0.41167231957967
0.0826595598066818	0.173301542046864
0.138527193447208	0.288689896879387
0.242025088135168	0.622823365042629
-0.0237321933210021	0.0379290969305334
-0.357800286153387	0.916791921083639
0.19958800979642	0.355003658985867
0.239871759048061	0.45122985281363
0.478217848952848	1.15647146093554
0.498466665098423	1.3271641352233
-0.0820868033093452	0.137354287312342
-0.296401689473832	0.745756758281183
0.236960992984488	0.503437362496299
0.745366062573508	1.99459380497486
-0.129212514897348	0.147982724150163
0.694478361428627	1.41149499591195
0.236253451670278	0.346544005348717
0.0249604138295685	0.0223308962364911
0.436564239673457	0.626718816231846
0.912179405063429	2.12349278647332
0.220557316643671	0.272189103211857
0.628801319499366	1.08192812339609
-0.087970331875726	0.10654485477992
0.263391491321562	0.39114060418108
0.360359690954304	0.72234370838431
0.433340494450307	0.783482411422375
-0.264274689908111	0.469210952750051
0.565819474377698	1.54806624533604
0.722866036470876	1.72994294411153
0.38787606196511	0.604210216630749
0.362415498031697	0.442619856869345
0.5969784544662	1.05172903457419
0.322040449767708	0.606045875825545
0.64960586355253	1.34983832022931
0.26174084414288	0.536077111285962
0.0337860772021452	0.0422532627532536
0.337509917612152	0.631541930375707
0.175690984417673	0.205357388082976
0.355500454180497	0.444569272054976
-0.0704277542513477	0.0727755863828791
0.435072762452395	0.538058230783943
0.486304700134516	0.832297883930791
0.0119630806891378	0.0134250199031948
-0.0260266224456105	0.0238516884874162
1.66977311898491	2.63329635590133
0.155179323647995	0.155500883147329
0.164698234702792	0.161488283652125
0.453781603506951	0.645623522672776
-0.00773755100372548	0.00651427730498879
0.598281408711177	0.831586353611086
0.204705614503697	0.235785852837381
-0.0398247177334216	0.0396474551895261
0.330310895905469	0.531984262477696
0.157641662487234	0.252874798110654
0.355070547996134	0.807331287857771
0.822111048921988	1.22438057335983
0.048530825636902	0.0423791333404951
-0.146782097096944	0.135331381544613
0.0619455698094427	0.0584205512648388
0.559242228232443	0.900087797728316
0.147360128808452	0.178524690528272
0.329406073845374	0.486874947099476
-0.410830776789293	0.754918118640349
0.227780827180983	0.393508903640659
0.083565264508096	0.101693345566117
-0.164418118918392	0.259080623733653
0.0456870198437532	0.0596040400640146
0.285260316106275	0.453654878938269
0.408259568396024	0.573859117112273
1.13592642340173	1.93219400759304
-0.293915706888055	0.332132778904803
0.0925534858543912	0.0845805438267598
-0.332487501048339	0.375201894636917
-0.00874039084808333	0.00639041314150103
-0.0954483129763316	0.0915977544143189
0.0538000811781207	0.0489396232928392
0.412007979925717	0.80518602764747
0.252659286064518	0.371358017486942
0.393744018168181	0.52240722880354
0.223324308133759	0.222756262013205
0.385507919093742	0.457631110255082
0.743363429949176	1.11293530473115
0.385960501100732	0.886686409998471
0.385657329835542	0.526816794252485
0.168700904067144	0.166910936401761
-0.0354734852615085	0.0349069074682024
0.442140792214654	0.545964101064689
0.000724411036230524	0.000695364576245969
0.225436527573759	0.301810862896615
0.338553499596523	0.366589518769326
0.300809004135965	0.417941664259436
0.00120468387752844	0.00540284663485173
-0.165137374120799	1.25160702753916
-0.424500590408528	4.85002503741726
0.289809410967132	2.17321462274605
0.387934791632633	1.89271895639516
0.586756668140439	3.18638959625015
0.410722898578815	1.84204585011255
0.107698598097867	0.248049110242058
0.132236429159367	0.31841074293833
0.363158920168443	1.20990619150588
0.472251136877669	1.71744350456801
0.0561601712178279	0.100961283627818
0.205902070967301	0.422418534752297
-0.168617672457965	0.301234054000244
0.334132678465915	0.794417786533818
0.222982981396399	0.396896650337574
-0.278852288290185	0.562143587234908
-0.111008565387686	0.195141942689375
-0.078018669389598	0.153049464349666
0.570240218954705	1.76618361503232
0.357079218588751	0.758602490336495
0.958981238484145	2.89838114750041
0.677675050523011	1.80774028432198
0.284242710914157	0.493962391101283
0.0812658277764953	0.0940661995804006
0.531274776710628	0.869973293854638
0.187078551625714	0.214132894353197
-0.245208182152561	0.287938283444553
1.03151591745651	2.54922694622497
-0.167743556384601	0.244070410180027
0.28720972636709	0.530440240453893
-0.123009253343435	0.187842348482318
0.115530610908329	0.160182876780963
0.145297671273263	0.20365615931692
0.604552612736478	1.79615639848904
0.22173240246811	0.380693807351223
0.112803676795142	0.122855815250687
0.522909691281712	0.968874973204479
0.0218505970461188	0.0250245839617595
0.517698018816245	1.2521640461787
0.107418490709915	0.144673772770911
0.608192724223702	1.6036517267991
0.251622957922305	0.424202042852492
0.349217843880963	0.729432563249343
0.00536115017879385	0.00582770204700766
0.00855208603234881	0.00804371345580042
0.560536348043299	0.902413687928672
1.10506806581065	2.50359403033524
0.0205721206812449	0.0223026873249018
0.255293187927352	0.389355903466872
0.249693590582066	0.346527787495512
0.425742224507936	0.541637453347587
1.15730265543251	2.53963952182041
0.100047867285026	0.106694589815845
0.990674791447746	2.76338108404913
0.114210887349538	0.114342132889299
0.262330891860083	0.31285620664095
0.188207900076847	0.217568078069999
0.377512702437009	0.70019660364947
0.136483299586185	0.208109277855157
0.350204531433277	0.76817532248566
0.163389011104843	0.27781641433974
0.111827192899287	0.175462970226685
0.340943132557287	0.370588381521326
-0.123906004966081	0.113725411779762
0.800338551092987	1.30572012882002
0.328500536016043	0.36545821490989
0.361614149644511	0.474054087131219
0.547918785913549	0.9991721724365
0.808567227388997	1.9714415576162
0.437142919786331	0.666136113410875
0.345398696146107	0.615902426710759
0.140000779213505	0.216911606795326
0.0484734707578326	0.0617817950874013
-0.0976572582690804	0.150610289433758
-0.317836045918728	0.551097115093584
-0.120039059316276	0.148393963319193
0.101922328554736	0.126354574467594
0.546863150182309	0.81361939697622
1.01820373583137	1.7982392175681
1.21432870795993	2.07143898205716
0.0642889699835902	0.0701652216339335
0.632605763353535	0.954449518729172
-0.750768661300331	1.0357194181151
-0.387542433153516	0.535841350162163
0.0711029622824365	0.0888641957690064
0.0212258193023982	0.0254035652015185
0.0984671492218477	0.104371135628943
0.604463728764655	0.925851876544962
0.538269366214701	0.823473016123749
0.293608045659741	0.399207910014196
-0.1780725889889	0.295013126569904
0.148210192960077	0.18750180871092
0.496653856714192	0.732316507817322
0.711035006624385	1.46577782401168
0.471500719079278	0.723233162826112
-0.0979025208785083	0.103674839369602
-0.0665674703792055	0.0697195506672528
0.748534294172719	1.25519400420226
0.0291187692349778	0.14719647468321
0.0282182250262974	0.125553906346116
-0.230881290765969	1.65591884052877
0.449578658242166	4.93892680101671
0.647042994903976	5.3753276097112
0.581947457254479	3.52709436332102
0.5422407902676	3.39356998848023
0.421511367885953	1.98446493733846
0.0858523378870709	0.1975192897028
0.0590622699467741	0.128987534883204
0.068367435328262	0.137419124004592
0.410824462388135	1.41986839381044
-0.120996762552752	0.255972495935425
0.112986692870185	0.168462828784995
0.142061647407581	0.233328203577655
0.0617192062641789	0.0878908476743533
-0.809323391810423	1.88385181639818
0.217280841084686	0.364878113397619
-0.167338434306205	0.308177977728931
-0.0617955933966707	0.119414746020788
0.409026615566818	1.07582729712551
0.670082096121154	2.23573017126508
0.402223990227727	0.937243283677525
0.477584806415176	1.0499019774962
0.658652012976145	1.56207694069558
-0.390324834191182	0.518534899108701
0.0353888513123624	0.0410517461261603
0.465959459133683	0.939164274283682
0.348024401828047	0.632464586419479
0.695775768364236	1.73976326599911
0.137937774130281	0.203699474506421
0.322581128596542	0.652315716857845
-0.459229331191882	0.909597256602441
0.264978809972144	0.367209067820269
-0.148911215519647	0.196749818696341
-0.217836917248765	0.40845642176326
-0.368886262960124	0.706991511348571
0.226395062291085	0.337021181664933
0.991379407389736	3.05270349651172
0.23946901379633	0.394450760541875
0.33553379928378	0.700325530152538
-0.0516051501628845	0.0629031612475481
0.0995697833407203	0.141275927529972
0.285871443609581	0.503460803321476
-0.0529148860176031	0.0688133620817126
0.374432504878721	0.540417483159536
-0.378226603309002	0.564364253998267
0.266370520267038	0.326494336118584
0.347436885315133	0.451565267161186
0.558915479873266	1.11878012574933
0.502265307385213	1.04306969125871
0.712999053391569	1.48961275950315
0.314121068324796	0.347471956670358
0.0952689004708876	0.105890594041141
-0.417162417734129	0.566531034548871
-0.0998286151419909	0.121481713312944
-0.0658182157980032	0.0681573760110987
0.0926811155444473	0.0973300521354428
-0.366437200276351	0.614106866902184
0.75514682770179	1.67410899064636
-0.253588610617012	0.454789862414307
-0.23488402101953	0.418499676925704
0.0758453704482187	0.114356320174807
0.304032516535784	0.488204915378272
0.565303484541117	0.7464755262855
0.42701909741358	0.546233425446368
0.344027877743684	0.495410094727932
0.0174524243447483	0.021466971559259
0.12140945349355	0.16712886677177
0.045070066517563	0.0595576229652113
-0.134326416169158	0.205569835842069
-0.421342927667269	0.843835346410257
-0.163371016042395	0.252229780558562
0.222867167271937	0.366428134104422
-0.0391956098536505	0.0471507445316203
-0.00548317899001393	0.00599274996315031
0.393164655171771	0.569932461577778
-0.176851580245013	0.187841889343178
0.303468371649441	0.423775426446421
0.164708742944925	0.170167460285786
0.271698694341319	0.360497203898168
0.771512229781513	1.42510606814582
-0.056269360020569	0.0775051809800006
-0.13785867921681	0.183384397216053
0.361227324373455	0.56870160199155
0.500818136709507	0.807588848871144
-0.0211524520758884	0.0224549506548487
0.0496725798126003	0.0481821247424332
0.236567843447619	0.43539057113199
0.211114399770783	0.301210052629639
0.329235406285551	0.477505572893713
0.360825060161882	0.483320198703344
0.418047499684475	0.536543333261636
0.155394923978896	0.192238345177502
0.391674521058712	0.574824670164169
0.134118645853114	0.147823699215865
0.0233953891801015	0.0252810713684574
0.0610960540187214	0.36699704455351
-0.179160698706206	1.47922732773532
0.616190466254363	7.93616522308509
0.560787086054267	3.33948910077052
0.454094609392011	2.81906625637615
0.37926283862867	1.23692730060621
0.327840216466715	1.26390827182725
-0.169594538376808	0.354096670489273
-0.0337859460857062	0.0661622200572183
0.111789564307094	0.202711028281146
0.375120347781767	0.953675095334201
0.028915644319955	0.0469995230062336
-0.0277503565948779	0.0539278792648783
-0.0600201344713074	0.111316055449305
-0.112325490826464	0.205314830307588
0.1395048003032	0.29143694522634
-0.153291651305743	0.355517889839859
-0.0496044997919845	0.101453225188823
-0.045308272923055	0.0713158433056491
0.474565656921359	1.20419140873317
0.233429658387568	0.334338519353474
0.4515793749238	0.619994355370856
0.36988017967565	0.538934526195661
-0.0824720683194095	0.0855557455465343
0.535253267719205	0.657768013704928
-0.0356871690831147	0.0291019949505505
0.284784880525022	0.304519104984815
1.15381136205588	2.15452962464703
0.0863733059785842	0.0903052880323915
0.34849957958911	0.539490527426597
0.442273178710285	0.786768437484949
-0.158154474122657	0.261247206608956
-0.0125011234593573	0.0174275309376276
0.478853252250445	1.42265944188584
0.487316391452516	1.36870427276223
0.323430293269984	0.483880145224678
0.135929282468316	0.149952526417053
0.0597413577281461	0.0534833647921611
0.00674670314571914	0.00571937953987456
0.331839789906201	0.581307450645435
0.961125911215332	1.75188455621252
0.732769601528073	2.48037673049393
0.123778449724182	0.173271728618776
0.227824929710335	0.357497373193148
0.693366998290401	0.985869945133183
-0.380300167521028	0.378427673405995
0.455082865500962	0.45277573165416
0.355269185221068	0.361983107372676
-0.111707995032212	0.123071719738493
0.117771068587414	0.135104022442577
0.769421144360611	1.09243003998659
-0.14615007819034	0.123898693487516
-0.0831709007389119	0.0657377875926885
0.417170128857676	0.354294238632121
0.743393325650595	1.00330448651047
0.21842935146281	0.159427699667998
1.35502169315191	2.16029317341777
0.20596100637943	0.199258668450571
1.11704627446562	1.65525234371512
-0.131466790795743	0.1430675533366
0.223591755768862	0.331199314228882
0.0382893877325758	0.0548204480956192
0.377785346957442	0.355032746770886
0.747322732322697	1.60314060642143
0.208894071684631	0.351581169230808
0.211991411155082	0.267170421886155
0.0876498109417203	0.156606522240369
0.297466997484871	0.514381297452046
0.0781135239384943	0.0797167706609391
0.786781988042843	1.20209300445693
0.735952578320781	0.905825874155353
1.57803743523235	2.14630648911496
0.843501581401989	0.986080704188113
0.211877210434459	0.190519216550925
-0.99119846844891	1.1668541294057
0.124198212107604	0.0915220272621568
0.206932340521332	0.201991249622235
0.569249662743598	1.38195322444128
0.665720622262418	1.30015265828985
0.436507305201465	0.449252019462122
0.671610984872433	0.884192272449432
0.219723925120793	0.185216606713036
-0.0218725799316866	0.0159373136766007
0.266420596652498	0.494672132556716
0.319337697169431	0.403450035630126
0.899485302338537	1.21651391790893
-0.418340133138346	0.520706365155881
0.0605305024037024	0.0480063295762444
-0.426788154198606	0.476879193454936
0.352068291218576	0.479651682604622
0.224283891206272	0.454208096663294
-0.121951783336083	0.198525722192632
-0.559271531880422	1.29678368508026
-0.00903225167864008	0.0123512281316152
0.376443972008327	0.838580880338658
0.191917922611846	1.8107540605564
0.417672895769608	4.95909186168397
0.521438735672237	3.87982885129055
0.521727468948442	2.88962008673033
0.503074325747981	3.23110202058757
0.389752901170653	1.22884170330038
0.471217726635466	1.97693514794288
0.0227949278591181	0.0340612722932009
-0.151502539539918	0.365777252745373
0.0416255482094246	0.0625713798302719
-0.0629676476306734	0.0969603703338554
0.0900834356345136	0.14119671816883
0.332494962764528	0.962126258448237
0.1517181381847	0.313166889000182
-0.0314440347536897	0.0563275994524472
0.277529241580825	0.824283924965877
-0.13020575364078	0.30232214392147
0.464025590528507	1.27233856780178
0.592673285475582	1.284736585216
1.0337272603486	2.26963912935904
0.322930525137078	0.345589309291378
-0.430339768500625	0.527345286686608
0.0351623903900777	0.0296497394739235
-0.312193934405379	0.286562395070751
-0.0254691649779277	0.0213878156844058
0.594936978493682	0.758442233067299
0.289387813346935	0.266867092142039
0.27741916879937	0.281944440199663
0.220937364660061	0.227611104029262
-0.0580667382015601	0.0617821036347949
0.0607088450410946	0.0871168806804243
0.000322065715610696	0.000349477428004388
0.239198026961142	0.552512953748525
0.00287224470415185	0.00360872874983025
-0.2249854654896	0.248932781437829
0.222905064215996	0.201789371732251
-0.244152931257109	0.213849386961062
-0.454117228973248	0.576768030152684
0.530820430581318	0.822240088877577
-0.205755871476308	0.167790788614551
0.0781878871813485	0.128346752967697
0.00330477448700525	0.00389577455586834
-0.171910579686369	0.243087689190626
-0.833116385624356	1.07046210529062
-0.207418708922932	0.168942744662753
-0.366652114789168	0.3353586902895
-0.783022920910774	0.811931633298514
-0.133148175938975	0.122905878748504
0.214040670174351	0.225056742756259
-0.835443613299481	0.86873389769283
1.02788799396465	0.855722438108268
0.128491874384862	0.0956671050469341
-0.185100945371747	0.152561789939257
0.369051464162784	0.36459209425981
-0.370983431979934	0.30208134450364
0.216001728751989	0.128173690382543
0.479127671292612	0.347510149731061
0.223605965243643	0.249214127228219
-0.0398821279849994	0.0364631174672159
0.31960231335284	0.372229739665117
0.331396473342934	0.389641864624393
0.0584812377514434	0.0611963059665213
0.266710806738772	0.464673036707637
0.683251363059419	0.88494711767471
-0.333008237407728	0.282172264603855
0.415949625011028	0.353312522166268
0.00319565179618052	0.00211156581898343
-0.283342122987441	0.218807407099945
0.0709759750849082	0.0349113346834094
0.225274219910014	0.149337363864018
-0.613599309252276	0.512795060105943
-0.697642115053525	0.629561960143446
-0.410258090016213	0.8126996812682
-0.41663701290493	0.622490660451621
0.825025491447917	1.20639858076482
0.380020483660508	0.238254469718084
0.665227914398526	0.708621650095408
-0.487931651066215	0.34644063734604
0.142141625657758	0.196528717602805
-0.340445065437127	0.316790267550955
1.23759414956143	1.47826358306072
0.351839273928688	0.346486437814294
-0.284936785088892	0.222349882252695
0.80748076959179	0.953559327905041
0.406416204937488	0.540526444422357
0.129700486947675	0.22450026779966
0.106367249589442	0.166487454332509
-0.0255295028109367	0.029490220115009
0.00834576208506999	0.0104288280097112
0.143756357451291	1.12876255556134
0.102335175678073	0.5652194338649
0.129878606551038	0.613498723722362
0.23158397776171	1.03925540717222
-0.0228320447076047	0.0671340085939403
0.0765088413203011	0.24346577215809
-0.261069334588037	1.18494356360748
-0.571611514849237	3.61752146346617
-0.0290380717378916	0.0681144564290571
0.417628957981033	0.900352995203727
-0.22486735381714	0.360916011265619
-0.0319428320682431	0.037087813870572
0.661015879816319	1.12478036094851
0.0803280560044774	0.117927474163569
-0.36037329621685	1.40392051809234
-0.163910303057586	0.415620027931715
0.219245767262423	0.54051832659297
-0.0831287306857013	0.137730184628044
0.654166061561239	1.92104860610779
-0.0845779958879482	0.126508583752789
-0.495950334961035	1.0644758134656
0.415611840128471	0.818743104047398
-0.00600224583275143	0.00752774412111919
0.345953236177656	0.678723403625186
-0.263767954100408	0.512528138279487
-0.382826307160172	0.835497592929466
0.290409160407278	0.56309516771655
0.193341437838155	0.295523768152763
0.343770132881963	0.458800637984702
-0.0330642854637536	0.0303856202932115
-0.422622436120256	1.08354819686201
-0.566713900537136	1.49435635511723
-0.235662058933692	0.425136984534191
-0.058579850274371	0.0702296541878115
-0.0997272709107793	0.147549693174892
-0.28526669052369	0.57189165965695
-0.32576286168017	0.667130816854575
0.573243839542995	1.41687334318592
-0.131058666643477	0.178830553215454
0.0574107427717882	0.0866410731120364
0.122465354795888	0.158937052693838
-0.502939041450879	0.962051301586713
0.41278789577364	0.690356640839056
-0.141148384233483	0.20126438112022
-0.0340335913225749	0.0406771779170578
-0.499698085133383	1.00822862680766
-0.166320652195379	0.221518249400342
-0.306445356209905	0.407611205146129
-0.363222753774083	0.623272288615838
-0.441617229093748	0.75706636582994
-0.362590021452132	0.680339279664693
0.291587685611742	0.419171857797691
0.245235559300909	0.434238573989334
0.244609472101826	0.385918080716473
-0.367125211106772	0.737801757354271
-0.456750958235392	0.943187906566152
-0.354756907526199	0.534951456942321
-0.135619002243125	0.164555643944463
-0.552377677471942	0.898886301685827
-0.0359757482849763	0.0374035362650015
0.0206589931398378	0.0192487241076528
-0.148867831251525	0.159450773126889
0.179550135927559	0.225247474977704
0.25714828644992	0.478305576075585
-0.2787038932131	0.470721993854286
-0.340794494105312	0.515296823875731
-0.29349152570745	0.444169647906718
-0.0890542900891154	0.111412090922406
-0.0880229558414429	0.109648685617593
0.146873822908699	0.207401184803163
-0.29930439205476	0.545578516683476
0.0900697802525356	0.0951723556587876
-0.198165744768805	0.270954712961484
-0.157526681927718	0.175934919662307
-0.335713093386098	0.525518813222198
0.693549654346173	1.23457176288081
0.422420253106176	0.535128886843281
0.618734720125272	0.771865959339561
0.887049380024824	1.84353067272816
0.557791969861803	0.655660591237907
0.173004427326988	0.201198703428758
-0.222492270747285	0.216447065346517
-0.319356345855501	0.397663047431713
0.218659847018074	0.270102943813864
0.290366061421747	0.425944412871748
0.379942483093442	0.727806655192558
0.0530789606995575	0.292183988189026
0.104868413616267	0.592322091183096
0.0347534033743014	0.116642639461569
-0.0293320530954997	0.108571053646976
-0.226839068196582	1.28624123956183
-0.49683133965083	4.36894322604281
-0.0725194310067911	0.114499865996777
0.130001100335627	0.209945516703164
0.357495970106809	0.584016206818275
-0.0222224075383753	0.0260373275676748
-0.128010022618946	0.226433956626045
-0.578969137323315	3.46616351348385
-0.0251221065705534	0.05475594232999
0.193557170593457	0.549850954197709
0.0761381388108519	0.151124660450161
0.142267362368463	0.280719079455941
0.228087800325069	0.55619377238875
0.143352215926193	0.233984763736424
-0.658804426694738	1.96946740463694
-0.213460791949409	0.411693041576671
0.147129697893825	0.259916155352904
-0.0441875479649174	0.0687943045445643
-0.009302765364582	0.0134277995688022
0.117649074718222	0.202572348644421
0.233095618026573	0.408756311726956
0.0317131382135029	0.0328920377301744
-0.250918384869019	0.269596465817203
0.227806882702468	0.482972082457358
0.243941089327617	0.570823152814459
0.368699956647743	0.88700212532
-0.0503267680009764	0.0673257822733106
-0.088697591543045	0.147096429956492
-0.336865217186957	0.831968543113458
-0.487922164928794	1.25138824461445
-0.0280526436296702	0.0368187397478833
0.714498682868751	1.96388633622593
0.612039164723173	1.89280569870184
-0.0431851905517193	0.0582168220831246
-0.156462236743377	0.256662839078337
-0.175905590603636	0.292522184894338
-0.00775534995403288	0.00953538339828209
0.0326547712769942	0.0434562700238774
-0.012985983048166	0.0173958853320934
0.11814737929233	0.183115687984912
-0.121145681905371	0.171241019067523
0.758719730533597	2.18152180030368
0.118002779392222	0.177520770569725
0.0260809162946076	0.0331001361454192
0.10319555887942	0.135488291963366
0.7238312645442	1.63709682726843
0.213503301983258	0.28544315136782
0.594293834028302	1.17628003520177
0.633464236303058	1.35896902490608
0.248581198234431	0.504023612146771
-0.0279467543460283	0.036921366223298
0.281237844744442	0.466460338797287
0.0753180845465022	0.105964794490825
0.194669824280276	0.269012439830221
0.0394349785754334	0.0496248296238634
0.0800025278508096	0.101220292090526
0.278683718185485	0.424413177973062
-0.453661980041424	0.876643397865626
-0.309369584211469	0.638267170593248
0.0560965289856582	0.0806457449489412
0.202675875119352	0.327869255998271
-0.142821108702445	0.205867042240529
-0.559486147273809	1.10250203430923
-0.432028864954151	0.723877461553919
0.0991535755684897	0.149709279416733
0.0460821129874687	0.0602260899801645
0.384551058973854	0.592381770349454
0.0822639087078361	0.0990603893841781
0.0657536353333091	0.0804941952274042
-0.01235388055458	0.0143377451505458
0.302820189687611	0.384942917554642
0.1845429388223	0.205765642339763
0.875599628614794	1.19825371339825
0.614415740143939	0.923666783600618
0.474730070399459	0.639377279313529
0.0777877362364301	0.0628380680377493
-0.0187503641816733	0.0172390394015038
0.0087403588959439	0.0392895031703991
-0.0775629071406675	0.414358697540174
-0.163028624046189	1.07754427501812
-0.289056280372587	2.22605169806871
-0.205283944997094	0.462699591136182
-0.115955303492293	0.227886033744851
-0.184688102187833	0.29319268390373
0.352788284600755	0.763768261112565
-0.576877474626329	2.21139695540145
-0.474738636946471	2.72523309979532
0.0507455657816945	0.117520409063689
0.0726737924248843	0.149741328435931
0.354361117564468	0.921382709949522
0.334875188632286	0.682107435214244
0.0984034013398467	0.155270284125895
0.0109779029942065	0.0147165714272116
-0.0531372178217437	0.0769235306189474
-0.0611051934687179	0.0978673161011274
-0.0829563928057792	0.136959622416763
-0.164920172491164	0.294037095256405
0.255876948790797	0.463234545244519
-0.0693589131068951	0.0862055919345039
0.261876273717333	0.396476651115308
-0.0340054422236917	0.0571493016068289
0.061090112743498	0.104887066194725
0.12639069740203	0.20661388781281
0.617554837836694	1.36766772010955
0.024942446951341	0.0353579871077125
-0.185730831830417	0.374988352426461
0.366976176359532	0.79081098916477
0.16400215691884	0.282900554422397
0.534424409894143	1.35589662981556
0.373081637143847	0.856291830917968
0.242364381056453	0.397231066196849
-0.607006776324647	1.23148994902681
-0.507574934061828	1.10265031161801
0.172717947758831	0.240082434874676
0.438399112871911	0.843644818639507
0.112203489907689	0.177439186812998
0.135136834210868	0.208288451339336
0.0100675936160609	0.0120187238699326
-0.226859604656953	0.381271647484517
0.205717086824396	0.317199485632071
0.407239249909043	0.816558915121928
0.34889646870344	0.563592335742418
0.42820030793309	0.60857549131256
0.108396360817831	0.12359214351214
-0.127699514657964	0.136321263266369
0.282386040097094	0.428743882424391
0.526889532771325	1.23112809287802
-0.0402008628559079	0.0472765116019256
-0.0111043441548171	0.0120952707911155
-0.0713760045214964	0.084547455666511
0.0721402817372822	0.0801702365144629
0.124779071128981	0.134979845828751
0.0917472901386485	0.108720840858759
-0.203272657856723	0.27585011001065
0.416156212860544	0.886908352144535
-0.00868948524719763	0.00979454962217817
0.0868526662355907	0.114483694914085
0.566753862308076	0.900887828646577
-0.122532119111269	0.152927037156306
-0.305767973336651	0.462083670713977
0.155406582592998	0.257853212873371
0.0765425799357997	0.10694950353799
0.189002776716226	0.248603341397098
0.331407015294055	0.595546680426251
0.196146760216112	0.244450740636772
0.344431735020736	0.580924059932626
0.405970098907201	0.610568287913889
0.663198953491418	1.16481389071341
0.510450624243933	1.01139164322763
0.576465363852202	0.823599296788057
0.836207668864165	1.78989225537461
0.0812989244986452	0.0814595747011406
0.291577644759997	0.398459176135209
0.269577901243799	0.491623775847663
-0.00723807799354625	0.010973695630027
0.284989917597493	0.676134601292512
0.00713916588330045	0.0332374189582658
-0.120532515783889	0.715426735512722
-0.341151188916546	2.90802263138431
-0.17480473611568	0.593706135627429
0.141456351392249	0.381017030705359
-0.192261723481406	0.537387887354307
-0.0640817518236722	0.14232157513352
0.166493202475477	0.441312819795451
-0.384044015701231	1.84356837748412
0.15531753559939	0.459113169148124
0.295318292032338	0.413956460429857
0.98475384411636	2.32560986265213
0.386627537392018	0.647537662446446
0.0185881024804249	0.0188715436458018
0.0376427171264916	0.0411355605056376
-0.0867782617909926	0.127871328278129
-0.418351781474728	1.00626351860674
-0.0376072769794017	0.0601260669598589
0.0141463366217432	0.020287792609422
0.258207548294948	0.639645412990395
-0.0446960155505318	0.0737649802085036
-0.0834065759189798	0.123009541361365
-0.20161882864639	0.299342960891539
-0.0120411680823088	0.0112366128858985
0.207779275895276	0.276534298762396
-0.0601557747349055	0.0794937782746193
-0.158371875298851	0.208934821598215
-0.0398258088198404	0.0610831294867057
0.35683684383455	0.836967472820597
-0.144464359643653	0.264432869937665
-0.163897668740423	0.199136325996069
0.673409347274186	1.12847227340056
0.0763481276077822	0.0731503175836295
0.123731018804478	0.122306618409859
-0.0187515811202815	0.021663492588041
0.299763172371183	0.508689744513813
-0.113953136249997	0.116067464198386
0.216094519016904	0.207244831295671
0.523260263374777	0.730360623277057
-0.0630013041647619	0.0603788334796112
-0.325574921898297	0.371354385273987
0.876109151058552	1.32265979623017
0.0875871629219353	0.0794258359885434
0.168695700455659	0.17444934559892
0.398151059539598	0.448245356449134
-0.094637758956007	0.0741773210342049
-0.21071614472722	0.218669164625628
0.344600287080624	0.501553776590765
0.46468900122226	1.14194422394366
-0.0551678073801756	0.066875471151204
0.267250710276143	0.372400700060337
0.0100029772757166	0.00760541913432764
0.142556976951379	0.113560391071918
-0.166299040358388	0.160712886921455
-0.144091303850657	0.156389003359994
-0.0693656549754023	0.0545844534465133
0.0825831420296892	0.0671263695224054
-0.652786616125982	0.821565051614239
0.116957823361938	0.193575908654282
-0.302387514126048	0.436836115489772
-0.47226783228582	0.644623311635617
-0.250078131352036	0.256750722009437
0.46770073311044	0.523429145731883
0.641047049688684	0.875833440659203
-0.517486504527619	1.29974052866312
0.494154170639085	0.724005930558658
-0.0608738065736733	0.0547141380885411
-0.062868905360049	0.0651767349189094
0.0177131353724934	0.0162647075359603
-0.184278479971278	0.219337345515014
0.424176005619241	0.846680355720093
0.36866553330565	0.757940563075895
0.339248667815471	0.679028106389823
0.228798427532752	0.425456653730435
0.0341719173502042	0.0524510200876999
0.0719886451760793	0.0952002310900348
0.42562868804953	0.839491307283035
0.309555772822415	0.540130587351673
0.565784142275177	1.41193247904848
0.310411958133171	0.607097922415951
0.14450626218154	0.244877591278616
0.187420675583378	0.32439635765136
0.157880294997974	0.244400276586242
-0.0782962490035846	0.131873725615463
0.293036550125083	0.509895231612602
0.247718696090363	0.396250072974558
-0.0142213395814652	0.0658535511940175
-0.192736957804228	1.42918981246516
-0.296546315957052	2.39866440704493
-0.402973244015794	3.13945066766853
-0.0930610390317177	0.335590617903938
0.026478798759669	0.0796706469242311
0.306635638641176	0.711294584374606
0.576038364876467	1.76795758013325
0.428801213555901	0.782315629412564
0.899503064210077	2.74006933576331
-0.564662729654696	1.84351884244746
-0.0350914551382589	0.0939170518744176
0.0632878724398921	0.0959322073530473
0.654743447187221	1.92540151713754
0.308831264538764	0.688208336100168
0.217721742793616	0.421486294488458
0.147423472209173	0.279766765916796
-0.174652721224264	0.326106398004072
-0.0374550187400551	0.0585876541998689
0.313438680372353	0.60079164787032
0.256366519266929	0.35196043348692
-0.435934447074448	0.622042640587211
0.350834923328709	0.803790146651254
-0.257425793141636	0.553041570238727
0.33552874221414	0.816634853849433
0.689147360756709	1.91814878367559
0.00881370506062663	0.0116603694103721
0.504746921802815	1.40635512997064
-0.0424022079170179	0.0604461372144231
0.400408794927698	0.858631291762679
-0.377312891868445	0.814098488882943
0.464565765708612	1.06730081455656
0.141991758156961	0.221698634675521
-0.485272464411244	0.980921369882439
0.0824123564599318	0.113550963564659
0.328272229381627	0.577171447371307
-0.209183239607492	0.330944541824525
0.418654728390734	0.896275483872628
0.461669598867127	0.925087534988146
-0.319513775664713	0.476481807281147
0.245456229510182	0.422163590610163
0.342594284145541	0.65174752096119
0.17152226406079	0.283877445283117
-0.0246527783845153	0.0292855980224215
0.10210358568105	0.139613925031648
0.490620454962793	1.12086942919929
0.188511791590445	0.365425395768153
0.478258392147889	0.767023076073944
0.405492977277963	0.63988535669509
0.377637845762062	0.658754525929509
0.299602883081362	0.47203472076663
0.344682877923845	0.575703260055459
0.123094685649848	0.197880270559048
0.230974159226675	0.432007069719898
0.108232830307836	0.148631025696351
0.580091453623055	1.28323246130442
0.3937618032248	0.661769287750501
0.264665506958122	0.42283900044022
0.26533582168939	0.340528585186306
0.428949739588106	0.758259368485925
-0.00108900309776147	0.00126009389265807
-0.0700169772781608	0.099364662641187
0.156189247645468	0.236572239470845
0.512493311044209	1.09081435992806
-0.0896261380482125	0.116671319893117
0.0573524621015854	0.0688811457058761
0.310164012204456	0.537229060361098
0.219326420089846	0.375030295168792
0.0665092630709806	0.0883276719277134
0.815423769757053	2.03264559687888
0.354413144528384	0.576739723858287
0.226710179006325	0.3107511889823
-0.0031089398027157	0.00339861279373701
0.0593637441256609	0.065993699158526
0.457473581700816	0.554930721858509
0.258881544703151	0.299896139755601
0.29320528085262	0.501009980830395
-0.0213103881726817	0.0194629913413161
0.284857288564947	0.270106455801227
-0.463606704247986	0.375217675919341
0.219503441203564	0.14779463977277
0.591945660931654	0.672685325597408
0.494241444229194	0.465274169104398
0.385246185922404	0.527899508671932
0.0441581316340118	0.0587528663478224
0.274908461793479	0.287995778446364
0.454441510969106	0.458078771382016
0.265395078117703	0.271609306453557
0.100159509150089	0.138736884879941
-0.333933059408805	0.767463771743657
0.101094476207607	0.186634356993835
0.0975967723881138	0.13745118439532
-0.00906131263286734	0.0410463333112976
-0.149022612409916	0.958933889843248
-0.179279248150513	1.03222105272732
0.219365591344091	1.15545927057686
0.202292134026412	0.974145863022853
0.115537964624292	0.300168016855661
0.69719511013238	3.34385191873609
0.165578788022469	0.439040176699727
0.20172400289413	0.448504998288965
0.47987227740134	1.5713754105691
0.0376247087548264	0.0804867749479168
0.157719079121687	0.552498243587298
0.150105207269185	0.272175456204118
0.549345045836273	1.40559533136645
0.43074985428068	1.08622716958413
0.38388457658769	0.886460889032273
0.23180284653007	0.442039311453841
0.342973041439485	0.767764852031046
0.271458877567055	0.595543196501772
-0.00524533998293463	0.00730411396260301
-0.413719823163482	0.718165620621599
-0.0298656730099816	0.0398441410245495
0.133463301256096	0.264413069580692
0.219974162469396	0.429811353816341
-0.0733244494892748	0.103727545539425
0.0633572333857307	0.0820168442626958
0.366939989233918	0.827140559499834
-0.214272946911984	0.462949165964824
0.19537668722526	0.367820685065581
0.554632271130733	1.42964932786871
0.218106702333455	0.415938943051402
0.248933095218437	0.528402077255892
0.823689434518161	2.31338960784233
0.026224084154027	0.0319669762712657
-0.35029341733377	0.527798457086587
0.0588068803950799	0.0696245679515278
0.0178819977287608	0.0220932407473542
0.318992724366398	0.577613161155136
0.0793134931357254	0.0929394941557997
-0.0903458363743438	0.0955841761928427
0.0490733318807233	0.0541543291362185
-0.401986191337542	0.635051132146904
-0.210725633648091	0.30368171547508
0.546283777948191	1.00764885465244
-0.0351893337200527	0.0382332406796797
0.193903631323817	0.257299814602268
0.350509830390474	0.709405955548669
0.302128612400335	0.362621352981207
0.395943308757143	0.556066724914961
0.351344506498526	0.511429539029552
-0.112789829733748	0.131283821238083
0.200773288112392	0.315355560315016
0.273581245192519	0.495252965102263
0.328228876371647	0.606249207473183
0.358427935199268	0.53956865455671
0.556680535035087	0.995455708981998
0.820096824179819	1.59967469976833
-0.0330261293073351	0.0355753410477299
-0.261743045972819	0.304481538807165
0.176945816783968	0.217622228581301
-0.206237630857572	0.294584315369759
0.613160833038328	1.79213647667057
-0.196372656241039	0.318682887209163
-0.182864039048257	0.271150046179514
0.3577905659582	0.605634772991276
0.007583371014455	0.00803993071873819
0.479865859271692	0.837991721467412
0.0488837869655302	0.0710231132930768
0.0627565981450075	0.0812752009377259
0.788533979263256	1.54076161611566
0.417248782123864	0.732353966504249
0.298242857633047	0.448045567772245
0.196199108701309	0.271098722074158
0.338269480718905	0.480371340700523
0.138379415760424	0.147364426774084
0.22286326811118	0.290004097852846
0.182423838656161	0.224422906579349
0.263033909862978	0.357112698165082
0.330441035664552	0.585941161484609
0.21595200659635	0.337996666466363
0.372662793976362	0.691434738910567
0.208506756474057	0.321489448134996
0.439350384817837	0.910814976140205
0.904370437911702	1.67658751491236
0.528713088180654	0.743757986715156
0.0686122898555555	0.0628959976669313
0.222923471555353	0.260536960042812
0.396740370163682	0.747013932917418
0.216797758950483	0.258961164939975
-0.480587171730085	0.665803275266628
0.0841908186695017	0.0845007629297058
0.828675492623524	1.43241976740933
0.00542561173009223	0.00627640829410486
0.0904573675575824	0.115140626289814
0.234171453910028	0.455963807795841
-0.0354474392328525	0.0508075675820749
-0.202231927596195	0.383182956529021
0.150942071196764	0.238736544456082
0.00284154838446968	0.0122400128993441
-0.0207426994362623	0.0829816960609987
0.377986947861565	3.29087576519232
0.263232629802901	1.70098493891603
0.118890244546943	0.47094100214672
-0.189883096820938	0.440748631046834
0.70279749963236	2.97030548552858
0.579396732963217	2.17889242980377
0.777525220632718	2.00146438076312
1.1236503784677	4.52669966851336
0.259115278516556	0.656791603679818
0.0117205282509142	0.0308137456797646
0.331136464605226	0.818846644416847
0.746637184793437	2.76747534832713
0.315940636611633	0.75535917851156
0.00987990114408761	0.0142066349915533
-0.20481991136827	0.416788532087157
0.101814347685768	0.17560641352776
0.137823703613	0.255399169391717
0.248275478268192	0.469810455622459
0.291270564431599	0.393056435501574
-0.405422629672661	0.507921254399128
-0.0750921967956031	0.123965929141142
-0.313305874753399	0.776836212857416
-0.305060482134297	0.672503436081515
0.475496272121904	1.22347383783177
0.472638856265434	1.20732812126818
-0.300303233381039	0.701966053079826
-0.0671991812401703	0.103879626050337
0.3260004627276	0.592245219653521
0.218295371858838	0.370976891703294
0.00116934514959548	0.00163375271975979
-0.313485852634611	0.572611841922672
-0.113389251956391	0.16744130734283
0.0243327773027471	0.0317727716289067
-0.148123235748768	0.229394957532071
0.577787643865185	1.26081727380423
0.274872751004434	0.479786553936718
0.718325876507191	1.48519809763409
0.033216399022741	0.0371083544278377
-0.167521179416276	0.25997512781814
0.0713737306717356	0.0957080282963699
-0.107476022794828	0.153368242674317
-0.264034833073441	0.42857003087957
-0.0967845114540571	0.125368184130194
0.523768415484466	1.3473298851814
0.162297181347393	0.286468196667056
0.258480141933559	0.344560796415595
-0.130163448034108	0.159218433829242
-0.0446075158208611	0.0520845654549055
0.247925864044656	0.37604601719018
0.17936031006559	0.266592924813257
-0.0715632550607864	0.0852321845877357
-0.00573827993490959	0.00535500712943943
0.420936269399952	0.805648600637156
0.419656980097511	0.780225070951552
0.0703685458605159	0.0817765749315475
-0.365099420020243	0.608569980581733
-0.399081240003675	0.864056097970988
0.483277705396539	0.94261986291177
-0.0721521905578074	0.0933261287081109
0.444137044874892	0.735981480516049
0.0562853319015776	0.0729080382160127
0.149984096564547	0.208888334254864
0.394090522648478	0.790452821174494
-0.22026753457153	0.347247631178651
0.22972955392628	0.333997458407024
0.202549674115516	0.29200447599634
0.59250039691067	1.05536520348583
0.0355800401263646	0.0379744204119221
-0.98089110713835	1.93777386208713
0.133344631882964	0.109350234228469
-0.365527016787842	0.355371520798783
0.00382454735922928	0.00347073014866486
0.122546059066658	0.143420733428515
-0.721438017011466	1.23938228116743
-0.201988095058038	0.249953459925076
0.490732028664141	0.948239446060891
0.151654155955213	0.131959721014549
0.21718485185652	0.233299182114193
0.11564503912193	0.140616458489151
0.205269841433257	0.175803715914042
0.60562252917967	0.482773867481769
-0.277070927226529	0.235131546022824
0.214491842426311	0.163641939570602
0.332952312205227	0.243309095281036
0.634680099664899	0.688996385554622
0.35135920867572	0.44192752400232
0.359419971097672	0.551846101282409
0.214151469268677	0.197917729227487
0.307564099348303	0.407649536169171
0.306623536473816	0.240413763539537
-0.126456967545038	0.104519959751467
1.9864305892576	3.09752691154774
-0.0509746503070618	0.0455585404826071
-0.153628591554306	0.180723213607845
-0.725745191453183	1.57174749636643
-0.361451992750854	0.818800495023686
-0.313113431984806	0.675460363018926
0.260280221040296	0.447832806422606
0.300976301148143	0.573623995166481
0.124839751279629	0.909023575118816
0.111696571887426	0.657347673502802
-0.142034529043466	0.754028089449448
-0.748252094118682	9.74764001298065
-0.137997241787774	0.478977277473187
-0.24732008844026	1.11609677998667
0.0304654476254826	0.067664237566422
-0.00945751393694974	0.0207506799458582
-0.882986484747869	8.87741984273614
-0.0485830326293768	0.147149581452982
0.402036134455288	0.880685217072546
0.328665084718392	0.650003531897287
0.0612174218703184	0.0885714683656092
-0.016040726726344	0.0226574558827596
0.124617131781389	0.215039083216609
0.10021098692836	0.176521164229853
0.325712951869974	0.767519675096064
0.347847218391557	0.646649973078526
0.607313420324145	1.74969642797307
0.18252093827558	0.374777818404836
0.311579434621615	0.719502191769113
0.136253613336641	0.213002289254918
0.140258760008693	0.20344403573892
-0.0496576272351836	0.0627354026804544
-0.112865946734017	0.200676721072418
0.575118968331405	1.3846622242919
-0.0277597796524953	0.0386836671946056
0.0688617133802851	0.108314256939482
-0.250584824046662	0.498045682655427
0.262650369562603	0.398294412431401
-0.355950054884043	0.600182974814531
-0.282765194544744	0.411574644075983
0.424788673055969	0.71059181752156
0.0159774902091943	0.0185086213722617
0.113268196680932	0.158074242394227
0.412111673460357	0.623499398527054
0.158160456840299	0.213209793316386
0.346794285477322	0.465248650502633
0.441244311059184	0.779748718038163
-0.0824561867707845	0.0851192574348509
0.334560406358922	0.494331765975186
0.351773942615249	0.555726491560537
0.221444548417093	0.251388240743435
0.756843083327838	1.19036207935003
0.433857845570535	0.705848266201928
-0.00376549955067864	0.00384413138518602
0.193778065146407	0.248721727197822
0.4426223556043	0.794928702388735
0.666994803826194	1.05505993021476
0.44039742571439	0.546813426175203
0.310026049824737	0.364840933845523
0.174363985130924	0.186937706444792
0.584259618292324	0.932888427185244
-0.0513856998262508	0.0693871883020325
0.444204351552175	0.899573644967252
0.0845864698429462	0.09284534459991
0.222061400324568	0.256279195281632
-0.405590532265354	0.547416668158362
0.484043020411917	0.860004338765739
-0.300497576854243	0.583750217732701
0.185944085841316	0.242789737280745
0.310692544242463	0.3866654249844
-0.265328809515323	0.407865978380334
0.19749495878575	0.206862364816523
-0.480411789744021	0.731447805288509
0.193782314066183	0.252168342791702
0.127313068297933	0.137010315208806
-0.0159481502986753	0.0147449920690834
0.305687332591607	0.385150378825053
0.633224473730501	1.42377986972382
0.525165976213798	1.05036019784736
0.161479805245495	0.213964072201464
0.0602522772232157	0.0819809352149493
0.090171680169078	0.115160095600249
-0.177959191966035	0.250684162060502
0.242165104510504	0.438424243088666
-0.108404920299419	0.155741038120772
0.229444511785445	0.316634975485143
0.421528209184992	0.525923989246666
0.468945838537236	0.63466421424434
0.270523877803256	0.336293779673349
0.210102465093769	0.303431239371463
0.0807418136841542	0.0884559102769666
0.117474942538591	0.145708421556488
0.33398304853089	0.46346610124811
0.307167242254179	0.38189395783221
0.155092108210305	0.196109012085631
0.597600735137764	1.01926544004283
-0.135282462236687	0.163146504035068
-0.0000620292343584338	0.0000954321966191794
-0.0416853318061639	0.0572469636830474
-0.273366405285878	0.434150323407126
-0.0403394477161907	0.055786645103836
-0.0034212448832678	0.0046234219992452
0.0679310405691874	0.09794838998585
-0.060540673741188	0.0725507340884276
0.0679800359053841	0.392306111021198
-0.170127655382021	1.20941727751137
-0.535256957714714	5.9883478236042
-0.772972987525668	6.15502566344284
0.187804775655613	0.610131787585357
0.0980648352638548	0.272490963097056
0.210854620385174	0.487845947589128
0.582424357951517	2.19744732691243
-0.404410892818999	1.81946438996405
-0.111908599122798	0.42147928573401
-0.0476555049732197	0.0698254462771025
0.300561324525466	0.701358880312108
0.348295347598278	0.955023143181416
-0.157374812015072	0.309388416998574
0.115176510691247	0.20236255063988
0.280680032158607	0.555461176891203
-0.0598412571509892	0.0660906023409412
0.0802010834050355	0.0892931269308697
0.0505610654146418	0.0838314231088304
-0.122682746084137	0.237590511632592
0.0678196337863376	0.100785392260995
0.255451532606331	0.484100205210258
0.216906201127172	0.36390860447289
0.0581451209327207	0.0914914345117847
-0.0986596759596328	0.156864598484748
0.0135979703409155	0.0166683463535431
0.0401183640504409	0.0566203276534662
-0.16755676956435	0.27281431905511
0.424613301283038	0.877062354799459
0.144574171218428	0.202053830554988
-0.0877850486556734	0.121222689400781
0.144856275087972	0.20314724822027
0.0326903911772379	0.0406546265875122
0.186094489017806	0.253950288748435
-0.214402236448458	0.304551232021673
0.0788250710291719	0.0980085508996762
0.413417522087538	0.837272512904583
-0.0107436313350087	0.0122214536880008
0.403055658781556	0.710205322532492
0.285720698045976	0.493843597827905
0.230494733214163	0.371077919589276
0.42594912946826	0.517061146961281
0.315997831233708	0.471801797376164
0.2182610130673	0.290479453108715
-0.138620181083307	0.173669559570764
0.175792811554533	0.254956579992875
0.319017586655264	0.495245522701004
0.679191381410776	1.33894438856077
0.302209351674093	0.503564662963896
0.165760232378757	0.234513262145077
0.0887873348410291	0.108123980996926
0.191944311005637	0.255407952037979
0.270838091133125	0.335532269826353
0.250660168201317	0.371011483597249
0.0953079849269583	0.117212747523825
0.534102852620367	1.15434140634878
-0.0546958481146238	0.0669407714193409
-0.00770616449177719	0.00770282114184733
0.727039016139147	1.51560996146737
-0.345004273419647	0.517706936158214
0.281275219133453	0.500638592722907
-0.0494910813128402	0.0599773196620597
0.266075235202176	0.342232982248544
0.212254208981487	0.254155278690224
0.126640189864496	0.136325790168364
-0.233437971933159	0.287315664294948
0.489944744236681	0.737412594567666
0.218338235746252	0.219183768087112
0.356056275433722	0.466298931658761
-0.071408526935521	0.0785931383728335
0.130947471794745	0.142972458978713
-0.215315242087276	0.28103037823116
0.347791426888951	0.600800349082007
0.104359481062706	0.103456776719527
-0.516836764420667	0.773414755100791
-0.118546778859447	0.178540579637177
0.0327957394236601	0.0363052747663053
0.416751594996753	0.453116914150225
0.316568579689701	0.261734919591292
0.526883246203005	0.56914329039674
0.496997620473313	0.713088176120699
0.228481279787162	0.339789445983506
-0.34349396989929	0.366228526322818
-0.0891170423545904	0.0787099762736003
0.373512511551403	0.545290664448447
0.366761871352602	0.350206409238683
0.284648455809845	0.272130538048695
0.14079309992152	0.109628833669353
0.215778027608967	0.176341294852978
-0.0307342171961723	0.0325091943589181
0.227566435461683	0.397179499866114
0.161083499817722	0.267426015295889
0.0500450468573774	0.271191413345527
-0.042587300793932	0.193002007706687
0.079104822469646	0.242213486948734
1.00473017509791	10.1233706944556
0.885783119686758	8.11821293078184
0.920164428875215	5.16461269195876
1.16496613254827	7.76374401092201
-0.0293610064331482	0.0674442314223606
0.42069521985763	3.24359087091098
0.234952720082895	0.557711804523787
0.198921985818759	0.418692633308406
0.355770816582765	1.00655726034635
0.243143117573551	0.4702532006121
0.214301764032039	0.338981884778228
-0.105911122253289	0.0997894260478124
0.329643134397899	0.853619666426518
-0.192579464539673	0.392663417076408
0.133611290220434	0.224152447722648
0.0325150087759201	0.0444358272427823
-0.277306228531263	0.569925007538869
0.101120456168262	0.177459037874506
-0.090430118912605	0.144601496221628
0.0157629256369618	0.0216709927629732
0.431526658486302	0.922334702004421
0.607314122781047	1.7631741358603
0.435938874034931	0.919851527569861
0.14063743266807	0.213338456883348
-0.0955067293130768	0.129397075973861
0.113111996887756	0.159163544359746
0.0558385799309971	0.0631030496293423
-0.229704318908951	0.368522216155723
0.27354379790157	0.448093667530291
0.439332983944771	0.914505713187475
0.103444131162266	0.122222527664459
0.225236170340501	0.334838205918072
0.114812386023443	0.160690760925511
0.0520217441714388	0.0698843188375604
0.754985040848291	1.02168940410294
0.312338191727683	0.400127022417739
0.22822380517707	0.321779382711453
0.517644221822032	0.984905285103664
-0.0430880453149914	0.0510071777999302
-0.136897732141677	0.195297022854707
0.381737508738584	0.72655528281147
0.434688285340035	0.762553020866415
0.498317587213892	0.8169820877897
0.10134062226151	0.127604272468
0.0342114405579839	0.0415757304118054
0.185293710464146	0.27351243916716
0.0206894198954415	0.0249736827747451
0.0442688655507891	0.0532947018701193
0.0896460112802014	0.0979894375098408
-0.226680384034835	0.347942855886419
-0.660871835042489	1.54070043651861
0.286231654821873	0.420931230413039
-0.15141978594168	0.191976028382509
0.226178704756028	0.300236130978176
0.266085685990357	0.357107179218803
0.696046544570544	0.88945915230332
0.0813707288220661	0.0815650799268872
0.381747146500348	0.550686665345248
0.151746173634375	0.204337433948859
0.263820510611814	0.368979686445274
0.142179730456525	0.174061315071827
0.29819871023179	0.405285824486826
-0.0403505034199307	0.0556464683619022
0.873170152443017	1.09034578864985
0.281741284853726	0.317147142731386
0.0970978930807751	0.083485188998952
0.471947157419967	0.641765354296698
-0.160789755605065	0.207064934966177
0.385686013145624	0.656456454808874
0.618019388390817	1.16763325568403
0.0165551023615983	0.0169031407350077
0.582999425375501	0.657438074817437
0.129145687000214	0.0973703603740225
0.696418725621099	1.15262745688071
-0.226956776090878	0.343166805825382
-0.0629142020094638	0.0991112715815666
0.0726660344228065	0.0711142735223251
0.197539951490655	1.72537845000764
1.02134809706905	7.28434034466786
1.15109115588564	8.72988387756774
0.105567282999672	0.332595828395462
0.405764542568151	3.15336276944426
-0.254764716094822	0.523920353756867
0.431158176296313	1.10693315782988
-0.199137049594508	0.409136175607241
0.429061328988936	1.02472914037712
0.182475196210335	0.288832404762096
0.492652798995731	0.82801645264969
0.0496352000649563	0.0855456662300926
0.16198873527502	0.298046381122789
-0.403616175230368	0.878850156690851
0.0672610408876027	0.0872852083559689
-0.0559468123895298	0.082830613084342
0.212690361346643	0.407154485917497
-0.0266031568755684	0.0338256186060419
-0.00679644922914003	0.00842896946904459
0.349666064750848	0.737192249801988
0.200437277846741	0.318885246063595
-0.116916460601378	0.158719855086345
-0.109249331910569	0.120220397164846
0.189638228327236	0.232744047217353
0.0711206922189638	0.0806403870860479
0.383585502249977	0.610777471626935
0.142527486975799	0.165495179778728
-0.0395172710360724	0.0385454719159803
0.486280514187527	0.794599158893059
0.0252308736213474	0.0232877124979729
0.0626534916735564	0.067742575861256
0.224366159503191	0.355214776517723
0.0495998002913042	0.0696697322478009
0.418026017266404	0.38889015659326
0.339870128772101	0.464168912552087
1.33442645816738	2.32175463102258
0.553296999888318	0.651854693309334
0.306733145587295	0.399481557803034
-0.180728328004991	0.236468746831503
0.00266355619601199	0.00271790448537944
-0.536330085471771	0.910174457606273
-0.539257111987267	1.03662846140333
0.449563688203084	0.780439197846321
0.0380426583436585	0.0372823812119013
-0.0501720587517992	0.0573261121098299
-0.287642516033423	0.348101769705504
-1.11546830040708	2.25184153759348
-0.32635070515856	0.475116533248384
-1.02693549628243	1.95618390416964
-0.115807647970567	0.148924985274727
-0.0691922039252028	0.0767774818796347
0.0131640623663777	0.0118434513040019
0.0845957087417117	0.0879435534958775
0.388673064976971	0.553934160881023
0.861536341817814	1.15834520283984
0.0164548497245281	0.0142881180509948
0.765810645270338	0.911248688963873
0.44503919999519	0.44500275120645
0.720071302763158	0.723452083154065
0.48478998370186	0.466020176704469
0.686640628125895	0.711194396207593
0.222680025096134	0.245403037998891
0.14460377532539	0.125851694402797
0.117325515084113	0.13961927099242
-0.000190236469712549	0.000178169026624905
0.0816686743119147	0.106040428557132
-0.116518718609685	0.134478553984012
0.047983063869331	0.0438350575301948
0.842509225937888	1.61404883112466
0.184844918968008	0.243782461975838
0.0815286800745854	0.0683516125052591
0.755348987840976	0.936976690472988
0.28061032994598	0.274881354657755
0.411168794652418	0.567922090337163
0.191328284105335	0.222092352496761
-0.277195494165424	0.384595442919425
-0.129266417833326	0.16436969716295
0.289482114176838	0.510832348661293
0.195428261102669	0.251328388620764
0.010253420293891	0.00895783423390347
0.191196605116477	1.78345827585612
-0.106830214986414	0.679261327156399
-0.334989079370717	3.48238766669275
0.0843265907170535	0.388523814834683
0.0367936453452426	0.142780982677365
0.464368737224141	2.6465565841348
-0.216619826757573	0.20788888065643
0.425914457765814	0.546126264383144
-0.0915492443845589	0.115111484875077
0.417933331604985	1.16454255035118
-0.124968184405566	0.276740866360004
0.198318746379486	0.34740018371955
-0.467896673948724	0.625409069475121
0.286977157194248	0.306047275407408
0.0317888792558702	0.0218847478648783
0.121464693654098	0.0909848817850439
0.123956101854616	0.13020561671915
0.705141839525824	0.816402092004694
-0.112921076671248	0.182315622594363
-0.305979847338395	0.465866942548883
-0.21010159030035	0.278174129393835
-0.440662789308603	0.388134373678296
-0.192823469074458	0.115036592404441
-0.133048857830066	0.08674659484911
0.674125307200557	0.614695086836553
0.520791120284274	0.706948419967835
0.463930732967185	0.358269332939719
0.0704861177927027	0.0379320439501441
0.561534245895433	0.578456261029754
0.479800173460754	0.453526584547924
0.171429301094335	0.225004138852738
0.0281153243339543	0.0517285238393093
-0.0795477354031339	0.129799742957156
0.0597057870763512	0.0516387203501646
0.526066295102225	0.650888891625872
0.518648857684781	0.261332761741295
0.453438080874604	0.24664217956191
0.455768178490078	0.251097143215577
0.602407449992412	0.273596282394383
0.762407085117565	0.519711416442761
0.387172556474262	0.24369060205864
0.564101310706031	0.367011141140816
0.35723546742213	0.239286463045973
-0.564610674949478	0.686953096353484
0.216317017690163	0.182610827157591
0.125982437591835	0.128505038595133
0.11609224994539	0.158407661076483
0.378702456005139	0.356828785987446
0.0773244925651248	0.127380828846487
0.379560386734383	0.454047150465003
1.68094777146112	1.58878199372848
-0.605450998451114	0.242926224480625
-0.278375300555339	0.153748779841364
0.0793804445482749	0.0453474203975139
0.330842230083727	0.387682878299534
0.813616697111558	0.867206428648737
0.0487946324521069	0.01824488407665
1.22109730955407	2.40167579913576
0.0579855910982285	0.0691094714506677
0.537219251020834	1.12669332183209
0.41223451283551	0.635661460874574
0.261927272142809	0.46209189998338
0.0445197483835001	0.0669283273557628
0.0228650335599794	0.0301236644792136
0.0845191782849556	0.129909285720728
0.174485949165536	0.166375142397972
0.134906732387018	0.140217649500499
0.861219022976906	0.548643901337556
0.0368805061278175	0.0253481955505993
-0.165501096491388	0.137108652657854
-0.129275282429759	0.164157768483486
-0.185817487109128	0.293781076926214
0.350796823784632	0.464124704754321
-0.00809586269854996	0.0108105958791953
0.0909927562105825	0.141984415367495
0.357414006003875	0.561660697543416
0.509668742248663	0.990088035353474
-0.138701508164232	0.164225159758848
0.264070402241906	0.376231946159042
0.326401086967491	0.247555569284449
0.104846090745424	0.121031313014459
-0.0401101300931171	0.0481862297890374
-0.059018097586402	0.352780234394378
-0.0788865681976167	0.452302285764045
0.312320566815885	2.53296380628479
0.321458856182254	2.53503245373579
-0.127453803399715	0.141488269999618
0.455426606240694	0.936996700437849
0.230339620805088	0.493401238063287
-0.0470102314050315	0.0865656569584826
0.060038793017553	0.0798885609507532
0.0112310963480159	0.0109137693438409
0.202976471671837	0.192274243885029
0.109639342192038	0.102263540654414
-0.0121168294668324	0.0101907838903951
1.01159392312007	2.27307590318206
-0.525248713168047	0.568270368538474
0.0335477041926451	0.0445201908296088
-0.147198992437898	0.159353525698432
0.6096537855822	1.10697207042554
0.210520410782472	0.160154096747235
1.18129140074265	1.74320373592646
0.766790255254611	0.743965317967609
0.533417785662147	0.555973175130862
0.070958979315815	0.0380774007410261
0.536460854631395	0.459178178095005
0.429869437837449	0.536448825394784
0.508087451909924	0.734027498769684
0.39954597845693	0.656664617694533
-0.100078247618928	0.165407870165011
-0.368052225068967	0.831731720174697
0.87377939883522	1.60973015705432
0.279523291939639	0.305446615752776
1.23279910639332	1.93509216667257
0.60142178853415	0.476665470689443
0.485588181038101	0.351944413612516
0.468458342512685	0.248952498553295
-0.0747017985999195	0.0410467984034758
1.04452689833764	0.99498129411567
0.595521773051533	0.470117220871157
0.222563825737739	0.122963058684825
-0.676627591427657	0.50523150566504
1.41704340632563	1.71313857559161
0.032268064678269	0.0268316340633128
-0.0982447340914326	0.0862325989080626
1.22510280744521	3.2220523417568
0.0127322680213657	0.0139465795582119
-0.308967266473861	0.325877418960901
0.346166970102578	0.682155088290607
0.723616582186849	0.725105788372296
0.380221103180941	0.241770361821773
2.15608066694422	2.75728464442256
1.62658097826035	2.06022580023635
-0.0655887399817895	0.0582520504451998
0.0823899367777601	0.0472990920064342
0.365947251583104	0.24185195401833
-0.277173276066182	0.191322249205781
0.968469730576137	0.954826433775844
0.495097427447924	0.791087543686657
0.110131087942186	0.0736039240099982
-0.105775955387157	0.0705021832653264
0.677580551336636	0.795143273083367
0.0670593495992677	0.0892254622168704
-0.0404212462944838	0.0542273509491581
0.415144591878913	0.757276372947168
0.0649837062303552	0.0708436045775642
-0.16332668579399	0.290491808045046
0.249030893320058	0.284700079628555
1.14504257103501	0.900205114507877
0.70556037276467	0.61310309643275
0.461738009924243	0.253550390974823
0.073165393335137	0.0414083122066062
0.0488094267577484	0.0351420037836451
1.0272719301008	1.21119101169908
0.640217577290091	1.1065511417812
0.535695464657728	0.951865550333064
0.302980300971794	0.266280355712237
0.325324583536599	0.505174245813275
1.54282788772127	1.79350709005103
0.679550140888727	0.616923052208973
0.297859306384613	0.405290123430211
0.139787367129023	0.112389471847832
0.0123328373788084	0.0563922026363712
0.291132579255549	2.76048448207454
0.218714308819596	1.59661603522866
0.492088795881272	0.804454915625408
0.207667531404021	0.28862076755966
0.129440617487578	0.204882436182913
0.157906298598932	0.255324276239695
-0.0352151132501069	0.0384252779749348
0.00324481602394189	0.00288612803517536
-0.00967372154910649	0.00809643813443433
1.25922427375883	1.68441666492218
0.216475259075296	0.26760513154346
0.523636924093318	0.561775633704851
0.353015709758551	0.699364985527059
-0.013209469784579	0.0121366711068272
-0.47090566878478	0.791371865417216
0.280496934226309	0.273254993934329
0.809203483136036	0.772444855529491
0.207095903901971	0.206024595928412
0.653184702368604	0.947159745639223
0.476235536737327	0.799748245169826
0.197440479560455	0.3531635751209
-0.315858543427956	0.605682563406435
0.649214468210858	1.04599778154238
0.158686141791256	0.15301102784531
0.338455509847727	0.23500815117629
-0.426339972362796	0.263065677242516
-0.694842918025082	0.567535534980484
0.0801834165519795	0.0458321300589002
0.565384109901828	0.373569038038184
0.828219452021453	0.663659477066476
0.905743698998348	0.69401378578625
0.818091876095507	0.659934063381243
-0.231743443022602	0.0875037861606672
-0.881963913546118	0.668257563040728
0.361923384055407	0.348397919617878
-0.0461437211216287	0.0449531653024179
-0.0212438291135731	0.0215536154737336
0.377479408782874	0.351707959782481
0.136956325696828	0.181917888675151
0.652910808519407	0.678330007930334
-0.269761146647274	0.225131966291252
0.461430459963372	0.251119360220258
1.11693786407195	1.50808218486216
0.813690053729903	0.780014668187642
1.07215231440128	1.10530380350188
1.27553303309629	1.09581831507346
0.319336044449351	0.363004179602053
0.0196671765086075	0.0161207283352068
0.0730779252464837	0.040712742355837
0.0635649057726908	0.028813264361897
-0.105741322660174	0.0530505391122952
0.413945264454454	0.24001050793981
0.289562838466761	0.385060130743488
-0.0816645397028055	0.054910006033814
0.306272561349142	0.252922292869161
0.39598064327425	0.354823782518665
0.00938390450512558	0.00719935422928531
0.10287933249849	0.09822274918786
0.688901764210483	1.29082652989185
0.159770462761464	0.216307472867192
-0.0381652105659384	0.0512490249395992
-0.190156997678996	0.269989831706301
-0.103921140517307	0.122090569082466
0.110279715060541	0.155640325691261
0.331954845046678	0.34914091810251
0.0565590523747714	0.0703910498221694
0.438814008143699	0.633160371487507
0.388541838187776	0.539317642853504
0.438667220943582	0.888127132486162
0.651068556390728	0.786265350338831
1.69381811101566	1.8950072018527
0.0627484397857225	0.0310550588365574
1.14736017935942	1.15978728121831
0.627189603431142	0.386028638609868
0.91920033299269	0.925965427023281
0.632433120574487	0.588489096153134
-0.112916198496233	0.0750591327415104
-1.09645046455238	0.99029188620598
-0.237868628777254	0.207439166403106
-0.0711291341633279	0.0663162825076286
0.0472304342300901	0.0601360694071957
0.00929887167973434	0.00926401614445112
-0.0239344708188172	0.0172969731024395
-0.236117767269349	0.167169503367726
0.18424140991047	0.22843401422196
1.0972130844483	1.39056853148217
0.426425844810795	0.689426012455352
0.0339940628367144	0.173909670161643
-0.236632842826845	2.18919639271939
-0.0275005565597324	0.0222070970299829
0.0727686274016929	0.0814049189940589
-0.100047293311638	0.161602405758846
-0.118564394290806	0.213865559262415
0.0810849892689902	0.107465179533412
0.0332031529336208	0.0278390055530496
-0.254245679722606	0.239611260236402
0.153586495666508	0.12986488502481
1.03843421453974	1.31955378454568
-0.012590918496785	0.0105940047298324
-0.305369003938539	0.263531500886478
0.411261786229531	0.842122315059624
-0.0681667659926936	0.0661215496354666
-0.077783132878288	0.0795845910677679
-0.782228209341438	0.702362838296311
-0.0643869406180177	0.0350731377225871
1.26472239040856	1.0681814508166
0.608454682973285	0.28050791022086
0.358979364607867	0.139782399639553
0.600246145310472	0.479766883692921
0.519475999568804	0.261496780442716
0.524768196365203	0.367069648946756
0.221673591938714	0.140575394559729
-0.983842133935585	1.18068175822569
-0.305078991290865	0.448282849222963
-0.0055334162348979	0.0089291549853936
-0.0513680081415011	0.076721236745098
0.00232060346110812	0.00208989809970289
0.941267962800694	1.0587803245382
0.168315379122137	0.153748188806025
0.278898406620863	0.131282312643918
-1.5599309547099	1.09949301940242
-0.476453601078948	0.208364398153102
-0.752190388704746	0.435476677512588
-0.146984337496107	0.0669683535855492
0.600971543194717	0.271518337698144
0.518648857684781	0.261332761741295
0.453651362756016	0.242914877065679
1.25197331898978	0.541865668167517
0.0827101435215856	0.0473782396575516
0.352630212859553	0.233716973569801
0.497036295442655	0.796601565910917
-0.0926659325304363	0.113908053292267
0.389359382346165	0.353087091280359
-0.460714283954202	1.23093148127202
0.307821384925588	0.419039171016041
0.411431513839255	0.245269609922654
-0.166440884034307	0.103677032977975
0.522661901029406	0.264781297716236
0.231141658694465	0.130979568868605
0.410328211112473	0.239875250164102
1.68370337295304	1.23385883000034
-0.68945122057263	0.34168245823081
1.87796560540919	1.13961856512184
-0.570517570737096	0.730155444518464
0.142032727568581	0.113965186882409
0.103840516978251	0.0655436455524801
1.30791755570025	0.948990873711076
0.063718420174576	0.0239440750486409
0.0666983726217859	0.0331426287909453
0.758380211166144	1.18631485045751
-0.318347106137518	0.205844539553752
0.319388510883387	0.135698294670301
0.208913466171635	0.155002629855476
0.218699255075603	0.238804041296377
0.06582306424981	0.0654651166929004
0.378590667360249	0.444225186192668
0.508207739145417	1.20670943230241
0.116162150139376	0.201513265680514
0.750601403778876	1.94613246875245
0.690522236899783	1.22026161429849
1.27153522305329	1.08637208382801
-0.0160853055128122	0.0193025021748557
-0.074327487985191	0.0664607888169053
-0.0686124749141833	0.102856566930681
0.348476487137717	0.359853084079234
0.476455960035673	0.71768299347166
0.205938147735835	0.257244647803263
0.217664903337129	0.165300443021044
0.161282097740057	0.204206018731339
0.1320117863849	0.214834693622052
1.37555684677456	0.842349175022762
0.0623379620622729	0.0233529424140015
0.810341458151604	0.40055573966254
-0.28117995964821	0.192662581121416
0.0589056013081984	0.0427980788353681
-0.00402253373051763	0.0040704265494104
0.049986546771836	0.0696523396908303
0.0573555589748404	0.080894939029541
0.298058579029583	0.401553537790811
0.26188223259948	0.33093628201041
0.218905278887671	0.130043954638822
0.976119314182387	0.959112150022283
0.0503629846488073	0.0502819303817942
0.379005753485439	0.241632994822048
0.629005395984743	0.385549156879063
-0.101955159005827	0.124518989421541
0.311459710550439	0.248647636086888
0.0124401686946422	0.0579604313338023
-0.165558680657813	1.33541580468154
-0.172874513225369	0.176711035717849
0.587979287270225	1.08993627242052
0.153706002139898	0.292913517234975
-0.0870412733362886	0.15702313913146
0.0612734946082392	0.0877461111600961
0.456371387355971	0.632649314789872
0.0916363015754658	0.0825801300129012
0.320655186691186	0.245961800674562
-0.0861365691057832	0.068620665842492
-0.129902618944154	0.131266220660126
0.047259418391731	0.0343512402598976
-0.141104327123653	0.22915585485952
0.45463943596078	0.781435868349771
0.213552489031097	0.295073529470117
-0.011360499522131	0.00692593731233073
0.523819854215433	0.475884787344029
0.367438435242569	0.139359926904387
0.0628906397504923	0.0305705828393655
0.491352814586901	0.361583975657908
0.299279537016932	0.126498714547069
-0.88935349490332	0.677976540628115
0.207894583919141	0.149642901957618
0.461101091647366	0.353815326405888
0.617942175689145	0.378296392376204
0.909556848769686	0.92975932263428
0.140491847721533	0.10830691174086
-0.118110473654092	0.12893123273202
-0.000968011937171631	0.00167066335778851
0.119677259266364	0.218865720570875
-0.039546327108475	0.0326552248621961
0.0143041517638738	0.0113774827507886
0.749964393422066	1.02377722058418
0.0953737445467111	0.0568349594519645
0.432009007564405	0.52694228851253
-0.639516813107164	0.415768055772404
0.283247184533811	0.132909553766571
-0.780782028344729	0.532111548516857
1.18812147635243	0.640050794280798
1.75809686391995	0.67615086306746
0.380020483660508	0.238254469718084
0.516128231705814	0.359149924594477
0.0777973822317586	0.0411563503849549
0.609395417076628	0.28233561894312
0.515962797178971	0.258453858493971
0.467668018733161	0.36038472316631
0.437471386036501	0.446870649632147
0.307896227229818	0.430813616432099
0.289914766167499	0.443460731304188
-0.00417368899085273	0.00307613679479584
0.231317584923456	0.465470182333115
0.29391067682229	0.477674987806033
-0.529193498299896	0.418266880750758
-0.0404931292219082	0.0229961069843396
0.363944238421185	0.143331773682465
0.459559456151713	0.247299189390842
0.316387239937499	0.137150233885778
0.710348188462552	0.403180944652414
0.245788471133832	0.126382632700624
0.36092710322855	0.14226673464879
0.856670015022229	0.518122564127576
0.320445018227008	0.420118857797234
0.475954732644487	0.466988820001835
0.350038296855672	0.246282936387269
0.860726828726486	0.546272363065256
0.392972993863326	0.242898157757685
0.21463683841767	0.143489445594786
0.379088100466442	0.609191647557268
-0.681884375917433	0.552191605746513
1.0151646400281	0.712948925903063
0.864901330964662	0.902397209207654
0.911762606994764	0.939081309379359
-0.453457396555848	0.407419854027697
0.178364492982651	0.191018590840035
0.162400908225038	0.191993399891004
0.208070958820653	0.372377369756583
0.213119065899963	0.217549574636814
0.0768361062891171	0.10451047421089
0.0699833055064181	0.105280226203054
-0.50472197436279	1.10586102582921
0.405839051298954	0.76276388953249
0.305699795234463	0.497186189720458
0.0407057196857893	0.0393150181267207
0.218699184210052	0.181218262780397
0.0321359600717152	0.0220186209512777
0.975609309753104	1.15076738536716
-0.031882339315796	0.0319299700899796
0.0256009944802102	0.0210039281201011
0.434740356967064	0.860766285244352
0.590088066098233	0.657460350581389
-0.0470161992126426	0.0669696394796272
-0.0937171817572775	0.102794779204012
-0.459242786114567	0.512426581253358
0.214581986258116	0.253876228510018
0.394476324343866	0.534651318913535
-0.0711677104336457	0.070310958362321
-0.0231407687601833	0.0225697263975589
0.40443200841932	0.425744555156314
0.0255119614614013	0.0325705609033702
-0.101147225950333	0.169110068558401
0.157974634151862	0.14118889570369
0.593616981217449	0.468667184867997
0.0582425158157999	0.0282772161187512
-0.141409088727596	0.0631037508951289
0.608001709068522	0.275600952644687
1.1496405012385	0.898893212586071
0.810465481408618	0.767788926928287
-0.237694516949189	0.137021485162454
-0.704647949480994	0.639470578748699
-0.609398777145732	1.16291393924151
-0.0455582017251927	0.0603240030683017
0.120788840099563	0.153909105928244
0.35584118730634	0.373541553057753
-0.186138280291952	0.336878056274053
0.182103565712899	0.346135982250763
0.177107932300782	0.264387759269269
0.369195492654863	0.631129801574676
0.104272188864938	0.129339556104098
0.514319432140799	0.362810804659657
-0.280152607258903	0.189721776767548
-0.0863450391664984	0.100788864612959
0.0191641781114104	0.0148543857878094
0.219533084988089	0.132781732410408
-0.234712168128796	0.133401461924452
0.109507637973009	0.151926166813083
0.149770901615622	0.131174574262766
0.315254956431336	0.367400957944677
0.063286630073047	0.379868149081199
0.0664741779140231	0.0720556922902903
0.0231479255686357	0.0243509116097623
0.105542020704643	0.120414159516239
0.0382296040449874	0.0404888377576496
0.122126443815688	0.151485728811198
0.032627130485243	0.0374598205164674
-0.123375185253063	0.192828225071233
-0.0653361861799469	0.125177362140918
0.309032766443768	0.423103332028624
0.410655739104545	0.524048181688019
-0.0857877262186295	0.0874299684445133
0.0366556295009297	0.0399101440388892
0.0133569482828778	0.012891670694998
0.213430914271197	0.433871531643215
-0.154069531740652	0.222399683710593
-0.181861873121857	0.275579672160139
-0.177212615491121	0.159608327097799
0.0358817210176891	0.0304565657446416
0.379848425349022	0.342540255016885
0.219134423984621	0.154445372059222
0.409994385049361	0.355057682986068
0.569725093927904	0.482661807582177
-0.235116279867413	0.164996515120368
-0.00831278660995575	0.00508365712059493
0.410671624709428	0.354083821963728
0.366068196752464	0.34866771842609
-0.0854665067581259	0.117579990544836
-0.022662728346554	0.0401296886020652
0.104577910308917	0.194652190260014
0.126831134629394	0.15294506016961
0.0802850009448039	0.0816935161494057
0.489501668292377	0.706519794054036
0.335543454055157	0.438944734584383
1.70057154754706	0.924423953065327
0.604696348499702	0.490278149025295
0.939102676409794	0.814503356696511
0.0851770955126386	0.0506790822185091
0.104726939550928	0.066960189478227
0.898197683208279	0.678062538871307
0.603371815543304	0.482841219239847
0.461511659638205	0.253056054168608
0.287143359655494	0.287487188773666
0.0697678050375177	0.067779770709331
0.3653222664706	0.624720685517637
0.222932265503038	0.225951712546994
0.136753276053587	0.108790488533538
1.13985813782003	1.01775288282017
1.33358448611404	1.53288121474236
0.461237018687627	0.34564910258229
1.01705851033027	1.16853532945096
0.0722613169922435	0.0357177619235873
0.315609904052661	0.236636876632636
0.440471047097909	0.356455342076814
0.304754668182961	0.248766941691898
0.420506930332242	0.35211170787231
0.805605800591611	0.751820481108384
0.0405460232121309	0.029687531303178
0.549791427173869	1.18181265989391
0.366977204651772	0.338921740198086
0.489000606739208	0.469336315241485
0.425066636530139	0.456590425935058
-0.633712780414064	0.587380016335691
0.148115655151412	0.128851273517112
-0.624689018349972	1.08205162971186
-0.122020248966248	0.157147750726161
0.284401322371385	0.524457497075277
0.145600998430352	0.181394371053044
0.284414641106881	0.406131547481445
0.408745992015464	0.673935547146744
0.766337816642694	1.89964069728364
0.284093045270544	0.574912493010846
-0.00709837727492682	0.00851435874568556
0.298117053442995	0.552965850922424
0.207921563399059	0.389223302120605
-0.162893167085815	0.237978395201939
0.50649121444815	1.00890062494314
-0.0994488307891362	0.12663714225375
0.0433901292000687	0.064402828435358
-0.0147078164717977	0.0183598141527768
0.0533270747758675	0.0838600878058903
0.0824856394826666	0.105467779029355
0.385131478365191	0.464253590537668
0.101828182376739	0.092686217533685
0.44361370203586	0.564495821469062
-0.0182139924146211	0.021392206612618
-0.248241132672701	0.351656413007499
0.222591858208533	0.465112422060596
-0.242635101283016	0.297358834336763
-0.0999606276410939	0.162853529365561
-0.0658878284499605	0.0909367159741486
0.219761742827787	0.28993603392058
0.0421846869538122	0.0419852640060994
0.184181122231565	0.247784721241464
0.223017513141175	0.321440386503829
0.0594972984496138	0.0733874252664927
-0.244609038438983	0.248762096925867
-0.00456863072261561	0.00612977376986579
0.249747355125363	0.521667864721844
0.115942124498005	0.139324939862623
0.03135592065305	0.0328472899600139
0.141552076659537	0.123945562580825
-0.0484309813711612	0.0278857909068125
0.850174134057568	0.885784064290276
-0.109575764883898	0.0847985570237091
-0.111451585352328	0.105406872326655
0.146426917545541	0.185051481716109
-0.107535805708348	0.151491699236318
0.102554168066803	0.14278496176074
0.0740367497489618	0.0730808679434982
0.310339207696622	0.678955055016179
0.191507282510111	0.357868995884718
0.175642375606939	0.289245870053001
-0.138440892943227	0.234183352453946
0.0103909961269718	0.0119842153712891
0.282570037122359	0.551331044519704
0.0678925190716223	0.0644991246722212
0.475269691042364	0.53460135491565
0.267870148700005	0.453367008150771
0.554032249418626	0.657717920832837
-0.0259047230583592	0.0450569443885558
-0.849629790929192	3.07900159637232
-0.658531362406595	2.59228577718302
-0.786841565883793	3.90091268862733
-0.714497001161567	2.71010597762693
-0.183758307168576	0.354023964420654
-0.141840297994699	0.262514122327433
-0.273905162275423	0.607370897284812
-0.148050249064324	0.286834423620868
0.160368838331515	0.170049687887983
0.345017059875535	0.687309246782257
0.293445737682175	0.39584193013544
0.25060252342955	0.353323812593187
0.319864411275472	0.486302045676261
0.0320398563758357	0.0323677923151215
-0.112842123981844	0.143838047987244
0.893588690656788	1.90500180006855
-0.112336055109582	0.11092507971529
-0.286075730499627	0.370284374348301
-0.147559513210376	0.204259406850683
-0.0153815064840698	0.0179858961129987
-0.0180698346026311	0.0203062881520345
0.0635866616110971	0.0777721751866903
0.0873681377966316	0.0885036110730338
0.526665314086689	0.738956595432008
0.595510453564421	0.671732349624182
0.82090586781007	1.16758212833468
0.534009305945752	0.574553210979968
0.522060716741431	0.457538490669593
-0.584262367838199	0.667745973448896
0.22885334017838	0.201792987054549
-0.722306680721323	0.747940352016517
0.128326917074235	0.13280772764717
0.0405729648342592	0.0397629757867757
-0.245113512156638	0.355843589202274
0.447649835398314	0.541329449285032
-0.302547747240631	0.609615612239974
-0.652290436555982	1.74707682626683
-0.459334600156812	1.16868620607609
-0.135752613421983	0.219957647160079
-0.287897583212253	0.512256614782975
-0.379915712170098	0.756225648287943
-0.519740150361776	0.908306021453419
-0.236349944830128	0.396120624890858
0.467018101109183	0.712646231094175
-0.113217345695792	0.121181973657628
-0.211211214245544	0.299654315577356
0.00233399366987259	0.00266782999271338
-0.246450229468139	0.376361306808111
-0.27586578940096	0.410894906681463
-0.342441466860964	0.530656730671903
0.153390415683011	0.242308386669091
-0.285197235186747	0.474764319181027
0.206614520197505	0.270969419761835
-0.562285808242999	1.31371574214713
-0.167474000748459	0.254528004588059
0.209973979745218	0.283378862334237
-0.156016566297159	0.155039026973782
0.378694615221959	0.563506123035278
-0.612366244180617	1.4535724403102
-0.073192349386121	0.0620023825412546
0.787491662798773	1.15050075625923
-0.0467128318100632	0.0446688984837251
1.33893445480632	2.28201681056028
0.472986509646589	0.636513710171405
0.165340007639063	0.269304809252138
0.234749768016181	0.281191439871045
-0.855841677527009	4.08098429514246
-0.46504168683895	1.46264664575748
-0.146427931193204	0.293516067374059
-0.239950134760801	0.618318475551725
-0.119617212428634	0.232543767919808
0.0517533031932786	0.0778198558307285
0.159147872001039	0.311775190981913
-0.127197682899013	0.246283365625208
-0.28294178456815	0.621147381640901
-0.0543819682671568	0.0800271253182292
0.103753742452763	0.12965740591551
-0.151344870739985	0.212063590367976
0.0340034387741934	0.0391895592691486
0.207875390272494	0.30702078535235
-0.0972162517937472	0.130652363663979
0.18853052156558	0.248587567406444
0.315971026312383	0.566792663569137
-0.21768012330206	0.326019809298469
-0.240841201805296	0.322481027822715
0.10466849146613	0.116186781951126
0.147539979314896	0.179868114391713
0.134337368124431	0.147907440172079
0.211076935442774	0.210212719016763
-0.157229875258293	0.142617756363462
0.740882876133674	1.18019085843871
0.0147553330739399	0.0148624039544729
0.628070214638122	1.11667628613557
0.313125673247647	0.458575205484792
0.141514701411146	0.161045936664885
0.273262728124036	0.340507486377703
-0.915944058131155	1.0671619117619
0.761629555334306	0.635992308507877
-0.329519101505047	0.249729551899657
0.478769562106473	0.459214112611476
0.818623042626486	0.78065427779928
0.440596506126725	0.35593624858536
0.932315723212927	1.02877105054358
-0.323629085492255	0.165079505960969
1.1282520360775	1.69684522057998
1.05817536591934	1.85339471228975
0.108069322939302	0.102211324587296
1.04786234253165	1.41371455469048
0.271892477518336	0.409932496922839
-0.138361546807972	0.203146786277035
-0.0425852531057492	0.0598310176986855
0.355584955556455	0.665442242972484
0.232418657921821	0.351160316541516
-0.151068146754921	0.219552741078204
-0.0265295412677737	0.0261153008595528
0.237099217750032	0.377183672660966
0.414659039102899	0.448811992793379
1.17855772069542	2.23917645875172
-0.0306691262756337	0.0308466158670232
0.479095915940721	0.869830114695756
-0.142135865455257	0.155581523515576
0.108609791160516	0.122390709913859
-0.073182848103304	0.0787178849751779
-0.444711103914166	0.704328424012105
-0.221667224367967	0.259791003288673
0.66735839345707	1.05717338873037
-0.28201633435549	0.39549215951735
0.0824174466403754	0.111116592590199
0.780641326854202	1.78364627709155
0.313795226421332	0.265976633500815
0.561269879326947	0.573206157867826
0.738520716848466	0.838557005547065
0.526527191180344	0.821168264184864
-0.398058741146517	1.38786699819505
0.234556438150244	0.540946055364434
0.142680978559114	0.299895376331531
-0.367205022329287	1.15318277199122
-0.498786275694561	1.63980779530786
0.0380787409465573	0.0529544532510927
0.116254794344607	0.19229609252956
-0.00468167593429046	0.00731809697194188
-0.148478151454472	0.281653063284917
-0.111839144941131	0.207424451523321
0.293286145472656	0.593966884942494
-0.0517377814973465	0.0783532370378436
0.0403903724538313	0.0656412957960991
-0.00282676326758551	0.00386745329618319
-0.282351619334107	0.569599386215466
0.0527201790583105	0.0391699101866635
0.255873668522717	0.29673312376101
0.517057337598162	0.952188862333568
0.280408993681287	0.454708565138913
0.0333268774117322	0.0411442755844707
-0.00406116349191261	0.00466367479920662
0.110464340689012	0.158458990114126
-0.0964742144621594	0.112292449884569
-0.0820647396841623	0.106310499076399
0.185063952597689	0.286458086814156
0.0445834307376052	0.0550212604239401
-0.334440986638335	0.532358697621744
0.32269175241285	0.480668581956082
0.190591888592728	0.239943664870489
-0.0387482036857189	0.0410676642554556
-0.167361903082626	0.176181233781795
0.150466985101535	0.137455767945697
0.65724043897811	0.701048764662879
0.74814133981342	1.34993745158435
0.199663753562732	0.251467716769667
0.13952987549857	0.15936559490139
0.648616545011994	0.870579120388432
0.203096819212157	0.210559479612597
0.398816004306669	0.73536887606655
0.61493967276859	0.851702087996052
0.657897460560513	0.797595993113698
0.935909618996723	0.815888948415039
-0.0111875709574933	0.00655015184658188
0.0764012200949171	0.0428788877954516
0.235102671963906	0.131321510329667
0.561594777322881	0.369032209103108
0.452457215308686	0.246784818522898
0.459328730205162	0.252793353982715
-0.180282253686315	0.131162307092578
-0.520219662417524	0.411106231801571
-0.447780080968909	0.52593326779608
0.81952109063977	0.76516161094033
-0.30325834896525	0.386673719139858
0.194359770101618	0.273451507016966
0.336434832089986	0.627336157855336
0.244708756118602	0.346222092536077
0.840008703558503	1.78680109703765
0.349918191452646	0.5272339489681
0.22009935546372	0.190186441901623
0.0582974137324418	0.0595519488806979
0.212426492408679	0.171435541581772
0.0494758260286073	0.0431744083355981
0.0218683173408808	0.0195687706760305
0.914776331264912	1.5588048308823
0.778764227866735	1.11871003839453
-0.224687582598846	0.275779848478154
0.281097515610324	0.28129652457559
0.154998076215573	0.198194171729985
-0.210361239131824	0.231403960559951
0.377586799069103	0.355372680520847
-0.135602850688882	0.160310794167974
0.280924169663649	0.477038712270416
0.16234451812788	0.169049368015523
-0.203734865627471	0.166847879035619
0.0771499509464006	0.0643560534744199
0.151085340168879	0.196695198312739
0.677268697805569	1.56638252503683
0.249819398933489	0.361443754795578
0.0442549481630458	0.0393109868431977
0.298946872487827	0.415049859441962
0.616538695723708	0.844808621386498
0.303939930908402	0.459475577983709
0.349128910805281	0.554304121389766
-0.329079813725426	1.02905705564099
-0.199931473712913	0.491974824291672
-0.286994484525988	0.782016463685326
-0.428893317635105	1.3841398551206
-0.0985764951442095	0.183674740318945
-0.428148621094867	1.00092542908144
0.00132814299140594	0.00186916199250575
0.159439755360238	0.310778590327329
-0.132484696756612	0.260467018746391
-0.264563861355229	0.624301069142981
-0.200942675310511	0.409574500131936
0.04341534957155	0.0617506459024546
-0.0420983490268333	0.0609615396222235
-0.00297270019181138	0.00435819977731518
0.157958216494394	0.290814815014831
-0.0253415339207798	0.0378883504086175
-0.0179861464011071	0.0270885424522241
0.0248687601505726	0.0384758515204726
-0.0440007320313106	0.0687995785723113
0.101883095847254	0.144677566638349
-0.0806415999253724	0.110107451320193
0.224871088990448	0.124123889386215
0.434800637182565	0.444956651504643
0.0710818415244826	0.0780924518028448
0.121723606163385	0.150366304972879
0.425153132916752	0.778578416267528
0.305657730111722	0.491952292949043
0.15096822001892	0.22127601898355
0.116638915639838	0.162067151097377
0.241533601613794	0.404482950521408
0.547935409822154	1.09293934795312
0.182305870533753	0.282490025474073
-0.0729600137308034	0.0943035492367275
0.404062973512061	0.689594861283926
-0.0063822144580516	0.00646779806579016
0.287125880502201	0.466081400319236
0.393462950731612	0.693473095206642
0.319777281377826	0.576448513040321
0.455069435397478	1.00118172367025
0.326401096689747	0.495165591764386
0.0705968981022945	0.0768364493317314
0.704362176745699	1.23708944651412
0.218223517163301	0.225147450521967
0.631342797870028	0.681306162601671
1.54184090094761	2.24102808602096
0.320087481651702	0.240888490766548
0.139124478271308	0.160590544084487
0.511182120273617	0.711587164987568
0.341751597032257	0.371431448491551
0.103143548994895	0.0937538206695841
0.80663602080642	0.962653295839804
0.215344905208333	0.252652664481841
0.151175364453486	0.139183746586374
1.38346588053217	1.28519210823597
0.068809903649472	0.0309527601804029
0.0715627943962819	0.0319519676601851
0.24298615276604	0.125853384808495
-1.06782565811096	0.554472550869451
1.3865456160367	1.29618859685161
1.25350208078012	0.536887330534879
1.04621287366129	0.998679639371878
0.798794336886902	0.93764475553597
0.707420103616931	0.805956507982741
-0.384681426164855	0.179529678416735
-0.749565338562068	1.03081658870539
0.283978802758047	0.397178191791057
0.25699181683225	0.322142954236566
0.279264983210723	0.404747047818702
0.859396084833049	1.51826705011692
-0.319727202060113	0.383334576164305
-0.544389673502211	0.547777479151644
0.354354843468172	0.437100544557492
1.68965244427619	1.83199329888052
0.216566649386501	0.145261226731671
-0.491192897841813	0.539063584031265
0.00642714516108748	0.00497152177984217
0.213371653312367	0.198579025253468
-0.0807226201882218	0.0721565521153734
0.468716685275506	0.556402837594781
-0.458524053975748	0.648439291421111
0.114013481503769	0.105162510917702
-0.784726617553227	0.703309411615941
0.12006368059211	0.119138514126972
0.770802836744695	1.29481054993291
0.255675970519188	0.306517091738941
0.677963113998154	0.621214611311487
0.0852405298191867	0.1130746664252
0.179894962988604	0.208165023049234
0.4748362791904	0.813762938835193
0.142722370127325	0.123972198459543
0.22978129194224	0.302626716725778
0.30656306214573	0.385969969442444
0.334226139506699	0.46152395459475
0.0237526312829532	0.0457670410916137
0.0930681001078474	0.211145895395811
-0.0915560181288538	0.200702953679026
-0.16223462349968	0.375151832320514
0.0282186566526479	0.049221722456104
0.303204371487803	0.59126620850765
0.88280972107143	3.12637147504581
-0.179546686851637	0.348618196730782
0.218711294864827	0.548305429585005
0.0244738412898091	0.0425363633791678
0.0746019367824819	0.132470532249209
-0.0793346267345298	0.135771710079082
0.270674912954516	0.580227999592534
-0.0799883976693973	0.132514078595591
0.299435445340341	0.661024396357856
0.180507550344451	0.379647518062956
-0.156352609166613	0.299323240359287
0.17468210033621	0.346687815856348
0.171029330478536	0.366208472479422
0.133209910275868	0.246896289110295
-0.0121019799079345	0.0164425650284081
0.431536476118782	0.914839970885234
0.195051930303698	0.254198239412516
-0.555731281865527	0.471961063366186
-0.247585256785172	0.218875639446489
0.553940022533023	0.802730100101347
0.173209741747353	0.249610079384025
0.464982806000759	0.903513642027515
0.225142412992096	0.291209365190054
0.188113466492114	0.287443390880402
0.386842031302597	0.75870682552429
0.322285500885498	0.630769199449863
0.263255092385742	0.428276018757474
-0.0685507966311591	0.110458082375214
0.470912474642013	1.08911041068364
-0.0303884944499648	0.0327836891623573
-0.0480977052484397	0.0668449283480203
0.0666007821099426	0.0728376180613992
0.203066436077623	0.245165521113626
0.125235611978257	0.163530250411633
0.120796915037386	0.178816494273737
0.3981905707293	0.668658290271654
0.938951214837499	2.25521447236875
-0.036921263500844	0.0414042096714482
0.384360202085702	0.559122644844115
0.712981220981172	1.13776934184639
0.00457174744542113	0.0033096355836965
0.322425691744897	0.259136313128384
-0.743130111196664	1.1512963410792
0.225855159079853	0.235665951610343
0.0259131856083875	0.0243358802023903
-0.038777795898322	0.0353675086992009
0.310039804339693	0.373211040267435
0.457940807078888	0.354923091770249
1.04591330253621	2.11094643161621
-0.101022252866956	0.0792757838685199
-0.269537858048807	0.185276464070212
0.0970541942472338	0.0618058751031078
-0.232965695782915	0.0885442115965359
-1.03949300067112	0.65658875390169
-0.395331778444053	0.188183368007984
-0.185701754093	0.0768311198147787
-0.23480215501762	0.137801932268238
-0.157198629645625	0.129670343569105
0.99682951251156	0.582238563931866
-0.491079287273352	0.596874657091702
-0.284049026286219	0.379838450074568
-0.175828932724391	0.230836983366923
0.36913506788418	0.43924178089687
0.522569581700268	0.713947286035859
0.0556013672211745	0.0562006579393264
-0.605185941145701	0.644925510603099
0.746109217277874	1.33051446488134
1.28180378214888	1.06781145773725
-0.176935704923232	0.146318319675113
0.732455409478575	1.07582078863472
-0.458421257241348	0.510106471761603
1.03713072333673	1.86920118414591
0.0163216032606615	0.0152021056373204
-0.0531962086662723	0.0431968641293011
0.323038629922309	0.349703818913178
0.357649311427532	0.35327148847354
0.128182417421756	0.0950034706547081
-0.0860803340909096	0.0682319776889443
0.169809688502569	0.189088931971141
0.3057768072033	0.548023079083694
0.268024690340977	0.316431746022157
0.0637423454982137	0.0578334580112519
-0.0455711003640367	0.0260107287256883
0.487256834489965	0.467220329404605
1.34673313885375	2.81704942497203
0.177875594096154	0.245018693976277
0.0824504313250922	0.0910046925894317
0.0300968260637278	0.0205451503353881
0.358383785840852	0.475700722256458
0.170219500977051	0.195215182345683
-0.194601833898565	0.669020478369308
0.0897432751558862	0.218291496776831
-0.00664994406954757	0.01345498237627
-0.0762395055416192	0.174377958178526
-0.201190084273635	0.538264869851455
0.152738104592051	0.351231625336372
0.306351849146983	0.700305399350345
0.29723184475279	0.661925403330408
0.043854175368503	0.0768864034887076
0.402573315854005	1.30417180077486
0.123586411263562	0.279926984612917
-0.253005474237195	0.673848389058716
-0.154055217983845	0.323464518441519
-0.0242869696216399	0.0375893645485973
0.0741349245067564	0.129281659340094
-0.0529469479182813	0.0920809350112759
0.171893215040643	0.337317479984006
0.0139473696470461	0.02415998287679
-0.0534639702568883	0.0876997508808255
-0.162425192611722	0.331281027893581
-0.195053624208631	0.438720522402078
-0.159348879830259	0.315502590255555
0.285231974736703	0.659238365685142
0.548938640585064	1.313393917852
-0.379545859322938	0.736593506696803
0.219236894634705	0.13155229082788
-0.277728104374628	0.281369169735176
0.138460397090919	0.159778165550204
-0.0092294836636476	0.0110469789978485
0.292627161216908	0.494950023924681
0.401479064324247	0.906426568329943
0.195199736449839	0.327233379109083
0.078636502668259	0.112600628410586
-0.0395130208770192	0.0574450773889569
0.115207687417149	0.191792303552648
0.0311720249989967	0.0454203419503828
0.290661544845176	0.492276012693848
-0.158570090239618	0.222773584940062
-0.112387617706058	0.14904684634013
0.148065582366918	0.171458058630929
-0.0538491634692566	0.0603943290917669
0.0939443854418716	0.0831367143365898
0.248000559640366	0.45356943914023
-0.00575649928908023	0.00724833018656525
0.0243759903307751	0.0301603868785289
0.179391260115357	0.225513200302571
-0.0936357397615914	0.107336506395614
-0.0988342975627835	0.092305772309607
0.880508096116103	1.39130757461843
0.704854747083151	0.814581986687415
0.111790830056178	0.101181954576571
-0.478864624794119	0.622003793767061
0.352797712888437	0.462790436828608
-0.0237392777280023	0.0215406440277196
0.21551533455674	0.23104891146098
0.465108350067945	0.358526156562041
0.395917697905608	0.539253934133409
-0.0825215721658432	0.0655070076094265
0.0681195396152699	0.0248949833514418
-0.239374320356969	0.139386716304357
0.211117907911644	0.129927171238062
-0.494630992333952	0.288073680129197
-0.690776384052709	0.345755195402927
0.0557204018592737	0.041367796365444
-0.332855113353593	0.171830322459608
-0.506271651442568	0.737946867181799
-0.0876889921266741	0.0907254054329157
0.230239630753565	0.334166394948578
0.0278885792938019	0.0285252993104881
-0.0114617187693614	0.00969526332006553
-0.0340963973070675	0.0335913880138454
-0.261661844745716	0.224979010178064
0.965652071521512	1.75525022131962
0.352980719721915	0.246074764903762
-0.399998445531856	0.354319505087616
0.0862594997799349	0.0739659875735141
0.000134120197543406	0.00021892011681809
0.355778829117173	0.371013406552475
-0.143233109873489	0.129022402919552
-0.128062062085728	0.108529096096672
0.469132672535644	0.684277089217202
0.454350534754673	0.461057569033163
-0.327415198654739	0.166927642554011
0.291786160494001	0.412348072567032
0.271006036806036	0.526305621621951
0.173610001910172	0.300500003892624
0.4036777307075	0.926921401925356
0.621998350781216	0.68938538463278
-0.239413916364233	0.183533396292697
0.386733672927761	0.54169155779471
1.04750468364344	0.978425095415101
1.23525078374847	1.81456621831375
0.371489637840632	0.583949297627774
0.0837836306626303	0.111076888555562
0.292958965895922	0.362706128417501
-1.45918812195332	2.2692571818734
0.0666141994946094	0.070582692780707
0.944665248650929	1.45377468558568
-0.0893865551407462	0.0974006371860381
0.972654799249487	2.37834150118577
-0.601687298078369	3.27803860575596
0.0581277032284598	0.119398975719293
0.192496348679827	0.503555110642989
-0.0414593064085332	0.0753546778043665
0.0727350698381018	0.134614111561685
-0.0742073712847356	0.132677937648841
0.205464321987422	0.339934129537717
0.260106608005978	0.472590105930966
0.288067853682297	0.61508871775274
0.244571924314401	0.560302505757139
0.289032689467984	0.731506877682982
-0.0181174608282246	0.0269423465109464
0.0347651852110128	0.057166107870587
0.259475364706813	0.452580997434231
-0.0967986439587121	0.151177899746581
0.317999315222753	0.714932401359094
0.144168142942016	0.226339656305342
0.138724910538811	0.240751193925043
0.20937080881669	0.418988476657698
0.0527289319685598	0.0844961200850706
0.261989696108237	0.52576991133582
0.128231529570385	0.219092090937389
0.409094709487952	1.11786988471498
0.229855288953134	0.392405300383331
0.126084814374814	0.195276662916873
0.203010561743892	0.289311126625668
-0.521769901727021	0.841188188414079
0.0687958309026446	0.0368872270701615
0.395713012189308	0.353157638543529
-0.0895573488095961	0.0863933911787143
0.522760344610365	0.997957614392722
0.245277582712046	0.371096370032749
0.452836574115561	0.848473941931483
0.0276834718853077	0.0373218511366132
0.0986318093644005	0.124943409939535
0.541375767749395	1.06418691793216
0.038387225097139	0.0421558572950193
0.00172506125549663	0.00167524283073773
0.162415496223539	0.175639594678074
0.656013962295002	1.18948335345636
0.734823133670873	1.59438629304624
0.245476177470144	0.355124082428379
0.383285451333686	0.622426500449109
0.18864708377752	0.231512962102121
0.516057741667016	0.860237827647152
0.467534759038874	0.708858873398689
0.155775994224881	0.158015619425902
0.850299749340549	1.32404065526665
-0.0980193610216719	0.074576159263295
-0.42325199453278	0.307707739504222
0.0678028295274604	0.0536790948490317
0.087340565920797	0.073246539580611
-0.0231760742819673	0.0165862933512148
-0.0202747978893983	0.0166397078406348
-0.0289837844664287	0.0241613763830955
0.281686980200369	0.289131431581252
-0.492189740339151	0.283219006478733
-0.938585297106826	1.32142340907931
0.3000346330127	0.394758028065927
0.171288899303052	0.180022129753593
0.604391619186892	0.900176293213526
0.204030001230511	0.187903596298268
0.508466265359981	0.642070197765669
0.562121056285225	0.372133736106478
0.430127209624285	0.454639311558138
-0.18931147620757	0.0765954502589236
-0.31052948349167	0.205019198586501
0.855125786460005	0.87617302918416
0.211625864017169	0.157393912766495
1.31174430531542	1.62504688232521
0.299798917729922	0.255348730278203
0.00250064494784199	0.0020391723138761
0.0595764430206445	0.0453041842168066
0.121566174337391	0.0908191095683107
0.516588731640648	0.356244165174492
-0.156378098001163	0.131317277491016
0.126589778150595	0.138367393124139
0.222366661514651	0.319161434037241
0.538394301706447	0.965818854308954
-0.143278202219881	0.20213727765775
0.254312130907352	0.343260401864618
0.34105384055877	0.62453956431123
0.295682330153137	0.482315772069299
0.196025429333046	0.266266025039289
0.525719646908348	0.648272355235948
0.341958530918497	0.24142469193195
0.775292748941131	0.84793261121596
0.0475273106493299	0.0325172141466861
0.214221911610718	0.209851834758948
0.0858531686773444	0.0860350326160017
0.447106469893777	0.632432549064846
0.204662130164957	0.258368249326163
0.21478429580261	0.23990427333858
-0.234334410740479	0.166754122408029
0.221491289206669	0.223988267355349
0.881688137946631	1.57592733926305
0.28135148437388	0.275024797525178
0.648087555285615	0.866738256680564
-0.463693179536512	2.26281825663167
0.109601103912911	0.26675947219644
0.0670277025813882	0.148063420143296
0.150532192042524	0.358874495196603
-0.0522812276054	0.103617791548289
0.332423755145128	0.948883995648126
0.181670286957732	0.325511936751689
0.181722769256697	0.326439103500947
0.148026786415472	0.274965816615337
-0.0727396025684009	0.126239702818279
0.107530291049867	0.212000444409513
0.0702896308431818	0.127945309496119
-0.0469962435938903	0.07804959080914
-0.29332335263082	0.583664774217901
0.294888227678919	0.621569424322591
0.218605873865632	0.424929648668001
-0.522239045920718	1.3511832856833
0.307962978603292	0.668971404172318
0.623841386981876	2.02461675943027
0.352514187952454	0.887504018601871
-0.289293873311463	0.629875982092189
-0.244220234023461	0.471290790412834
-0.0684569048650484	0.109731878408766
-0.0880481815604118	0.134026855154214
0.0258388351362469	0.0365948584266877
0.228048471342307	0.345486090781943
-0.291413337700566	0.447888434717043
0.0849117398776763	0.0509351788275733
0.349728188685405	0.35360173812222
-0.0424297667500451	0.0386504109972403
0.142616903528373	0.160614524682139
0.621182451351785	1.01669183274497
-0.0112125213784195	0.0121131462772747
0.399932297845083	0.692050856295744
0.587996204067512	1.0941701392817
0.270166272353199	0.419229862950875
0.169458857823136	0.268976621288068
0.166910038936096	0.237096679556543
0.3855544543226	0.774143664302543
0.725619529946962	1.33836564915916
-0.0895650126607087	0.104731674052077
0.0847063041612656	0.0927909700360426
0.118834250042589	0.11950638639878
0.392709714382425	0.552874271257594
0.325410393063125	0.574191352606061
0.265470734320064	0.447576548561334
0.0807607554165268	0.09050942886323
-0.118150018798819	0.144927740302843
-0.0624407518324802	0.0784278970638023
-0.114461571257274	0.148076511941475
0.259147960489321	0.342883179834612
0.707308918849516	1.31396102832429
0.351912673029534	0.462604918418494
0.0254887014183785	0.019589179979264
0.43347334421541	0.345248271371784
0.429251219816937	0.355855186261527
-0.713225307091612	0.747276348722708
0.209380124027092	0.189399783747419
1.13171663193796	1.91864455072085
0.275683565038682	0.267547716570912
0.946100511469229	0.819877744292066
-0.0735965360419768	0.0399751604311523
-0.170390186278224	0.168890773238306
-0.474972199736541	0.206969484136013
-1.21402329944272	1.31757521763877
-0.315877398360559	0.208863177666196
-0.478132465538073	0.553792373512482
-0.270285279263902	0.312200432085475
0.42059393675594	0.553874378945198
0.52518448357207	0.656070581166686
0.316735281033769	0.35103878649514
-0.221855699383868	0.213918988001474
0.305799833286049	0.250084158830123
0.56233898407945	0.747649306502882
-0.239196654344247	0.138136835872085
0.490902083699711	0.365067479559813
0.773426793159752	0.93279052093561
-0.0819820963753855	0.0653021595886474
0.217920300466883	0.154104124653717
0.316486304478873	0.329717924815751
0.503293333349125	0.553372195814187
0.429175843509441	0.461211059589365
-0.832559942257744	1.04096915859451
1.06633703889937	1.126451022948
-0.207655321030331	0.20247551583559
0.166655257610937	0.175164187545934
0.313494126333272	0.477646289757066
0.548106871961212	1.3035575875779
-0.0903890234070526	0.112841883400523
0.569262389446077	0.986977745651763
0.214113335720441	0.162973227536246
0.464376835281369	0.359950123714607
0.229027944828569	0.127619175967125
0.474457433602899	0.468828085653736
-0.235550281833529	0.167608943910362
0.421329825660328	0.451465550492435
-0.0624493408430208	0.0733175559913259
0.435809412229582	0.44634249990816
0.136961058364062	0.115903207222524
0.288401785539538	0.276268758335195
0.42251230632447	0.452791329041621
0.221011110485132	0.211318534489005
0.276261754596589	0.300828501846989
0.128030950750869	0.12912465547579
0.0956508471642869	0.0839692418322383
-0.180753697816477	0.321243552368313
-0.386137867802182	1.94315913912309
0.448594619367604	2.10303625783864
0.315391218701301	1.11586642684986
0.403020611020382	1.52749845963284
0.258962007628947	0.762802532910802
0.617278209980096	2.62914963285427
0.0900607669777183	0.143991061395477
0.225884540413383	0.436781879668624
0.266873348328586	0.601723616194267
-0.0153325083305825	0.0264590354388657
0.0351439191207917	0.0652937439472252
0.178356120173544	0.368509497650091
-0.087249492936667	0.166701068960941
0.0349647920681936	0.0499692625429819
-0.00598097725487529	0.00844444198719192
0.435606153165201	1.20550788282468
0.172246331536437	0.310871541994164
0.125797842357385	0.246851660510151
0.583259883403599	1.83724098165199
-0.0669335433681206	0.121298233897951
0.174985457975478	0.312820094513692
0.24353072517414	0.524624005648718
-0.273263484237031	0.656087791744534
0.137831595247086	0.24184652724581
0.517268513874265	1.36448886897108
0.092202662013789	0.121989224883572
-0.298978304173975	0.505934629664317
0.0431026973954514	0.0339251406756017
0.106483453366903	0.0711052390916494
0.311587516560552	0.368922636897256
0.150101318919685	0.196735461999486
0.507761689685844	0.958040124986289
0.173015495015254	0.179104188256346
0.075324545968499	0.0927458291019756
0.399142843314113	0.760094642925924
0.444991307886147	0.891709757439934
0.28592107685615	0.559298470293445
0.464726456402492	0.933167773764908
0.223087903054707	0.384452350590308
0.490883241470504	1.08014573624809
0.236201830781437	0.414701674295987
-0.00490798545494518	0.00603813666615725
0.20855518182659	0.285314029978586
-0.373375540539177	0.639100335286625
0.713364916422609	1.4328495345553
0.289893687013575	0.561752286052493
0.717288484350309	2.01439406008969
0.425872174107547	0.825953427650545
0.265173925229302	0.457320351401874
0.446341359709382	0.884394864953052
0.0826050437695318	0.0943636561297586
0.950518491828151	2.81424386528681
-0.212047185885539	0.312498498082036
0.205547398123493	0.261435414159295
0.353882393446782	0.484424742609591
0.126802837495433	0.131930222024188
0.632567640709084	0.93971673290578
0.56978245054995	0.652653504594974
-0.0572228424008023	0.0392701819287789
0.387310628076043	0.357363794647525
0.716614770140729	0.912535412284921
0.511600632886722	0.700115733852539
0.110679306311707	0.0735051263437806
0.0875722185812354	0.0780463913528717
-0.537776686565949	0.537147329312143
-1.02333728306949	0.746497000669886
-0.561441383989688	0.678637854030386
-0.438574922190783	0.602866606384997
0.64010822260257	1.19489307503676
0.274569200834241	0.291497923159175
0.287663752560487	0.258819608685492
-0.382342034333135	0.475645079295891
0.55775380491011	0.366320316037938
0.209480275181084	0.198843832116459
0.0977983556452978	0.0622277935066844
0.354632515353553	0.354040019753824
-0.792172887783703	1.0779034948991
0.15646883191043	0.143924520097932
0.475161362136811	0.438317080424703
0.00845733703034873	0.00719821591037766
0.748816361903022	1.01293516166398
0.0364254160525889	0.0307771339819157
0.777143222243314	0.955906653022339
-0.419663527411962	0.307849603152306
0.333988932675234	0.371725341647394
-0.186151652188821	0.222666287161013
0.0513824389899951	0.0642574136232514
0.64135109331385	1.31929195387102
-0.0339172772565139	0.0387052071029563
0.280406573933196	0.514003153982242
0.974659077645413	0.948996614635427
0.452994188152239	0.427148026400224
0.414641701809981	0.246412451650579
0.516279990771416	0.355712699049287
0.403356155523846	0.443442003338552
0.698383704121275	0.974811455562839
0.462331158951398	0.683644123179208
0.414648818047121	0.511446558441665
0.536564310610676	0.946821877953961
0.609449621253237	0.682541668000428
0.145495796164847	0.133023226235342
-0.0345262892235535	0.0249486823706061
-0.0735062924320725	0.0566345832497997
0.360920736533695	0.544055423456593
0.350392122515136	0.463358459646909
0.481114003214774	0.881909666724368
0.202915114511308	0.419474907489448
-0.304820064698484	1.47933609640517
-0.0725347875735113	0.217590723270477
0.468237232462479	2.40200082740384
0.924653515523483	6.93937951306765
0.434408851162517	1.88722479239934
0.199980286856875	0.554562326707477
0.290922025314479	0.883936106314145
0.727185044896406	2.54706213390894
0.501890073084149	1.45848038943263
0.47013249361251	1.47927355823233
0.287871574962657	0.784740497210698
0.0870775635036521	0.181641986957275
0.113033083507452	0.222690770949841
0.0107054594452915	0.0173643983397198
0.557857328992301	1.59429118262807
0.293889222540775	0.649169695633713
0.500611149990729	1.4441839468253
0.0133853367070617	0.0186624534981572
0.204818745524233	0.4022080946166
0.550461956608104	1.59874699343656
0.0931768417217718	0.1581338282652
0.24210579759348	0.484812063506332
0.282159302218006	0.588818429679665
0.111030295098106	0.205880856757129
0.0767155565500385	0.132934245644687
-0.232701105942509	0.412503324706985
-0.0910983552964684	0.123420779972249
-0.290050779880982	0.442084845243162
0.53679304617346	0.462990389021606
0.436294351266651	0.44809084275779
0.141799951262922	0.156308537911718
-0.0449192006791038	0.04827110077907
0.25350573149644	0.35570093810496
0.122175419573454	0.148795863712033
0.119284144339782	0.143359008534348
0.278917717902357	0.458008136036822
0.589218181758513	1.34229980430638
0.204560524493782	0.316062128130076
0.255326915813355	0.430076199076069
-0.169848924525538	0.268660230585007
0.108063232465745	0.153397512980914
0.180367294415087	0.285201273688407
-0.204907764601699	0.298808793852778
0.999889978606106	2.25235524121106
-0.167499822158769	0.237147134832325
0.519443110318319	0.898542916057747
0.203150978040049	0.330567858288002
0.238208120257761	0.38631143145589
0.339331088057233	0.574951971941255
0.179077755100171	0.298995458637219
0.32217470245575	0.690422822139612
0.182526396030745	0.280859825550648
0.297835030844763	0.562643125341729
0.309221652634938	0.512893456120838
0.313314141738066	0.491102073470763
0.319026797201308	0.45485276492251
0.264154456926552	0.443260402512378
0.122613446730303	0.166914270543918
-0.0812963434570789	0.0918680443342052
0.496167963173097	0.733110693416546
0.530870370582984	0.808537013295964
0.388489941471571	0.453793120040014
-0.231662350604928	0.185860347640007
0.929261916634982	1.01113642648308
0.6750181002867	0.799774475028272
0.435166711483716	0.446354050380436
0.524784454433464	0.621885199430939
0.938305902308135	1.43392699392366
0.345953073929645	0.357278043234902
0.825371899879805	1.02857569803855
-0.371105846685175	0.310852426448566
0.225295792522903	0.124969122939742
-0.904141798281688	1.48931407913566
0.154810871478493	0.155246455653366
-0.0581474027985899	0.0572360093100701
0.119054279778198	0.120638516638983
-0.352210582763149	0.40029117962792
0.132474258063121	0.13349183611633
-0.223321386732048	0.177532152318135
1.05334005211998	1.89901996764471
0.381974650507748	0.240864597500722
-0.666127574421613	0.495033305565613
0.136632679048445	0.115577647787656
-0.195308768432492	0.188240437134922
-0.253889868188241	0.222696232651593
-0.0521902737572731	0.0412652682475377
0.616494829430141	0.761943310963839
-0.926609762395133	1.33617111058109
0.579564232637067	0.572117709651915
-0.00307860630942626	0.00195522331519935
0.180979615494617	0.199330915959181
0.178554338142617	0.216821004153118
0.578418877320805	1.22089090970004
0.28484147408986	0.499916071422944
0.5891114474987	1.22931273300681
0.310538332513684	0.577142826082241
0.486788991023799	0.952638139681222
0.117846898907353	0.151752284086893
0.640361562444871	0.599061466957567
0.324988605655095	0.333438232517533
0.815281679165878	0.420748017055516
0.561562115984986	0.37134597269702
0.0785847506323105	0.0416101080690188
0.075001106635228	0.0842677687339683
0.500656010446076	0.634637166848934
-0.0415803056418552	0.0438088484692723
0.097883066039379	0.107667329042779
0.345636346650513	0.35982101265846
0.379888476011708	0.342825398542254
0.148003349942077	0.127795053408741
0.362000347762361	0.471331442208933
0.330306530610229	0.483348349311089
0.527442023315653	0.94283111844282
-0.0369483815618765	0.0700162372222424
-0.15725031037577	0.658836263175275
0.0159095033602024	0.0440330789308955
0.655316957426047	4.73434044917754
0.971899391119231	7.88590365634052
0.39486615526597	1.69637057769558
0.210180968065971	0.652590909491084
0.286064070596228	0.944952746710273
0.300991763877358	0.72430038564978
0.347640184971662	0.881464776707467
0.363803044637017	1.05207935159781
0.409799462078614	1.43180854848037
-0.0969753170864975	0.212392808749364
0.239525312526068	0.586954682340654
0.394254702954088	1.2129514050578
0.435053255451915	1.13724091928657
0.412397506903526	1.14472891916229
0.533629677965207	1.69127102694602
0.152108118040413	0.280283104066769
0.0907368771807335	0.169412377235388
0.137348844980024	0.248597372208956
-0.0876945795053995	0.171448292701657
-0.238564922955459	0.482277121602782
0.0509534863458222	0.0830668356507871
-0.299826505462751	0.754004027955356
-0.562190882614707	1.64255001966859
0.0634615559438041	0.10376597924341
0.140708537187267	0.235426746825632
-0.132007302239307	0.211828840517369
-0.200019619272683	0.144155208020045
-0.113256145560977	0.0977530747295136
-0.108873103122212	0.116508790992506
-0.0960489976765095	0.121776936832907
0.296480327918726	0.474924010060624
0.258725125787962	0.410485681952325
0.0963665110861047	0.129091395485359
0.586560335185532	1.39648385381923
0.496608839861244	1.15564021825363
0.863991145134994	2.59856706036608
0.380566681211383	0.780302881676733
0.383133478745457	0.660970236779201
0.337363172692895	0.645488610315431
0.108835865007615	0.168201411827075
0.552683195960962	1.36334826670145
-0.141858651424252	0.221038580438932
-0.148479652725821	0.231873851131271
0.416059799484788	0.761947252810812
0.217571698124946	0.334705397369858
0.285460700117816	0.363710707972745
0.00945745056817871	0.0101031205338498
0.380244000706682	0.699992782035716
0.255173111640126	0.484166560436994
0.171297858775653	0.293431901628653
0.101889408093882	0.165929596252393
0.254983571011068	0.463189645053574
0.515001339319079	1.27379236737233
0.62085323989369	1.57454402731884
0.236553991584622	0.419154374632549
0.415153285846889	0.703851802890374
0.148100606254938	0.209794617080246
0.177400799241309	0.283772647856884
0.303838507308152	0.531487121615153
0.477526483377861	1.00563880006621
0.0245696348543062	0.0329354012698999
-0.112542158579112	0.161179040153003
0.645483026778093	1.41685417054682
0.0385372619170502	0.039832116901936
0.413059334531057	0.622048515966196
0.320693936411363	0.355582686541238
0.221690961247508	0.185502180027762
0.394195601561763	0.359794475915622
0.569656234539557	0.664081498430564
0.940350891467255	1.43652805350518
-0.199634657241159	0.162791400367886
0.768095573485544	0.514781992376816
-0.221933671998219	0.260168244873544
-0.053708792995471	0.0614922424863074
-0.0698558148068796	0.0780010174122537
0.0456567753585738	0.0464440418704799
0.968315081023932	1.78326723761767
0.140797217126329	0.150619654772972
-0.0193485377995756	0.0114828612945869
0.373579817017003	0.450524760551893
-1.28542741234505	1.51704418077539
0.112226102259015	0.0746936953803075
0.155786623946285	0.158781772715548
1.47004947940162	2.82439965966474
0.159323255198249	0.157272849125751
-0.0111479064159817	0.00816868286615745
-0.148278204856069	0.167862340238683
-0.00461599152413145	0.00379622104766738
0.822376985863699	1.12646894884527
-1.19759625916068	1.55346638194655
0.707897482333081	1.23171113251841
-0.391609193843058	0.566835364638579
0.127484830592049	0.176640397096947
-0.0815953172395186	0.11290763473596
-0.19021897622994	0.282864332406119
-0.420698383022134	0.834934265382001
0.218677394511379	0.374931973206029
0.628368136120606	0.379415838179138
-0.203735762615246	0.148068227325231
-0.270556459272807	0.143811839801853
0.608005365526362	0.490490098899246
0.22971727196367	0.145155463203571
0.0211193099056478	0.0250815677357016
0.18135663502668	0.213724822451683
0.0475518616177042	0.055015540467216
0.585551259514861	0.667590469202159
0.206839395287924	0.235561434339059
0.219811947747981	0.210749751038361
0.514194046770913	0.808093561358179
0.0698948760797425	0.397423553866473
0.150085061893078	0.959231847723688
-0.0229998313819856	0.0780733524979459
0.150299074089145	0.424989343770386
-0.124300893993236	0.527894952544888
0.109926905652055	0.412422216289585
0.703946056774737	4.86472905062523
0.719441824515221	4.59233006224725
0.649439252854824	3.5998648588317
0.0355093479268153	0.0776019340294201
0.356791854139213	1.18504171896779
0.534836019087726	1.70876202440786
0.462874865762253	1.31147366454966
0.190420564333211	0.434640224931506
0.395204031040881	1.14784000581354
0.408868895373821	1.25254867332432
0.463503875988981	1.42420355891431
0.299723368599199	0.720338734216129
0.137737475039326	0.232967394639076
0.572898146144231	1.56848878700199
0.03953129206975	0.0557426062613608
0.399539846856126	0.8730473186294
0.0179548048996204	0.0261716618441133
0.165688626830406	0.29394166479923
0.0962778269934238	0.162731890898709
0.222109742513774	0.383256042841841
0.409673733976641	0.879826261507629
0.222713487546464	0.421253492963383
0.339245771681803	0.708289458382018
0.0759499483783094	0.122107766563106
-0.242732457940022	0.455605413485406
0.213556835544686	0.390816700050273
-0.0821111892763242	0.0550301806738883
0.211364585808448	0.223342180415207
0.117750077941904	0.134253212176742
-0.147353955307649	0.203348847564883
0.602196346151587	1.31929320284786
0.0804451231231508	0.0909487046546408
0.269088770937217	0.384960300361874
0.321888006859962	0.479474189745751
0.289168199902234	0.448739800414508
0.32191015074002	0.499512773605549
-0.379024477796775	0.636214337467639
0.341954159161144	0.574170421685871
0.841668598318223	1.78607119126505
0.42711078252534	0.852848611586301
0.447954459690977	0.709018336140263
0.133136829674428	0.15368011487405
0.732081934937675	1.63295161280564
-0.214034969985821	0.27041485662359
0.162290963751629	0.20803293723566
0.00631338963859014	0.0071549304875246
0.276380172206618	0.469543658987175
-0.30008458589183	0.519303991028139
0.213016800165212	0.322234856898666
0.419932917829219	0.705588516705276
0.28849808621172	0.407669859857001
0.449205503511993	0.728382948085923
0.382756939477131	0.641147039124304
0.347262890511311	0.583362101620885
0.157057279087893	0.207762385924892
0.194115697530937	0.249198981244939
0.382026956559998	0.641149967147809
0.183404199974524	0.212215373524239
-0.200765555063118	0.251745857309323
0.513468638894233	1.01060278086548
0.121688023725182	0.129393924637525
0.103948121213911	0.0986725661793834
-0.0397471330236521	0.0285874751189803
0.545319052022827	0.636185318004025
0.0975029658517177	0.0859743781806023
0.424155072678432	0.541606052216257
0.538376838625675	0.81128720511721
-0.786213063377032	0.63077879093844
-0.307159136373271	0.392911290955301
-0.523892374260182	0.835920339120584
-0.28543164993164	0.365116962338211
0.324947446119769	0.455874503022949
0.379089537221229	0.521214069268225
-0.12654291537835	0.127012735579888
-0.502712037182019	0.56793159554217
0.258540325112063	0.339887492467614
1.71638356021841	2.25801851845787
0.0237793175203092	0.0190686640957925
-0.115653541507505	0.109914435922817
0.0963436762107453	0.0864842945668366
0.264498645119841	0.321731833732005
-0.307398775805441	0.371581815753082
-0.389377892263274	0.458595923999322
0.0986991932138289	0.0918353675325932
0.180970124612132	0.190898056132486
-0.0637184180933098	0.0433387083870191
0.909061550903199	1.78653018818311
1.12212137894984	2.56931119593608
0.582378095020411	1.20806130505566
0.0458996924564983	0.0507066241152894
0.271654301837746	0.397927915913389
0.286965912733078	0.445482199970297
0.378202553403792	0.357146980578509
0.765086450476109	0.748781212362386
-0.326176041156301	0.247695997736431
0.102101261819043	0.0646790898844901
0.767838902008258	0.740678774587986
0.220428718659949	0.258172076135902
0.0193378010968244	0.0203691552567567
0.07265228766278	0.0803725303756043
0.105350127656539	0.094865650520028
0.0752313983540469	0.0626443580800448
0.0234491803445055	0.021161931021841
0.106741077411619	0.712120168001383
-0.100482689389514	0.577436352498904
0.38245454153663	2.1821578093312
-0.0886814390094912	0.403994854137433
0.337902013488378	2.34747493333347
0.938573978122309	8.45459330590721
0.733012100678868	4.59896115985987
0.534925612709489	2.8343137833782
0.0702063937040861	0.171636669867128
0.113702568039376	0.268023477295502
0.141711204772428	0.301590041258821
0.337801628958648	1.00246675729814
0.0397797769414682	0.0764306459938935
0.28844147956498	0.715223373676169
0.280508248442798	0.615492070807023
0.560889707027921	1.5489448714332
0.453710316565462	1.1430091003203
0.575138660468658	1.56933600014182
0.0722021374214687	0.119573439374737
0.00866951960091313	0.01233440442915
-0.034355167734205	0.0430532515371598
0.0460081040471199	0.06176164816111
0.438506299207093	0.902870684517628
0.661597493034815	1.81456332968913
0.141683986420433	0.216513590802506
0.369076719058698	0.650446931542905
0.332013197758855	0.670889696075071
0.12641500895098	0.198605964759984
0.0709290580333795	0.117601314493795
0.0759620585744459	0.111576092768684
0.388583766341843	0.604479744714887
-0.0458728428699692	0.0537232630619661
-0.249861232406429	0.354158329366569
0.746082700324344	2.07536129192148
0.247420685430949	0.408542396837715
-0.181762060778015	0.229390083699412
-0.441091958981039	0.843363902359229
0.369486789019177	0.606500108362102
0.574761285567948	0.999810011172795
0.496934513993476	0.888958739880082
0.392423653338073	0.703816636513128
0.278825700113571	0.464686429226788
0.0902242228262999	0.128429728819197
-0.160197286430076	0.225313775659328
0.112501554670099	0.137276950283934
0.246072685593045	0.403864162122279
-0.298550160112453	0.43654650955041
-0.06044951739112	0.0763080887538854
-0.0388687845960133	0.049378818764693
0.5588542161686	1.28326191436443
0.143966342250387	0.177192487967469
0.524976720259057	1.00144777937965
0.456817615286854	0.786734326360643
0.595281797781777	1.08223570025222
0.704669782642794	1.24621470781791
0.220414154663267	0.358299983265015
0.105105672307687	0.114497632081778
0.0382306428990604	0.0508713528164791
0.612625036553248	1.12508597655597
0.303831034170504	0.439016557688416
0.323878417098913	0.482287961595313
-0.137828315295635	0.145705684772224
0.320988286018057	0.471610177242712
0.383380973484364	0.516906716425058
0.423555949955089	0.52596194720198
0.425348332959049	0.46760865381649
-0.2036613583236	0.146839558407504
0.419063909353945	0.700817763171576
-0.0887659534401911	0.104952801514386
-0.2337243610967	0.278482090101636
0.155756576538254	0.208777262625952
-0.0747849055314729	0.0873456967712294
-0.0167704501220322	0.0183570321473236
-0.183740066056418	0.218623829158644
0.201050645788703	0.222053801445739
0.0163148807679181	0.0130178937601191
0.0261648091415213	0.0208266557101099
-0.114342573639912	0.113107841111287
-0.495469448273662	0.664184201294305
-0.145759298206262	0.156198520433128
-0.137287304999158	0.139690837341954
0.074198900455121	0.0792027461176408
-0.262156028924352	0.333786486168069
-0.336341031595344	0.466903247370574
0.150459307873015	0.141709510980396
0.252561225383063	0.361636093432675
0.332597625319475	0.512905901705545
-0.00860200055395214	0.00809895738706822
0.133670303095747	0.139392884156994
0.686591765937701	1.46031552847127
0.00221305002117972	0.00237711829966838
0.281325735135831	0.259541790656198
0.839592884312352	0.968736358290042
0.479029988036753	0.588131687081666
0.605608877009601	0.914327632714561
0.0602412432427925	0.0759461666067649
-0.0901908027280879	0.1115080480192
0.538913058527236	0.949995898167096
0.104745339211649	0.129966337634464
-0.24481835900134	0.34538313076003
-0.39422408073574	0.490967677235996
-0.154421578117084	0.153762923908414
-0.0815462714601257	0.0841468287250965
0.12017047943183	0.135542219810177
-0.0238768547296444	0.0239648238828024
0.400308903950899	0.448647888231492
0.0218287663797864	0.103574011009042
-0.0857434811174264	0.482913961133645
0.49692137399176	4.76826515506176
0.0545279894974854	0.223682671572448
0.261696061407819	1.32027751129861
0.727314359121428	4.45229420405806
0.606095307729615	2.35277127490549
0.561461420788196	2.38074258018616
0.186306143710853	0.502009049564423
0.510393574989569	1.67104014431681
0.312530930604759	0.972483387209797
0.364768146243486	1.07247299468744
0.198529327781425	0.505801703659656
0.0129630806543888	0.0173292491603803
0.444252100661562	0.960001971770819
0.238477468856915	0.406816394771676
0.147012185697936	0.204510419503289
0.112576331858888	0.171629304427665
0.323712992307613	0.62530110089089
0.138126049772472	0.182541308261907
0.49445483507183	0.727244179269595
0.527866174919377	0.962769958701507
0.524670490769501	0.890148227638383
0.703585759888395	1.46004441944794
0.143842316340108	0.16377718616192
0.133911464247019	0.151468994697241
0.109605968059301	0.129687099695793
0.119140665967987	0.144616456885415
-0.306266287523166	0.485528487786803
0.278968155239429	0.483449721690002
0.103239020279145	0.176976489257463
-0.0263409234228192	0.0401290243927365
0.242355112790213	0.390492828974253
0.153549264303458	0.22091721115279
-0.331943231093777	0.573063224536608
0.293673238430812	0.429472350430524
-0.0446884266280137	0.0526350706212216
0.618981475852344	0.918441261410542
0.0764858798660257	0.0645057931308834
0.691169075153285	0.981471283858184
0.195974507694782	0.263278351377014
0.332642361478671	0.645297056543745
0.0384441738166707	0.0501711844700218
-0.192882240076985	0.240759093204267
-0.215140125392222	0.389988461623657
0.0948179194106385	0.130813402018708
0.339237418069357	0.469300973440865
-0.213345098881745	0.252652167383695
0.341725870067492	0.466797639835029
0.599407133371734	0.824083528666665
0.361719471570667	0.459967314263386
0.610675233818295	0.769600340158332
0.503091558144487	0.637972443375332
0.622548807387013	0.781728198562009
0.256543136039597	0.426112928798294
-0.791980369839062	1.51087150345305
0.0115183575174513	0.0100764744957133
0.179939333253411	0.208795384856933
0.320247460442802	0.360017591943672
0.60899628235604	1.18095838095771
0.541630852296424	0.90041101763776
0.369724444937164	0.556413436024201
-0.22986690378576	0.31103894670386
-0.207265200780361	0.273191533652215
0.0907083120040864	0.0937281852085193
-0.540680543929863	0.714614171389013
0.479090110083626	0.704909608752837
0.0495121131219064	0.0560586972202137
-0.108076715577597	0.118604130222809
0.292156833965668	0.526757443677639
0.117689715506513	0.143449094321501
-0.223161712315339	0.335906104717586
0.251831510870681	0.372288842422731
0.345650656213849	0.519296609868665
0.302483344780607	0.415213543173522
-0.141924633669259	0.166744327107504
-0.0566060468976335	0.0643058928622823
0.275149125761321	0.399102318594348
-0.233876057442934	0.258473192388976
0.115830217348608	0.149739294550706
-0.0645633486713422	0.0825007215190814
0.452943134835173	0.774849092115115
0.114236859243731	0.154696779742188
0.578738783603601	0.795214470948442
0.214886867634809	0.216273395290154
0.769655559837104	1.41869612248847
-0.0762024029073024	0.0910891785052453
0.309284598532271	0.401187689989448
0.316560779963462	0.485502193370295
0.0795468624722332	0.0816170336268403
-0.130638495430472	0.149781140678821
-0.0224740426266119	0.0253710624738183
-0.359457189445026	0.474814004506203
0.437476515448989	0.632305155450565
0.210640726813887	0.204741410525038
-0.230620979985585	0.323972175548605
-0.208896986245453	0.253581249288159
0.13280571001565	0.147432611698939
0.0733284941362217	0.0807410487570328
0.725289744747291	1.24068012621692
0.0903247152241881	0.0778019901597729
0.203205950520197	0.298892530384031
0.148087382851686	1.11360778393257
0.15296208859369	0.805693937910367
-0.247187742985284	1.72046666257322
0.0331114499867454	0.0848876621751195
0.649619362777396	2.71089383755062
1.48550706751339	7.88046284853634
0.328476360089322	0.741380255289181
-0.141921980871529	0.277444424113367
0.0394039931429753	0.0528771855893447
0.0707525225206528	0.134298875124824
0.483913851554886	1.27862226038597
0.1679678720452	0.365141092126055
0.0886391308323666	0.103047983530808
-0.0446910266943097	0.0435325385279687
0.0103157817582364	0.00992780248680971
0.542379435048075	0.718333512242206
0.493011113267745	0.895245992277902
0.795460140360926	1.66558421407816
0.413237916012239	0.558540706424044
0.470788728875885	0.451712468876547
0.338649011398512	0.376012681871773
-0.694567539913659	0.92007967922994
-0.0155603785488874	0.0132175240292826
0.0794827900289125	0.0675908033804874
0.4167141171542	0.452054874896197
-0.243674166607864	0.248591945079813
0.839779655832244	1.17428618959347
-0.0443723601809401	0.0402024737946731
0.0621597547532079	0.065236684757214
0.131750512997759	0.215156280251029
0.480488372548511	0.804419780755653
0.462819381843511	0.635038508281773
-0.470677029964105	0.598918797140607
-0.541922084003679	0.625225229375262
-0.283336244209974	0.378131886186581
0.112695148057494	0.0803702801236508
0.318960963538747	0.251106712597885
0.94373529743254	1.26044027249837
0.6162791773102	0.68403481528439
0.484983341013879	0.619806974466998
-0.186815806336457	0.184521262431934
-0.778622973613476	1.58711323114449
-0.201838797283096	0.306503282058858
0.184277581282288	0.21000342433372
-0.0925747518221538	0.149886460774884
0.378591504767211	0.550787076260982
-0.146705891696373	0.122953053032117
0.0625186221985234	0.0477185954523499
-0.331078312215358	0.253900510174562
0.526983181584311	0.564573133867121
-0.710468398588345	0.642930874126987
0.217854107595578	0.152759572370083
-1.10641300749083	1.24309559832269
0.274247078528115	0.441244707040658
0.21935991570424	0.200419073504113
0.286240033064028	0.272501018650125
0.439061640288143	0.454243829027257
0.592321474674258	0.980049794598307
0.650461835218628	0.948394926094487
-0.458263444963622	0.467463302168313
-0.529844223644795	0.577710375767627
0.464977642356478	0.45916666578283
-0.172602846675615	0.178483741277377
-0.0395853610532241	0.0360167920992911
-0.131574822691143	0.173183762071981
-0.137469081207408	0.14837719906382
-0.260108363980651	0.376873841822421
-0.372008854862856	0.419255731543264
0.0950823996840451	0.0876682975116797
0.371757686833701	0.536596180609907
-0.55911803225122	0.802114503570787
-0.83644158859283	1.49107395721663
0.422258765890034	0.451015557049164
-0.393335017353971	0.665918224152436
-0.373873590449013	0.710825552996518
0.376789027481847	0.550754758769472
0.0245848486893882	0.0163380619410236
1.04665548278169	0.981350317478501
1.2413264825861	1.45789850048476
0.434635685316664	0.7746447193482
0.339054749554245	0.511991817927939
0.319491093227615	0.47763627570935
0.131616785475581	0.142154327236783
0.120475536642549	0.131861166958327
0.497974538436087	0.790073471256437
0.677303084945304	1.30986090789121
0.363212773436277	0.350238822918607
0.572452232410353	0.654531082505553
0.0989260100298659	0.111840305499551
0.215269413795454	0.225077763604958
0.274873809655114	0.266226649838567
0.115165615784776	0.0792833118914206
0.121308148382447	0.126928158013313
-0.577769044568152	0.665243953807861
-0.0191460196698002	0.0189339869508491
0.0458085415506997	0.0459763295751148
0.0901059734391729	0.0747486231636318
0.220270848217756	0.131153304379675
-0.351210593865834	0.444724218959125
0.428545106885729	0.360279532880624
0.0702493236792779	0.332190508383344
-0.215089195629497	1.72320022309153
0.210656388030522	0.669044857061064
0.306373798984212	0.869025014063843
0.445772703283496	1.10346966951983
0.527385705121949	1.38968961754018
0.111771323403824	0.204603172073079
0.174579091603618	0.239617531076222
0.262686027397331	0.758060734278816
0.502227474980122	1.39006033476176
0.0778698572946229	0.129790926768998
0.387630284155266	0.552385404416302
-0.121809384356428	0.103414962182126
0.504442294626154	0.560994554311354
0.0506420291970328	0.0449720792922058
0.711624623519449	1.54629433219658
0.40180088352452	0.548309228622811
0.684650904260674	1.06450439257234
0.802479612743896	1.13376279115214
0.461976344272663	0.462766327878454
-0.398608316622727	0.449137310615154
0.207781351898661	0.176089103055032
0.483089389251302	0.356676800566847
0.208724901992347	0.141099718084213
0.27081797216665	0.319809621040157
0.0125135690616807	0.010953433921867
0.275783818638285	0.343093783710899
-0.398616076453829	0.42078901411903
0.939187560868958	2.07067874215552
0.321502582389208	0.229250845466057
-0.524313077206267	0.411691169295347
0.208354306833756	0.150586817772082
0.620127708225254	0.377636424575872
0.0962245016514356	0.0607379275444597
-0.324530219147853	0.166791777469871
1.30387243059386	0.931001671053803
0.446877731017429	0.53640979934931
0.0388413805049109	0.0454111127764869
0.289524300178136	0.502183894703578
-0.466151497173547	0.540336834448644
-0.190016765532186	0.400888757463349
-0.0374692746907571	0.0440322285841494
0.150807142116622	0.131704958572397
0.34981453047279	0.365396384564287
0.223215521711114	0.148343977615871
-0.368428751032786	0.236498806896977
0.596643422613048	0.469252851570448
0.7653407504844	0.64011353289603
1.53256428698816	0.991350989004254
0.45627638650571	0.248855998121127
0.0983886734933885	0.0588973214399737
-1.43537810781771	1.19735014100764
0.329755339492065	0.571027199303435
0.349403783856931	0.246269171337007
0.327075936511674	0.252318305825609
-0.0157514053614033	0.0114948780421559
0.9471928368743	1.06257838413697
-0.278210127394749	0.191502460259825
-0.31543975516662	0.317003570066994
-0.250625177602724	0.306928263761696
-0.107695426300956	0.100580628131608
-0.519249117853409	0.624373960361078
0.281275788704876	0.295927653216356
0.181063481252626	0.215620389175162
-0.292375667898479	0.392897577726832
-0.140817725743862	0.167416881700087
-0.48826125714423	0.649349654944466
-0.118457404067174	0.164713896040584
-0.0535469591886477	0.0883952621430613
0.479034142338837	0.80003946550518
1.79247291961926	1.75480080802095
-1.92228711593356	1.75433542302538
0.619534162240316	0.372140020935693
0.660976877964134	0.589876299488203
0.934597035612077	0.813320032974454
0.124686847770959	0.09063271516586
0.195990281834907	0.349491333857643
-0.121035904835479	0.174445576329354
-0.220148544663518	0.363610079962232
0.0733218512673913	0.0796816489064051
0.105385249860481	0.140513595895473
-0.590171327088563	1.19642815663758
-0.144728845711274	0.222968730968879
0.675076714196969	0.613219077414437
-0.855802049641033	0.875565864364775
-0.221113846840614	0.289474332818607
0.0314939463929037	0.0265026141009019
0.355731770579811	0.236221032352628
1.13464006625179	3.84350467476137
0.444591604781	0.461205958986959
-0.122229063066744	0.129460748900732
-0.100308553104454	0.122722473289367
0.77926380507575	0.751296790460206
0.71467157116856	0.626289352965453
0.533214591679109	1.07625802018319
0.616079959760906	0.602351174555335
0.643433002581642	0.601845546647129
0.0700730859365924	0.409054133745202
0.395362595695269	4.03943528749058
0.907415159087698	9.28217358049604
0.559023839805324	3.39763819550383
0.41232551880599	1.98156074528953
0.0641326219234473	0.174862237931477
-0.0417351350126121	0.0903684328199721
0.531810672533044	2.44476384848989
0.554554200225801	2.46139661444464
0.275999811479479	0.882470494025794
0.251643502492153	0.636416748595666
0.131955376408614	0.254462639091478
0.0757053577527279	0.12429970643508
0.338095565823511	0.81754549460033
0.210191787936427	0.446731706301149
0.160728551612925	0.288351699148174
0.532402092865873	1.19811752279681
0.586830157010897	1.54942728292696
0.296908672586576	0.61452987868251
0.233996527890136	0.469518176644229
0.366066780196423	0.642506867933609
-0.0000458233098024736	0.0000203605088868407
0.168767031163509	0.275064422355483
0.178019097599644	0.362009111968532
0.362743566115183	0.636968931489587
0.195117640326554	0.318520856342331
-0.166952421763694	0.269221049792113
-0.239283802114196	0.337246508419494
-0.017874347716502	0.0219484606712718
0.00749193458201644	0.00708346449081304
-0.344187356905573	0.459568030833201
0.352159780549532	0.469724012623929
0.0446117677054387	0.0487687909498923
-0.0347408035007905	0.0318746504640496
0.530477126524867	0.817113068531786
-0.0144428639155481	0.0156384688219667
0.0680560945761026	0.0729320195603244
0.265604370668991	0.382058058404575
0.531701066008886	1.12303467168325
0.483954247558946	0.944969383422355
-0.0927944173443321	0.12808322385973
0.11355116352524	0.160342612321412
0.0845384389712572	0.128945713682849
0.142482054590999	0.221268621185319
-0.249202860027441	0.470610037754506
0.149066058383843	0.242749677024221
0.127358801813514	0.186509504068203
-0.0723603482720144	0.101239989836588
0.325967631820615	0.473793356562033
0.246448246184434	0.333943900108808
0.587786789313292	1.04629243200082
0.990798176351333	2.03652940994932
0.0790227832137707	0.0803573435727895
0.305469386617639	0.380405746487829
0.162460109557022	0.269827686109274
0.431605349656595	0.711978181293176
0.359053219546018	0.470079436208091
-0.0432595620226769	0.0479091997594312
1.13685745843836	2.62577643326089
0.47864588200901	0.878351629454822
1.09702245618181	2.7512945965244
0.246096836716178	0.329447379637551
0.144660138532548	0.178146868372176
-0.0146008999775078	0.015977010515844
0.299015311749499	0.431544593505162
0.595115949380899	1.2741557103232
0.286531012344875	0.439561940610039
0.465885919507313	0.834893643185303
0.547747888961257	0.969275045627487
0.646523933408349	1.09762294460923
0.228779044755299	0.300269631117203
0.100312230428538	0.110360869660933
0.400295993088428	0.64652764131724
0.392550818723707	0.645716903780012
-0.065027192887492	0.0763551960195896
0.120450348077141	0.144735845662868
0.202477010160224	0.220689508550735
0.163768534923071	0.165827597532187
-0.30068428727451	0.326163324962612
0.249955276086703	0.325652468504025
-0.207986996878716	0.266323008771434
0.291949276570256	0.443271078633363
0.127273194377728	0.17379704702596
-0.0681222277422331	0.0760286635926592
-0.149475145601863	0.205665881432155
0.162297484656374	0.215487822425251
0.508938521808927	0.968556084199898
0.654036755937284	1.34355462689727
-0.337630926622342	0.489172564370218
0.246160805885329	0.376783093297733
0.090076021487232	0.551272468128591
0.0717765303780236	0.337363428714399
-0.170296566900222	0.823859191293131
-0.268945111554875	1.4746856532747
-0.755349624780971	7.73403518892553
-0.506456511497491	3.34367592459847
-0.179413069924096	0.507750375009672
-0.224980533678252	0.635414499889529
0.134914823413256	0.362693483655778
-0.0696649425896536	0.159238839957859
-0.425783982629019	1.58768463358671
-0.424753133400091	1.54575258106141
-0.0754684080625705	0.153952779981966
-0.0211738195233617	0.0351983589893495
0.0717616217188461	0.127988834172313
0.0765533634581362	0.108997974276927
0.669304596127813	1.70136823356263
-0.0359257051647375	0.0446635510123971
-0.213037136241443	0.330317509222268
0.103023585636823	0.136899495064199
-0.237636583557133	0.32332329971768
0.299757277644701	0.552091640078818
0.248688575889718	0.382325627949583
-0.0461576997006382	0.0570839950689966
0.124195675759034	0.162408052249445
-0.037421509156912	0.0423827614404428
0.109469362403926	0.155856660769853
0.295732271218599	0.50051349610529
-0.194592984408623	0.314893229571707
0.240756810734857	0.399529102924073
0.011241138611798	0.0140012869087298
-0.196821228916337	0.295834633639408
-0.122335450258229	0.156654681836823
-0.137331816217442	0.208379006637994
0.227847133177024	0.307315851008371
0.157129461595608	0.254675138411756
0.186080166499594	0.335565718812239
0.38630086821646	0.757389669735457
0.279216782461201	0.432859406030743
0.418353343722926	0.659018535954551
0.425556202649399	0.634702041152738
0.0695907914170091	0.0783440478043548
0.747241227909571	1.44900482821999
-0.502978881604539	0.743518056165431
0.21720691649651	0.260144998250422
0.425263164490195	0.524899785967648
0.215870115312716	0.206868860840551
0.12308304958047	0.134883775078364
0.429636531740194	0.769627486983959
0.380170270596607	0.575754682552655
-0.250625075553523	0.219365220547129
0.0796886783267729	0.0421337507628501
0.635191351957342	0.67839993579082
0.488088624124782	0.358449551976816
-0.947792637240443	0.963507475462244
0.555275062561057	0.714043473362616
-0.0358335116262911	0.0295527001047193
0.0862511430848417	0.114493124779452
0.329918667723472	0.388621370426324
0.256875926303024	0.38477198519493
0.343039773561522	0.354909813094989
0.219915168427155	0.260099510864591
0.0872980650077255	0.0731790149676902
0.0476411402686455	0.246849839404743
-0.187733535546164	1.24356368363499
-0.0822651395384287	0.315036894200112
-0.466710655507777	3.52246875529976
-0.288776870771839	1.29799569945334
-0.0173016153317566	0.0322855567322347
0.269245854483212	0.829149992238439
0.255100060794683	0.86840366493608
0.0785458274131399	0.185029837885086
-0.227886018139692	0.737852966940623
0.224702137509012	0.669873993479325
-0.116350892582442	0.260133594464515
-0.120315892651419	0.227983212925928
0.0689254489457647	0.125566020764258
0.124212610894509	0.176586060182543
-0.292276903399544	0.464123057819875
0.181192975271232	0.260208702352975
-0.106851165846123	0.144666070172768
0.272894836396284	0.509489522189304
-0.239044335647304	0.405262840696303
0.018320491272534	0.024049801890044
0.148879704922112	0.200681041883425
-0.309139868917674	0.521867092660856
-0.102273763100306	0.143221121950989
0.214961753840338	0.367977688587822
-0.41481923304621	0.71521337993128
0.054368683154282	0.0753983211307789
-0.561357733745954	1.41761100218559
-0.000895486862843357	0.00106245011339268
0.0915753308671457	0.119596350346897
0.202424305917608	0.280970674831563
0.109575146699298	0.161524997201508
-0.070322149735126	0.103164097306977
0.409285474290036	0.620477414855083
0.300314162775489	0.41966482270206
0.112954666719701	0.107483108767739
-0.15082743968066	0.113023159914138
-0.325051979083533	0.343734283525562
-0.146382059605376	0.146832217613583
0.319057834042022	0.382709164380825
0.710230946224917	0.815878394222578
0.446211869020154	0.61062620299095
0.729603050107868	0.820143617642453
0.501131522175959	0.548814618871175
0.847795808317819	1.6251620627585
-1.15740907715866	1.60869904229659
0.399389545806354	0.355341833149613
0.673394754023662	0.605149167955867
-0.78310223141881	0.821286365924017
-0.576029439455591	0.544049953969586
-0.06804113377324	0.0536413285884909
0.0255190566507276	0.0239458878103148
0.103493318302881	0.0958093852889914
0.0369653965410061	0.0312728361848927
0.204689388805571	0.224875118172102
0.00193301022864852	0.00815721206772577
-0.0196984267387812	0.0771595650530371
-0.310981859248115	2.08554650335121
-0.0346172453149016	0.0960102335505817
0.297618854305095	1.04961744496253
0.342625614110046	1.27828873319294
0.136343819743154	0.375060972291933
0.136576185824294	0.399404945577574
0.0141329150554619	0.0322484169802714
-0.372073367804934	1.4235323839523
0.252717071206877	0.769302139598998
0.192988117973563	0.468023133764464
0.271615889102958	0.74407608245998
0.185790758127644	0.454401294575492
0.14997613540207	0.343071720322647
0.644085933109778	1.47611917884153
-0.544504773392932	1.16014284021244
0.38195297487902	0.744947595174309
0.213479285602143	0.346603019509521
-0.0319715322767569	0.039961137832989
-0.3681591165885	0.799822329896084
-0.0352947827725792	0.0484369596387257
0.142633628322745	0.221673983078081
0.363816237471227	0.719472102181251
0.044995328508164	0.0646722726711368
0.643468601706898	1.66583360459957
0.0130999640856746	0.0140223200392609
-0.0255330231709839	0.0352744716039621
0.0550174557150937	0.0738255910787024
0.44845295242189	0.91819563098812
0.183812730172667	0.224170837268359
-0.0394071722967064	0.0520261053402104
0.199635656985623	0.322704215385884
0.10065997165061	0.159864882780585
0.16023808366072	0.248246573192618
0.388963692807065	0.697712260839618
0.106059310190451	0.131472158723868
-0.0445310660946711	0.0487793831944159
0.181993525567571	0.233050041397854
-0.330624355685578	0.272700828497626
-0.147243416144634	0.110543735604163
0.0790576709439089	0.0658349313377956
0.0214046076672527	0.017111005332234
0.453371281090218	0.602370531710065
-0.393270140335715	0.466432023526697
0.120743805370979	0.0904789958988404
0.565819533954655	0.749160244964323
0.4898428169231	0.797326854960345
0.079154488237857	0.107209395687194
0.101047077398	0.142230989813125
0.0786373862992116	0.109881526713828
0.00562493304857281	0.00706208336464144
0.289147761694851	0.396245058154199
0.894254213163577	1.03086334864847
0.634602788040307	0.598329359786443
-0.108703003496388	0.071350662102336
-0.878984595808585	0.77180762767558
0.972516785425852	0.940339169473881
0.596874504966718	0.479229474910253
1.0091640419637	1.39736363179348
0.614160148231488	0.757235480095666
0.225976055868534	0.237606278583422
0.0419816064286961	0.211774096588891
-0.218667870007057	1.65910335549594
-0.00425424689064604	0.0121522671751549
0.239891311549613	0.925653274477551
0.674773581061451	4.74511138667216
0.351354798791384	1.7992384650375
0.0546851862471627	0.144123494051137
0.0292147416062776	0.0705544528224008
-0.154553301816832	0.447187336160568
-0.108523891705849	0.248935106320503
0.361752402619373	1.11590474309944
0.25709460104063	0.724699139281564
0.134761128297781	0.300689461890221
0.189549541139899	0.421136076801415
0.160233760440872	0.351977792171464
0.0829362662229453	0.0977787945595344
0.227773650080354	0.408231863942254
-0.0340235409310566	0.0467352423417109
-0.10766889237958	0.145035541515452
-0.0981767109318166	0.134469074901211
0.0136346928438809	0.0158700977302739
-0.116429967399694	0.178073790595325
-0.240410270692844	0.421847594145484
0.456863280228822	0.932582045550508
-0.585238935996903	1.14147604837
0.155059784711073	0.218596084028798
0.00749757866643449	0.0100995305552387
0.0545474775089572	0.0743289867488188
0.592882726409301	1.26205751628872
-0.199834020616419	0.338261723257921
0.165691890520387	0.252872539907214
0.197575406684621	0.329082572337143
0.129731339686478	0.209201653140089
-0.0270955627957177	0.0391045540767802
0.302895651337654	0.570211111589376
-0.0640102053548115	0.0870753888327525
-0.169271485986888	0.274925933346647
0.287659549999969	0.489105448082409
0.457392500632457	0.836651256391324
0.710640173000145	1.60895349139638
0.395921977951134	0.64778433418594
-0.221097277312721	0.17336879770399
-0.19646179681764	0.158765343840739
0.0784318736059868	0.0653231747959296
-0.641213841843966	0.76606148231358
-0.191168817034774	0.188739865469676
-0.214844025900412	0.254848346462088
-0.524273290673538	0.708714080612377
-0.528535607605096	0.649469891856381
-0.121820938401071	0.0915620099390525
-0.0213810851020133	0.0258924756323995
-0.509828529543407	1.02197284874396
-0.0448878412926204	0.0593544812100523
0.639330178631754	1.13017221328142
-0.0459367086532011	0.0264759331503955
0.331480799672258	0.242969120381998
0.322226922722748	0.262393495773279
-0.705583081182769	0.626424787291152
-0.397900880367404	0.30707517727901
0.355589059938583	0.361552021780471
0.70182942866973	0.9799726960767
0.54414957120662	0.735512360837721
0.153315718540747	0.193333449109
-0.0352226428104205	0.0293455726658981
-0.189320528271492	0.219752044417054
0.0988046035691683	0.089038957621694
-0.00113355971310985	0.00484724755317676
0.292515744692563	2.51949786862302
0.463741831138492	3.82819793767199
0.506237717924353	4.32558857014952
0.244587836225159	1.33447151411163
0.140644134983865	0.523333735752761
-0.150119648661432	0.541295327458771
-0.37044763142139	1.83005107753958
-0.0906590085115915	0.226511952342051
0.0694539041474161	0.157692747914009
-0.108033185040426	0.262891038056079
0.0133442414576476	0.0248692317690464
0.212642365131882	0.380017018085265
-0.0289003879115731	0.0436311728721855
-0.238061398642312	0.430628282278114
-0.00952289564624067	0.0121740486271047
0.118088274582824	0.188093162897577
0.100847668838591	0.150443165300531
0.0172951052725144	0.0216431659301662
0.177180645466935	0.330590275005045
-0.148004982558453	0.23603676934993
0.114094440081523	0.146160694379086
0.246726920725896	0.389077343916008
-0.302744079279709	0.565231394615332
-0.213062043031029	0.346499333636869
-0.293465932710837	0.519999872695482
0.145023431251137	0.225376503910714
0.0747675953786254	0.10873104560198
-0.611063582817245	1.487961925708
-0.03910341573737	0.0492473794012625
-0.00242868775545523	0.00324506217074407
0.106571014514973	0.13223882021833
0.354070953608443	0.585243180613209
0.149790373814207	0.211073660200357
-0.41484106272566	0.41498892544451
0.0124898513546518	0.0121157851650336
-0.150273464050352	0.188790909319771
0.254534648870641	0.326568821359094
-0.911411376749754	1.97899364063771
0.209994866821194	0.248489088019195
0.278581361236832	0.375313616037763
-0.508148207764347	0.835321236730775
0.382074882296982	0.450764247532863
-0.066419539200379	0.0878039818434458
-0.00444330109946769	0.0059668740408156
-0.0269999612886895	0.0323069113163708
0.394207658989713	0.675203120663297
0.0812732484859371	0.0987797054366032
-0.242381395064134	0.430341448296555
0.236845204706835	0.39634600951981
0.111015771073357	0.166748648076249
0.0903814157419216	0.134576123830663
0.302825423446307	0.393463559047947
-0.496599977635321	1.02520619733685
-0.983817404502409	1.41146608175759
0.273154834834658	0.253731064722016
-0.44529674281287	0.48675253362785
0.136778096175681	0.11018475512173
0.334004622272726	0.369763939600431
0.254243002519101	0.341808157443907
0.322617017847739	0.481651365525308
0.598691347290127	1.08322851005095
0.0741622906719594	0.427373801090615
0.099580403079125	0.516257806869784
0.014242074674247	0.04898547916283
-0.120356180073074	0.555633852512651
-0.262517014065971	1.57682106898731
-0.272905283787793	1.49710881832192
-0.737545360415782	6.27453714571025
-0.355172327708615	1.68041659926605
0.0479550270717509	0.10038356227748
-0.0155451078330929	0.0326293530115674
0.0284995376766779	0.0597090034215938
0.340427013983392	1.01080252039246
0.099544366092507	0.187630328692213
-0.0275071609698387	0.0499186214238574
0.0287059313008588	0.0337315527792023
0.145414981280903	0.234987417867766
0.119501999900268	0.193900035981167
0.152063808973828	0.205050585501212
-0.19099155503553	0.299943841417077
0.47474180537831	0.941045731429863
0.300873046021329	0.619687627274375
-0.122106218223928	0.196155904605495
0.334068530623217	0.644741705274643
-0.00301281807529167	0.00327881032174948
-0.459534821971473	0.870203391538032
0.0619395724062199	0.0839029655350908
0.148368736236698	0.223255329504291
0.0803560230048373	0.10498343001971
0.137305729545781	0.229811496591214
0.312838490727652	0.533630033464719
0.270812395337753	0.390069761398103
0.320165383696132	0.665589989957257
0.186884769870447	0.308717007750596
0.278713722414789	0.476575420032793
0.381660705299819	0.699079682026018
0.301666793864577	0.513239621607956
0.304702975796583	0.403054645379063
0.284496430236557	0.38572558137202
0.0643119779201172	0.0621604101826576
0.0897183984348355	0.0745691873813555
-0.00873588930245963	0.0073972523586575
-0.630992803375462	0.401366941206655
0.661354776987231	0.70901223094907
0.693742934704402	1.06339765194178
0.161925253056326	0.163398050324053
0.0325193148869047	0.0267737073963987
0.122110253414037	0.126692128935381
0.409581079793169	0.448362657648591
0.0122108124182991	0.0113642820167136
-0.0372571120389987	0.0342701716656458
-0.021881638936842	0.0158816510111034
0.0957130873697107	0.116492146363218
0.633640013048462	1.34354477907368
0.120629744618524	0.179766607795262
-0.0377426388310138	0.0494316667108857
0.234683609525278	0.34806947207178
-0.063262167340789	0.0830964213340496
0.101500666560617	0.141750051327579
-0.307163413414096	0.533954892782739
0.172705970518438	0.252083327120719
-0.393087427716042	0.750585349497416
0.133826919726939	0.166071658337159
0.153298073437088	0.138518967042965
-0.209379565790806	0.220906753257614
0.0527804920609891	0.0377532190354164
-0.488456578821835	0.34429575853869
0.216171338329941	0.129113696796032
-0.37419783523289	0.282844922196324
0.303297311295399	0.2674168226269
0.989425924482827	1.77049304295943
0.167879172959096	0.192632713370522
0.435603280781525	0.429611829716795
0.0467970864006512	0.252388073028098
0.000846642852575778	0.00339061726324945
-0.362154051630848	3.49109952277422
-0.833763568610257	9.48047788815917
-0.762698205342216	6.83307472020429
-0.732005987659119	5.34484455731394
-0.638643090323362	3.05088576322047
0.0926968880961652	0.211106683870871
0.245571343030929	0.759384837485036
0.0300010043848782	0.0515793213585988
0.134794429335703	0.249665141839511
-0.142370476725869	0.241486429908457
0.260397361073726	0.663958690450936
0.151948838490574	0.307643205544864
0.307459192254429	0.601511720517764
0.175951245677799	0.295122504570995
0.25239364736858	0.336226839444723
0.236604314067703	0.325966036858729
-0.252068207413834	0.340261685467498
-0.552618786520433	0.957384404560494
-0.568086422397881	0.799925121595128
0.104701662697682	0.117270771057415
-0.274708956562462	0.371795096305118
0.144149777942504	0.168069496344401
-0.1603592341703	0.194442323324318
-0.0204858594081029	0.0219266581570611
0.00643988214303135	0.00734231332700675
0.190539425941654	0.281665480895602
0.158448282458145	0.2569646852451
0.242540641047942	0.414199186086213
0.0407158033215709	0.0669932362673136
0.0179020188325343	0.0211728137931821
0.0159444194811001	0.0206681157204686
0.252285826689297	0.33378920391225
0.638800752149482	1.26244562182876
0.294414560990541	0.574422054959225
1.11847115535577	2.97882272788791
0.452489531907089	0.624142615186617
0.449332965878685	0.719419777195069
0.00277691831588985	0.00286053032696073
0.503374729066297	0.710190485296037
0.13837547360696	0.196527250858592
-0.0798556563051666	0.0815765092627418
-0.0736956717848812	0.0890303631917336
0.596271962777813	1.06163318390256
0.778289280766544	1.62556614123178
0.183806884979827	0.250914429494976
0.0127729481766215	0.0146649699759298
0.684449253374677	1.40526049930061
0.410570605157401	0.719037954110938
-0.01144736119328	0.0116291480993953
-0.0903920237384714	0.122276607775321
-0.0560671852286569	0.081484265042417
0.103109002147576	0.137618360717881
-0.053506975007807	0.0646477459863045
0.185815749126174	0.245294642196842
-0.0147284258778292	0.0168203972489819
0.175926791269157	0.212929044945332
0.209926041073856	0.26569660510333
-0.645049695177191	1.02991331720681
-0.264263591486259	0.357963477636567
-0.436681200779377	0.791058489755914
0.176153729019426	0.233879592019122
0.327103555332258	0.502630806099542
0.192402579620254	0.276475312540057
0.218270908625035	0.355568997366694
0.128144902998017	0.167172360562958
0.159797921276646	0.251233748292079
-0.479575052943695	0.898230062967617
0.434436395775534	0.894856735955613
-0.0210230688796993	0.0240953073194513
-0.346397580116319	0.499813243106038
0.346136545286979	0.561419344588455
0.0797741172942855	0.107404752524115
0.0022637173253235	0.0028394034706518
0.157478000450921	0.186220195449728
0.206099090504159	0.29904546202424
0.0648656715147151	0.091183478284534
0.052060356531534	0.27784332201627
-0.251209540745051	2.22342248863963
-0.572012131813326	6.45667794135305
-0.555570357451638	4.42513269773478
-0.439978865577901	2.46274973130168
-0.00746822994758176	0.0154592240343027
0.135911298596929	0.35106130577245
-0.0709339128194548	0.149948323478951
0.0359298299832527	0.0670612244238625
0.237165193996872	0.490378749707351
0.189313816185992	0.392536328094059
-0.0427021544495869	0.0712399617967751
0.218984001045964	0.475779584419715
0.0982468220289088	0.158618724165942
0.0915037974630577	0.15295023493533
0.0218047423136213	0.0325448169084734
0.38830255150592	0.698428324885652
-0.236858446271984	0.459893117734497
-0.304671058347196	0.482582730071563
0.0868515817208065	0.106624119265956
0.169031133685546	0.232372199126438
0.185103319927799	0.240450703508043
-0.360254324807012	0.523539373769231
0.380135655284157	0.550029256230073
-0.18851584674941	0.252013717326542
0.406199898256747	0.636021920065092
-0.295697774211677	0.409276123247344
0.116787255578167	0.165101690962817
0.330019808747589	0.555869439117504
0.356840092967786	0.663892071632238
0.333765174058757	0.693737063262737
0.438860351004148	0.988091344334487
0.140503138755135	0.228124870876177
0.186932053403134	0.285929963986719
-0.162798192506224	0.261687806919494
0.010743884328828	0.0126297622690187
0.704720604165615	1.37453599288317
0.186903496382637	0.257053775567567
-0.0637010858114457	0.0727167573939003
0.723517190105738	1.26030156529535
0.290072543168034	0.412319847473372
0.280611905173106	0.565100844542366
0.340509153271477	0.714516707898109
0.301019284961233	0.400387879635785
-0.180818202623928	0.216101996887077
-0.0859858061851219	0.0987077798454543
0.140833566860027	0.171839721292303
0.0543306129368962	0.0554887643214884
-0.233057352883839	0.298113580088247
0.108905720067228	0.101121942321841
0.465111505956732	0.614227000999229
0.121987273481142	0.11850771625562
-0.0561325851640274	0.0536410995219397
0.171805646190626	0.191788626828846
-0.28093109650822	0.376645600596042
0.929655020576034	1.98462620477938
0.26472539175	0.341306080968196
0.0347827492045271	0.0365891998042961
-0.186785983756917	0.23533487119937
0.352712295534825	0.50642213247181
-0.112858933233364	0.159011987547448
0.141723742522189	0.216623323402105
0.421041371144622	0.736220589052534
0.189466093000056	0.263837355179276
-0.0105163151594072	0.0112830461243072
0.130908345502052	0.133265604238101
-0.0108303780054527	0.0122712380305533
-0.139530294340112	0.171555764760351
0.286339324422141	0.462839756180551
0.406697875973894	0.742384524398482
0.135806622632471	0.173553687850369
-0.0801365466745912	0.0942578026927348
0.331217359316021	0.470140319721095
0.163757488218666	0.208481583613409
-0.332089200520091	0.496592508450722
0.0356821480041532	0.033701413084532
0.595788176342285	0.827289242883791
-0.0480376234748881	0.0498940282014309
-0.694406165886144	0.909291857840712
0.213916720257913	0.209799733527978
-0.0723251589748749	0.0697713754790452
0.152780646318285	0.183885676556035
0.127516514447819	0.15094853839029
0.331857443038263	0.484886649122316
-0.0169732459299373	0.0801264234360818
-0.182987806761215	1.27309338217331
-0.291961805869611	1.91149501409891
-0.222434816263288	0.997152698125733
-0.067729151951807	0.182656019096713
0.122963363212637	0.345411576123011
0.380321475798953	1.63429127937252
0.104402718664613	0.248292511840455
0.207702708982283	0.506472555870523
0.566906643845776	2.31272484301733
0.0356893241971314	0.0682349583880967
0.111860220905019	0.237127592324151
0.457406082489913	1.36411459886264
-0.04481310869886	0.0756843944880322
0.188546394247385	0.453587765935108
0.337595710783515	0.735260033233747
0.120925014812983	0.195974988010153
0.18242674266404	0.341226006707219
0.0240650547070345	0.0301605417881231
0.0748054421719585	0.120313868507725
0.273324082613123	0.440946414030122
0.423118550452921	0.799423891965944
0.139367725302704	0.208217232809274
-0.163722711228271	0.257232117880206
-0.117237689852565	0.164768166702045
0.109140296479773	0.153075462480779
-0.384228021237224	0.68447748834935
0.074291286330047	0.0942127005264379
0.135620187584784	0.192850437339023
0.202495034746212	0.352742969486939
0.117023670874617	0.189403832708365
0.0733273217277637	0.0995855573852137
-0.0366265662210942	0.0480039034513805
-0.165399750472251	0.292923241150615
-0.0814119022634641	0.113723100069921
-0.143787438540898	0.245890413027177
-0.0464185643403364	0.0658522719842941
0.0648337242057258	0.0944992193990111
0.145571633649083	0.201951079239236
0.645673045464451	1.36037259781322
-0.0176242637097572	0.0235278650183974
0.429495685836796	0.714774796605284
0.0785970883963343	0.104298064265435
-0.0373407789236747	0.0469330737679831
0.272334424584139	0.637133782670833
0.0135042190183558	0.0184417674407229
0.32874129305579	0.464040021696181
0.407516236945373	0.640402716524619
0.0490694797293818	0.0565277370322839
-0.0191942448950384	0.0221607236147411
-0.0604751127916528	0.0679343101475489
-0.122782474803571	0.133654323536939
0.531479885317829	0.902046521372019
-0.585257160155694	0.741441041963985
-0.226663566443876	0.229678388995161
0.530692737905859	0.865807922997761
0.115644650175128	0.112521272393078
0.359171549290861	0.542287569423226
-0.335386382622748	0.483076944074249
-0.18550355902419	0.230020942461508
-0.349227237557654	0.50367678432861
0.533324182462348	0.870614315225307
-0.521754645076767	0.832295732899052
0.66754040143434	1.64526860687437
-0.176563667875563	0.304649987437275
0.521337653760724	1.18161239397465
-0.259074556264581	0.359212381423206
-0.178505834806674	0.252283395544174
0.4329165752712	0.718647563517231
0.441959058821236	0.72613868940226
0.193103423937177	0.291649507189864
-0.31498167195585	0.569962557634705
0.136536626559919	0.19255391217889
-0.345524726843407	0.606698371437938
-0.100191468299906	0.124565422250766
-0.481647076531912	0.780942645415835
0.327252130739798	0.461457137889237
0.0419717735289203	0.0499535585866654
0.11666673690384	0.12906013600142
0.727762538534868	0.999158529763837
0.0339857503037822	0.0289826156351119
0.0950980412995154	0.098016601015155
-0.206156745924195	0.239294458362356
-0.165358731543561	0.185493391210251
0.09194801932652	0.113100124357946
0.264708969344226	0.412806552751987
0.0520149780532134	0.281097568746936
-0.0952400676693857	0.509026996907319
-0.0925028500951416	0.367492421480803
0.344813557603377	1.99613152917032
0.108667926681207	0.31542475606212
0.296055551371298	1.15411553918254
0.32853931216844	1.40734801578697
0.513763924657485	2.3061089633053
0.278844174609979	1.00041140114093
0.276110199631649	0.928810959462048
0.100367779595417	0.243835119794967
0.277435046051672	0.807032653370005
0.186792110299855	0.503578954159489
0.416684782112216	1.6126496091137
0.189473574425601	0.267617049885602
0.427820830775249	0.898827306651887
0.157277033549549	0.245270978892073
0.237020048599777	0.390527317531517
0.371579097671161	0.790278296238871
0.236675674812195	0.417252606626076
0.41027960842842	1.07507348977198
0.176340676074959	0.310120219774208
0.310889957843881	0.603303241318957
0.440841752244124	1.11337906618037
0.0314481561014692	0.046048100975409
0.289586781302901	0.570771208223919
0.119697334553465	0.188181739430759
0.361809471963558	0.79580310426904
-0.214621973038607	0.373776739283307
-0.236007292576536	0.365539317003412
-0.521027559856259	1.15562809845836
0.115124369829178	0.171118006362904
-0.185832507237993	0.258856680147748
-0.106162535404998	0.131827824934657
0.0733547129107795	0.0724869541556137
0.182371800166667	0.305343669996323
-0.0131132571366915	0.0168929903375582
0.213928759569881	0.411696373486258
0.292520004873741	0.558639830339651
0.250227818879647	0.470313351934335
0.243148893644141	0.370968819985208
0.0175998223789241	0.0184868040583333
0.0406829087009903	0.0413780211759022
0.332736398407113	0.359421909855559
0.171886950978171	0.170650761376366
0.924742622887009	1.14405738785921
-0.0875619636485566	0.0823726707693961
-1.2344266490901	1.03830409349503
-0.187144862582469	0.131947035252594
-0.0923762075394173	0.0721681027165387
0.676057870062007	0.788094911425099
0.0706490112651821	0.0574437223534784
-0.348803135239124	0.346347581467342
-0.07240747969175	0.0701292593694153
0.0108028793789558	0.00945551319058846
0.948711578498602	1.32149041101694
-0.263169277035728	0.17903260427668
-0.203104184560572	0.214374872872918
0.791182404827097	1.62826507783712
-0.104105202181368	0.13810103341209
0.0215190271657502	0.0292052143465669
0.451770986930479	0.889861524180576
0.283990199102888	0.511258962953285
0.432956252535177	0.97609470157653
0.126670439558465	0.195750754631103
0.0537513436714514	0.0657662667474513
-0.636829678313421	1.19038930387092
0.0716814633584149	0.0712322652930621
-0.106978069021244	0.0827749252284342
0.43441590501851	0.447478577686621
0.0486183124124285	0.0355073667568063
-1.43261157950602	1.19829320658473
0.0997759701943071	0.0637330672442056
0.568538809834324	0.481666452967075
0.0507127824617434	0.275708648315554
0.042633749526366	0.18214945329046
0.21074053330024	1.15577030306318
0.169008299750311	0.603578760309302
0.446201583789721	2.5360842689402
0.391253209362101	2.17412288039378
0.405876026827455	1.82579420084158
0.165354133754515	0.524012611556936
0.0345325867624584	0.0808935358550632
-0.199313865981618	0.636840555835477
-0.159040002641744	0.440740517681477
0.0883601936690021	0.211167177371914
0.158057258032318	0.228216907452942
0.539239113568566	1.18143199546738
0.0880881147786733	0.130924238636186
0.28546134013816	0.570068525456982
0.42437492742799	1.20344444421402
0.587822625636461	1.8056528865613
0.000861988044648506	0.00129892705110247
0.0326037148857539	0.05005199218454
0.36768550224333	0.840155855908114
0.0325344238577766	0.0492224785922445
0.357601561871668	0.736818269971833
-0.331700820597375	0.610949725845323
-0.502460220973199	1.2192005079838
-0.594425298443639	1.11441882057294
-0.0343888335109939	0.0362749249477996
0.144573560426601	0.210322708612635
0.270506203359266	0.330697021350953
0.121755035458012	0.220213916001656
0.216366781318492	0.437189333135663
0.0929075612984434	0.143797075771301
0.235590637903356	0.475015487945266
0.246277003697989	0.388861826146516
-0.0445041484817709	0.0582240929854089
-0.0425002666896407	0.0658284448994963
0.0425862933914182	0.0655291550237574
0.456818934853393	0.802133300690941
0.795917980928034	1.53596439436459
-0.413495530857239	0.480631491378117
-0.319031561112886	0.337943402732918
-0.302440226944791	0.231333442667562
0.360905398393517	0.364411691589509
0.0798219600063683	0.0449769777092131
-0.992185942151611	0.812648318867864
0.363509737787563	0.350491796042552
-0.225033010303632	0.194193100286258
-0.827409280375335	1.08330715348144
-0.0112852222907275	0.00835388737957054
0.488371881100978	0.547938741787343
-0.450868925340889	0.532351219376876
0.126683487117488	0.100212992822035
0.0311960664544847	0.0203716708204753
0.354144040394698	0.456765039592646
-0.17080402492563	0.206574244341815
-0.558886117467953	1.19859104459766
0.135709747579531	0.202095525261538
0.342710376684926	0.639997921472579
0.263506262250368	0.508105098093285
0.0470433856321724	0.0624338927914549
-0.175995902702588	0.252338280353466
0.055526403237785	0.0642896167250931
0.515175097761718	0.639904240220877
0.0188236668213464	0.0116366874384399
0.294976438225446	0.2664155221626
0.122284339135117	0.0889989638336884
0.45387661632181	0.245367206262049
1.3809113657616	1.22016771675517
0.11412043330148	0.767875394028646
0.192573460172452	1.3324820158472
0.356164068189595	2.30987123376682
0.259510400280217	1.31310828361036
0.0355350526854455	0.10205632661557
0.087751779122036	0.249502720825364
0.130167074522397	0.394701773089344
0.00171536189814038	0.0037146978395105
-0.0746563349271015	0.178578722849525
0.496352789770623	1.21107714161845
-0.0485608124023828	0.062042238089287
0.142036421654215	0.210239034392295
0.139977569227415	0.192798823068395
-0.0534503384751248	0.0853187685178704
0.193374099240304	0.355487917985223
0.36706554050423	0.66736314230202
0.0290997201765772	0.0437768774538059
-0.310880633351727	0.629117636399743
-0.0971856565364948	0.143689833732166
1.2128539477045	2.73887561497588
0.277180543890092	0.283744963875494
0.631609079382739	0.934508655172408
0.0889318859662349	0.05306449765746
-0.119611846484395	0.112526677027235
0.227561272528537	0.125292589485527
0.522257686761441	0.473888352432422
0.552789263547882	0.653080548620637
1.09387004411519	1.67338517477296
0.0876523244971771	0.0749175426584275
0.223148573465434	0.223616209572178
-0.292254371011515	0.338484052244561
-0.337250985366588	0.374436445761358
0.0927181272846329	0.0832724150122007
-0.0465619203189963	0.0327618693000508
0.156634068833379	0.147641988076466
-0.231152954964465	0.270576141248274
-0.0603831970130004	0.0746781966435593
-0.0594683517068929	0.0749417414310672
0.160289271809789	0.230484542249645
0.0795652057820698	0.0839953289675129
-0.0283723964216459	0.0262536613541158
-0.00300542143261661	0.00192529978797081
-0.126540622012292	0.0962524459196027
0.0729653901956203	0.423668643684698
0.221780107938315	1.61981805776081
0.0824224464419422	0.354085773003457
0.046999778903983	0.162466585879307
0.598200740438961	1.39700587967677
-0.0199408320547939	0.0259371224478003
0.0337967438256823	0.0429789504076939
0.0619925284512346	0.0698904216980251
0.0238472563916439	0.0344679580812867
0.294432658878831	0.561842856681254
0.431216213217332	1.07430983717745
-0.262559801905754	0.45259629928832
-0.363591472972042	0.71374688817963
0.994338926032922	1.58635863114389
0.562321131486597	0.752014362230435
-0.0942596688745976	0.0639985500597793
-0.177563019843646	0.183127273651821
0.215989827421562	0.132728113239413
0.139958027333953	0.112542123756778
-0.566720811343307	0.613277667434845
-0.0290290124452069	0.0239179079178439
0.452835018080096	0.458517168661047
0.910081853851662	1.53779119421261
0.597755231964107	0.677901611518297
-0.0141511264996575	0.0131999571134075
-0.0977744844178518	0.102127409079748
0.256262612275297	0.429295065321054
-0.0238036343806371	0.0263120207221575
-0.0930847052445214	0.0989231338620518
0.120382652588062	0.121854759440788
0.0769974725552527	0.0621397480507944
-0.00846174820657269	0.0062985373138633
0.0494539402505394	0.260197372494519
0.0298716592187076	0.130517240304773
0.0312876911526089	0.111522888716448
-0.219507998657219	0.890359060259809
0.279352038527023	0.527497053981244
-0.183320811000938	0.292298182933828
0.119469501302515	0.180592602974621
0.0709401001406549	0.0994287924615981
0.150646851897818	0.249525532079292
0.175802217716767	0.271857694732846
0.00981248421377581	0.011899495495413
0.37436880973145	0.799205095188995
0.0367983079789943	0.0481134874372765
0.0862220393291819	0.126376445700355
-0.415996478609015	0.843203941627477
0.160488714516638	0.266434791825877
0.324895703329296	0.559804028055911
0.00234784114690976	0.00267349282262866
-0.312689065080824	0.524986391710635
0.0517271472250445	0.0739983104469282
0.411605718723951	0.60072190113898
-0.0625420752541615	0.059725743340191
0.00251755392922001	0.00226938332276038
0.426931381823552	0.454370435617324
0.456097392878673	0.54197508659993
0.143023806658984	0.127506044816151
-0.0263032307766038	0.0236942448016414
-0.117508792604542	0.101486523985893
-0.0004441391226691	0.00019564671478574
-0.46656339696513	0.665732076404992
0.0927330101330495	0.102725100016394
0.169833533448594	0.190601582940503
0.283700156588731	0.407434499309602
0.183105563329682	0.243648950002712
0.171989291065707	0.192420279434238
-0.896451315431393	1.22099251262641
0.156430836599765	0.159732093739876
0.22627452201153	0.272984472278812
0.0505931581137134	0.268345348129303
-0.0395722967416235	0.172651759910876
-0.094654555558272	0.346672740177389
-0.132727522602621	0.50696120256444
-0.171903706683948	0.647099030693562
-0.253027140007418	1.09973541300319
0.264492097745642	0.53150656175893
0.12399393255538	0.196775382845838
0.0764031910406075	0.118613703054723
0.236511812159183	0.42876384399
0.0619132676930214	0.0879003884505078
-0.116127725681667	0.17705995878003
-0.00285035836538695	0.00324825604441079
0.206652950642133	0.352988222436828
0.380365082864466	0.745506490996119
0.121609140108494	0.184662376096782
0.191613646578833	0.307399771257951
0.187136828423026	0.331257841931781
0.549706537410992	1.38196794659683
0.0892217950747125	0.127429564607175
0.352786990216064	0.761907253397889
0.0330191179117042	0.0417327476733974
0.381466230066438	0.756784449042082
0.6551271685378	1.48994286163545
0.114564980147348	0.173042000414398
-0.188594165178473	0.282705046980415
0.402825447243705	0.636009748058148
-0.508842485764979	0.648151464709572
0.0112923173799506	0.0109151476634927
0.219192168017479	0.165132668129998
0.443737580881536	0.354362958380539
-0.317342855722658	0.363601810562262
0.565056423084701	0.887318938324251
0.0915311978131167	0.0808040534071259
0.023944829833232	0.0228013309678437
0.0325389544171955	0.0300852750163413
-0.331809761207744	0.381167695338429
0.221820093956247	0.226051786581711
0.320547116017855	0.381325058067121
0.26563816036597	0.313223765430533
-0.0623175052871285	0.0501380454306439
-0.173567790152902	0.184313336625808
-0.615638176464438	0.93460060088455
0.406007238398339	0.431632143971729
0.245140961621968	0.408689822367213
0.284592482659453	0.455541826994483
0.411655855937811	0.624966575856315
0.0624921015424802	0.0593802403773764
0.032883933000945	0.162655094061143
0.06873853847846	0.314580304973812
-0.104432686158818	0.438673294713612
-0.099496396081365	0.354867587206171
-0.191375806648032	0.830404358984166
-0.197034580250857	0.731746790458359
-0.306106880348344	1.35077593484343
0.492011617790694	1.19762678105733
0.324367836372592	0.778681032130298
0.129981651052375	0.236436210637473
0.278296007812262	0.542188989874132
-0.29015125979933	0.589717605460521
-0.494065639466796	1.02439295021368
0.182624993793934	0.30036269765167
-0.100950504541503	0.14667810815065
0.012139133056251	0.0127789657473591
0.192599822202667	0.301320460730044
0.218012776036031	0.23705146058888
0.148155426762426	0.23625441996571
0.00232145543762981	0.00329546654050699
-0.0995066818331569	0.159388642398579
0.14622373896374	0.245785924615982
-0.334927190121381	0.60210558200926
-0.0917654195827574	0.123554746854532
0.097268333472293	0.15013297368569
-0.109426254998603	0.155629880829393
0.386246406657425	0.796010709708467
0.117106119088776	0.165161790033605
-0.0860798263633005	0.120425831029248
0.301500882271957	0.373569381453741
0.175519891159246	0.200215287986441
0.368418171787904	0.352369082794628
0.740321784224476	1.08993955429474
-0.368896046204828	0.238364541075804
-0.406944658383182	0.329709297443002
0.828737993403576	1.15049910330973
0.149675727861033	0.137549646813085
0.283331883069048	0.276915507575648
0.329135508752186	0.362106781694313
0.592798038582065	0.831283676273728
0.828702214374617	1.51099402763273
0.557525307297285	0.65424188008551
-0.106819057621511	0.0692051913191331
0.00733010735277858	0.00620952690365727
0.120865760143825	0.146910592408493
0.211597263260889	0.193203346214369
0.218096110184717	0.171623258024302
-0.442404044101998	0.430811321317544
0.526534637568967	0.872764315097899
0.0252269666870457	0.016567490180661
0.0599951251356954	0.0703688358368261
-0.781397478818433	1.85902357983385
-0.59312288668499	0.93156504484882
0.0847055145132624	0.0706048880052653
0.0546996880818454	0.284306097605012
0.104501149273401	0.546137733723869
-0.220037676580858	1.19125117386307
-0.0424726556174892	0.125026523592433
0.0306579643541564	0.0781121686183864
-0.189875971450288	0.635072068418079
-0.127820533829692	0.397734750153501
0.421113709831669	0.895791383718831
0.161091880874848	0.246670997147945
0.107098400665841	0.164584817768271
0.332716710199083	0.745085365407709
0.218234663167201	0.423423935771995
0.0317842510881457	0.0399344454860909
0.219817655498955	0.313248519517977
-0.1015789923112	0.142104887364558
0.268361407863959	0.39966837967081
0.255087401559668	0.324788571061068
-0.238681875943614	0.355898892326135
-0.0230587831612226	0.0302876463227259
-0.532504644514291	1.26560319872471
0.0538376609519672	0.0607937408337693
0.0704401680405219	0.0861923919073045
-0.269366159737215	0.52708848623106
0.560302123225924	1.25370259239634
-0.00951014784935723	0.0116421432796162
-0.405064445100182	0.680541710125263
0.45495379109361	0.706854362802919
0.206735304355572	0.196307199751145
0.529501451782358	0.562801169146255
0.0205600607170374	0.0164655557072268
-0.669030082352373	0.500167412616666
1.05436138245625	1.45260759475726
0.896463589621224	0.660330764384862
-0.929797785349147	1.01210015433398
1.14572350363329	1.94388662660096
-0.00284503544814538	0.00206861670053167
0.431607468388505	0.360128809645667
0.843956774879212	0.981081145538284
0.181924180156393	0.196233667445758
0.387954049971015	0.497568668529965
-0.0177626485515694	0.0128612977320286
-0.00129385728773527	0.000909985559301182
0.310368778793668	0.245473954950431
0.372532916319467	0.437877275894938
0.56185396246493	0.372693017107165
0.527837474526135	0.260269024161472
0.311043924004614	0.391728270794191
0.571316391541499	0.73259330217041
0.169543423624985	0.19367882073271
0.0861802133232603	0.095105067707118
0.0821876628553432	0.0835345342163065
0.216090174882417	0.176867011279726
0.0638679428204282	0.0617720828589654
0.0449597662949608	0.238997911459314
0.0427568984061452	0.189298961997636
-0.0865387173537495	0.357866397406456
-0.00282767290776015	0.0078154986063567
-0.057601739249485	0.173854341345388
-0.0673578510125283	0.200083042390438
-0.0461700393944317	0.124240244802331
0.221567408418479	0.485900460207181
0.348442031595198	0.731278378745749
0.226943006952734	0.430737697404248
0.184233179907413	0.378509627971069
0.167862053627731	0.358658241780526
0.442398710702386	1.13177989413574
0.180605404844197	0.304769942769436
0.254700135925555	0.395938412394712
0.118312256179838	0.169187279373693
-0.206932235478735	0.256233553641524
0.378567971446544	0.630082716625305
0.179354493867688	0.353293398875841
0.199793184050571	0.343574895892094
0.1452737405343	0.254793034086793
-0.158344302442904	0.297192089048487
-0.176032020108735	0.266982755405471
0.0363544627597819	0.0498182058103472
0.169418360739017	0.322366712738903
-0.0741835443994217	0.101891119316257
0.0790694294117213	0.129158072603577
0.0503340530020057	0.0693644930255711
0.259447064751331	0.307933062165544
-0.208579746979319	0.216044807434725
-0.0514141049381648	0.05072424328819
-0.377303244797759	0.338184723487549
0.146273036349102	0.120250117082448
0.0281491736841267	0.0182553039850795
0.431507866821883	0.359791576764996
0.23003668897064	0.213293592312974
0.845375667496853	1.49962688841187
0.213055188862364	0.179561346527156
0.267466801463841	0.3032828177176
0.309591254449109	0.394092564613176
0.25344951095922	0.336303625061661
0.16224164155862	0.173552514060708
-0.337439872811092	0.330054591743622
0.45322763369782	0.346584466863885
-0.462002073070282	0.646527781158006
0.103758497021585	0.0658464244160839
0.701824493094715	0.513553864940729
0.0096549622497104	0.00612195968906354
-0.0918758003224084	0.0481394351894346
0.289504049598109	0.269424014649415
0.738710817950947	1.17630445912723
0.33657329430188	0.471217577283543
0.648127585310429	1.30535478479943
-0.226400037788732	0.291477451218542
0.078094478246485	0.0647922444631618
0.671105912089082	1.01911869358241
0.260812646975832	0.292536351761446
0.0654513779135925	0.374657955344082
-0.164664853273805	1.10596167105516
-0.00653733091062997	0.0203550822634352
-0.172016287627317	0.770597004135039
-0.0165413563211434	0.0455723210252797
0.177090216373346	0.344556108057097
0.124784071261759	0.214633997994924
0.268510248677948	0.5263973174076
0.539270741243269	1.58592105060081
0.138079510687552	0.260115985233223
0.188379973384659	0.405170244505199
0.375515408715995	0.985587209598232
0.156856418402741	0.314357184793323
0.404622416767375	1.04193849392343
0.291827575230138	0.512712662478863
0.176970233330619	0.192774506456352
-0.0919994915887956	0.155099072601767
0.168693560185401	0.344693213502014
-0.164456836566247	0.296908579414431
-0.0203859724615398	0.0320219100003142
-0.167876968339818	0.300447759925806
-0.355672733865551	0.818767188889564
-0.627033131120357	1.87744407302006
-0.17423518402509	0.243285422731488
0.0910429586747348	0.127327864889862
0.361032583009964	0.9055020853709
0.0538514930304842	0.0778584427922142
0.284448906059857	0.522522861028594
0.260099932346456	0.317133689845525
0.345927257369454	0.421790969198771
0.200003477443965	0.187456024980604
0.358253669461931	0.461085091770634
0.129314360667777	0.102695447212
1.17142960465218	2.2655887988959
0.69845836348806	0.513513599787255
-0.169039191959482	0.123326068036381
0.0335328543643723	0.0275714235764082
0.563254004176847	0.740570747388694
0.151521954804688	0.142497158933564
0.772085303254024	1.1068084375242
0.497381437378094	1.18371415676749
0.418954580513727	0.755879575996209
0.321982317339208	0.479137151808293
0.359641484956024	0.449028907070761
0.0590052796595059	0.0268132734551104
0.134250791802875	0.107408677292306
-0.120754294782841	0.112292994182197
0.384301033618365	0.239947834181513
0.0712127344825873	0.0377235121176788
0.214474732040714	0.150456838607274
-0.782156104839194	0.625565284977824
0.522631085130925	0.4741484832477
0.0692691267710656	0.0371981894550619
0.443600692089987	0.460502495008288
0.218575486859761	0.203167050713059
-0.123710355877419	0.14383721498247
0.118432005278632	0.159201294676345
-0.584181967178157	0.891799703938455
-0.251412926364795	0.222095395490775
0.324793925718821	0.395775093930682
0.0483052941036434	0.264047868888898
-0.0600738386870252	0.282357480962851
-0.12360342516031	0.583612954743868
-0.140862211217532	0.636879063000942
0.0939346653056816	0.281418688469706
0.00506854075676773	0.0100556272864494
0.621938175562822	1.42625048628805
0.413019977833938	1.0617672683215
0.078666392494343	0.13811954951765
0.280570578328754	0.644855225534604
0.103699295238064	0.178834838931535
0.0248189959681789	0.041129483187682
0.326543396890775	0.836505056747016
-0.0245710650946646	0.0406446504217273
0.106979649677051	0.21866964570885
0.0757022567518194	0.140018663014432
0.122100805893599	0.241771570891154
0.139114343553265	0.264409550888084
0.46426688052594	1.32957551549832
0.231752581895248	0.520025736828734
0.176451516868518	0.266556234025885
0.186525899538211	0.390640596762925
0.0223380604189512	0.0374750845626055
-0.125238960885159	0.247391288426433
-0.00751633008006831	0.0108064586409734
0.067976161951186	0.113479611865386
0.0702995578014771	0.110027618544855
0.315641533228127	0.664950928659366
0.093596727447539	0.152227777067919
0.148829393923389	0.22892229313119
-0.380453621371625	0.748484909067199
-0.0847251410331439	0.148540002351617
0.654457748532022	1.26122182923633
0.410253857890211	0.628708229967956
0.034275778235911	0.0282316541364552
0.370302088775344	0.568329095964486
0.289422124021333	0.256885094521026
0.757711473572289	1.11549691968455
0.63801948889967	0.481855130159752
-0.290364904771538	0.224917335111012
-0.0506801233541041	0.0452780592939209
0.281668242370721	0.301386479560709
0.125555761243063	0.0903182736317962
-0.497218567338003	0.439952752915835
-0.546986464374831	0.881565089493735
0.289486521310725	0.260941115192037
-0.014497442754196	0.00871150419018284
0.0720655190454334	0.0406703067449335
-0.139838766552025	0.0906233850921886
1.10129807925875	1.43063572620095
0.999982825795169	1.60082651595423
-0.483881356040372	0.465882208833656
0.344703978416731	0.355908551483265
0.432075697046078	0.965636742550034
-0.0247215305485492	0.0244463737466074
0.321790375598278	0.53592528812213
-0.446647330207015	0.773210821452234
-0.808677109844153	1.48121003904789
-0.562359842738355	0.605959908834619
0.29724689158064	0.39798299292124
0.0206991866829805	0.0968457313595924
0.0600061805927997	0.286258262557807
-0.0888049583157053	0.379040391007646
-0.277977270143276	1.47349916604456
-0.105969424067253	0.313775126463436
-0.0781958147846961	0.179648022444019
0.16114938800648	0.206437732162895
-0.12565355929045	0.210813089445413
0.191517926452381	0.390366159340776
0.363411099103076	0.856602040469669
0.372185796518883	0.872287403414286
0.420886688280843	1.18352295345435
0.206161055702765	0.434696673405914
-0.0943694403670757	0.177965682862616
0.517599307096032	1.93320215928564
0.28623397356055	0.699270485139322
0.0726276926270917	0.123404636260116
-0.0541164776548296	0.087488997838035
0.179390150782618	0.358432123502157
0.0852575610244993	0.127362497180862
0.0280370675871718	0.0317628466503643
0.117583124209733	0.172437848562353
-0.0468557227286228	0.0708399416923563
-0.0139368643870803	0.0207797044573891
0.407635766529182	1.269748703574
0.0668468911378934	0.104403689746862
0.0767534603786096	0.131429813576422
0.243739305799355	0.484889671074908
-0.06370862694301	0.10282868513475
-0.206084715126093	0.400274246496416
0.00200522412844593	0.00245046100418489
0.167625244955645	0.17232038446299
0.598949790378082	0.82692636799783
-0.013632004303445	0.011540363132866
0.847155469527583	0.855241391569085
0.109871007751417	0.104615606085324
0.218847646952995	0.138812401777363
0.803965904091071	0.956039779980118
0.0837431175772864	0.0673378109812847
0.321180413440108	0.367935956296659
0.151007829249408	0.127320883302788
0.305631750647288	0.248893513785672
0.496884845025134	0.640124148316527
0.359738475265008	0.355891728900376
0.420481539701125	0.350683794468707
0.447820445300758	0.531382384752544
0.430744322557669	0.357592269509971
-0.242900032372379	0.169773855389062
-0.172248995757507	0.171265650372607
0.605628175177277	0.481213498087492
-0.145026185746699	0.0650707548422794
0.86906425333357	0.559164091905342
-0.424898920723532	0.309288451775646
-0.255882845143476	0.200543837363577
-0.0657045359635533	0.0458511794773331
-0.0338505789624097	0.0243815121853306
0.427672373976908	0.430713937395369
0.463158850969929	0.799196830780509
0.588783719554035	0.836604313475043
-0.0164266448680461	0.017926679789307
0.47304056433214	0.797754438245087
-0.184774097768019	0.183749124765243
-0.338467066435831	0.278766253978626
-0.14277138451202	0.150472759191834
0.224021632952159	0.203424352662167
0.530742642910334	0.648772206154268
0.114242324357636	0.791736960397377
-0.104879577554619	0.592513788397955
0.0606823124975584	0.2146117162436
0.260050280191696	1.19166544016224
0.0197609850376143	0.0431097529254167
0.369787547695647	0.465364358797288
0.441422195834662	0.74695951102616
0.148629238104569	0.269357352350943
0.156408639130379	0.354957600353834
0.185407227900134	0.386291307419343
0.265194020796899	0.567999588459421
0.0153786213482371	0.0230182235089021
-0.126894106813371	0.253890670060757
0.293990656289808	0.799042600116629
0.221111070095067	0.489467328278648
0.13893044666231	0.253334995998733
0.215390726215412	0.481665029057792
0.234447924813581	0.479626038991394
0.300878818096208	0.646963684156798
0.0984494256818634	0.142011152847378
0.0253273037089896	0.0287539882696527
0.413232721053632	0.707831281805831
0.127334124818018	0.179836505084633
0.219192794799781	0.268135253462552
-0.0285968687061	0.0322625723386723
0.00632110038669297	0.00803414078470862
-0.0541404259094039	0.0817464937274548
0.253796492179817	0.587358238256388
0.144792763932278	0.293619086812943
0.151645041861554	0.279858513087102
-0.0420362870843268	0.0669983888046598
-0.387656572386432	1.01937096922536
0.311465377684754	0.80644932946209
0.104580397411347	0.177377029739384
0.846261126774866	1.43680476362547
0.578399171434402	0.747467808112613
0.632891448000924	1.01972979931942
0.0435982478974122	0.0311481051715415
0.449413689982835	0.453765971741944
-0.226673486889213	0.202363816299207
1.02492980801036	1.20384926551609
-0.604271618170532	0.600658252911109
1.22230144504217	2.31951736652599
0.0439631608893249	0.0387824598689404
0.596179950987391	0.744795129671807
-0.245008838435143	0.236517692972412
0.663620508537465	0.71021489788878
-0.0213592581512853	0.01783965154824
0.2165879845908	0.183395086985659
-0.947792637240443	0.963507475462244
0.488855934244681	0.729374323417313
0.716844153780583	1.29146780096914
0.234533667777753	0.358016788701438
0.219939888015523	0.368996172993143
0.327589326612075	0.248840070191917
0.217756252644099	0.17000168106969
0.19795784523466	0.192711135775176
0.217920751638812	0.146845695976311
-1.03972810485314	0.645258069978051
0.483549675881013	0.355350029476692
-0.553750003067888	0.381315347080316
0.607470653881905	0.671212376410603
0.121313282478916	0.0900978867277035
-0.0324590914886194	0.0343714943012426
-0.49404045691494	0.785161885780983
-0.0423962115205884	0.0339641980099456
0.0302534418131758	0.0284051649601578
0.404778940945352	0.443996915897446
0.074797416441495	0.458840680554745
0.0343685131616553	0.145857965710767
0.269468973853805	1.57928544227056
-0.00359160212382585	0.00877260487607018
0.00926082578755488	0.00863786739407961
0.0495586214402312	0.0716486081689996
0.241830485861204	0.575622575628166
0.37666793964509	1.30419281475933
0.334310075011591	1.0214461766681
0.356574926488696	1.01713534236278
0.586939356693438	2.31193745951295
0.140262321833365	0.310679865789578
0.383558463938424	1.31470695787264
0.209533982691993	0.555168551318026
0.155401567055437	0.319976088018169
-0.264023702545787	0.74609278295242
0.0961384275703856	0.175750766513281
-0.0459422575299255	0.0693878982388537
0.229373231415686	0.485113981849072
-0.179459351436995	0.268510846442773
0.301816721530862	0.591469107923253
0.0670570658209606	0.0747059829676915
-0.133878094229022	0.17774607271021
0.0979946812168269	0.177209290287006
0.18929181779126	0.438426505766783
-0.161307235017763	0.309717914407717
-0.155881949528219	0.291186925043033
0.106515285033618	0.186890806885823
0.30995860199067	0.48626591326561
0.181565950641316	0.230511852080792
0.177365792430412	0.194998428633825
0.305222615141661	0.36003058006279
0.160012166251647	0.169538627099113
0.68340319412698	0.971300374331733
0.270740352388732	0.310439284749042
0.759106565934083	0.640163134157922
0.494590668461424	0.452284232143759
-0.509607578482562	0.582218344504224
-0.240689342751189	0.250298302633598
0.0450620191414659	0.0397059878571375
0.214321282787198	0.228645705886065
0.787213825303414	1.30863728957898
0.306102683899023	0.359648409629126
-0.264855565219263	0.272323374268528
0.205268042500363	0.157669247387203
-0.64199357389841	1.03047132205805
0.49155848651499	0.931623713261721
0.172709652706907	0.166690102315304
0.768193180633445	0.758516081955106
-0.144059965320989	0.121131941243651
-0.224540909119734	0.262033508272111
0.433202777498606	0.360321999219859
0.068223946359994	0.0337536621408167
0.451173690726719	0.338161107180259
-0.52839330943576	0.417665952655096
-0.49734103937169	0.431400452346874
0.0906467306958378	0.078206349840004
0.485130277647746	0.46271108295302
0.0639380443403951	0.0824137901060648
-0.0409492561451396	0.0468121915001355
-0.572207901068429	0.733871471210383
0.261082679626699	0.326696486874013
0.476391383502388	0.701480032556138
0.0616794876139054	0.344148144259431
0.174572846665976	1.14756646545951
-0.0512680256022027	0.172778560254011
0.00815893418391793	0.0103406542374395
-0.0791561487396464	0.140213666210543
-0.0873676485358819	0.193948143843674
0.144626011936785	0.405711144438473
0.656399123879245	3.24867717969537
0.196576551055571	0.489396086315511
0.458262091389642	1.58516278579253
0.510198099092233	2.07290283640802
0.286539358489478	0.845877889538874
0.186943432254988	0.394014302057746
0.217106381694142	0.486400936460982
0.235870090635959	0.53743752902758
0.26915682626895	0.523796605146982
-0.206241361907956	0.339012485778682
-0.113417077189311	0.172162384216241
-0.0336148945490312	0.0400016091764971
-0.0947946257120709	0.17237160815247
0.0576721787573058	0.0967320307127969
0.311684034596019	0.746954970134877
-0.0490344748278147	0.0773602971780136
0.1725379659897	0.361234943116785
0.0542378773508181	0.07779674429703
0.0995585179574366	0.164315199893774
0.0070772102652425	0.0101286784851881
0.14351013163545	0.17130711317873
-0.0471269343643792	0.0465171622803226
0.369500784785823	0.612579325705294
1.12927342000086	1.70602191404518
0.358667446082682	0.474977184965527
0.315462307599698	0.260500110015921
0.583502726137083	0.650810702518141
0.420698941702169	0.558395837898368
0.776079802461246	1.27217122848422
0.375241921231176	0.465581720157204
0.273468359974758	0.26449485313775
0.294699983736263	0.385220500418238
0.743958622147059	0.985963080627256
-0.606447003404218	0.64167770819612
0.133106276653324	0.135988245305049
-0.172984888335882	0.248073877554574
-0.0328875781303567	0.0420259652365356
0.361415421243863	0.769471413420884
0.473320093942028	0.922515642578674
0.100790679650572	0.114213874783868
0.279797439285898	0.283951967687412
-0.411124721133617	0.431126165329579
0.529736996715843	1.00448159625058
0.994750095422911	1.07613872982701
-0.522171709977493	0.414772865302874
0.218466879727216	0.160881249770656
-0.734914905844654	0.446151504850991
-0.307268613809404	0.287625974802659
0.00155084474773602	0.00117182019580621
0.270726862999133	0.317638183867888
0.162166956524723	0.178752431776827
0.150710823082218	0.215372817908727
0.192956862459022	0.250890334679413
0.138355789149484	0.19250894143868
-0.0513831117365748	0.0709980928654513
-0.705419438543275	1.37393262671765
0.0817359693702588	0.0689065726871982
0.0113825206798963	0.0111905400074792
0.520714710146731	0.785143737504237
0.0146176557533347	0.0663538941191811
-0.255990091698459	2.19624954407161
-0.076068496163526	0.156674158245704
0.43457248039963	1.8936848670615
-0.0203594257915361	0.051347655475538
0.329081766337794	1.71550644492831
0.221194597156795	0.799391888419355
0.303966085596229	1.16596828420992
0.22248211076898	0.664509800327663
0.460704573561698	1.7666888002956
0.313878169510744	0.902175728309231
0.474102791018527	1.84992836848423
0.167270652987177	0.351741026070002
0.200113156953455	0.391792730960907
0.0883980714814702	0.168310752179927
-0.0626125750250621	0.105408811478227
0.156136929995465	0.28792545403856
-0.0000576280394861025	0.00000711032146747472
0.30722560415425	0.724667875474825
-0.364870187359065	0.90044617444247
0.00700347883159395	0.00990782287954836
0.165016349468193	0.325753830149027
0.0833909276749281	0.11204226876281
0.309226807419074	0.500788623188601
-0.130763434874614	0.166829499523899
0.11975101040695	0.121258827030251
0.252225395667866	0.330764134544151
0.311121058771148	0.258518531597896
0.295751341072337	0.417542611729312
-0.265307296899148	0.360551773574466
0.277713229062831	0.390957591070925
0.362642257901543	0.674308664074001
-0.149745149025357	0.166739672664723
0.544409963460873	0.632238571201546
-0.207059570469265	0.331091890491794
0.0174776395817879	0.0209416551628593
0.114671918016248	0.18045747058932
0.0217244760721851	0.0306371319733232
0.319374275420263	0.651890425037771
0.892386968759091	1.46400836679456
0.0431000871014218	0.0541631265539886
-0.0746341252998818	0.059099137183238
0.745415893718172	0.832974515231283
1.03028813515292	1.21246613991675
-0.502575397804689	0.444525201219593
-0.600556601528405	0.819678961169654
-0.435775664157317	0.542583723805563
-0.327182479419494	0.413446265299311
0.369590583332401	0.550957455684095
0.151472308429129	0.212815527004559
-0.105066302516889	0.155335864357125
0.4174412722214	1.10010349566201
-0.53686147217328	1.30162403205127
-0.174164857352545	0.194523765431538
0.0684634746799143	0.391500619557691
-0.1290638259965	0.797267051087339
0.577433770222218	3.65043324378873
0.537205483171098	3.63674764069792
0.459103072368778	2.9888316550001
0.522197769892047	3.96483323458961
0.588129677063522	3.98301277643599
0.23537054510637	0.778127477032639
0.434221883679751	1.76750951568261
0.417201712141504	1.42503209167903
0.152899867955525	0.332867926939094
0.163282995486576	0.355762827041875
0.341183758660948	0.842735462474804
0.308965264276531	0.660659444838789
0.376517454409004	0.857498865694797
-0.0880718105262555	0.151427092149132
0.0295295484387311	0.0415004509376519
0.229611315549422	0.436622490101208
0.318056749695531	0.581200556675683
0.401788338228745	0.85024081541542
0.206537144024073	0.308695348468101
0.239851718475591	0.422222974169506
0.218120863934838	0.364659999077138
0.165428736492423	0.23527920812249
-0.0634765942308933	0.0670900466840638
-0.84254500004755	1.78250317049822
0.373293317906586	0.456033730041501
0.352284632536089	0.525068241610326
0.283273214777962	0.408846313537885
0.474515621452302	0.843405307605165
0.100830363637508	0.13399811515242
-0.201971202445355	0.264756776098191
-0.411458689151808	0.453970243118102
0.297108503261354	0.519281549463864
0.028300816725577	0.0378280363176649
0.586683044885089	0.8482883378193
-0.15977167295328	0.181399198907562
0.269572403223718	0.494258660377581
0.0861966176858393	0.0724054677844762
0.800185047183603	0.938510865692367
-0.136628929411585	0.126433480916264
-0.779999602631835	0.818016331602832
-0.187203669635653	0.19658943287455
-0.167141298013672	0.190228342524926
0.293643317254158	0.398548584763765
0.119560090986691	0.161122170747642
0.181468589045782	0.289373211231238
0.442893792614855	0.979504075159588
-0.0874773307546039	0.133722963543735
0.00186638074129588	0.00230146119308167
0.142615198248161	1.13003957460074
0.424834538437233	4.91480556841157
0.42397154685402	3.54092790899549
0.476827764038689	3.18456291908062
0.373648722185367	1.77979030434416
0.240773765651498	0.88115360184019
0.382755536040495	1.22424203580735
0.356024097673065	1.00270198302167
0.291731471332312	0.554961479807719
0.0834060225033793	0.127204966303672
0.0159378672635095	0.027481525507086
-0.0923564423032211	0.187630733802994
0.262234808592516	0.591816549648483
-0.0956040802789136	0.159649719469967
-0.394464553643729	0.765925681777853
-0.0820248926720506	0.101251361318452
-0.167981563856336	0.22707808566329
0.0593985921755701	0.0750521103185256
0.297291518921674	0.429383275895438
0.133653204448073	0.192492563953019
-0.581872082672261	1.3925344022792
0.0476778716086961	0.0580782077060853
-0.167403521022277	0.221801818262253
0.145525180485813	0.214475484919237
0.165818971110355	0.199690441423492
-0.0774267081868221	0.106295282514912
0.120586188328898	0.173309562509186
0.272997243240807	0.474345847588318
0.575063872856755	1.17315030518604
0.0645545687588189	0.09370812452824
0.234194869417589	0.437604456688941
0.0750353162251954	0.0985652667178281
0.34725846415657	0.506910067165018
0.167981373114286	0.237919442657108
0.126317470051022	0.156368819984455
0.173206666424087	0.202950154383224
-0.334064132631856	0.487413432469753
-0.253610836289934	0.351950785010329
-0.163553142768425	0.216622737566324
0.186706439847292	0.306845351784122
0.141673869998189	0.211357918733374
0.140353214210438	0.230544640649119
0.0381261470178996	0.0477931724621192
0.0462691408356422	0.0579945491616481
-0.194011251062852	0.298522589116433
0.105981696959365	0.146484850487917
0.339758474071605	1.33022493108779
0.262877016391057	0.676009131873895
0.463286797254639	1.60883071179608
0.445658399606178	0.732213156122696
0.360015365552463	0.352387943814325
0.659086864637774	0.705835189852083
0.536606874971745	0.562085214949333
0.32552589837319	0.804338725377099
0.0125405187961483	0.0216578026524774
0.22458365176921	0.368463259254798
0.141458817297241	0.418288513791527
0.0957661331552592	0.194231625157929
0.268185597926372	0.319673528046915
0.135515717146882	0.111882928871959
0.0602410556075898	0.0273620993293081
0.213069356248487	0.142488288603893
0.0674944191645151	0.0334809103613324
0.642108086234816	0.492151013907229
0.425018019721553	0.626274811783771
0.410214901988194	0.439670198621372
0.499703997153034	0.54271805225555
0.0504235581695006	0.043102245736132
-0.66701447322665	1.42625520278909
0.533806072696083	0.81551969998044
0.151090087559468	0.248677749429688
0.355404818884769	0.459034273461221
0.213550646391572	0.371715796804277
0.331912804572972	0.483575272724564
0.445630427882402	0.933949773510929
0.0756351386414732	0.0766223951361367
0.186920188781676	0.232038756619578
-0.112512886415174	0.21850294707218
0.540840000718678	1.66412040657636
-0.204699359214723	0.38083952109598
0.214325256347702	0.465898153645723
0.357978942019383	0.778122589576234
0.0505676187279658	0.0724149959296638
-0.0252109585958238	0.0373100197979518
-0.121457475718699	0.185018814060585
0.100068853262897	0.106566557079886
0.767261931437707	0.922986505880598
-1.29422661300282	1.69111488348588
-0.131494170726372	0.243832550169296
0.0555452984756073	0.0491057743082824
0.217828142051332	0.394895121344261
0.460901021839141	0.448933420991833
0.305243300571013	1.20192606382451
0.563774883289714	1.62356311747694
0.432065801826733	1.32057318724974
0.207109083621076	0.198648713562615
0.872720769164414	1.19713914687401
0.320755211520025	0.506260436728086
0.52921962030847	0.8688351147762
-0.233705335967106	0.287699325998884
0.0695592876217939	0.0774290015038976
0.0644783593223711	0.0882821525523164
-0.272541507766341	0.366569463201967
0.208662416903596	0.424405777083345
0.798267484651449	1.76120593993276
0.058634490092572	0.0909837922480396
0.398058617420985	0.651147602813536
0.504367811921116	0.929717105657835
0.186140827992965	0.295648426677156
0.432487946357114	1.07295253010705
-0.113572575963513	0.194297329732312
-0.0405985558132049	0.057658963113346
-0.357296466734783	0.766042202807481
0.0865779795598817	0.13250291851942
0.233977628497523	0.449889747513312
-0.0304241047585959	0.0344364915771064
0.329652135813549	0.394272043646238
0.109808916116512	0.129592688799935
0.0520968496704764	0.0817456263694006
0.229693170686178	0.289419559547493
0.140608269340453	0.208744185684783
0.118437259250503	0.144248606155099
0.167380720637163	0.162707900560549
0.196575104416746	0.370147078893334
0.0641524443723232	0.0776581722346217
0.242560470017406	0.293931812492902
0.260335504308293	0.341961489335059
0.0531572489411378	0.0568190072646751
0.690597730604201	1.72415096018899
-0.677705052621706	1.05707272093796
-0.0445353553055488	0.0442962115887243
0.510690512448319	0.862918456249418
-0.151607679126955	0.159079752947753
0.164760663483452	0.166066898183892
0.264175283705881	0.320704337958435
0.373711102955444	0.553024070290315
0.362705434404366	0.522346646691245
0.525459291015894	0.797475207281769
0.0980854995335447	0.117599345193737
0.174165498761639	0.215415794401327
0.262540926398128	0.296353932568771
0.438433300555392	0.539520791121001
0.515616134968519	0.71889900965623
0.373296615244115	0.650719023774293
0.120521416189703	0.149107244707919
-0.354338366395474	0.535058601747864
0.363907212162896	0.560369449557128
0.220719055667621	0.265375994517613
0.0711588887505858	0.0788993418411938
0.0287693716881383	0.0302221019920022
-0.264531120595623	0.325578966420051
0.0181478122076281	0.0162551100914241
0.186758455365629	0.272682225101997
0.0840979094567717	0.102070879820945
0.355644587779209	0.658776847558889
0.246229747971891	0.382275224525493
0.316071110125524	0.525217805709082
0.103434725619085	0.141635034818573
0.699206397154008	1.1492380194603
0.0755739072195783	0.0624347348758705
0.0946971271953612	0.101216911192552
0.141653392154295	0.179888555354551
0.251043118227382	0.292989685236767
-0.0468888402054501	0.0495857362968824
-0.0942275827451592	0.123246953192672
-0.147640139186945	0.135628923468223
0.031511527305961	0.0263697973490244
0.486462088328682	0.643921131305792
0.150416523677968	0.13764727745942
0.119753054863357	0.168215673423133
0.281093893467581	0.446602371355264
0.35152109481816	0.580095971567809
-0.0275667972113498	0.0292348252292568
0.30182060760679	0.416734428454453
-0.129602785047461	0.184197556878692
-0.282052873639312	0.30645911955452
0.223771556774907	0.275968274006381
0.0457711866787466	0.0728599564949802
0.0555295973995565	0.0719022098680035
0.658029459231556	1.75466117578013
-0.287861811398841	0.46306588321906
0.160243901867537	0.2264026824971
0.347348576714737	0.572716092263789
0.671177590521457	1.11206135479297
0.11586869351113	0.116486203877636
0.570360242281928	0.730900013402143
0.267848674112051	0.389040037926114
0.288005657749788	0.275661797359143
0.0774945356742458	0.0606903660531407
0.378008239854425	0.447898832373532
0.143328223408319	0.211504914565795
0.359269879891214	0.543342948730505
0.114260411517876	0.136434307538178
0.519325870884357	0.899917269977093
0.182854023229051	0.230532720793238
-0.156542047350391	0.193707904623709
0.182436100545029	0.237648013405254
0.0171768056975018	0.0172990647526428
-0.173428894566971	0.2186250516051
-0.355247423961119	0.427357928415896
0.219025383611542	0.267389466451134
0.1931545151199	0.337639781265117
-0.126109446166028	0.20932544008975
0.10546734726746	0.171253616574075
0.0134961478717884	0.0172377710830029
-0.112838940143952	0.152065227101506
0.533054410594845	1.05017294500638
0.350294887760105	0.665444751754975
0.448166264205549	0.855041846761242
0.38809652038598	0.519311337374757
0.613316001284772	0.669503939367569
0.579419965117499	0.675425693130565
0.724619510269362	1.17375622312276
1.06076175262206	1.54451965674889
0.417776861855618	0.459568337905052
0.672351839784801	0.610598387708727
0.2177905067277	0.159281487205458
0.345417431044629	0.367896336846126
0.164078198857668	0.175876028022164
0.214592159498478	0.310027112373238
0.152950290487974	0.199904063202647
0.308169438875623	0.406000582427852
0.43652592832351	0.699075947630226
-0.0321116880615368	0.0366281733259902
0.192702317371107	0.245842559357624
0.52132397128744	0.557810397082238
0.253890808533135	0.348638016033271
0.308326589980757	0.393217796421971
0.119807687786246	0.127574771857451
0.265177686466034	0.327503345521571
0.430762608655887	0.715852605480046
-0.244239795741948	0.234179987214491
-0.270695116019429	0.333658262674444
0.109286468342896	0.119041364763197
-0.106496875174976	0.118577630822111
-0.0342773257883825	0.0333486276092932
-0.790522749578991	1.08128539648954
0.21535011092992	0.178961531214693
0.32736880176995	0.350158786424357
0.365255329393573	0.458527476312878
-0.001180665543995	0.00185546695324028
0.254914934191785	0.535271501382392
-0.216325217492479	0.382787150435394
-0.269175846983451	0.491767149780933
0.0135695870112023	0.0175429922015807
-0.159136357772117	0.247302900640461
0.271541715989256	0.443600477840134
0.361576015624708	0.536795369318505
0.856046391869605	1.86964171046146
0.929049691697347	1.62347198245068
0.953070703164032	1.62979473845774
0.216008444922822	0.225327239300293
-0.0794069033300019	0.0628015143157514
0.64475719540135	1.18454639704254
0.141065902878203	0.175368155429487
-0.180668459757247	0.238593039414733
0.105973689802544	0.13957033640234
0.136608072735747	0.187419647431896
0.0979658685962406	0.125251198840808
-0.124189755061213	0.133342932046587
0.0162092000559315	0.0175397082935981
0.219832782176475	0.302116498301279
0.339661401154701	0.450263722090827
0.277965533458764	0.435825909421684
0.380513382331873	0.50300285188014
0.452138017509581	0.719060387301708
1.23072780785866	2.63578723856746
0.395854732547702	0.631245290879644
-0.00886856662506392	0.00819498762517777
0.0854448254135988	0.0884248030432879
0.620584566087936	1.13912332025019
-0.446532664479044	0.682123109565936
-0.319349440985736	0.364281674140793
0.627091404356296	1.02694912582118
0.143184105105183	0.163019458242778
0.31267213806864	0.404689273489165
0.108480779977235	0.141550483635577
0.0717188813469782	0.124977786081769
0.161757238108799	0.314532340817001
0.0111735163366244	0.0165472122145161
0.0797604555129454	0.120836570822549
0.29064450554959	0.64714050671607
-0.055331292896938	0.0741634127131245
0.309737583464948	0.647656443676815
0.69984913008866	1.87303284000801
0.404296729004361	0.735144167674964
0.187050224637198	0.301267164054359
0.399741243092793	0.688802355276941
0.48295331023485	0.804475309790726
0.299327908057453	0.404543654893857
1.00628704060217	0.705659487373822
0.317399774593605	0.367956388375914
0.162475466635319	0.160407717757816
-0.017610290153108	0.016209285883167
0.396842458364889	0.536448483001461
0.395165678970122	0.452283757054098
0.21274598542422	0.178672943452147
0.222599025600894	0.132995851001244
0.597613921710249	0.681718034855047
0.476977805687376	0.520667654606061
0.410092690225801	0.238982701606753
-0.0511883582978624	0.0357374363956285
0.366629153613867	0.352608786545513
0.51141465217187	0.639965369973474
0.357188106191681	0.47244806238689
0.558169321225915	0.956435873257773
0.658805567355891	0.860038329386983
0.544273180451898	0.893758248098348
0.395314240099957	0.546288451873039
-0.173034707435757	0.158554471051536
0.207606227482316	0.20691569415091
0.828929037354788	1.24000545658021
0.436035111988945	0.60037654778742
0.311275263262682	0.337212864842533
0.0411000397245599	0.0447384586819112
0.0950243082988275	0.111002380770417
0.257195179968078	0.36961141587257
0.701845117512792	0.805815678984434
0.90432485141442	0.243833856642287
0.355159233676661	0.234533361486157
-0.373202225698537	0.395030881323449
-0.369804892943936	0.467047114900477
0.61410150940801	1.09444324537323
-0.282615264734319	0.30649483672692
-0.254757096642683	0.273285321027034
0.21759234879864	0.138963506204315
0.363495483842467	0.362398826499533
0.110170171858259	0.108560120852283
0.310903767025825	0.372674945335893
0.21148630767149	0.217100402374216
0.203269257473407	0.336017119766024
0.0779302648791149	0.0882467156591825
0.0604347449161023	0.105349935497451
-0.0305108622087444	0.0487302969356271
-0.308695119907961	0.774704951308878
-0.295603812996613	0.670516307448476
-0.075108151640405	0.129247655770999
-0.0000280003371099245	0.000102583805901183
0.224118088835716	0.445519105800778
-0.420085237532554	0.999855130833688
0.391612686515201	0.796878530981553
0.132324101307168	0.203263435407874
0.247453877974174	0.511206394454299
0.31793929181848	0.694168390788926
0.0469332163277505	0.0706419014235508
-0.466816928587162	0.964556816409657
0.360906186490139	0.682241414993317
0.322616887299068	0.551040751414275
0.303258754696759	0.468609268315286
0.0498459257409316	0.0500699644817836
0.559908352266913	1.00252582750992
0.979007555479371	1.8543842447016
0.548352558715357	0.481573106377932
0.0957779669641469	0.0859297633336249
-0.137851457639033	0.125790413726624
0.20596786418319	0.191469792230081
0.413748088419082	0.349477303296466
0.355931720633684	0.366290584283503
0.776545752969376	0.527787629803164
0.343706724559727	0.242391747259651
0.634604408623284	0.770869112578874
0.593141717211505	0.676565800798128
0.350431414670958	0.354049367539786
0.702458583576107	0.516283302940949
0.414680327825087	0.446179036044085
0.264468746218701	0.293436142895265
0.508522207606567	0.890719191343857
0.332171109395729	0.34926130795682
-0.475593605624015	0.488341982116672
0.368157542460238	0.362104089267041
0.269748732258308	0.311655177241126
0.25184462247071	0.307226293821125
0.108726105440369	0.108701427928383
0.385205540025629	0.565579753681003
0.00936748691142894	0.00966288526429694
0.906659378696047	0.918449688743913
0.619401696688827	0.375678548083278
0.596083778526746	0.189504459039619
0.0741612004710676	0.0419143794077718
-0.198874947629068	0.178494208239985
-0.385431121027049	0.42560267709583
-0.442026819473541	0.546923677491766
0.0582304310305751	0.0513700576644452
0.15693197555422	0.157628357585999
-0.231359563783898	0.133814301718801
-0.148179422639534	0.110098793380795
-0.556934039714862	0.6767362795928
-0.0400088967209824	0.0328972035525946
0.651533749563626	0.949688191747743
-0.00610005161789519	0.00876732352636658
-0.0641221844021055	0.104902907969307
0.159368362914113	0.233289369730239
0.0942433203387781	0.161922695716416
0.0505023169975813	0.0933692514687983
-0.0242860602767264	0.0423354902197997
-0.0558271920406113	0.10864398852029
0.109395080952457	0.198427242698901
-0.177735273032685	0.401576161121126
-0.0562456246785415	0.0954317581814929
-0.166987470104167	0.32783616565853
0.152279488625188	0.30101343085984
0.32055445911257	0.621938914769668
0.319704230135272	0.629650245690754
-0.225020007558383	0.495615679540235
0.0283699020663718	0.0413994108915275
-0.0998191572133641	0.149234547217444
0.193524220231623	0.321985635870227
0.421514611764232	0.826161695217454
0.575905809347211	1.32030986484215
-0.181841090799055	0.246810147708357
-0.129862356966572	0.14133424905294
0.218656140203643	0.291543958035823
0.56945180997245	0.754879451112454
0.710073910718377	0.82129645031705
0.953519883841111	1.53258316702706
0.579258042903341	0.837990348444211
0.556497622410359	0.726028293400246
0.386470395415983	0.443115468843794
-0.342284952726449	0.341468183265904
-0.66875413648261	0.487625452962723
0.388945762210789	0.341715814775907
0.383130682462906	0.239800928451608
0.601618413966755	0.47667326740845
0.150988472825915	0.147854836916168
0.52523675216853	0.564544002406248
1.0546323402854	1.58962573462999
0.366354577711768	0.540668692414479
0.461591134359584	0.510860289036387
-0.0647562294580545	0.0647866283741835
0.663879481415253	0.868150550737676
-0.538361743550668	0.619241821335266
0.31699606238629	0.371583296457659
0.264937911032417	0.322863575409646
0.1482174936987	0.183662985028781
0.0885748698878905	0.110118456452717
0.116959955383899	0.183371729205774
0.233530373803996	0.354401537815115
0.317448095735309	0.587952217204469
-0.00689204919639643	0.00796417675892414
0.899262966907118	1.22055882286325
0.372086706931373	0.230852437428865
0.447161400560186	0.158539664391603
-0.525038792940085	0.418912211535098
0.390830691633951	0.434973244885326
-0.512795002633535	0.681534226348372
-0.09232030659769	0.0958338524194839
-0.470229573520724	0.637889916756539
0.627422462002357	0.916491925436311
0.572440554680654	0.373509958155369
-0.0618084743636894	0.0490903362762545
-0.195694917135433	0.189895755672612
0.717140154542624	1.25910212894193
0.393409865381993	0.432750806067787
-0.0524704542542987	0.0670933190343174
0.209103790956308	0.361223399492896
0.0322882646582238	0.0530353398582047
-0.430887354675627	1.36580581579123
0.000289408518302684	0.000507158046416588
-0.0415371639424904	0.0762326752962791
-0.034876750392063	0.0554292882858097
0.288400500536551	0.691546864567822
0.0536308160583397	0.0853282634864939
0.162146568558975	0.290697466957231
-0.294135672813811	0.663933834467641
-0.162279742393733	0.263195280249679
0.0630513792504511	0.0952878724599135
0.164260185325472	0.318531950464663
0.112751699910206	0.187239615756346
-0.27687794004238	0.565482765070217
-0.0858517174302809	0.130115889617717
0.267465967653052	0.502000359865372
0.251884773940847	0.399566072768975
0.218925823303108	0.338050947418405
0.606587598266857	1.2931474564367
-0.345255508148254	0.475450162588684
0.483068738134162	0.622024166579145
0.557663523645491	0.66367799995492
1.01183260724164	1.18183010099558
0.499386717406717	0.552302365140779
0.438441520313453	0.537857635355665
-0.271290120777865	0.272493573998129
-0.564639894718477	0.690941002963408
-0.474918342906074	0.551098860559799
0.853713153730767	0.90081371166105
0.345695328384753	0.375389176593122
0.57310997753112	0.475952884491461
0.210192527986967	0.161630593149577
0.989525083931069	0.567251246693177
0.511675819982384	0.353230086440991
0.0947576248595683	0.0819203807182598
-0.0434304430115593	0.0427234940976352
0.482377845931734	0.82753545136871
0.156384472391013	0.156164619119852
0.606878726259668	0.816265900158243
-0.148778177046113	0.126417689426912
0.415252879933026	0.526945863341976
0.637272231243237	1.60369896752871
0.643710264580447	1.12778493827922
0.224576970603672	0.297083913443943
-0.174659740553539	0.230266673197763
0.412488687612782	0.712057614098755
0.523917050354893	0.970932234270892
0.589188648597951	1.35136674002619
0.184788143433279	0.281560609183485
0.0117147168024995	0.0121478732577171
0.599263290095735	1.15580141082193
0.825792136245654	0.662644764632642
1.40120121508815	0.451603839528185
-0.0695176902958202	0.0381809824130697
0.342350083165682	0.354890533292971
0.888153763608572	1.4838886651457
0.00938419799407177	0.00727262149670296
-0.585118648256804	0.814590347939544
-0.403273260728906	0.424974868882508
0.712875847181188	0.625143404451989
0.0650939022639783	0.0492560436477152
-0.435550067348069	0.542445151406973
0.302595598461786	0.410065551784602
0.0455757570047386	0.0777933248144606
0.0681846017507892	0.0942715445334918
0.0984188330227257	0.151163159778122
0.156942518323619	0.303913004468832
-0.261432929595436	0.632715928458061
0.252439817466631	0.618891377072473
0.136382111169267	0.299505824627249
-0.0373032698611321	0.0625681165330524
0.226642621682638	0.471262853569353
0.208569972904226	0.445764376692027
0.253041001930256	0.519092804778722
0.303140263814576	0.716656559833737
-0.00114984137727042	0.00141185101050814
0.544516676972672	1.29837828204086
0.167801437741699	0.305807511156903
-0.114350598082025	0.199868443925858
-0.197243980147022	0.364718359655748
0.282034873092759	0.499847355747816
0.0189726239139328	0.0219242400500723
0.610064830989739	1.30693484110026
0.407847269471053	0.716893673581984
0.046839937999038	0.0490061196030956
0.0830941470830144	0.0933548845667349
0.0252107654300949	0.0256518652100714
-0.176665045857676	0.174643835553304
0.310754435833258	0.254839879453132
0.398548386170013	0.355905976207059
0.89575913465606	1.47928172463589
0.345934989658972	0.376044167327937
0.405219036987068	0.533927518181295
0.205860770431046	0.188155557009957
0.375874761238083	0.456821020803908
0.710993611456584	0.827763340514367
0.0121720054395776	0.00749588644766747
-0.218668795413997	0.211797579757476
0.626465547823603	0.384672563564755
0.902005555215183	0.675188791667678
0.798276080000133	1.12761270288069
0.0696688252370465	0.0346277394337685
0.214156614755205	0.155060367660888
0.962716358431164	1.17111223538857
0.276611495422172	0.318212890175878
0.158676334089346	0.150354050077947
-0.279595439700473	0.242171697593397
-1.41594236293026	1.80321651751078
0.271557790460524	0.261932529665979
0.448835953028845	0.608592483697733
0.606587036390812	1.16438487903785
0.304551544801619	0.369065439729551
0.219642410220076	0.324467262614236
0.493368354845886	0.862164681680016
-0.594090438890694	0.862188341203835
0.10718215116254	0.118124792241379
0.0508407929531874	0.0579112839492155
0.399527713130922	0.59322039448453
0.190904320739227	0.283145538760759
0.256809447784249	0.414028480231455
0.0744561827110838	0.101519887232896
0.958230792858787	0.364851200007285
-0.273528113237073	0.149873772534997
0.212073952500336	0.198786476078617
0.413328077467603	0.456515368993724
0.158843205983262	0.150733680467629
0.0945635036820907	0.0833592418181247
-0.443831603947204	0.518843854679246
-1.4439581805806	1.44389608271652
0.131596353439638	0.10543868548721
0.417173287484991	0.434321003199428
0.34759582018016	0.362360593077777
0.80975531840784	0.759843622099426
-0.0776706454853978	0.148014116499568
0.342986455998727	0.608300951151938
-0.286445116554627	0.660994182939359
0.561374880361598	1.7748773173874
-0.313182387791855	0.877518473285792
-0.153526306969483	0.335001761882306
0.501887514524627	1.98745646305014
0.222956471055282	0.501655001630282
0.196386208458709	0.44327697138229
0.121758142677033	0.222469197791643
0.482622017652792	1.47936970094058
0.180004997961905	0.37213703463272
-0.0410913060673345	0.0542814423766131
-0.0265107448247626	0.0360392950403875
0.390547948181303	1.04096834298439
-0.0540091540843275	0.0809327700557674
0.0429723658392381	0.0612628788674091
0.035148299566271	0.0481521528159895
0.338233411274929	0.605350131756436
0.02609915853683	0.0328423241653636
0.296674077251755	0.528572605421678
0.00309791469575569	0.0035231871778083
0.571694370825312	1.06895285921463
0.554035390530143	1.07051623446612
0.221469121900717	0.252736439046792
-0.336219609031849	0.284932401878518
0.982191273097884	0.954184063568994
0.0705642557212082	0.0572371305829934
0.871812205948443	1.47138888807168
0.141310561058029	0.117066423201019
0.810734231884987	1.06270111331763
-0.111866255443348	0.10625107660463
-0.0841747209695017	0.0738330592579494
0.154577573939835	0.145231755748913
0.122530470296569	0.0931943249867279
0.259744941371038	0.240615433867882
0.034112719388217	0.0224355032431718
0.542869278619431	0.569180773262473
1.81578671337308	1.45749017101346
0.763613548778623	0.522320534862759
0.132836485120555	0.104914331435612
0.356043480358287	0.339147069917857
0.122751051406478	0.11989542774602
0.380305203740959	0.463139944927432
0.449126170225521	0.821448506804254
0.707648314497377	0.82289194117976
0.278132796251945	0.332938435698811
0.693696678938021	0.510520603493228
0.313379402657455	0.137510486287087
0.705507964999986	0.401903190073989
0.247679848884039	0.127369987317097
-0.555043032582158	0.479261006705655
-0.780994233473508	0.699968367642351
0.574223714955959	0.487748438049127
0.362024869100511	0.356535615350542
1.18094222019015	1.96196059631191
0.0363861872501405	0.0346569635684935
-0.0472788586148399	0.0424579303161529
0.394444160180076	0.441581163959984
0.217641371400537	0.199106105191649
0.157537996151923	0.15427784937529
0.436999263089222	0.694562215794326
0.340501707016096	0.49919381451129
0.508837490073644	0.700234307269208
0.293802394666124	0.454562886601425
0.212751587025686	0.317506929977858
0.311584666246811	0.485456014773502
0.260913590649874	0.307172513996297
0.412171036239965	0.625790778773574
-0.575983695745532	0.985652724481375
1.08475161442162	3.48047951664055
0.044222199590949	0.0528263553213753
0.903916047846584	0.241441538672976
0.246964830786651	0.127511085249562
-0.381098092529189	0.377624821939178
0.0734034751751075	0.06946343819044
-0.0829919772154862	0.0634304704256966
0.537494833675013	0.71217483418662
-0.555811699764862	0.745524802617148
-0.637774285243851	0.411259309588591
0.630256458945265	0.681192463930836
0.0572614729870617	0.0437649325473291
0.569633874818136	0.812767169712226
0.361660423835595	0.357704798316152
0.122150348985436	0.0886595520639276
0.102478413635079	0.149998590590762
0.250720585128918	0.545773076645288
0.103946756908643	0.206599665980898
0.168163121968734	0.403683652097603
0.126402294176239	0.290569267861521
-0.225924166824581	0.605083454652493
-0.0537694072546849	0.0955381689626396
0.262009837949348	0.668163795459527
-0.0669847270944548	0.123002257170035
0.289468543447732	0.750822055424921
0.164550961392356	0.313924518364862
0.307419536462506	0.583980361168472
0.308678722885986	0.644147709300759
0.0750705475144639	0.132670827017219
0.28425256390058	0.622490691910465
0.0573963414214244	0.0949868339940901
-0.47378894861512	1.15128367610487
0.113563570468268	0.167704313611773
-0.0527761872998951	0.0691565939238458
-0.152703332099115	0.221731736958942
-0.0940868753934275	0.128245940137001
0.22670597987977	0.293621346089234
0.446958520689807	0.632449982084001
-0.0562161983991053	0.051120984987601
0.567076453591486	0.651641871931831
0.0221971008497699	0.014470118873566
0.590559673085665	0.74535797687558
0.27892249848484	0.278012665750414
0.167217091047103	0.164662072058991
0.294145784694527	0.263161038793911
0.098017477311974	0.10613046997493
-0.16565783361344	0.163302383452534
-0.120433198397302	0.101312651976308
0.375478983796452	0.414113609586053
0.835045513714093	1.07920480809049
0.386859907745804	0.439487121218536
-0.318130357751755	0.214354515597308
0.775393730471176	0.944666388772827
-0.762922724158505	0.530567849266871
0.852737539313671	1.00813732248583
0.56170971108968	0.569190124245085
0.128389263342822	0.099269528207348
0.493446819453673	0.635107771957493
0.537436975878825	0.560890186404488
0.613038084169843	0.756139073941517
0.0798711973111897	0.0824333411702597
0.628874528533497	1.32314736534634
0.304721960609701	0.255839185483361
0.268357861260068	0.288762942141533
0.702666789731654	0.787462805864204
0.222891749598912	0.134500793541428
1.0521098028464	0.987151875368049
-0.148440284341895	0.0667577162098744
-0.146334086916292	0.109070427260958
0.474049589911887	0.468411066254055
-0.0379350437283247	0.0266071960941725
0.453769143660166	0.437866109378704
-0.0910985633961155	0.0948572791212048
0.0471650197700967	0.0526309100967072
-0.0730765549355003	0.0638663178393814
0.0505755392754282	0.0516110077168448
-0.0901576019060937	0.0927619066407165
0.815149695130032	0.980210737889293
-0.000321507487515298	0.000364976414226671
0.836060001396908	1.14707683324501
0.331800893737727	0.588584296703283
0.24147295990253	0.350254245812236
0.26107277631966	0.321189511792019
0.959091866075809	2.03102848507413
0.151304019633494	0.213681171333784
0.0527615544085211	0.0642879843065403
0.116987540178368	0.167246223434028
0.536163098804928	1.00386085331138
-0.0731765571729193	0.0706590501159158
0.0848012854000984	0.0974951398453582
0.222307773240928	0.282781850705395
0.491436183157279	1.10781167605218
1.320410607212	1.68158290669154
0.8224665622061	0.660860237239881
0.105847461887253	0.0256230916344308
0.355810278985822	0.239315852715108
0.449212175300174	0.446059741012369
0.566899001868203	0.653121137869424
-0.0051358231702776	0.00437657929783668
0.150381316742339	0.149400216873151
0.150565373726325	0.12819907171502
-0.135607888371377	0.0879925768179629
0.51606158448091	0.463258217056144
0.543329639067928	0.643174632410845
-0.0830754037520818	0.072328877681819
0.278683572625414	0.271708377737185
-0.781667582260528	0.75301413647335
0.684234602076916	0.686430977532942
-0.0101706823992569	0.0175913276295024
0.19392277521101	0.367619057563435
0.35794965306825	1.00504254210848
0.229877624020672	0.56560244821018
0.221465112367202	0.603763485582313
0.0400333947259069	0.0803194783826525
0.113225600654921	0.25630415237493
0.298476781683048	0.802455078158272
-0.000705140908021474	0.00129169014991774
0.129973497277106	0.267084544256297
0.185278106779019	0.323109882321653
0.11913124726397	0.189885518042762
0.263170230694107	0.655402831441438
0.424685052884563	1.16493077821634
0.189331005528587	0.367140722273731
0.0870666981451009	0.135886132656642
0.386242233437016	0.739450678087377
0.055233637350975	0.0780986357276556
-0.208061212813358	0.330638984165046
0.0235138572293185	0.0277010778609799
0.199509897746649	0.26520131541576
0.220026766731971	0.258846633063129
0.693047177737813	1.30507003250634
-0.605790401648512	0.650992041625702
-0.890692735648091	0.690855761561724
1.24148233469794	1.49395628638638
0.574849745689657	0.727569194985007
0.0195356305628705	0.015159473166717
1.02718060589937	1.57706738660814
0.401211543881292	0.453195313861085
0.0970541942472338	0.0618058751031078
-0.123967219054894	0.130638397654624
0.320327523404185	0.349345812143496
0.221592471758244	0.216870864752275
0.115718311998921	0.111643228052498
0.330347634366155	0.254925691400774
0.229336057120436	0.24243949710031
0.313606401234538	0.137490867773465
-0.167987074203331	0.105631658629245
-0.265788625029866	0.25380497010427
0.577901077735494	0.569446441728419
0.161789667261132	0.156012014650022
0.154637811489954	0.121448520216544
0.0495081606001188	0.0363354145218427
0.161233125763233	0.155641047960669
0.36082764111211	0.240916931363052
0.631479347624936	0.779232303618034
0.0151278594511707	0.0146470217789917
0.184434864670148	0.256492814144676
1.85303426448863	2.68921810317762
0.122327951870433	0.0887116067895548
0.429232740648865	0.54258987554016
0.434744217081565	0.341642998809127
-0.581720247180451	0.311213367374218
-1.25260267529483	1.0840288590916
-0.163160081793596	0.102878835670775
0.217936532820535	0.166872484878049
-1.10607144192568	1.23490197940815
0.740667383909091	0.920648556869528
0.157061986058777	0.148415490687255
0.0929389145649393	0.0998341772244687
-0.0000175374723847497	0.00000810061946549011
-0.00517733522079691	0.00387495290249787
-0.00558071311011836	0.00520640705231317
0.0715348991819858	0.0697735365319756
0.139065224040179	0.117911780469249
0.627361167957041	0.848776786931011
0.769789880604361	1.37057982870684
0.464156040473953	0.757724016375218
0.359096925812278	0.542497684441582
0.317622237135742	0.498968914182081
-0.0470938008044109	0.0567193829602232
0.176108032252728	0.256441052500046
0.258431794090615	0.346284978411593
-0.137071056050383	0.135234527646918
0.248997347316113	0.353255255827923
0.563503467269335	0.986769822627091
-0.0791354332267776	0.110325212877191
0.14890910296524	0.215689148290369
0.140767841408321	0.194489366660956
0.054846763310638	0.0587019128842894
0.563869035714757	1.17521490281076
0.200004686331773	0.268230344080039
0.354731450248683	0.583292607194126
0.43538996061718	0.447308126522994
0.0429920760517175	0.0307019707726592
-0.364537497470733	0.232429126603209
1.3906256665014	0.45668212112574
0.698765868046663	0.516242702661299
-0.534610786209537	0.573829163018468
0.208026123629447	0.21106990278719
0.0826656231607476	0.0709257250061915
0.148849483507664	0.136886155737767
0.080082674598361	0.0661913069638278
1.43982141125028	1.12127758038946
0.0418894024141173	0.0296718840963695
1.15789741780195	1.46599298110986
0.171773810385971	0.182979235114135
-0.112338140569628	0.0970915803178807
-0.311081047128875	0.208175182044629
0.562247741083315	0.572548772952581
0.148472027464163	0.374554925231488
0.228248510992375	0.714443350338242
0.253361798617801	0.528351369211739
-0.0578020157240744	0.112671023654044
0.123242434140218	0.288176202842921
0.416195795422263	1.56859039698108
-0.0504823564132591	0.104280626429693
0.14859180534955	0.390127103885784
0.0259989977439633	0.0434075274430337
0.387084955481645	1.22894193180059
0.219870219108547	0.514028455488976
0.281740176890419	0.533229213101414
0.253991788017339	0.600780787855877
-0.0326800463096465	0.0518800530568702
0.0779102271214855	0.119119079435618
0.142455278839627	0.232851798621986
0.339047202458354	0.602035735118555
0.48349450376778	1.14870586859014
0.0453004925715751	0.0572581627159836
0.130526766813016	0.174201876909618
0.155941970966801	0.189373556101912
0.762448727787378	1.5213546532494
0.358511507555633	0.455719747434635
-0.476499157785286	0.452968957160052
0.505756370988803	0.555323343076974
0.0827190040218228	0.0693223666959848
1.00211172401985	1.75924600225565
0.51126905161235	0.560282809145694
-0.0582614837835512	0.0462351884093806
0.152268998239172	0.133240321794549
-0.0238713960099557	0.0141419786616027
0.757975668093983	0.637862738532191
0.374543544202741	0.443926326431385
0.496393191105589	0.715233386777926
0.0541415130216723	0.0483884713201845
-0.661539881023799	0.882592758521401
0.37264486388784	0.452491939721653
0.292398559500281	0.268394477694394
-0.330827152376033	0.279305635290971
0.00012028308534389	0.000190689273116647
-0.99177872825448	0.802759664181916
0.363152712709351	0.242139814562372
-0.109148541559206	0.0832527377503683
-0.280553375428041	0.242840221340367
-0.295861734511211	0.277538111603375
-0.367807095291072	0.27148265005144
-0.15779761900714	0.11732183485302
0.0358167872650507	0.0295956029826054
0.290757629772708	0.260242406939904
0.309317975337379	0.263150242886212
0.673302608303814	1.1263426864528
0.45779708312485	0.807168710853156
0.719464941628632	1.2566476377346
0.552776094997964	0.65761124979068
0.153151592694513	0.134593294193209
0.657603473933804	0.969789918611122
-0.0821365258906251	0.0549052520342713
1.98683999323039	2.2981057679294
0.224269405990761	0.14315663096873
0.3119428876545	0.136514727855247
-0.77815107993689	0.737525359147722
0.319739412032747	0.254362661699076
0.131572589516442	0.103900097530711
0.0741471625669236	0.0591530357732468
0.596628392417107	1.07875724644055
-0.298909562006255	0.374128973582681
0.251490158699622	0.288370682719488
0.00262245814332556	0.00221226910188441
-0.0298860686172577	0.0272554833476083
-0.21516384472958	0.207569986584885
0.600784740063094	0.927354152488666
0.166148626314304	0.180095593580671
0.560495352986949	0.822286435205925
0.297874666905745	0.48542201841708
0.331375508984914	0.467876600388268
0.384801139610904	0.675446204620157
-0.0949442969193618	0.123526664560414
-0.142763494995497	0.19840801738091
0.229239319361574	0.324237680830767
0.444735443267999	0.556704675000691
0.000426239832929967	0.000385173717338693
0.159969437415746	0.227814493088775
0.0272012792622212	0.0327229110981999
0.19213680044655	0.309764559815899
-0.0471557368050808	0.0582538682366547
0.0575750000257273	0.0808338296576541
0.0992350592060885	0.122993931381699
0.354995273234698	0.55476728568975
0.209773725988697	0.152758871967661
0.776288623585687	0.532283441158684
1.39588724367479	0.461696687758781
-0.531711302891251	0.500292857950402
-0.660532369841185	0.919773555907688
-0.0635927022809721	0.0617215818754001
0.190416699013468	0.237584175506019
0.460076685597489	0.549517591461171
0.439413714466955	0.539714462952986
0.311952677219237	0.257734397046144
-0.0260785013709922	0.0190204801191491
0.165159778998535	0.170765614306235
0.37110812646963	0.458584964778094
0.0846860543185447	0.0709550165717107
0.215260736430312	0.169734567539587
0.0277762348620304	0.0183698346749933
0.357166960275591	0.338631449554714
0.505219497548162	0.635801146885426
0.336526400425033	1.24178108353018
0.23757997680499	0.77621596224061
0.287342355921938	1.07872689379197
0.267021170831286	0.927889391549193
0.294774354046758	1.02043017692576
0.199720067776242	0.524170637460713
0.166910704181781	0.412839745713383
0.223074071662533	0.558265882326797
0.17783394806393	0.363669266217148
0.185331358047807	0.394803067725436
0.252805648887803	0.524948041937278
-0.00286777297181147	0.00411719273772909
0.330727756182903	0.692646129839418
0.413073846184142	0.957171302611577
0.272564887012062	0.506199352405126
-0.0292550455631928	0.0363422931590289
0.440505365518025	0.772019071707776
0.0139826117164291	0.0149668271300389
-0.160451672151741	0.133459808051833
0.886057729201858	1.16292552323125
0.00262534906891849	0.00236451152455515
0.144972937100743	0.168002586721129
-0.47714982016638	0.613292046091231
0.218078193610496	0.265365982874603
0.64812714403698	0.999699514642062
-0.0086565876953434	0.00526698895015175
0.109368268568819	0.119186670469638
0.14796475588317	0.173969740145358
0.0965863241476696	0.103331199073053
0.348273988189481	0.436808094784739
-0.188421375115671	0.18615118123762
-0.316453388030287	0.385508431209597
-0.174017125970812	0.127665305380622
0.879958268997584	1.10700374385339
0.423695034715838	0.533128692250644
-0.0730134867068536	0.0635569517480142
0.0459293671680744	0.0329730678527244
-0.250086972950357	0.255102952630025
-0.215911271519267	0.193673728855727
0.0611471274304485	0.0563322161413672
0.503103958130561	0.809072259376759
0.38822519933756	0.554800734477494
0.239255687889585	0.450645702380067
-0.0958628691820313	0.135042527340416
0.338091125434462	0.501700354201174
0.303062002469244	0.368598968679106
0.295381013155589	0.265809872895299
-0.638267080231076	0.788697239680388
0.385632240702073	0.522497069365244
0.105969386800903	0.070683993352475
0.640243938174971	0.491506804901668
-1.26445650802676	1.27491858657145
-0.283787309942109	0.155367524829172
0.0588402910597722	0.0449021788123168
0.673185534440036	0.793916120250406
-0.00333313987019545	0.00254221780942101
0.11872668382225	0.12017903210359
-0.0447868342907785	0.0532469450877337
-0.00297124152767764	0.00323841991426625
0.0454429125946317	0.0508641162245479
0.0138136476387615	0.0124410719566088
-0.0176261406411072	0.0128488809164801
0.942660828825947	2.07057685295901
0.775366957116359	1.27687933177247
0.630418723369856	1.11274251313564
-0.428703727612548	0.690826647157589
0.0185663648466557	0.0222106085257199
0.164833508978264	0.243435403195378
-0.0567480049095728	0.0715808375489094
0.386963763982142	0.770100206510889
0.115603889769918	0.169446489174647
-0.0157729241724626	0.0182880076581949
-0.239207147505171	0.309828878284755
0.359415125775941	0.643517640810364
0.310339800050963	0.496195028706025
-0.0072602911097228	0.00937136347325163
-0.605446359652547	1.32151240149605
-0.0312093900000281	0.0405800995865303
0.405663835833414	0.858941189550631
0.48974234029309	1.02338408304681
0.0831897188621754	0.100544225157646
0.107013057711176	0.139251621045037
0.250850841650483	0.418811769064748
0.329353404084481	0.371591563910062
0.589713215396349	0.669824759924917
1.49683329352344	1.94053945568486
-0.139485252051247	0.0903461003587253
-0.457080689804065	0.560772844567328
0.473650567218791	0.691970047190316
0.0354425953168055	0.0340676264697179
0.402893013161345	0.547019033445075
0.176346380858848	0.20895337888633
0.218598438440807	0.163514688793896
-0.47300082395791	0.505693578749537
-0.237214828026515	0.288249335854822
0.142501484973023	0.160105202799241
0.568229776349692	0.877421565082647
0.213628268706875	0.173971165156774
0.215802910557871	0.231954115352623
0.76082939185019	1.11590354110932
0.383681963505081	2.13626307130923
0.208510760643498	0.852264042850645
0.622793160058648	3.05623954086969
0.203939866631937	0.661587148175061
0.358607431931037	1.55971546031312
0.187394484000939	0.608011493657907
0.298177631581005	1.09934507689215
0.0755287704869393	0.167498398658697
0.158434823087244	0.379198211238265
-0.0256180096282834	0.0479273094663014
0.239298725200469	0.64921568529353
0.340992105766659	1.01872118387856
0.376072212786433	1.10255217211868
0.00347222731940172	0.00529182380504466
0.0765027244362531	0.13704841069412
0.0446125069502168	0.0664444100410842
0.25295394953257	0.529816516329367
-0.0988508454742768	0.168864506551092
0.296871206654717	0.622359317454651
0.383645003465372	0.787559407519313
0.483056771962205	1.03682900498424
0.382628144774875	0.677696880583789
0.186066252581802	0.212978049214226
0.265923982783632	0.312545725740458
0.469728338226479	0.546466366005297
0.936976357374564	1.38129187769351
0.151250961993415	0.208999983294099
-0.196741972898701	0.245210453240473
0.434164065148843	0.625332244918455
0.455239548788287	0.767768539034782
0.480690912003827	0.863190949108833
0.0794281556974508	0.091569771594317
-0.0865026116207479	0.0834929396288832
-0.0384826500255245	0.0375309093377052
0.802401664403474	1.12371576613791
1.10953922770028	2.25796214230643
0.0155014785910888	0.00972553569012372
0.212659613570549	0.194415717388228
0.113983639637683	0.110336539999866
0.176665520322237	0.193834007528365
0.266957265547733	0.291854356541336
-0.16551774898124	0.151101345478313
-0.0240732244464794	0.0221845603003321
0.581434386843014	0.979677423171952
0.638386465515075	0.776771857917506
0.310311113007771	0.601871586104746
-0.356739486439218	0.567993800898822
0.702301131653266	1.23415632501616
-0.467786372363156	0.481017476704181
0.942631839198671	1.43579168540973
0.281069403308143	0.379865560267584
-0.368477858666675	0.307152007951756
-0.467761210603962	0.379708581955297
-0.0280101038061043	0.0235588355225267
-0.620353049164185	0.658846414817571
-0.193873505224347	0.174607506023941
0.11160162673959	0.106243442365075
0.3750711070982	0.440069989169169
0.632645287109688	0.943359717350651
0.0226945376610195	0.0257007938179417
-0.210757839584476	0.317363433052029
-0.0653954458321199	0.0704818445538886
-0.135778033369409	0.178409468394268
0.0539128034661342	0.0684398448666762
-0.0504944797101337	0.0513499194849007
0.268532365126011	0.296782488101282
0.610429504965649	0.982764052254637
0.369675611054299	0.627042497864442
0.599047767166033	1.06658753384527
-0.488036492048608	0.908454799090619
0.444871749387819	0.870590847798876
0.537429777121147	1.04424319614483
0.388083548395568	0.708651148272677
0.419381781808326	0.762066563691567
0.224311488026213	0.352751786534847
0.0344231665521106	0.0414398996130406
-0.000130228733762037	0.000172560582037794
-0.561829027009779	1.22724324644619
-0.459864220732865	0.88767288814168
-0.292731721296988	0.511539335810235
0.209160560927929	0.322919071304051
0.133741222137297	0.190968824058611
-0.0719283889053742	0.0996545047906786
0.162315799037793	0.221333025795261
-0.491641187431849	0.950790601408375
0.154042713733681	0.230488409238276
0.391698279961642	0.45701468907849
0.729261731508319	0.916467245701477
0.938156307240583	1.03738247264021
-0.344035139789441	0.389267121380633
-0.676519213650099	1.32071180481777
0.0413443219570305	0.0413651962353273
0.0150194266783219	0.015240255389375
-0.206714511367385	0.24231068128909
-0.33822014054068	0.284609405106584
-0.0513309967416604	0.0417331707996961
-0.886321689044578	1.24343261844431
0.256630938981664	0.327514755215866
0.400103632822188	0.35939718066802
0.38794716072287	0.421758413317029
0.481571569358214	3.8937468418015
0.203367555985728	0.891497713149687
0.311110395342647	1.35664934890017
0.353581286302827	1.61054541522323
0.843336405793581	5.79132825669567
0.537853535219831	2.6839648718567
0.287771097785888	0.847246398217531
-0.0366567082203283	0.0684275892502605
0.208691947687941	0.474625333893712
0.434983368074186	1.3379700886063
0.194011776802721	0.398811175120147
0.175308552506615	0.327027075636421
0.522805496834062	1.50757580267777
0.552130377793483	1.6125078029136
0.610257361259341	1.77956433207889
0.184736313631523	0.310999741841736
-0.110929176307183	0.167885508176152
-0.204322695546128	0.402896111038931
-0.115144480789942	0.181843032179723
0.131865942803351	0.174309568412894
0.130228111904747	0.186149115212486
0.516932815521388	1.01244478533492
0.593750414160704	1.15165705730778
0.669980211814781	1.47022618323099
0.516417136866594	0.882551535787786
-0.188525084050381	0.247998813110591
0.373355054866032	0.639042158925391
0.742614269374323	1.26836177865549
0.13510425649544	0.154185773340977
-0.506461002897512	0.940677284353275
0.517718058411218	0.962072873336733
0.359559383891646	0.449347622743049
-0.50143453208959	0.703599124016202
-0.170808771745448	0.181625954563775
0.393754035537903	0.597042605870565
-0.0986759904345203	0.0953566997845918
-0.583633964101865	1.00424409487318
-0.310415629819342	0.412955523164297
0.140403421745568	0.161375997590191
0.00168094475112488	0.00149587846366199
-0.0221064143598343	0.0234384497112108
0.29860146976966	0.502582625268159
0.0107528499671324	0.0120340639622898
-0.391729285949086	0.719148556417825
0.0481333570132796	0.047015730029536
-0.191242316346057	0.226243350875261
0.135310743626421	0.169203286077963
-0.984924493068286	1.70847006651893
-0.0514546236743942	0.046289931170181
-0.632595935821313	0.886889840652718
-0.245643493207674	0.251582089957756
-0.515844915064454	0.689060837136563
0.167625244955645	0.17232038446299
0.619381611131838	1.08157303728721
0.330937063883077	0.473228682817407
0.1921232102273	0.266366536307599
-0.297164158306346	0.498132845754678
-0.29182757954726	0.405670752515381
0.103132913674888	0.11405247287854
-0.249483300918673	0.336508985357742
-0.437341239400469	0.62088582303121
-0.119458604550246	0.125983532842528
0.392466292203898	0.643532631093934
0.0841151642443889	0.0992110532636452
-0.503733719507188	0.769217763089334
0.0505165193251712	0.0450935959039604
0.173066025512874	0.199693434655808
-0.0590045566155192	0.0726919743073293
0.23582058430758	0.309958827852752
0.120059973752959	0.138709458932604
-0.334069133777647	0.47934518587268
-0.280446124053418	0.359646669900168
0.126488553045325	0.171065515875904
-0.149325715505811	0.179023896575849
0.431310903373781	0.77519589567414
0.0124266292084245	0.0125109564094764
0.14212026602093	0.173242113926225
-0.0883217694193059	0.111515319098381
0.400888322619886	0.634599933366309
0.256916004636913	0.349271910662719
0.265069095444631	0.371308529941646
0.811824303240391	1.91214157069543
-0.176186642782313	0.183295984760332
0.111790285672077	0.132072904360353
0.124310161327319	0.128428529045828
-0.261823714717964	0.305477381183535
-0.0478868476728722	0.0465218420597508
0.128019403490835	0.133796184831706
-0.339700025694872	0.380533817932789
-0.306992502459967	0.350784276296211
0.0754293519704581	0.0623912629179366
0.179277670241039	0.224408767908067
0.580352997070244	7.11303655737095
0.139595312165087	0.668646954483881
0.723779040679139	5.90195408276029
0.39543749661662	2.36779715316086
0.58863077870367	4.16596515463285
0.256238573214413	1.05663929349656
0.410489082706116	1.59200914242597
0.316062865374329	0.971770884577921
0.274531604498151	0.725796852251254
-0.0203496061751989	0.0357357955910317
0.439001351712737	1.29678217489963
0.0916619904649207	0.164066590763893
0.185374575528011	0.404477759730206
0.325468961239409	0.940530491329868
0.420463784008864	1.21421395871421
-0.111968640456242	0.19971706767601
0.56657486527745	1.69862792132164
-0.0369273696897324	0.0501535230971877
0.201322906555801	0.437025346441883
0.0507535392562747	0.0788589898751068
-0.271829420079753	0.517204262925913
-0.117178377716749	0.168660988153608
0.243231916560491	0.333332571139916
0.0483437585552826	0.058232151477109
-0.56261364935964	1.16960288970745
0.360121709438025	0.449414236492365
0.694991819763681	1.14650653509232
0.508945872808166	0.936735013710054
0.622694650700013	1.28043154697801
0.201167685377249	0.31232581338132
0.286617828685066	0.427073364371118
0.176307076780223	0.210549390013824
0.14730147314483	0.196769055707878
0.285466466202131	0.409829809106036
-0.00146981131635632	0.00147949590381253
-0.0949116811115287	0.104557551576771
0.318402666296325	0.454514603099272
-0.13064060451502	0.120610612337048
0.603081312515145	0.921609257128569
-0.0915787619850559	0.0999817851975551
-0.0204608189207981	0.0205029215128811
-0.292170081849727	0.385709296426558
0.0542826652449518	0.0629063582388289
0.328598034756767	0.455958283189916
-0.107195899328296	0.128754590986587
0.365669652518115	0.5458425287536
0.63518996107882	1.56216792594581
0.266637715308361	0.394032980422086
0.340529016050811	0.374024770852073
0.349210313213755	0.436010010312753
-0.78398848653596	1.78107034096493
0.0762643490839463	0.0635633540012118
0.505807844461167	0.620216492545452
0.161041610035223	0.154779318421009
0.50400076498533	0.547754983238057
-0.490156488825054	0.598681657034542
-0.564335481779807	0.716694334980972
0.482713791826429	0.804266706050174
0.212225583064053	0.300418486921764
-0.157578780954089	0.233011894441349
0.279872025115093	0.468045689043327
0.00525378015937883	0.00602517811208589
0.161201241392418	0.234043878218641
0.145713487459878	0.218267295954772
0.142690870626185	0.20339128505843
-0.342452006132388	0.507420572198609
0.0477949303763159	0.0540123247792643
0.160742394721728	0.20727604198403
0.516013993323096	0.951324891950069
0.703139623944384	1.39788690863176
0.327584086025349	0.462256899243085
0.0560247051405536	0.0686275081440902
-0.0287537746892234	0.0310298906240006
-0.311052804576612	0.443974160801946
0.10801413870033	0.129420299104536
-0.0454871864361983	0.0521512475304077
0.340993183405767	0.479946590788604
-0.560652361743416	1.13372391922146
0.338478261868881	0.51082346235852
-0.290232674995427	0.416815238331523
0.284282962228103	0.446017296176774
0.00461965211987596	0.00527590567152152
-0.355614367678384	0.494194248000828
-0.0150708493954678	0.0174915351449327
0.0692650414971361	0.0828467413851582
-0.108023963664314	0.150934672897536
0.41602093393621	0.598718477705409
0.549189419808021	0.825685146998516
0.427143936328496	0.518062729195425
-0.146000975505561	0.0653025658235767
0.503982202059003	0.641772380482889
-0.215311777116216	0.282032702740572
-0.168755114463257	0.222657799586132
0.218468023891937	0.322513525846284
0.190319130802016	0.240086504142299
-0.2052519192879	0.290502025651788
0.328948919392685	0.37289431281075
0.382914921548971	0.569579328959828
0.0502297997996897	0.0517837601043906
0.169130655334311	0.879944138416924
0.361390047248073	2.66337867244437
0.294587485461754	1.46040952266173
0.425076585763117	2.38168137591978
-0.0110570480003445	0.020886484926155
0.117716543706785	0.248076578480219
0.114258504478438	0.220008600996514
0.171714208127103	0.371299394176755
0.0255777465587483	0.0382409589338613
0.241786745259481	0.509674664161384
0.128704132390664	0.239145046784248
0.261959591906384	0.486299003293314
0.265836871925503	0.532428822060706
0.0462480017474487	0.0604466682855386
-0.127314166155388	0.268967096953153
-0.0997854634365005	0.160388486850103
0.0714526846725074	0.0945538827235734
-0.160516566237085	0.21479047788348
0.654508897162966	1.42039130158632
0.0415047573850111	0.050497089107748
0.154650599250805	0.239395921617207
-0.239708843355249	0.324842646749717
0.311264095877587	0.554306265321522
0.486888089625918	1.18553594606524
0.352824070831329	0.6117914447562
0.114490490803822	0.148702809259632
0.0142942941000607	0.0181047591101409
0.0318884532220643	0.0396726853161151
0.335811189221705	0.690997075538654
0.520691881481068	1.22476364474735
-0.211500299397723	0.292052184111053
0.0562661586941906	0.0700370689968005
0.221577059287109	0.30733676362003
0.358548505874746	0.628877326714381
-0.10807376789417	0.138482140894601
0.0669481069203848	0.0803456847084034
-0.0272891071946081	0.0315998538854412
0.322231106325028	0.508757326461601
0.0322936379851768	0.0402996300423314
0.00173828426545617	0.00207597483757044
0.469649919580062	0.939224760735919
0.0822980153262161	0.100789593637018
0.0986758296454027	0.127330865256043
0.228213517073453	0.364353435541377
0.00776071952551675	0.00806758882145516
-0.0123200257578932	0.0124731426048145
-0.0632378006006221	0.0753598857618976
-0.00730947344841981	0.00841134536828993
-0.105869658923248	0.144267899591317
-0.325055420003103	0.537579121694152
0.135984366963366	0.203539383988295
0.246079711659572	0.373494053257052
0.247254700017177	0.399280815995799
-0.042495270687348	0.0503438702818851
0.55403286103461	1.04446705501491
0.0161606687160643	0.0197393787426202
-0.0136357605625463	0.0148528387180911
0.322600427176804	0.53680872188292
-0.0145880257597295	0.0146711880511426
-0.0475786819338923	0.0537581331302063
-0.0261927586236358	0.0265460149912985
-0.576407515300545	1.17124176653245
0.122892009220199	0.17627072664688
0.228398965541814	0.269978660609259
0.0317738134668212	0.0337336068146993
0.0342234446883561	0.0363580553688397
-0.212784849741711	0.265299258464811
0.0172667347515125	0.0187830280737441
0.138913153658527	0.166761775307686
-0.471932188705654	0.822542185081142
-0.0351448111226156	0.0376581344228572
-0.0562464133155843	0.0691234433258267
0.354162500952279	0.68072412442902
0.412252769706536	0.706151843874037
0.457747788660782	0.904903918318252
0.332153018646539	0.55392747140218
-1.35831079711341	1.67582856433931
0.398327823931659	0.770240667263734
-0.178955002296207	0.245635636577091
0.022711895583076	0.0238982835887149
-0.127836661847307	0.164151906665123
-0.0728656596179357	0.0872491508667999
0.0939411306374656	0.116604065173091
0.0368623640402377	0.0414697387044274
0.246289993024182	0.350117463505133
0.389302095720618	3.74447704162374
0.527611122913989	5.72768276425207
0.633096102661408	5.50648004964196
0.507866972193554	3.17079190546206
0.351199504917472	1.18573063560583
0.542156146056961	2.22678612680648
0.461071132487449	1.36841615944379
0.483968451253966	1.55182871350448
0.294120005972133	0.594099624644145
0.348690388765089	0.740389974398932
0.210448083818264	0.398760019826241
0.213891598448029	0.349791104496872
0.0229543688531778	0.0283388450118355
-0.239342247614273	0.337346355895133
0.0156898585206501	0.0273636788559943
-0.19044785166698	0.336703222026612
0.0917525865069573	0.116386510089331
0.0723024865293436	0.0918918318666321
0.287751673461644	0.456102699312006
0.018549824085231	0.0218241512006199
0.213075298838576	0.312231421293385
-0.125022888988145	0.161919171454335
0.29731196333825	0.587504144461858
0.00781762766876458	0.00938905297101607
0.0991510845178448	0.122803489305712
0.0559115401226829	0.0704500802621357
-0.363273791033784	0.829014004293329
0.629210108597732	1.56335579149646
0.226567359888242	0.432303835577822
0.204724225975529	0.33991787606545
0.164104559416377	0.259392497931532
0.0362237357940717	0.0464738115256065
-0.0935750696343066	0.11625965358476
0.313288881955761	0.529738201075659
0.143567798924704	0.214778477625206
0.0140264259729896	0.0171783192966762
-0.114434994328204	0.152265145823243
-0.2311156768566	0.354307288574069
0.151653122474244	0.266070799809078
-0.740210067554327	2.19746997699932
-0.115644469655648	0.16865544022271
0.0956137729714539	0.127047887181507
0.166164831064038	0.252641183624233
0.164028902291652	0.228802084322562
0.14738491958526	0.212815636851927
-0.180731663983971	0.275817069081
0.107354972695765	0.14327743975761
-0.198472189472009	0.357328436137341
0.192608349435543	0.283930754208911
0.159171614339691	0.229249024645588
0.0640466725137292	0.0965634891174597
0.275785893437573	0.426641956422824
0.273420421252047	0.333857141507922
0.113269607320146	0.104621081707142
0.134714871395741	0.185617262250066
0.150100877413181	0.216831779058355
-0.361793954883525	0.398026473692344
-0.378902941490691	0.532791374936021
0.0177560128332687	0.0160184959465486
-0.0120654799706086	0.0100049858028288
0.546828060549898	0.902321890931523
-0.175750324078924	0.187409762529442
0.559837877496143	0.901686916020535
-0.242306952545198	0.284202946805514
0.25966961297904	0.3641645728101
-0.362588813021212	0.603855594709461
0.15109849562005	0.191541589378347
0.149197393481375	0.224444582102729
0.0141885404036931	0.0174841336949714
-0.398158517382288	0.388830408664896
-0.236922263930026	0.416108817932684
-0.221084070659063	0.359909637571491
-0.153038281841675	0.196012673786259
-0.462355935233183	0.783145275722008
-0.104891400835325	0.135627490463468
0.231600719680677	0.322021976953005
0.0923971726287104	0.130688223818492
0.169860283082189	0.251571020798263
0.0520685654193135	0.0534172720035893
0.176450398533544	0.307508731170352
-0.29589772164503	0.541802903685237
-0.0897137375136843	0.169874715372775
0.190757605900585	0.350505697615319
0.411535695537057	0.800861702519728
0.107772353605666	0.149085850670567
-0.244555385007445	0.392270234360676
-0.0444943946577864	0.0529172662950029
-0.27993945906295	0.462714932693314
-0.145904478243318	0.175068817173563
0.181761545678955	0.209699236939419
0.489225534396429	0.99185429341801
0.601147607547077	1.38361716961868
0.187664009007065	0.306370220951218
0.261501284469674	0.451739978316987
0.200550570770964	0.33995493780744
-0.637498033639339	1.46611888748524
0.353112881505258	0.603756172367464
0.618212790528571	1.32744312836595
-0.219607952971637	0.241578979710837
-0.0666155913321807	0.0701007201711991
-0.122440404479196	0.154497626993077
0.153452882230079	0.200824099234059
-0.224682421468774	0.322197107243381
-0.150786342727197	0.191692039358429
-0.19745642676121	0.273810830653346
0.128333057816694	0.175426911998241
-0.19552478069444	0.259553681044788
0.0745281991693929	0.0732569014823575
0.162438136489432	0.251523224538962
0.0919355479485326	0.0859446070654696
-0.00373032537769993	0.00348547185111628
0.114231322791256	0.116837195173363
0.82426551388213	1.14136831523181
0.102913891181274	0.0938535916139573
0.0863524098518341	0.101314313638735
0.125659274813532	0.156071220061828
0.652753426812717	1.475565788054
-0.19547678274225	0.334389812974209
-0.0369127939540197	0.051997188246526
0.0209485923191051	0.020612974529297
0.287345484693202	0.480375120974277
0.31164345293047	0.423959446143516
0.162546014309217	0.224051159406929
0.361838898602624	0.472827710998643
0.128737226410975	0.16586172407509
-0.603391273213453	1.17188818027471
0.0226449418812631	0.0228967045466553
-0.374473900870866	0.504492557637787
0.131258114166024	0.169745872022074
-0.0295477427040216	0.0368109357072767
-0.228472054147789	0.363204843252743
-0.181789444125158	0.250064751497327
-0.473838729061849	0.863427795776692
-0.0651191058257507	0.0584601532199836
1.0004987196284	0.591996594470281
0.286729154074881	0.410740031322342
-0.154665417540806	0.197767770066977
0.0363708612801208	0.0450369780881436
-0.394719055643722	0.738528297379829
-0.578300589088064	1.25414076812719
-0.524513900038714	1.03768961855398
-0.00644548545508769	0.00655276068210391
-0.0679352360406529	0.0739844939326708
0.179219007173066	0.223719358356922
0.153949829291285	0.244589954369852
0.110876251568428	0.146752929534591
0.149596147682362	0.189987414108437
-0.788734427755805	1.6052527987945
0.00651357753315232	0.0115053436718094
-0.105888226569173	0.154270723985188
0.0846884174505084	0.0997414527691549
-0.327618287343862	0.561748616128856
0.108076800787668	0.126144132050558
-0.0192446676186142	0.0223962393993706
-0.440674901843808	0.87807839906565
-0.394908788779979	0.79439640612669
0.246376302702595	0.542430541802181
0.483463667516859	1.21213508409219
0.332328038571906	0.502510334397302
-0.180535122951574	0.309113919785869
-0.629506575503575	1.40236425795963
0.0565574505049949	0.101198177512426
-0.233476224797162	0.420721777011361
-0.10265935783396	0.187157112235908
0.0842834412339953	0.127271649747364
-0.12343023788256	0.163700577526999
-0.117271015965032	0.159000518520119
-0.586127253834558	1.51467895297869
-0.0555714204590536	0.0768007755682581
-0.0586545119080648	0.0833772566390609
0.100658881409629	0.141159597453744
0.249570768834267	0.539905713071413
0.183724389015804	0.409852382794241
-0.0115259512120421	0.0151278397644156
0.0952106868519355	0.150044639856399
0.219650467861948	0.284171726209556
0.144759933470592	0.13446304550716
0.161155239305028	0.16432781001166
-0.0588293717897031	0.096333581266535
0.090268174808204	0.150615084361414
0.240728757960275	0.512902000383954
-0.0315264091723505	0.0491861724376176
-0.264900202749305	0.481725192971094
-0.0867421926279698	0.152259080080583
-0.43996601640774	1.03090698900629
-0.256385033062325	0.545916826413353
-0.314343540748776	0.449097086296489
0.0701304232998382	0.0771594275473778
0.0559536242898813	0.0882854478281578
0.21097450031297	0.195993006492169
-0.551765449246871	0.930803232878737
-0.0139360611338402	0.0103029406736854
-0.780572132050107	0.970236734099003
0.21133788563558	0.190451468465143
0.320985604778277	0.376502555523416
-0.414685234359739	0.480979745609227
-0.344513265274638	0.366261975849724
0.0162483694225659	0.0148388093793297
0.442933406781621	0.713515207996521
-0.241878284106028	0.429566608596894
-0.288593928207241	0.56033732608498
0.151538963176435	0.302832608315809
0.0345330869387891	0.037538667475656
-0.205661215491696	0.414939852975906
-0.314389113078818	0.604498172386886
-1.01981945672236	2.01620530004169
-0.3862887231291	0.479314920551698
-0.387946784099068	0.672722015369661
-0.261763045741178	0.354654897410898
-0.201427465876201	0.435550015589593
0.104156726130828	0.152948332691805
0.178132526182034	0.202173372901404
0.21275193508563	0.243362609195756
0.188986259264252	0.392883731586409
-0.336003801772584	0.650911314103634
0.0761044741384558	0.109587317772223
-0.0405622676820649	0.0549565364201249
0.0843850260584699	0.166781418755376
-0.324395807710963	0.709173697191479
0.0384706688533207	0.0495456599020119
0.0615976979656122	0.0837559913476452
-0.0486761295077242	0.054663960256834
0.0276952689512342	0.0332476088472864
0.218365915680154	0.331377655695691
0.370204529026592	0.652876986250921
-0.196452074947145	0.349766795003062
0.391266211896823	0.693156074835964
0.225216118754912	0.38469587938309
0.055099835767695	0.0766888204702595
0.179979295735975	0.297528511618988
0.368128292138521	0.788379389186711
0.357606441850968	0.706118100932167
-0.214514585091612	0.321239794525865
0.524387988172735	1.28338694878049
-0.0603672747463054	0.0783487016755728
0.314903324250729	0.512056753686347
0.161430190051528	0.228322230630531
0.116985190695328	0.142043897361154
0.65460852735481	1.46879897574793
0.169286734392662	0.2448252607223
-0.241478041139163	0.358222093041269
-0.372289250704718	0.631978904895797
0.162669548702207	0.220366866128173
-0.20987992381097	0.333781479417251
0.00743973427662774	0.010127949392897
-0.151252679001236	0.235180391140365
0.287406604737609	0.5578547208598
0.317574905943336	0.558570903570891
0.26724481877653	0.310271848517659
0.135836905536573	0.161300633272672
0.155143287894625	0.190993490491144
0.445304476570918	0.891463040528004
0.233514924193981	0.382447897366593
0.313846469035038	0.564768931404972
0.0742318327412726	0.0876163171028203
-0.0846163125787324	0.0913623084269122
0.0680386744605508	0.0892129150246021
-0.27328635445531	0.496590006556794
-0.144883037979944	0.237816039872408
0.0203295125500394	0.0270476054906663
-1.17303096042243	3.89029694308613
-0.121830958002586	0.192587469073529
0.0125032088519725	0.0148573401852371
0.226460702799276	0.369662152000348
-0.0629373378215463	0.07164902599403
0.154963317268433	0.152781782126744
0.265980527888461	0.31278763140615
0.342408154878537	0.482121623957501
0.207319076486783	0.246767420810741
-0.874810839889629	1.38275600302708
-0.549854055055273	0.835739150452603
-0.514841896593554	0.915054990718551
-0.0971776098083586	0.0936997452388466
-0.387892965454472	0.618608039780503
-0.277438136781137	0.372823846452183
-0.0158146418737914	0.0181987439400293
-0.421334242400868	0.845045004988661
-0.0707793992432258	0.0928724750790989
-0.296269788703951	0.488047870135806
0.299975331843945	0.506535939731522
0.299414657872998	0.268850089386503
0.0413215769374105	0.0478038874940248
0.202945100832851	0.287576233274045
-0.0214807882710014	0.0246693045386654
-0.441158565442688	0.941354608317955
0.403670943668065	0.671112744790316
-0.413292476261859	0.77127347804378
0.772447942843608	1.99010092230451
0.0238486186654327	0.0269878599065199
0.0854135412239571	0.180601300042329
-0.204148939499408	0.458875596274452
-0.189878153883649	0.390050260689775
0.247848272132287	0.514014983038868
0.56864756127266	2.08407404309451
-0.310063187828532	0.795070435936361
0.156395274865167	0.263641030470131
0.289302267865445	0.598740532823506
-0.351543906192729	0.61504046090296
-0.377099256992625	0.667019628837075
-0.411299706430818	0.725490691150459
0.48707646037187	0.722266629082251
0.6511181576695	1.01868130851912
0.0553719731421589	0.0665926952982469
0.296181386532328	0.481303774822313
0.101065537820125	0.14136296441902
0.467953061211273	0.636453988370384
0.46921924444252	0.7103853107443
0.0747675790049925	0.100350519052662
0.391224182735361	0.815788377237345
0.117875216738586	0.147709885227421
0.306936724193037	0.425182582113497
-0.0187220095947378	0.0188517770449444
0.0693712489404546	0.0548519309124184
-0.40175426422412	0.475779299842255
0.157952065047688	0.149165391231281
0.368360518438599	0.629546340242411
-0.332953991041864	0.421007449491656
-0.287378092274447	0.382866506351255
-0.0214217286292418	0.0214641588054324
0.595724740842876	1.26178258137029
-0.397365181030161	0.593244188940322
0.0376988913420087	0.0265662539721579
-0.204286248567306	0.310965218943969
-0.0593481654880641	0.0879282393299598
-0.0982270410451471	0.148660011831124
-0.168916307623095	0.252488862058909
0.272419720558867	0.302870480578389
0.509370133049752	0.648669269812084
0.0954257895614512	0.122859542269949
0.29554710232974	0.253549877282659
0.370685541571085	0.348859292473624
0.712109329939779	0.89078686024961
-0.49090223105242	0.432588309934451
0.457570178429216	0.523403430516296
0.332053364440116	0.376690465492339
-0.154407475833004	0.177368305870061
0.0911087506487852	0.107915162358315
-0.372170649296026	0.746840008558649
-0.193424071228306	0.339317748816622
0.396572115303902	0.704293848590314
0.105218089297824	0.153141932397919
0.0817626679036215	0.105446139756652
0.0288519558477281	0.030539273034831
-0.15258720262789	0.211141940200929
0.59819385853221	1.41021999409867
0.00213022780360315	0.00251728965412553
-0.331471505994118	0.546633404002778
-0.443978914027092	0.74101302733942
-0.129124554941725	0.165361410005114
0.302738787063789	0.442868606197152
-0.706109006420216	1.74091643875743
-0.319631750086369	0.498676273812807
0.104171611657196	0.124259590526374
-0.134837884657688	0.188902731274108
0.183978158867865	0.282103119494021
-0.501708781870952	1.10331236752384
-0.0157173300897689	0.0159045229185006
0.305447376497295	0.368936605836482
0.517507108939798	0.550921445250547
-1.19366135203496	0.36925803488199
0.42773989346199	0.433953569627069
-0.512688696479015	0.865150226296297
-0.568272059033799	1.25494862957027
0.179982055857599	0.291307372810682
-0.268749982423976	0.383439660242857
-0.430358554340702	0.834431476485179
-0.0743954096628258	0.0586197862725545
0.183654155035692	0.228604577215563
0.146207308971024	0.373634800152635
0.270149279663383	0.957677174699832
-0.0114391391320266	0.0207421749121962
0.171238847191938	0.419457310026068
0.31059055561799	0.880241870848064
-0.177236334163215	0.41216406476058
-0.117588854332572	0.232301201636285
0.0121402462132226	0.0182027550479525
-0.226828694526543	0.421182833725977
0.551012415381709	1.64334540854253
-0.0442275060415302	0.0647096921529063
0.169046613758264	0.246279638549337
0.570370433762509	0.911558013796754
0.760024114319954	1.03403734741065
0.300681303295548	0.402879529583664
0.279415150285252	0.433730644963973
0.706753619585624	1.6207806912235
0.143394805836586	0.168770448964528
-0.105616984128804	0.138080379919874
0.670524627554602	0.866683219586414
0.47014172686333	0.558621467049659
0.271790155235845	0.473888106492336
0.366390449667019	0.730132467359889
-0.0229182625433827	0.0262618568981628
-0.673557595010243	1.39314016043146
0.15918711376575	0.165309135045221
0.742192452802152	1.56270718568531
0.152125558681985	0.132190665033336
-0.0911158839448201	0.0789983254547544
0.221441185185487	0.220154959342088
0.336288633613869	0.553717466823812
0.417622125874147	0.617375515766091
0.0250001112781943	0.0257010768468616
0.155127973720898	0.193122540622136
0.16831159092922	0.232232221806496
0.499801496766041	0.885327165530916
0.544381730420711	0.658868916612338
-0.0215733369548387	0.0249858064545702
0.0900650715185499	0.133653903721421
-0.0113513707026362	0.0154221049621929
0.0205067744102056	0.0281804044999701
-0.0142737127108796	0.0181386128156564
-0.165690766574198	0.269102064274273
-0.175937588493543	0.290847230057053
-0.100894690085203	0.171556161979655
-0.122566655650875	0.202992424770366
0.0314880213741652	0.0396432431642497
0.230352677155139	0.277044289657558
0.657334394057588	0.692172964302721
0.301401610913162	0.33290263366738
0.312317192820318	0.538332195288807
-0.0256537273887963	0.0188104128187871
0.554604940010006	0.577546435560686
-0.382602090063744	0.314068773343714
0.806118522820671	0.970888649651116
-0.783387128169855	1.02207960911505
-0.348774814350046	0.395096554274889
-0.823517348689208	1.21528792136148
0.227068537305344	0.289762974826557
0.230590442670852	0.430676259074467
-0.0574193100793321	0.0868602389774416
0.0995403509615782	0.124372058437016
1.00534768439735	3.01151455098033
0.597146260676696	1.01710408731934
0.0568420421459488	0.068655880941413
-0.310646622235764	0.545627544600335
0.838003669969266	2.43953182978804
0.403616466045104	0.8518940901329
0.0242641905843726	0.0252447934359285
0.219491552451876	0.363453294614178
-0.21849219444347	0.353680889850231
-0.111257937917062	0.166082564716464
0.297042729721455	0.581351283952675
0.165794580447337	0.258329913156184
-0.266009456160489	0.499928944606648
0.139332283709052	0.218321360829216
0.103660706419248	0.1410071409289
-0.331260780687969	0.651781680929481
0.193117343584074	0.317982878089122
-0.179882988536848	0.298960231398505
-0.319967606455454	0.464627642681275
0.663902107504991	0.953083596445085
0.369419101342896	0.355815090542944
0.736146243832611	0.309731576171906
-0.053394489619967	0.0378639535714289
0.219575475780676	0.281067881760812
-0.117418064950222	0.154692006767454
-0.162968719465753	0.23391738069118
-0.389315541703093	0.638869029008353
-0.0172315731912056	0.0186632512621549
0.382527427643363	0.350898506469679
-0.0947863194644794	0.246126167421332
0.178946719996792	0.485929673658031
0.145263516002346	0.36422515867824
-0.146694132910027	0.315352407990901
0.0783673772747409	0.133634743177962
-0.170917545125275	0.374758420331309
0.189921832759423	0.386023234374385
-0.109237656124343	0.183147247439432
-0.395452435569223	0.783386303867467
0.268057133981052	0.480504747070961
0.151794276566323	0.192199084466812
0.738688386305591	1.17311155647536
0.260797830436445	0.279704455093628
-0.216784611573854	0.224129750344078
0.292486512265212	0.394379483794721
-0.413483910807697	0.639818147747623
-0.0334843573054792	0.0340174050614278
-0.493806663947581	0.697374613668813
0.309287767394675	0.256466262110199
0.303495371970982	0.447220187449981
0.475324262580756	0.851676345896017
0.316845456868084	0.369844422911586
0.261860989908324	0.334235575513392
-0.39939725617063	0.355842145091871
0.683589281928851	1.04161249922148
0.510030112651294	0.25034988422557
-0.0348230654300584	0.0248465469117289
0.755460851280041	1.18682863800415
0.813212841130513	1.51268812506565
0.0238707305141423	0.0196829321964199
0.143196523389005	0.113720514510356
0.0861264966764998	0.0717654677888466
0.264296010232604	0.311204789674454
-0.48183819293741	0.463164729696494
0.710834363038925	0.621600227836314
0.0156487257456445	0.0142961636612833
-0.314581746059975	0.461114311165967
0.255919487905367	0.493751539635627
-0.249291532939256	0.454936469182836
0.0794034462465465	0.114542257166984
-0.0348560102959173	0.0515904880971467
-0.0237483410837518	0.034906795902576
-0.0822321205617333	0.138745496273178
-0.378255937759806	0.797492138934323
-0.141523315012083	0.221588753746976
0.295656475645327	0.48116118116452
0.383774634593331	0.519158434511232
0.505838551778971	0.46245732816322
0.140353712731343	0.112015426526033
-0.173254178826668	0.184558203070443
0.0972877722004063	0.0584815194382433
-0.274495064827143	0.148154369532483
1.3586450453454	1.41843550931263
-0.0382986575688325	0.0214679499205772
-0.0481137619342475	0.0336409976793314
0.0498320611109319	0.0377143996231674
-0.468757593521259	0.486234796804567
0.202721328200404	0.196259706444066
-0.116358495088622	0.143554045191158
0.0573449793643346	0.0681077051625723
-0.232382962329794	0.257180045317768
0.609360855078165	1.11079684899607
0.824094557128685	2.22499517091495
-0.365933170031585	0.4358484704157
-0.0399091213904454	0.0464503268517934
-0.139143214709456	0.186291016139111
0.24486623174733	0.438115196310862
0.39622418311668	0.814579889188017
0.353699669732949	0.630770979229867
0.176119538223012	0.197174833256672
0.130512241225443	0.178529379863141
-0.475843096166006	0.906555751945155
0.369010245079804	0.73377054694371
-0.343013227114085	0.638267367109443
-0.0417966799690841	0.0602631484377497
0.0221723489867595	0.0299981409199066
0.207396655949899	0.332984743688228
0.157844504895113	0.236428026683401
0.0147915025977627	0.0184098627005855
0.220284802372873	0.326434457610321
-0.328258023395176	0.584672728026017
-0.479878518806717	0.459566138993238
-0.37957530005554	0.375433367463824
0.0634731148493649	0.0314204257405186
0.735393661639077	0.308362454144827
-0.132691224179322	0.101257582357876
0.418489984540451	0.517485296410954
-0.410142175097894	0.670421343387717
0.189299565333927	0.253066104983403
0.404032740303468	0.660255906400197
0.452942915531404	0.708215816022514
0.301342103002491	0.258128080734972
-0.00758518667638795	0.0167055099592569
-0.0518598996527853	0.119226655207152
0.147555220329222	0.398725836009035
0.0457576155055256	0.085401502572165
0.0678529482500076	0.118473242992479
-0.251466526723365	0.606259787041981
-0.0679348387142204	0.119661673853678
0.0935673220714781	0.157529022981802
0.0110353204513259	0.0149564836857952
0.126307108406017	0.197653424946667
0.137860052086544	0.16649084313803
-0.0384831285509692	0.0351728614814773
0.659004301628574	0.791182119342619
0.319965128715302	0.395349391629923
-0.124490888822673	0.148361496876155
0.172565015331142	0.198323217031259
0.215185325862739	0.263262261241199
0.115632966807688	0.135984059231153
0.459272348387046	0.346358055351371
0.251034992353704	0.303473528228368
0.699795142479515	0.954382791248182
0.155554170495947	0.164274694523825
0.636638616997703	0.602857720166771
0.146856565210005	0.136445503713483
0.675265255808466	0.612106094978418
0.224468427804038	0.194037974291598
-0.156462799333268	0.144744573053083
0.101286357027943	0.0876349092604961
0.0954561853566604	0.0879642447888638
0.285000189045601	0.276574619861034
0.268544014590346	0.280558262376005
0.175655130755461	0.195936100967516
-0.576298487809305	0.661213744329133
1.41403423996639	1.68427213999536
0.113988265895322	0.108434190790749
0.224662623572832	0.294055891097654
-0.198919331057864	0.346731268982162
-0.205581408103849	0.377775462941519
0.0260024048417615	0.0368072302148393
-0.276778922844746	0.55239576317696
-0.049756404970743	0.0786439506312565
-0.56378348337469	1.68565884039575
-0.266177872497598	0.561439713766339
0.382529196232696	0.750202581527396
-0.151973023544778	0.207655351575814
0.0807691315354248	0.0777418070716092
0.310579761985611	0.268505097847845
-0.147723763617685	0.135710282506338
0.495276946561639	0.774938002761991
0.211247247634197	0.16495560657934
0.106106822739738	0.0668197769477517
0.817734711512853	0.641924679601413
-0.990165336997387	0.833009247150093
0.0322308514037616	0.0221831422768334
-0.158616032407274	0.1157926848626
0.583736122711607	0.583201703778139
0.987850228057542	1.57348299593192
-0.542566226499087	1.10887426626804
0.697340542729705	1.67060968453098
-0.549385131115373	0.745097059389371
-0.550849985903801	1.05463014080797
0.101729354244873	0.12743436730618
0.525246080581647	0.736812905575143
0.0501875501201776	0.0557368592809888
-0.171083619655728	0.257927130856065
0.211211779588278	0.366619552918284
-0.0957065460119511	0.13958174383714
0.165137644168626	0.221118509322648
0.20898814990694	0.281258250838659
0.167948304023625	0.247235743832493
-0.389405824748746	0.722208442606565
-0.0896987960017356	0.126719470132339
-0.659039653160071	1.75713747727379
0.0409238426903958	0.0538762953330606
0.10262462216074	0.160832536764263
-0.256849133703615	0.408079061716399
-0.0588240175633856	0.076387946914648
-0.165561722854036	0.205881677060411
0.25155103149293	0.400063279841979
-0.119273795325181	0.143796423589584
-0.0215693706547626	0.0158039374065933
0.807430299496597	1.0455656384337
0.769177043748003	0.642600025212936
1.03034694769225	0.841251480046244
0.55722248004667	0.725944245724564
0.242823129106741	0.322155370088683
0.0864354374865495	0.0913679335746968
-0.369026439570259	0.532847021114448
-0.0405922606349076	0.0404959495782163
1.35671736673633	1.42366255543565
0.0763717516521812	0.173874638623545
0.245336866211461	0.90321353837962
-0.00143930436160415	0.00280205994584014
0.207373544562916	0.584131972249355
-0.0730513535868317	0.150822026686559
0.225986617214649	0.480342467024595
0.119399637965015	0.230075363369123
0.278286250282495	0.651987704587842
0.0340987121585425	0.0477232023128233
-0.257068407636777	0.442233432467076
-0.0379629213449842	0.0495206426003872
0.211111558528165	0.271849207425436
0.926709593451962	1.6904848338641
0.405407764179187	0.348507844255207
0.160910328281074	0.162660738901971
0.171923554154024	0.220033341059523
0.352276181718692	0.470673816449178
-0.304445094866566	0.405550172886715
-0.411724352142686	0.512048432696599
0.0375279306781097	0.0268378769270727
1.04462761695878	0.979121330472609
0.541270109723757	0.559834763116829
0.486749288172718	0.552645344585725
0.357488496233403	0.517469021370669
-0.768405345326157	0.547607694011687
0.268341623326091	0.298836163326174
-1.91992107058623	1.23761601666201
0.120259608759619	0.0869144266769698
0.930148038744588	1.40237682631728
0.601695933723493	0.803734234960068
-0.29638906535304	0.278948475687746
-0.0601191280617378	0.0417422704322283
-0.154989075601876	0.153987570638721
-0.627503880513857	0.866135965401944
-0.102644578418207	0.0669771464455857
-0.497218567338003	0.439952752915835
0.31041701084664	0.376847689762854
-0.464894910411784	0.742709658553592
-0.324544225898307	0.562682489602244
-0.179807549503857	0.274737016402841
-0.28161038705203	0.570777157068589
-0.211963791920469	0.386626658155749
-0.0379692734011596	0.054671196151055
0.0328235065362721	0.0481034008671144
-0.0239222030322179	0.0337724955928586
0.243995815246542	0.366945911429421
-0.105331518919721	0.128190296916806
-0.118567034355931	0.111238641753827
0.754512910965691	0.619467206399939
-0.171842952496101	0.107477294319547
0.0752214364099186	0.0731731292669972
0.908780625209613	0.674708925145506
-1.19040671452746	0.804349192903779
0.347880545552323	0.2439426969917
0.255729680150262	0.133157647167396
0.0650033993731945	0.0294824275801422
-0.0326537224992364	0.023237279297245
0.0434399314152307	0.0304895245843827
0.124630477433266	0.0933201041527177
-0.118241603511666	0.144222607160569
0.195877355080888	0.274595665003839
-0.0151051586507199	0.0110751201775023
-0.229159469915692	0.267950297445279
0.195368045349051	0.27858831756977
0.312029779985834	0.35619720239519
1.00314924479284	1.40040082459208
0.626283789267447	1.25656669987477
-0.401699786907027	0.45399554354539
0.274125012564067	0.350608489571299
0.0785928193808748	0.109669171274404
-0.113702562514118	0.153944064709642
0.453521397129293	0.913178465042446
0.179114037497437	0.262186576981627
0.0711007911360722	0.0743509142278263
-0.0540392880774683	0.0575166411433605
0.159808923085026	0.210793745445094
-0.0738741245024205	0.0923414043527488
0.457257724561566	0.896004716491993
0.0561520545263597	0.0755878880803485
-0.191327213493758	0.293993686237131
0.493554586350313	1.0257836769484
-0.297206712179744	0.483375778634773
0.364622140141288	0.608251292943904
0.210564625127983	0.286081543729379
-0.0256030013607346	0.0269809512509491
0.93442400136562	1.23532435917579
0.0840578281494642	0.0656380813601679
1.44658012539364	1.16893401391611
0.598448652498267	0.472398292562677
-0.696338288280852	0.916328118747999
-0.303886356771164	0.328279909642471
-0.00367199806308033	0.0034061450930474
-0.218274170774903	0.243870717292497
0.0811396639461557	0.0679085144058432
0.934441559102043	0.82270613511428
0.264265430988883	1.01493150808141
0.230490525794306	0.947149748964158
0.172166509865132	0.543458595163445
0.252516917004691	0.850168685578508
0.101103821036927	0.227040074686142
-0.0761444569661744	0.152696519557173
0.265464684431302	0.738974323977353
0.227544548265407	0.52137924357194
-0.139634297369292	0.258512316583594
0.112405261898167	0.184935921632567
0.50614086235496	1.22719997796048
0.206144096224186	0.314788934496707
-0.144461712076321	0.132197257548028
0.716392792615486	0.91021099620413
0.352956973558475	0.570362864386009
0.493720994964261	0.89778974151923
0.677343768164561	1.30637568378558
0.258577904814078	0.360976573756664
0.128990380027614	0.176491128449711
0.0520481650333837	0.0369872049502369
0.311283209762948	0.134622116219556
0.288638767402328	0.256747663160187
0.550123490932086	0.484285506298359
0.354101512501438	0.353427084645555
0.214602368504036	0.28391251518912
0.584248497205747	1.06394966857093
-0.311407707828379	0.357638197856976
-0.681540292390951	1.16745880939264
0.963335385509374	1.16898259634178
0.411782889409594	0.543412471749539
1.14526726310111	1.02543111958928
0.932399845034924	1.19979015415169
-0.565477080867165	0.689771490005723
0.908633484133774	1.88036814076204
0.0994594555058553	0.0898934599625524
-0.280811325486597	0.287096104295383
-0.226443177038183	0.219509548526001
0.608555896143008	0.855241699846674
-0.150448983759686	0.138490860568309
0.0321338552329531	0.0210277533108984
-0.142898240461203	0.171609420645333
0.186140811734825	0.226956451624253
-0.180001014174928	0.295303864845823
-0.0513712773768182	0.0763540838271039
0.0489076623446708	0.0684883829671005
0.0729309219727472	0.111217235077666
-0.145835675424977	0.266749958634248
-0.172378376687021	0.351395402963568
-0.264030715124935	0.532903745748603
-0.242102548118473	0.417450215958844
0.284115157105302	0.420675700489931
-0.0389034691012226	0.038137436578131
-0.567403350708181	0.617384897616993
-0.573086270137954	0.622395561531769
-0.483006840803721	0.804203275793871
0.310383075181873	0.257153352181501
1.15653401122733	1.27344697702797
-0.0927685969302395	0.04782823883062
0.0742660701674555	0.0362446956071926
-0.293697410933693	0.224139603511122
-1.00774110741448	1.40924625114077
-0.0942734061362595	0.0714235393202196
0.667168432196919	0.867463902052066
0.0885860926256383	0.111567316728731
-0.517823230169106	1.14619318201531
0.221741376946078	0.248464722528589
0.291441128116566	0.495573837246457
-0.0264868865192523	0.0269302434782406
0.343701401247923	0.356288690737165
0.485203804407059	0.711112954823218
0.394746849224964	0.563442785542419
0.0803220460359397	0.10627073599828
0.623997818823541	1.75386190953903
-0.668944766644224	1.72652296725382
-0.2340862118122	0.43360024935093
0.0434479007774005	0.0534377069916867
-0.0266565104500232	0.0267610686943756
0.102139289393769	0.125896438991662
-0.409069855525724	0.796337708225918
0.101726788115868	0.158299203851318
0.181901048153264	0.306361212226019
0.17001072736861	0.287803873684522
-0.0317295118560624	0.046208345940495
0.363649177014741	0.572776561573102
-0.361463364187973	0.601753363409513
0.074720069777056	0.0918887436220157
0.370225062793886	0.660319233801286
-0.0217319601605642	0.0253228561131924
0.544676252170479	0.651710202335808
-0.0743560771889284	0.0498702746688276
-0.306887069529289	0.202400515347507
0.123572461780432	0.089807548678144
0.166450016458257	0.172093539941568
0.379399203032141	0.547525783984848
0.307859949071073	0.391069218455696
-0.347234016508657	0.479341817634875
0.129187214865799	0.14011741793372
0.348313432935814	1.565568283286
0.177897026907013	0.656944667211328
0.121605366180035	0.356300295921302
0.320152045192763	1.2522455239965
0.0759375547529624	0.166001472906915
-0.112205746054118	0.230265778441534
0.179468906643057	0.446392898213502
-0.0125660152104511	0.0198239508264494
-0.00951816145012955	0.0144136795763534
0.384921489183721	0.93869012584006
0.52736876924563	1.21956934673279
-0.048838627842862	0.0587647930348563
0.262234965518063	0.295907224662391
0.0426590064558324	0.0382869790288552
0.125690897084206	0.124431941911788
0.10796591274755	0.121754936325234
0.284265014673649	0.391325318655651
0.113694978805192	0.109946302725521
-0.0103102141008424	0.00964776118922855
0.0564400790199818	0.0417986265052284
1.15873944696031	1.25850375440855
0.383052773656629	0.553705326097303
1.41916944596716	1.73585174349703
0.216243455684555	0.140414062584096
-0.0398890178713366	0.0284888375682094
0.553484943677324	0.357400117532611
0.26167953371285	0.304708177798486
-0.0212100083433904	0.022474503960217
0.45642974316531	0.543539851144757
0.551852827257536	0.799925238291336
-0.467528030451314	0.668278220594829
0.0339910801077962	0.0233249737211983
-0.41621358663127	0.489646714406984
0.870500993050882	0.802970911927155
-0.78461216372207	0.694534118774492
0.218803584196441	0.205737676719935
0.375874761238083	0.456821020803908
0.0908899906299561	0.0773432315414149
-0.743913783276738	0.976335812844108
-0.0645192102045705	0.0568557559700174
0.26389948645652	0.288703310480275
-1.14682368401454	1.19690404871947
0.332559137175003	0.24640426976759
0.479647176878847	0.713851454392739
-0.0771341277325387	0.0812185047891878
0.0501818574956421	0.0636849360880457
-0.227385856689972	0.39610034662141
-0.484516230337956	1.07757810670594
-0.0868381278796854	0.135706214271521
0.226412916036631	0.430173732225623
-0.301372751951821	0.646441146612444
-0.0215761469173556	0.0299399947499979
-0.162545013770531	0.224473638320397
-1.01031412133699	2.11290349783138
0.277272263611196	0.305513485195906
-0.71647046021731	0.698838270248627
-0.02256453465513	0.016403207137197
0.423212807061617	0.527642218617021
-0.293197369502612	0.228752310308755
-0.779530751448007	0.618443105554377
-0.580259770710714	0.308148706889577
0.0641333359175311	0.0310184611454606
0.304546531614104	0.250559101126576
0.583696932831016	0.575553822033383
-0.264797951740196	0.251909704305741
0.306005510380867	0.237733362971684
-0.24452898448286	0.356638129051561
0.0234680070096775	0.0250950672315277
0.363852230875552	0.464603482153033
0.255605278780038	0.330332849431705
0.711554179709116	0.995359291071633
0.217960749565548	0.380594801940735
0.280184687345858	0.447499500542159
0.473318878651778	0.618238632654985
0.314970247121302	0.506456823187507
-0.118539551128948	0.161961939396199
0.153527666530662	0.230456778237045
0.0841196196022276	0.116036699437145
-0.0847741634915047	0.112098689501629
0.281159187465127	0.374718253715562
-0.132723254592307	0.169296916763293
0.239474570068147	0.350302145043182
0.0865107858601741	0.116322519071311
-0.0298505905974504	0.0357284616022325
-0.193054837962317	0.325234464741708
-0.0186633977763426	0.0245705430187217
-0.385263500811704	0.688731785837347
-0.196162725893357	0.258756287169441
0.841045774120126	1.87211843273944
-0.362889522654092	0.542833907744289
0.912919752000338	2.36465261395409
-0.0602939907009266	0.0482516163858315
-0.376546533759825	0.368410241233719
1.01819107965233	0.724989489772487
0.126353792361055	0.137452597795284
0.166007452940767	0.196940441608951
0.311110817600323	0.360723084163527
0.478786321173624	0.638190931429559
1.04294082273437	0.960217184811355
0.605244386154087	0.741297407254081
0.534119542165577	3.62090522819762
0.34631327119146	1.88560012646688
0.375845776587363	1.86601203690447
0.339507524389682	1.43045932463825
0.176359460338012	0.498211004254299
-0.0708140435112584	0.143747106279678
0.200798702403615	0.540434135776282
0.0927494284540752	0.180333965001122
0.331073957871908	0.796142109850702
0.462004848724668	1.03257396201142
-0.0668698443868532	0.0842275665742764
0.68726350201772	1.13340932698171
0.34368306956694	0.381415418660495
0.193881457177857	0.245755313403331
0.022353888954112	0.0235363109461369
0.146951928746751	0.186909240611775
-0.144297328935636	0.174286087508746
-0.378846068511848	0.609368156692767
0.699071919436715	0.793719060863044
-0.0390189880335714	0.0279607682770126
0.499637428846125	0.803864109661448
1.02123210640519	1.18004953392119
0.47934937977237	0.352420817650759
0.129208660641335	0.100160459301333
-0.145270507442475	0.0653911276274743
0.0658509561468119	0.070014711555383
0.135591946160346	0.152990013279714
0.410281345958378	0.520189621499047
0.0359249603290602	0.0314762802286412
0.969932297049054	2.0001231747171
0.464456434580058	0.355830680279534
-0.0237665264926393	0.019475931616104
0.0678143303374927	0.0362180790032314
0.543701995635444	0.475103569040459
0.485605105639958	0.554564759763375
-0.477190226863121	0.617038278387051
1.23616547625552	2.03147077790014
-0.06330938862499	0.0556903310647871
0.0154164577490242	0.0119824987126128
0.522193433161092	0.788520762057718
0.746053672879129	0.918191035840418
-0.369590668190813	0.306211721019979
-0.58470437621915	0.893189730821199
0.221031613043181	0.286415432096784
-0.449112181438129	0.959881882173219
0.208665569227333	0.362721246281042
-0.372645551134911	0.808388741550161
-0.00530454468453397	0.0069781322133514
-0.0481644908377331	0.0704126752687227
-0.316742862091309	0.652620299150885
-0.0982517825006117	0.154392708827127
-0.305898177976766	0.527092144921876
-0.388223708575469	0.573532305013675
0.216089767666313	0.244451300874329
-0.485803823077615	0.421762834119838
-0.257923903989249	0.22534998171367
-0.295689197693555	0.34153539718757
-0.205838692594889	0.124948111969882
-0.0906479824092064	0.0475004367228443
0.0781617292499521	0.041491335231156
-0.487424550240676	0.344428373242049
0.567239121122819	0.477268826870268
0.118858978840747	0.0832658582280894
0.150290134471941	0.125555652630085
0.726107738181117	1.07276343270349
0.0198338815700321	0.0227146275828957
0.250324807845488	0.391058594878337
0.549289348915157	0.810039503269527
0.400770118485439	0.555225214044639
0.220233790481955	0.217244681539477
0.277071956472367	0.29302818571774
0.511036592148813	0.894066718088247
0.746672052841848	1.75482791013845
0.0361209043365912	0.0448903709585556
-0.284506295664351	0.524446825571857
-0.414652481042771	0.759774174716978
0.356659230630389	0.473023553445607
-0.0682937015397156	0.0760032339956152
-0.112728500444957	0.150703529651285
0.560706680690668	1.24393430355934
0.465710260776344	1.03347648514849
-0.137765633367071	0.215679684829913
-0.00406824232362831	0.0053058180195338
0.732745201562635	1.88058722657194
-0.769374080080067	1.97586718796101
-0.391604543352384	0.657625756679469
0.442404648014702	0.801120201321182
0.807741714428243	1.81742043314748
-0.140141731724659	0.118838526583334
0.146165189033217	0.133488874859427
0.362095862602177	0.240404099006217
0.7498267773143	1.44319366001087
0.44140630671947	3.48911429737242
0.421191984312672	3.24004323029552
0.151144322341634	0.561182593031993
0.197656455504836	0.774293557169271
0.123748593471886	0.323899220500759
0.175429381958378	0.474331798705144
0.354552690980001	0.674173242861014
0.557133888130273	0.830458657068795
0.518802492331668	0.985370784590151
-0.110897557395373	0.149141731302638
0.58283559497696	1.34143928676441
0.511317390446599	1.06867080532358
0.36804429270125	0.691508187864638
0.509172432817443	0.552464569819219
0.207581656840072	0.177373014070404
0.51452590582848	0.257329293735969
0.261288748979867	0.358970369936194
0.353505662631131	0.457671494476973
0.694577477814698	1.13722169120101
-1.35874765504858	1.63018099064631
-0.0699074778761269	0.0670387791798131
-0.419273537014113	0.302979930338418
-0.642363861325825	0.625531121336242
0.0183179922538781	0.0147000841208554
0.495061797149773	0.67968647841205
0.766148224697381	1.12101452920584
-1.00345513305958	2.17194789321614
-0.0163229488378531	0.0137060146509856
0.128459243655145	0.13356836321488
-0.283902489039634	0.310504049627274
0.732128948742153	0.822789440304699
-0.390402996334048	0.514852566168952
0.431800301783075	0.737342512922673
-0.0962019744090475	0.138873710186487
0.129422031109998	0.209346038662079
-0.0193759030009573	0.0264159581043829
-0.237600704697446	0.453034774043456
-0.340203594423673	0.769640277851345
-0.174785124481975	0.321539970366076
-0.207775902373987	0.376959508130738
0.162929585064904	0.258531356037284
-0.385396648580063	0.602309147271072
0.0358542193788002	0.0295381466781525
0.433039696714201	0.456776250555
0.521875134773364	0.561330028735484
0.564588223762455	0.965051708965136
0.407911934478801	0.352503426478872
-1.09716598043156	0.989076682001696
0.970589886591201	0.944701598347138
0.638058289417982	0.490025692393463
0.478212204538143	0.710118647171121
0.210868295189801	0.248143597837106
-0.190958227292489	0.186102297518734
0.512912121039479	0.715653774869219
0.0309578019402787	0.0382947579805342
0.120966116457028	0.124779756212603
-0.316610088547383	0.486817357900199
0.106214266159465	0.158112128134654
0.0875917787994449	0.117719646177672
-0.0683972848193006	0.090986588532132
-0.200861541479949	0.324619405677323
0.306676171368619	0.384209239670204
0.218169381230166	0.307784429983803
-0.425090677245604	0.815667954485028
-0.375575362265866	0.724399648904494
-0.422587503620346	0.896184364672721
0.155943506066949	0.234798064969862
-0.48520533317353	1.06003928435088
0.0154738136750963	0.0186116994472531
0.100933121100198	0.128393181659033
0.0287080180392412	0.0329627529002329
0.0575318528821468	0.0756454351478365
-0.414964644823609	0.774910302985508
0.268275352651002	0.310196349626606
0.21472673404259	0.179572502028717
0.899996279186581	0.673559462492489
0.0770657357536673	0.0227069958271394
0.6550622770632	0.687943661950772
0.366331645078557	0.489088346953465
0.594924745018077	1.13283133618827
0.509513018670247	0.81397483639588
0.339580205217031	0.315290882573994
0.714811543787298	1.34046618863951
0.251233404285716	0.382733292293051
0.00601001401801726	0.00639256363550211
-0.0235433982204799	0.0258233645574003
0.0365949577705502	0.0479697548702316
0.195636107781407	0.318010978059113
0.0639433065075566	0.0931191712307391
0.0968053145715405	0.126685676076424
-0.078777494551936	0.113760992458941
0.245254025151625	0.40849830477275
-0.224913181442122	0.310662241278873
-0.0431935980326907	0.0457162299193238
0.000525486664743011	0.000532683455798782
-0.17494397586192	0.256489658506909
0.485419578465789	1.06125679553736
-0.0350267205996621	0.0469180731904924
0.364498859791985	0.645999594485244
-0.165495070441431	0.241459991380122
0.0229629780890411	0.0298770486422141
0.269235433591567	0.518850022911798
-0.985352973699126	3.43156156773394
0.110984179094327	0.198761809130683
0.119147614217716	0.176805076804389
-0.0111871571220716	0.0139871408083676
0.104927638806331	0.148296689670538
0.386366060632788	0.719001390883036
-0.0529960618455117	0.0656306643654214
0.230362887338912	0.376911508271515
-0.176211226924831	0.303202216369938
0.0753647766463076	0.112828606847835
-0.130368875832458	0.20446695304672
-0.29087095483439	0.530927033593082
0.378719444768318	0.63667479820379
0.236462072573205	0.349901546552238
-0.0535444040592832	0.0746878277827992
-0.101339554613717	0.126104504642885
0.0967462399917085	0.106109674715987
0.520345972415528	0.731392733228198
0.32721355442466	0.616158165000436
0.498994039310984	1.0267031234922
-0.0138359996026214	0.0173277928687802
0.376004060314565	0.679603105648755
0.12887994532692	0.181193756498542
0.715433362174403	1.48618002129193
0.0799831689054993	0.122400131704294
0.122680728590676	0.196091317247034
0.0391480122379949	0.0455457810559378
0.609855966432473	1.09849481258341
-0.0274777128396818	0.0320155630352245
-0.319262691010904	0.466564644087542
0.22124651810263	0.39279997332395
-0.340294126517946	0.599299990656834
-0.0318190340366223	0.0320196456789813
-0.50181037389257	0.860682366563423
-0.347101861533449	0.537205596231147
0.279985142749645	0.420605045673031
0.219625971566443	0.330963594178054
0.259377490464947	0.391112598764643
0.365431747102907	0.615612173712825
-0.27532378559812	0.47444024087035
-0.0451352722265527	0.0543561961583133
0.226768711930586	0.3664166349667
-0.00924711325865973	0.0110549936716024
0.317380114982573	0.47759455848229
0.431703879629277	0.805574150074107
1.07390344887832	1.55565223082289
0.289788722818953	0.465929002191891
0.694728518308073	0.728145197805643
-0.300306491241119	0.325575319964716
0.21720691649651	0.260144998250422
0.224226318949851	0.312707183429423
0.0284682096106131	0.0261739275917357
-0.232369063303702	0.342109289870573
0.187514851222797	0.288698870702649
-0.0216385962766563	0.0284690474628611
0.155758445889328	0.222694874221139
0.645337756099105	1.48951751174894
0.205942708493825	0.321316692058807
-0.0388641389387948	0.0440403938982174
0.021937279244647	0.025511605340037
0.114321733688656	0.111078389880963
0.567292066390899	0.757748146671341
0.142512333332432	0.162271211726092
-0.0197358503731069	0.0213375905024111
-0.0498925240209061	0.0563891939004543
-0.248784455989762	0.368224691789623
0.166851539997381	0.229737185025748
0.710699305702445	1.57178873351099
-0.0163099541039381	0.0175215678437998
-0.216579392457216	0.323284022360772
0.100201598477969	0.125560770315834
-0.192561006863725	0.326453607659685
0.0691803218385404	0.103021287130001
-0.413982622157142	0.843034359283388
0.164954216568139	0.264656561813219
-0.396057609025798	0.876791031959319
0.302294347054409	0.554799746723257
-0.42818713333098	0.919790513122993
-0.0265890646237715	0.0373740593814078
0.128728259082881	0.203016181759361
-0.351636865223671	0.592717648753818
-0.460275250053789	0.802363534956529
0.156838061370994	0.177729105155098
-0.624989527243675	1.03433222136753
-0.34043545309179	0.60461344433117
-0.0672501299523163	0.0624821879617302
0.442897554928699	0.53148495660202
0.2262686398012	0.298363957156362
0.476265627718158	0.815295515817088
-0.116661810161474	0.136082719794914
-0.187711416425966	0.275572521119352
0.235407039539214	0.349751474693136
0.568848949966107	1.12426640690203
0.34122821407196	0.61275890817732
0.0735492055375411	0.103241077134522
0.000579751254075507	0.000685146831516985
0.149158823557696	0.21900476512873
0.240383986307496	0.399363537338826
0.388630547902764	0.644713499866928
0.143599156642184	0.214035762681778
-0.271467983872071	0.397983872505548
0.155768516965664	0.234953199780544
0.26252020292467	0.403818555227188
0.185668952302697	0.298323795691894
-0.0497194565577813	0.0634081552531353
-0.142819819205335	0.194424042362449
-0.0716568114758886	0.0852624948364505
0.25062132981051	0.403852969348734
0.243184841659299	0.353802387712655
-0.012628823149121	0.014799806347784
0.0688704568017621	0.0776770840009181
0.340500640379719	0.504159894065368
0.228095889890547	0.279797919959629
0.398248857786874	0.645123411499547
-0.0164378965885389	0.0251495763135204
1.14926891370485	1.0345277101782
0.616882426965753	0.371496278162368
0.117727135732116	0.0850174140463731
-0.0367605365436096	0.0264215579294769
-0.395172951525929	0.443301731053299
-0.572478390098563	0.527521489504732
-0.191440390119865	0.235415363729708
-0.398656614051423	0.810296262095643
0.107391517063063	0.149551865683395
0.753696082692251	2.01069944980707
-0.101216307051052	0.121213301559322
0.0778479649378881	0.0904686750713686
-0.178772013911173	0.132338258490169
0.205931042089108	0.254754021230408
-0.438638285221629	0.425187614999937
0.633802768029433	0.582430730455893
0.671070796594722	1.01790617624457
0.201666092396243	0.238838248117791
0.0532681328987396	0.0469648020274161
-0.102704304288001	0.111998173386429
-0.7441851033677	1.11015314421718
0.249689658140376	0.341234222346043
0.115085573392621	0.113310587981249
-0.142927181235743	0.105130840164679
0.09637395273316	0.106765834612735
0.333625653676541	0.551563047576427
-0.0287768306866019	0.0413062473714564
0.0203257413315668	0.0280504179403255
0.217632000460929	0.42673756653338
-0.389626303378137	0.979398590904178
-0.025556969650655	0.0403578745878725
0.0286545419586607	0.0403169175339838
0.166702954965321	0.32971150290726
0.0437640680478411	0.0655555288107169
-0.253105341119332	0.411188915040896
0.0100017292597249	0.0102380105119775
0.737168800390139	0.916721616357358
0.116869011171156	0.113473261880786
0.118717388569871	0.135320258510677
-0.305248720040339	0.262661275053003
0.644225666996516	0.490384493523456
1.25728794735793	1.22703054685383
0.440813335393366	0.445726516322663
0.162521032694374	0.166824722946565
0.681245316843305	0.969722411439647
-0.119852744740872	0.146535484762753
-0.0692549438447362	0.0613760732849032
0.209473805526164	0.192681966928827
0.183513998682701	0.242399109256094
0.251116554960653	0.353289113031804
0.487655330393491	1.00341305360959
0.360071185130033	0.512709723588193
0.0555837684131592	0.0753934556890353
-0.030103877613759	0.0413594477045061
0.144180903710304	0.222896471324402
0.427637028005076	0.94923362587951
0.303117476459323	0.507715438576691
0.0898330570294708	0.106178275081019
0.0421211190819695	0.053447075887119
-0.400724542926492	0.76560668620415
-0.03910013892016	0.053549747434367
0.24656810525562	0.395397403118897
-0.0927206674319842	0.1385294353964
0.0709760591168642	0.110484738688897
0.410999600544694	0.806748188932488
-0.263768355359362	0.43850450199911
-0.325568929095264	0.642696335325838
0.108004404913804	0.163557773480061
-0.113652076071027	0.167374718907186
-0.0448431294194496	0.0441370306454259
0.212061680224288	0.299483869843438
0.131946826027897	0.179238138510665
0.40076967129196	0.988762321548529
-0.00664115597925814	0.00917974131714439
0.635250816674559	0.68599580048406
0.444119028549017	0.359554886258841
0.902221901695558	0.678114259742359
0.0672515004864915	0.0280117054034613
-1.27320816046725	1.30593635857815
1.16698161206472	1.42355558150817
0.0346406542103802	0.0245277337424595
-0.694390481730497	0.34183113795069
-0.0693801947207745	0.07177852781244
-0.477512022278245	0.759683989339463
0.0675561438973568	0.0747660030482242
0.194055563725791	0.260359162858929
0.0302646840509444	0.030554404806222
0.171845468198777	0.205994815519755
0.661110487303685	0.701854299878935
0.605742661099023	0.831483154030065
0.214474732040714	0.150456838607274
0.502427909987253	0.469982357125827
0.729775157022726	1.08189885003831
1.04796569434591	2.11946813029878
0.336012301302814	0.356036030137932
1.0529491162368	1.98916837268365
0.475590013605664	0.61637094921448
0.4524506281228	0.647774628770396
0.117963303329518	0.0856229630077157
0.210548744767278	0.167610450064126
0.296248452643125	0.389408362241128
0.0536741837129639	0.062667746309735
0.133907355604465	0.191500275713989
-0.297562306131719	0.50889588640694
0.101616435251004	0.160820057706705
0.137832247928301	0.224380855854654
-0.518460372393395	1.31038995005358
-0.00658217848549384	0.00946232103600168
0.0321730652071368	0.048249538659071
0.0867487523894786	0.122526641750801
0.0703279188296781	0.0815605693699749
0.091422914260372	0.0908486293495872
1.44758013101597	2.17152022001802
-0.486138418827387	0.53202713543555
0.214685520247387	0.236310693569884
0.557297765801115	0.365851359257431
0.815826416371248	0.428118271562549
0.45896404866393	0.541169723633544
0.514204296285301	0.634365779188538
0.315278585477342	0.248079362239683
-0.0257729241146104	0.0236364191882141
0.0640081427718616	0.0488417332629723
-0.217857776016569	0.226493119802162
-0.0942366133747984	0.108288836113317
-0.546144052526138	0.931620787947907
0.346698149902664	0.46946920578259
0.380187667128489	0.716386033898124
-0.172244181752463	0.219002784748556
0.298092720801945	0.418008871980554
0.111716700234499	0.155401681589998
-0.189093497312651	0.265443271224386
-0.118520932980297	0.171891574292988
0.444518221044609	0.753588548245311
0.53361924600975	0.793318226597985
-0.531368863245459	1.08020239808527
-0.0180110575381628	0.0201009090635173
-0.0284444080789079	0.0359893491152021
0.684020933333575	1.83256528514862
-0.0909447369373271	0.115547723866825
0.355117237575514	0.741652173754496
0.195114223984436	0.297619928975063
-0.172492914228497	0.255602525077508
-0.0821923479044132	0.0968177921147583
-0.659858548963641	1.64133183566847
0.450416657642944	0.821163277883237
0.128252506408914	0.0967947602032933
1.31325345528306	0.961221831319765
-0.0555999819420679	0.153165052263316
0.0048321931474721	0.0103283050675131
0.304727381610068	0.592671551223472
-0.205501465436565	0.292164136845699
0.125794357481109	0.209042121111796
0.46081480114513	1.24215290715922
0.0190587692014981	0.0280068569474228
0.231997367855724	0.462845193870301
0.0877118013142175	0.153013733385025
0.0601092998023534	0.0652831274424321
0.203587217715762	0.180495385418589
0.316574012598575	0.237661456093128
0.813202830875896	0.761959423354018
0.415846459962691	0.24586413132397
1.37211743662485	0.820514747149091
-0.0684398235320976	0.0466742824170548
0.136817223467294	0.109404890065067
-0.0548468531541273	0.0441387302391319
0.701137069247235	0.498941593505335
-1.08942003502162	2.72329494170342
-0.0984425054201518	0.133411923612087
-0.167781652740894	0.240224000232569
0.21270664217178	0.300542245645236
0.947095688854827	1.64475425190347
-0.293226403177959	0.368857358522468
-0.0449357932730893	0.036995382683918
0.692678885950741	1.31885540135557
-0.0673239185500755	0.046654038187638
0.421303616377944	0.456119992118553
0.424295706909762	0.55406237391527
0.2530741097796	0.306739220143881
0.247267144445652	0.274596383464591
0.0161590405223381	0.0155922073077794
0.0218645751578637	0.0201092046492327
0.671504534839815	1.03599817537091
-0.1857338421189	0.193735102370883
0.633740675800379	0.68621849433311
-0.229977009825496	0.279564587848277
-0.0997254252712811	0.130462521207245
-0.106349341528401	0.151924650818071
-0.0533612692776217	0.0775991304396788
-0.578475687763601	1.47802751070786
-0.130739256211246	0.202181107832351
0.0275109255724335	0.0407583205690636
-0.0584966539112018	0.0913985104512127
-0.137546362577032	0.241070206905001
0.0322106263724529	0.0424056122934171
-0.132190261374175	0.168694453881654
-0.199348222766186	0.234848472248531
0.0173893210510056	0.0133704393458853
0.214575213390343	0.191068572636875
0.229084920940137	0.319282692783583
0.671874627450632	0.614271965187548
-0.277611974958046	0.192149067717847
0.379473783322208	0.358070625154387
0.155167169035464	0.146829836234225
0.460161102244995	0.537474647676832
0.170551308418022	0.236713612854651
0.48154644063993	0.546257841962772
-0.0255818255410046	0.0236751796850114
0.065979464106256	0.0628072107697053
-0.98467797216225	1.74133939560668
-0.262692351286828	0.389392599251529
0.168255987713878	0.185975525374563
0.362352621523009	0.593614552700583
0.129824089582611	0.210871239362784
0.0796143995382478	0.111522448817403
0.0506837042763286	0.0661352278436841
0.564824486337783	0.977194864954058
0.113798913948196	0.14215309434457
-0.0356202144484127	0.0417073107518427
0.111656254675052	0.148774620944217
0.222175250501297	0.391952808614331
-0.00746301645449729	0.00863935013504961
-0.047795566572304	0.0457674448573111
0.0607428978579674	0.0764665349391479
0.292764284904243	0.426345459825604
0.331601320464714	0.724504888739932
-0.484319676439179	1.05701969014607
-0.236100505605344	0.384948803566439
-0.110124508770724	0.179484596369297
-0.108059453231846	0.144733795924105
0.100731848096859	0.134128029833896
-0.181241102612993	0.257765276653835
-0.254234708169251	0.392521798134258
-0.043432405109419	0.049995622843314
0.220945473326785	0.206482544562369
0.00591735247429663	0.00464428323093579
0.968265576203316	0.946039927706139
0.0373348722788142	0.179361823183802
-0.0623578922502446	0.2788977861999
0.0689476108734511	0.239606083629862
0.12321035192272	0.409664963081219
0.283715723840596	0.543252835435073
0.000162709213180759	0.000283411416599863
-0.482114065203659	1.30338302610643
-0.0654270374246268	0.107436510317831
0.318717909012652	0.783614171276459
0.0107270174646075	0.0157724305310279
0.289539612213125	0.65543240690972
0.482819033731164	0.648602436303864
-0.0420052297428368	0.0447978753102699
-0.167574826957177	0.300897270477839
0.674207180759086	0.795889657726951
0.216106575969931	0.150254921241156
0.440080460671131	0.351977664070112
0.525551011713548	0.554826184912408
0.541744447640252	0.472030727716466
2.07167834300836	2.54580478432403
0.358128978679766	0.23533528778401
-0.234189822120199	0.0885441460505425
0.701088551295335	0.513303170645528
1.94503386040114	2.57947608611629
-0.0476919324140592	0.0336237464439498
-0.234331167002069	0.137574425946779
-0.423367886884943	0.656783985255031
-0.82823757611943	1.89111052627269
0.268686396628127	0.419127631347329
-0.379328497186131	0.655014032379904
0.311946964585297	0.354106852712955
0.171818433303125	0.179800471048361
0.447810567805656	0.44772139074409
0.637300512206362	1.07494616216383
0.328806364207576	0.24006788572405
0.869250097275117	1.19390745073257
-0.187233271900683	0.194516760862129
0.256635046133592	0.28671595844652
-0.397316544219111	0.538298765171771
0.35344945763761	0.457499651910504
-0.270791677854829	0.325184276623598
-0.149354625827712	0.150143167949655
-0.225435426922539	0.196295817771497
0.128638091414761	0.0970821838409099
0.260794235759771	0.315242051418198
0.178051569724347	0.233714162761153
0.469707794202959	1.07854375917459
-0.0863996159543845	0.119341010626291
0.240451208447401	0.39188119482519
0.0051796839831247	0.00639708710982813
0.134684408422651	0.208850299023263
0.470283466631501	1.05004965652677
-0.270904224535332	0.518616087820206
-0.177861330905808	0.290300895269489
-0.297512387402328	0.443512347794579
-0.325761659174772	0.36201729344429
-0.59919928109847	0.607605699000273
-0.653126128209283	0.813416408825953
-0.00664142038918993	0.00612509096198091
0.217145330827173	0.171863846123698
0.647113237139621	0.501722199817992
0.524069168960158	0.366416472693059
-0.199534178477741	0.144041859190814
0.219058086506693	0.154671421581027
0.0706236158238719	0.0752280638841601
0.159054733321889	0.200639590385418
0.499431994052396	0.868568585741818
0.269430238344928	0.351778721306734
-0.861229598141089	0.890431044935487
0.0262658644897938	0.0249992730153719
0.347981197955819	0.464475644420343
0.0836792559225076	0.0696101918249864
0.447723698329128	0.719810331799047
-0.180907290249127	0.228978114590581
0.543168472060559	0.823240050795168
0.36151896341245	0.584396562611166
-0.00916558021591847	0.0115645249305943
0.30641778826183	0.49009413236119
0.245367729498558	0.374421001180498
0.302104042081266	0.48318111439267
-0.0816309770527292	0.088183432419791
0.681235366500329	1.32605240092518
0.417271702504568	0.71198488788138
0.212432400220955	0.28548160723407
0.186657151980832	0.293085252117344
-0.223407971839736	0.278149977741741
-0.128227647107542	0.138569964253773
1.0025793999981	2.35917293915201
-0.0923727715978003	0.108811919119863
0.00328273707839059	0.00382750642965795
-0.0683321943201844	0.0842197404308296
0.427899651219876	0.777293744369576
-0.0121309662480747	0.0147366435012284
0.0984622390215682	0.128978762430643
0.188255151137635	0.266238956698138
-0.0572342511104492	0.0645180411712004
0.18678444777032	0.233557411714298
0.142941859862042	0.193259168602423
-0.709103089135979	1.02785196314454
-0.0634931875033697	0.0511976373784442
-0.275653398030674	0.186112370978558
0.903573207610929	0.241123987931757
0.661349134531053	0.702825814246011
0.0342383061178508	0.176988664180731
-0.0451746630094499	0.197989846709883
-0.0106837390128438	0.0315887788603658
-0.0541257973364744	0.172406483342229
-0.0820134691036149	0.210133456308394
-0.0620253810386719	0.161158461446941
-0.0682422467401893	0.175075188510965
0.133607976993501	0.404419461350788
0.157876802337317	0.491433388630595
0.182143580307406	0.598307434886475
0.0837224548451233	0.230591714550443
0.0628481447645389	0.141386320586005
0.341241514750559	0.723331837675405
0.432249919627299	0.929196945118249
0.399940140364702	0.731154535982344
-0.0683701265958312	0.0795100198939911
0.670264597067289	1.36297498700727
0.0668162318291095	0.0799569948074156
0.285152425073365	0.426324998367298
0.560659620379056	0.838496296267008
0.400205577865233	0.603316892932589
-0.115180518433998	0.152543272082273
-0.171395705527299	0.265648476399797
0.355765558555919	0.63835007522411
0.00804013318513216	0.0113528080096646
0.0408033705876655	0.055714334547935
-0.0340075803907006	0.0487719290110668
0.120203907206011	0.188983137638856
0.323212520233942	0.751264124793571
0.323807083105162	0.659575216903923
-0.0155891645420236	0.0220096934250805
0.497567351099447	1.14374581999784
0.362347103004447	0.765710384025688
0.211829115452631	0.333826127028896
0.163141511462428	0.248877128394445
0.625439079262831	1.75981886229978
0.632661843350808	1.59115539235364
0.43962804826538	0.914502800666789
-0.158683352679404	0.253410229766405
0.296079688570807	0.55634598030335
0.228324050091912	0.416899976927796
0.27548430197492	0.596257170120497
-0.094287684811695	0.148406479263841
0.229567795688952	0.463943687898079
0.020679190062596	0.0294660668763774
0.238747776865282	0.392967961785677
-0.242920821272687	0.384379626935937
-0.0798324226810457	0.105470153170117
-0.373066640452989	0.790113775040555
-0.318641935508179	0.597377092386772
0.0295540475204246	0.0405428807926371
0.0272387352683455	0.0377953823063418
-0.0406527936279092	0.0588706256885191
-0.0204470153777765	0.0289082856700067
0.714072261988644	1.55992045252601
-0.035539482486386	0.0428899277567485
0.198986316302193	0.3280189474084
0.251851619254826	0.410186979121602
0.00641594603157562	0.00711844657943719
0.011898809518353	0.0127947756450533
0.125463156738457	0.151379230011877
0.0161695269350005	0.0156565171561691
0.123538028930143	0.189344556121853
0.238133830721148	0.429656527857527
0.178971922771321	0.297077977131881
0.0382708614907791	0.0459057070578826
-0.0795767567525792	0.100843329440518
0.294567230315837	0.507217412028093
-0.195489711274412	0.310273757885981
-0.592656943150635	1.32847454775416
0.135780924055316	0.181608809211481
0.521227432496109	0.876277432035218
0.0922653205962501	0.150434048884866
-0.18176581053698	0.281433076057749
0.526794433717121	1.09136644473322
-0.0590772089024833	0.0755101108617467
0.133380361218587	0.196694670425913
0.0786030900376597	0.120099712447108
-0.00000137239944070894	0.0000733865351376638
0.140512762666213	0.218402507967901
-0.0210385792596733	0.0242092004040728
0.520751076130443	0.982903919119925
-0.387937916247333	0.681706114649119
-0.0275707772372782	0.0326894334552292
0.31651439828877	0.547244965114279
0.0639383402677152	0.0901585766543229
-0.564502062755755	1.18187720243799
-0.0407446181686335	0.048347752031782
0.187739917220967	0.236693644103167
0.113081635543976	0.138862737774379
0.167654966502531	0.249710847285531
0.447817636020822	0.751075688136797
0.0867347362745523	0.122004148630187
-0.0710350016554741	0.0851130070278079
-0.194405787877953	0.301351611694546
-0.00267569974497457	0.00329417840072117
0.190652787994127	0.260346726896813
0.120637445512395	0.152456047224063
0.258305438235518	0.405505451084684
0.133908050854019	0.108932303264764
-0.000913039006173174	0.00387164070237634
-0.00783932496386216	0.0295908326871869
-0.0725937316685815	0.287841835452924
-0.0854823983229892	0.322107087243834
-0.18007582005065	0.475865349030733
-0.453074225313435	2.12334336173267
-0.140547149473671	0.425180583091494
-0.289323480841704	1.0658077588224
0.0437121323685078	0.0960249825166497
0.317177991886782	0.340021517910569
0.3808207912088	0.317665872592417
-0.368481121076661	0.354391655606591
0.758221322495504	0.798485562812487
0.111993163287441	0.074409294774101
0.313842692173335	0.380962383314732
-0.408087304851132	0.500752333311659
-0.574596248214283	0.971613692132783
0.382480883819448	0.349976836633506
-0.233160635538956	0.361161310264591
0.352475565453158	0.738587864012964
0.398979163704627	0.849207096081367
0.162484744154726	0.246698970473589
0.0199100690347259	0.0232569419588621
0.166803444419624	0.245563086305252
0.377845216813411	0.536996673700691
-0.0196810181746213	0.0227364355098759
1.23280819474799	2.36274453005226
0.1101857230255	0.102735085158235
0.11332558612322	0.133696663407003
-0.184254388250071	0.232752493097487
-0.0586924436013159	0.0602942695541674
0.47867871952094	0.872233581245184
0.0626943407920645	0.065390424452777
-0.223123520915083	0.330231085884586
0.746580881678969	1.44156558505892
-0.077649518617956	0.0752138217226862
-0.316553750199401	0.491759151463052
-0.307600023647459	0.561613221373113
-0.134810498849832	0.214992231309214
0.351263792170134	0.71117410745126
-0.0631143144186863	0.0887250147480508
0.282657935132535	0.554089694280066
0.198346400344565	0.363275516550563
-0.0743963759918045	0.109018460460499
-0.110671001566822	0.17988895475491
0.0955704090960683	0.139485154352747
-0.568315195867316	1.23438420146616
0.264070402241906	0.376231946159042
0.207177904522928	0.185257543805669
0.530812817282278	0.738145316535785
-0.196870320181291	0.294045092105132
1.17447879353928	1.52927300566724
0.0717038019789066	0.0379420671680217
0.293285695866516	0.254640054574591
-0.370054945196368	0.338116421166431
-0.0500176866157098	0.0405396950426674
-0.0714449021379026	0.0641363896489217
0.56791739770858	0.918856086866685
0.0525978558280127	0.0648059577858777
0.516924427658252	1.08777066450833
0.0532991344103794	0.0601902900784909
0.0073253621927711	0.00640447768300404
0.264032584602496	0.364277771415014
0.339025971645324	0.458897361499384
0.138401809424994	0.166978206823669
-0.810648642444192	1.68269000400546
0.563957766033485	0.91278665894702
-0.291398592416271	0.438310691069026
0.489537795410892	1.11876480228829
-0.0258021397843379	0.0313298212041273
-0.301557431002191	0.511337068784589
-0.0554997547100791	0.0718310272453691
0.0456955203784394	0.0601134213202897
0.363321580107168	0.47471928158635
0.552172107629939	1.11730022003344
0.632485579619307	1.31620446121726
0.210229408219157	0.278507599963573
-0.00836017281344441	0.0105911301885891
-0.100591306613101	0.127750355485477
0.175741423271883	0.214137652543288
0.0660289891690935	0.0844697354042468
0.150769122721908	0.191138998683496
-0.450669777888676	0.895742749184353
0.423625480578367	0.704571440904714
-0.568815247072091	1.16563322884933
0.111206677312838	0.16773285897218
0.307219008166351	0.505837133202989
0.268341344974347	0.364631258443991
0.229482383595807	0.357524781598331
-0.066293664311555	0.0820932729899472
0.0101787627114323	0.0117291023969117
0.218827056802827	0.22925879038456
0.214208800267421	0.243274072065344
0.429522838373617	0.351806345019971
0.820874748054948	0.409787475321864
0.0743821907688054	0.424024989573578
-0.171695203263866	1.11243765989486
-0.136925797938258	0.637060596706863
-0.0556381517598114	0.181242022922527
-0.0879376761136428	0.18914899625192
-0.182548774443914	0.596667411620713
0.0245333396447647	0.0544864969830083
-0.0175315804491421	0.0371981055671044
-0.0341917567577022	0.0704282658086608
0.0498480355697455	0.110481459765411
0.138833402045252	0.225869429728442
-0.129510044603917	0.284661075037378
0.148589373383339	0.259844693002091
0.746867218227954	1.3486560154506
0.77701304322891	1.12489058072918
0.650247856804256	0.77722372700969
0.399735398647233	0.357043754166438
0.425140884846308	0.352098955273177
0.047728575065776	0.034241170710448
-0.318347106137518	0.205844539553752
0.359449917152266	0.242461403273889
0.692910136794648	0.707511756381581
0.286023531233053	0.261861594683186
-0.202610083700222	0.213289800808579
-0.678094763507087	0.799800525245356
-0.813415921985472	1.98648983586082
0.282493408676966	0.486560954038635
0.268192842918793	0.415924715288122
0.465204799712496	0.839583000182533
-0.171294566745196	0.191774353883583
0.155400817187802	0.213569630541954
0.332813119229713	0.394610396258818
0.600315776543915	1.07327753226345
0.293074565172338	0.275434109817756
0.646207783719572	0.954871870288407
0.735104656090893	1.32644669239114
0.483712510066102	0.709252758930896
0.00435621686381705	0.00414828199755755
-0.477822481894552	0.671968388028788
-0.192261512755794	0.2299406794561
0.145694073819789	0.176131476938272
0.168339911322776	0.164835828787759
0.331497201798602	0.355443026970813
-0.282674999404264	0.392125558776028
-0.177999231613519	0.232072171883392
-0.262644048198618	0.439833436300813
-0.304576914104358	0.558230049035979
0.219318800747682	0.352825219065772
-0.243138550553027	0.395183046919094
0.323232804808584	0.627443374616819
-0.510663873217659	1.1280643164709
-0.399049957520465	0.928677297760925
-0.0484376877497237	0.0642837730607633
0.140631746349526	0.187401029333887
0.224084563446203	0.268481247586148
0.453076244989683	0.45361841995553
-0.39532547356946	0.472767440867779
0.245355906445593	0.329643288122862
0.119868485321661	0.0830994074609386
-0.228273604976797	0.18396023032278
0.811125803506385	0.967303428582741
-0.161057323555719	0.100786940586969
-0.779831771634861	0.86877015815295
0.0429396341214651	0.030452650826968
0.582974946689235	0.845386045689653
0.31397593936356	0.408091302290861
-0.478142107459269	0.863143557751502
0.389337893191175	0.768695256443192
0.105441623819712	0.134042334824976
0.332078916606402	0.554154762881924
0.068332025772701	0.0715770168462418
0.933917980232127	1.52851036978969
-0.686639042317955	1.13370320163498
0.457092211132744	0.616536032211556
0.0539510356948754	0.0489395240010317
-0.144302874620356	0.163104915940598
0.648695569978689	0.947653783752855
-0.0292264595496197	0.0293354805368808
0.0538336451582648	0.0680131301606348
0.292499120409809	0.432593057990317
-0.249895198133242	0.358857632188931
0.0821247115380276	0.105187578298276
-0.14487382390511	0.190984027177773
-0.249956704042718	0.290152897557398
0.334655466889837	0.456231428158722
0.365348956419976	0.550864249101272
-0.317407636372088	0.490570533997497
0.173331147848552	0.244633444161713
0.402620573658506	0.687993117152439
-0.0172523135329465	0.0144293246626916
0.548025542781086	0.895845317574644
0.159681034304748	0.190235478407791
0.120636573517917	0.154662943411113
-0.12977531642858	0.171849569702781
0.242689188591612	0.35669738597197
-0.173491479267689	0.240145916471434
0.859595014652245	1.89050875049554
0.515357139871565	1.02410469014059
-0.117323416846734	0.132590119311137
0.137027670301519	0.158631648625587
0.0538030213733461	0.0468799821917113
0.124847779341723	0.0970312760661589
0.000711436686638375	0.00294220586541136
-0.0823420311802033	0.395046562047584
-0.231772961086411	1.36439319771264
-0.095037354193696	0.340687319165795
-0.127576842751308	0.40211349787683
-0.0968779332939397	0.262633647319295
-0.122519121143857	0.390820264212668
0.157314129251943	0.540372162366953
0.277668307788661	1.18151736620252
0.0874155493765323	0.234020916844973
0.095127152682503	0.259170942817736
-0.251887695773785	0.604246057993171
-0.0106835635441268	0.0165798016320172
-0.664814135191518	3.25154615832975
-0.0750484696123779	0.121609470983302
0.646722511053743	1.39988107197015
0.642106982736704	1.00346407610816
0.209325165043287	0.204604325419173
1.1826340469276	2.29788556191713
1.63948678395083	3.59862937758518
-0.271112821262268	0.229838070835758
0.115933211134873	0.108342989202017
-0.12866673766144	0.0835961341539392
0.936434201404629	1.50047592598749
0.0491798402728689	0.0480223089309261
0.273773738191952	0.314629156413562
0.333167311938624	0.346818738513332
-0.412795372261429	0.68940720993672
0.0088517833487636	0.0106776937361095
0.0301376509805357	0.0385537445437381
0.210972954634421	0.346750504732082
0.458270411754675	0.91299307910029
-0.245745469572168	0.381901994346276
0.628872238031149	1.09005798798805
0.110393829547193	0.149181525616897
1.1201461712212	1.60218794263137
0.672757388176178	1.26740320042735
1.07624098878495	2.4311264645052
0.211046965094716	0.278154098661552
0.470130027704804	0.722010436364851
-0.306351685366768	0.393889764458013
0.291502548263912	0.390235429360319
0.778708065127962	1.63041502598569
-0.365444381110929	0.431912504170044
-0.0233876841070763	0.0186442909087221
0.439516822695962	0.791429849940388
0.255945248912328	0.377008911178367
-0.145617756192111	0.201488989310405
0.164598729515907	0.242426271952272
0.0646744593162709	0.0840103887956819
0.653437795372836	1.53700368843679
0.294675588274444	0.483249496395815
-0.600725889824938	1.30182399022338
0.487730991076462	1.07753007597803
0.252791778399982	0.400427311171409
0.250710154985275	0.364895096180421
0.166195479893493	0.227290104292383
0.92393485131258	1.66668406122255
0.553050128994931	0.813098986271291
-0.0817896051653917	0.0836692539672115
-0.460402397065053	0.507979770874202
0.043310115574573	0.0310438982851758
-0.0241209470396812	0.014366735760897
0.110033391346691	0.0762437871006653
0.396860420821958	0.450319199428358
0.290183116624589	0.262412908371872
0.435052681209527	0.518066692251829
-0.264016113872293	0.265988988107267
-0.114041423114719	0.130522831566035
0.288670091898768	0.413031324792529
0.746969759234111	1.53242108468283
-0.0307609109598918	0.0333306524235947
-0.419658098418913	0.685748362996563
0.661423581148974	1.29760703552451
0.104352357375764	0.10353102867332
-0.158944326914699	0.180477544393738
-0.192112016861503	0.199960241374845
-0.177450991922942	0.196449986651589
0.00047595298059803	0.000460348014902824
-0.134123155869643	0.133409127650556
0.260557741216859	0.316517194331996
0.591209972534233	1.16393587424373
0.0614597013827391	0.0677019447291709
0.0350108598808822	0.0366101568250138
-0.231332554088303	0.292458900593942
0.460716319360397	0.873591252832074
0.481653929278197	0.71820036225957
0.054997435917985	0.0611357554468059
0.412788213964962	0.708186963234359
0.429127047630972	0.689714352918195
0.326015012564063	0.521718651351398
-0.357099345959641	0.450812315871971
0.455949303276754	0.55200785532007
0.220405538771439	0.330381292066328
0.407949690168937	0.746348298854549
0.332900114189463	0.487108697687874
0.256905759948795	0.357269239506333
0.399112953985042	0.640031454565692
0.433787504321708	0.788850771429102
0.707114172777098	1.33369750439409
-0.230853353451504	0.340076057165948
0.292704965777674	0.402614498695228
0.315914761682077	0.478487570200703
0.0480923863727666	0.2411389284312
-0.0495292247131631	0.213553900450172
-0.125941108376873	0.578578087213751
-0.299393812413286	1.56672717023793
-0.315762775980929	1.4631470426334
-0.036174910760831	0.108097413782885
0.335000471824148	1.82518469444891
0.0772665857784717	0.226988705291049
0.0745610411152499	0.206179168083165
-0.174973359468242	0.579647614847781
0.106608705159616	0.19250019823401
-0.170189585620657	0.326416820397669
-0.164569950865822	0.450891745251447
-0.0907236341569287	0.162836519087111
0.113492837944286	0.148844730478802
-0.100891988761425	0.096605225971712
-0.163506410401505	0.15431565954622
0.168486345799498	0.179401743983962
0.217365382892048	0.213776483289066
0.0348235338934174	0.0287973865298446
0.067966314700221	0.0517930203001527
-0.00722052322699966	0.00444466245934189
0.249970130117753	0.288122553034212
-0.165965139185895	0.167971029285897
-0.304611967568007	0.425137642758347
-0.204759633137189	0.194656195150369
-0.626988016380155	1.23380746843989
0.499240564917325	0.909340448124941
-0.187658830234286	0.269720652218216
0.649346856229586	1.44053982655789
0.361201027323975	0.641881157021385
-0.0421542035420024	0.0503919755204393
0.175583855354128	0.201161271806141
0.820446379205642	1.8289598116692
-0.104190397141711	0.105472818684543
-0.117474855559464	0.101985246075817
-0.304931745025901	0.41992417505813
0.394480906661016	0.619979112923725
0.335788930841211	0.481100720481719
0.449637534938688	0.560710677688312
0.0896036654844834	0.0927383918046554
0.256010680398026	0.355572187608745
-0.368946990457233	0.524892435806007
-0.721737506961698	0.806069605859882
0.360324989448487	0.514159949933145
-0.188979441303384	0.247208031066581
0.159168628612312	0.239028668879613
1.15363915218946	3.82981264802729
0.0838196721488862	0.10408774482867
0.196270399579537	0.274180545028338
-0.126592352001078	0.156163654457666
0.127978442930913	0.163840470918127
0.390024033081991	0.657755332976849
0.291577840175653	0.431236799174643
-0.0576556442557506	0.0614913969822412
-0.332314752047532	0.399733652465325
0.518221585137376	0.551062329088007
0.178756251203884	0.175591650155763
0.244504880840409	0.321892249026777
-0.565032776866709	0.597739137338506
-0.0593663036128412	0.0413309195323331
0.0936517383160614	0.0590235501167367
-0.291642421423567	0.223693810380424
0.0590619186899868	0.0448867691479688
-0.200898396750817	0.178975909854144
-0.505377259353359	0.650584929005074
0.267958146696626	0.303125341479227
-0.51121881301442	0.815176240972918
-0.0333284198025918	0.0363783954501909
0.159807167553002	0.170135326944252
0.1834716897412	0.220783232394591
-0.0849857011164289	0.0950172991866646
0.457825488758551	0.616605591788802
0.774694794154124	1.09938867096191
0.140914049536498	0.152397719569794
0.591875807927462	0.749617043939193
-0.179307381758569	0.175231037307251
0.0990130105255515	0.103590804257808
-0.218436613118894	0.254180703738698
0.753717137394057	1.16477837496906
0.496501151003369	0.86376114856564
0.0629817083649	0.06598465650737
-0.338935102127821	0.474058895015574
0.146310618673409	0.184752559564368
-0.581260792546071	0.899679482122359
0.0657007927763362	0.0534356060568102
-0.14444389525055	0.153365550653545
-0.418226957705784	0.56980943138186
0.663229311143539	1.03274843260935
0.187377726706952	0.247997243910881
-0.232796218293471	0.274245956130792
0.32548525428868	0.36565575277335
-0.08635348824629	0.0828116579570486
-0.0537754162139998	0.0516540195179884
0.00658759207230134	0.00678687424816667
-0.152999025190651	0.152930311343345
0.337056566210298	0.510653154755568
0.528961837407959	0.971317258344578
0.185590409677494	0.207805778616231
0.00946215091408176	0.00888655802445951
0.590852032393478	1.13644018295893
0.327554638908467	0.476098007468343
0.268619192302838	0.362672178365238
-0.0231690035392726	0.105578533436943
-0.0729603773470611	0.355854031118431
-0.139549840961326	0.695776679284173
-0.193849805393576	0.625031731874906
-0.0489786065453256	0.184306432279853
0.33459434995626	2.37166837338717
0.373885145525856	2.46615048554632
0.362065394293249	2.17814069612833
-0.148862144587448	0.556696181157452
-0.234821026054588	0.673306951039287
-0.295215427641208	0.953615994657162
-0.30200849841768	0.833833264163887
0.111220249497211	0.16068757515927
0.151065328103976	0.185529072883879
0.414331171167658	0.64411432241938
0.424989537422365	0.643445657234267
0.0771681682835684	0.0822186525044105
0.401677126319325	0.561231770984291
0.254155158391282	0.284911743290678
-0.28434298346367	0.259738968486342
0.312346423227212	0.409837763661868
0.263199091107236	0.349358968469678
0.643356563672488	1.38108604348671
-0.500996880968949	0.694556359426259
-0.388869428898259	0.687329035012135
-0.0739782148118544	0.10062299213942
0.142990569980481	0.221033090549843
0.975552083924725	2.63870813342683
0.0857741741427535	0.114977361022133
-0.540083218527057	1.20130667766536
0.329986656704508	0.535731549018841
0.26909986076136	0.393138927145153
-0.125145535886496	0.135877802276083
0.524675848042262	0.940127514828365
0.283505781889491	0.411097350314322
-0.129801341919328	0.15843469949363
0.146825681125238	0.183207894975276
0.256186206493852	0.337903047649686
0.197445943617829	0.281233665634757
1.1669767638	2.63620570628524
-0.309509627023751	0.396516612599356
0.445597172880614	0.641040383966222
0.122203204411857	0.160445988840458
-0.493061866465795	0.907720259941862
-0.111814101019395	0.147963030655586
-0.0827970210879089	0.103109101014735
0.21002261552937	0.287498064897342
0.834975964782599	1.85483467917863
0.0709579530719458	0.0834959460116566
-0.132234366976028	0.176401042331947
-0.119951652761105	0.170071143813985
0.086037922891622	0.103203840253731
-0.540732816241063	1.01006734363856
-0.190349318929757	0.2212077006459
-0.201633134568885	0.212074456169186
0.102339808650479	0.0947026012417903
0.0197978772630953	0.0211308797785713
0.166738866062767	0.17289111882648
0.618884343299196	0.713263706921206
-0.0393601842056815	0.0324075894958694
-0.371891065162145	0.362754146932023
-0.632169548537921	0.899126298015803
0.105389702680006	0.103229386277288
0.28141481051941	0.294774315984967
0.701302552883312	1.13773257371389
0.555687220476349	0.991716632047471
0.612882947272496	1.05933975757137
0.0633854137975878	0.0708832712536251
0.317918332473417	0.464161224004089
-0.199208054910695	0.258020573713525
-0.442788802485642	0.676021456658664
0.264856104270681	0.273988387091362
0.27201112312086	0.312499075715767
-0.413392985572038	0.486353556007919
0.35153578724396	0.469008929326927
0.542978886550626	0.820225740667661
0.462734072265337	0.632070845399133
-0.551791857973593	0.988989595996259
0.226532843942955	0.289398645193028
0.0650646809111568	0.0704811121929856
0.25627197177877	0.318993396505247
-0.0922175343130941	0.108639062010143
-0.274500875042095	0.366844158798712
-0.562761839267488	0.890755141880918
-0.0210751683337564	0.019439847831229
0.754702392757094	1.08154335281951
0.341606965145563	0.479714752840309
0.384874317611451	0.548060974161961
0.783735436971934	1.14037326944995
-0.165869168590878	0.162960080610466
-0.345659781303555	0.505869351330192
0.220790289071532	0.232007134412894
0.236022719486127	0.285452754337224
0.409616424941631	0.547136450932983
0.261166595998485	0.326159799360269
0.409757787464935	0.53867595388274
0.700038304772596	1.21822477876652
-0.659519863197615	1.10882355194626
-0.248196715300938	0.24953215919788
-0.0232064890358619	0.023500488763212
0.230924944143029	0.293617477554266
0.204998034183727	0.183407843900892
0.406892865129239	0.535279431211427
0.0765274609802972	0.361796593142045
-0.0088379253864425	0.0346173773871279
-0.0701022612742603	0.216653174681684
-0.165659907176435	1.03752690189694
0.498987510264182	5.02036410848354
0.359472511763573	2.61163575388648
0.15515532499885	0.703834051452891
0.0098714561066769	0.0270429541874198
0.0170969046559308	0.0376573454342655
-0.0926511352037638	0.242457113285098
-0.0453383081171843	0.0944447327920287
0.161822973409401	0.33667205772826
0.427215092594094	1.03007866763066
-0.164936175645281	0.243620730115531
0.441579393605712	1.0038837813426
0.332083758810723	0.577799528178863
0.536873944738016	1.06009688186652
0.341270768486388	0.558691833529509
0.0236497369566027	0.0222488413350134
0.230222427022352	0.308147297800473
-0.177182261868771	0.274614436384417
0.24455724313248	0.410002471678367
-0.0973578925962615	0.129568456819428
-0.302392938322394	0.543838177174309
0.160522466572279	0.240383075701025
0.79643177236859	2.23973189624372
0.349977087901611	0.546120291999699
0.189927650450703	0.278355910821148
0.21356457139673	0.349312121722452
-0.125178386639515	0.192836646027951
0.0594366656707557	0.0803233377100601
-0.041908998378784	0.0444921205598901
-0.041240529978017	0.0526227013407897
0.103017439475587	0.132623793201219
0.244206784552249	0.377832003461051
0.299187384540391	0.475305514349782
-0.368199874939543	0.573199294085004
-0.00759501062782745	0.00859385969784592
0.214050656240642	0.280576212971431
-0.455952028263268	0.791518051019273
-0.0436865969621284	0.0466629757861004
-0.0680424105933793	0.0796102529562846
-0.0372278611536474	0.0437101910430341
0.371094495169249	0.528017874741173
1.13527572180992	2.61956955756026
0.810120743483612	1.55822404166204
0.261797801611239	0.279606606183588
0.700245464236233	1.18715839994715
1.00763577359288	1.95680628229737
0.749423468523901	1.46954222909224
0.250581100018008	0.317362264962425
-0.0829016370487254	0.0840589177443486
-0.0470306947361702	0.0536310765911416
0.361179361100033	0.518328602155892
0.172443414272	0.190370761652545
-0.209964103340755	0.264531368651527
0.191028474168289	0.246603956977774
0.351573362742398	0.555130167392405
-0.351032900877312	0.487342531721507
0.0219690719586027	0.0201841239644622
-0.656049623364583	1.24868523906898
0.279460287700433	0.340643024885547
-0.640358021550872	1.26267550450037
0.149386765157249	0.199182718037169
-0.280994982145172	0.361130184448802
-0.0391397259693698	0.0417278440991803
0.0706635391201681	0.0893893174170777
0.247876498282043	0.347417957111058
0.264324478312963	0.33773900844157
0.271184989370494	0.298012795600216
0.0855158400764335	0.100057973818511
-0.119854777529334	0.120942775419889
0.5019591631069	0.715607097604606
-0.601053116850695	0.953299764688088
-0.00624925514624103	0.0053005170989502
0.271086786627168	0.316310569847567
0.0558062502490856	0.0563168106101286
-0.0348973477083091	0.0317874807288577
-0.150606643958758	0.137522638903913
0.832868801090779	1.35396459744613
0.736772957901813	1.01782152906406
0.314870168024133	0.388983045545742
0.469438046756299	0.717380439811148
0.259949348992179	0.309189350175272
0.520339483861667	0.632538365176041
-0.57064965961308	0.627784819620052
-0.0823174950007525	0.0783028666491422
-0.235930284881607	0.225932603486405
0.0327549163466031	0.031345602526787
0.136805288995659	0.157492257874287
0.372350410109723	0.467402551141993
0.596077910539972	0.986819263315469
-0.447551651336434	0.486584142393576
0.0608092189121509	0.0447599652459328
0.527405307868972	0.815643022182973
0.600528934750094	0.833472593529851
0.825469708445867	1.32713316998399
0.217835155971983	0.228083444201334
-0.435910469039609	0.618719384193417
0.536344719747878	0.708757722671695
0.158725592279068	0.16871897055836
0.313633087076141	0.416360999027238
0.304880375396608	0.392395331854885
0.0897568713276047	0.054296759055987
0.098846812724005	0.106057808090762
0.444696853299212	0.621166913873619
0.487827032353963	0.610048773104554
0.0043024868352139	0.0168861794676228
-0.0837487744435786	0.473352623727568
-0.0774737155168219	0.378496411972639
0.464061066188255	4.50878986278859
0.392772756641477	3.06057243824963
0.219428412550669	1.11472189022564
0.0389503018526327	0.113027134780569
-0.0676873776620566	0.189415286561694
-0.20856379321728	0.731533976423812
-0.183819693983735	0.464146093464078
-0.239219946886158	0.55755927359952
0.338790578958295	0.829575469055867
0.294579029776525	0.602983534592493
0.343385679382478	0.751039582237243
0.269874351737826	0.503145236260536
0.549440947391425	1.40502074450433
0.377220334623998	0.723026865259164
0.436689899047655	0.733165761447999
-0.053123689639165	0.0712731183242874
0.599779752453931	1.53855130093308
0.438777570959907	0.884259751245071
-0.543025151378365	1.32189643025013
0.318284217448405	0.494394456999029
0.2494407698443	0.382458335799345
0.746049709942996	1.47864180725162
0.21589689191132	0.238663271462086
-0.295443958205314	0.477622845286926
-0.206186333563735	0.271650132109659
0.165474773087889	0.302020848197533
0.103066165000818	0.133794696683944
-0.144259559263179	0.242668272257151
-0.294417756387744	0.551719581668926
-0.595087211806024	1.25514124432211
-0.115289372315261	0.146103735776938
-0.260705947834958	0.383383731507695
0.0541595169918654	0.0563630546498721
0.229357805934612	0.303376413254754
0.298846938930217	0.397196909198652
0.420960565194117	0.806842565502991
0.0218542046006293	0.0298847711969515
0.229323301939316	0.256025668683226
0.690770358097997	1.14602301190154
0.641776080643821	0.927500293813269
0.552295747096418	0.739376672121299
-0.0354218040292071	0.0253984053010261
0.276630050212452	0.259022348942983
-0.407611334703761	0.370994685698476
0.847995536931606	1.32506934970775
0.0304025020912129	0.0249162618165028
0.313607055330766	0.39187320226546
-0.310295720776902	0.375493186098697
-0.476183508751129	0.808534172287818
-0.645517094291139	1.18583399159138
0.692146038659942	1.43144280349728
0.294810059658178	0.395168735568351
0.0951488082918856	0.110482089702838
0.410874450033049	0.691463247073388
0.242393355492724	0.346591705344964
-0.191401063203694	0.258010715785081
0.485788826254769	0.795669899154665
-0.813178883628907	1.8162327996605
-0.148264735442715	0.211905850817082
0.193829281503002	0.274516784947931
0.550868682455453	0.730081756101649
0.672322016292577	0.963962894734834
0.215402719375732	0.270749484265387
0.274474627122219	0.285722963989978
0.663144801112829	0.709008360701252
0.225362955608322	0.177056298194678
0.095461393091842	0.097448367573404
-0.292604430215536	0.272825157279359
0.121005066623282	0.123109613677103
0.169700985333463	0.167502665601648
0.224275606939438	0.221301989139822
-0.589695028369175	0.711671460453187
0.473182307404845	0.634470781907181
-0.285927382314025	0.265450750038336
-0.889551689586359	0.755905399512343
0.434683474263338	0.439172056708565
0.938316499893372	1.05310895373471
-0.195500093069895	0.174338963623174
-0.0802850430148147	0.0949120399605514
0.657097702122387	0.834088813979502
-0.0780887720930208	0.0526622128642056
0.329187847010757	0.243452584789798
0.606801552835511	0.6713619792228
-0.328174549707082	0.251511326093641
-0.821255077551184	1.14747015250477
1.03403241617702	1.90432222460752
0.810734231884987	1.06270111331763
0.323585406144486	0.261332592753947
0.335276389655497	0.245422528673598
0.926969945091319	1.12463744625923
0.150623313515386	0.134816503363072
-0.342085676433166	0.317469767106166
0.0274594469340193	0.0225577045794885
-0.109552016316268	0.081781372361231
1.06826780176547	1.62991651534854
0.148720701096169	0.13467013967855
0.413724640905341	0.443987540345114
0.0874277762797929	0.569316540576127
-0.0231850439442547	0.101608251751632
0.599418941363028	7.65704980613735
0.467562926654987	4.63654061750049
0.280936657046929	1.89001377522941
0.0763399508527206	0.274141632204352
-0.0555726040707065	0.195217102691747
-0.2200631290455	0.804160892930911
0.205833533602394	0.616229017299663
0.112531496207839	0.268259007072245
0.172777991665641	0.452787329452647
-0.00316324423624142	0.00532416584641436
0.0525733705605142	0.101729064940529
-0.0623274586326245	0.117599072316139
0.329566452514995	0.789442086618826
0.487836460739455	1.19119256774871
0.193361953806966	0.361505192438614
-0.147826843814407	0.30839970066013
0.0378840075341016	0.0585719365542876
-0.038869644396366	0.0727374876833916
0.749771857682112	2.14703973498412
0.341531383087377	0.438325567997585
0.086284837625451	0.0864780300416526
0.136725804859784	0.157902965497811
-0.162031406219023	0.263229306423123
-0.883467845217688	2.27200569090157
0.158275346488055	0.346383108915579
0.318840564514222	0.570889332998469
0.114757303421936	0.233109433842325
-0.444030647942825	1.30114255623687
-0.511384835323304	0.956277889627233
-0.332192145282278	0.594490531963662
-0.280948759427194	0.485186235774568
-0.642280906452102	1.54174348600657
0.175036062040528	0.276582093786611
0.681250028088131	1.44295999640318
-0.0850797817595903	0.13017556354149
-0.170276372982993	0.362608727480625
0.129535718947761	0.16366962482605
-0.0441110914413076	0.0534747331323061
0.0291154698439823	0.0199775537904915
0.0309610457237853	0.020196197481876
0.353180969502362	0.246324398476566
0.542209490314529	0.472594606309816
0.291804719671871	0.250945426258269
0.517695925967242	0.468969628556828
0.321581233222462	0.244246604867976
0.081959187574727	0.0687159972109163
0.0666240738892707	0.0522052200212539
0.164911840898664	0.238747351931097
0.102144281962509	0.154079625592687
0.16176904403895	0.266693875571088
0.0635024597649406	0.0748332261395218
-0.0236410266003482	0.0335290571913189
0.434840863604206	1.1826540835522
0.196239368410772	0.372172562254568
-0.290514616845118	0.595203378558018
-0.37463348097581	0.697191364536786
0.209702566831466	0.364323199277234
-0.0129665382873933	0.0162936686651137
0.0504485169611698	0.0681198318087743
0.439325765094684	0.454873030159347
0.157609282764579	0.149162353311857
-0.677582484992456	1.53412761598677
-0.225946344247492	0.278918631060345
0.344184138546428	0.366926523823342
0.076295782568373	0.063483273946515
0.202272263090818	0.303721206272262
0.100947960580101	0.0913050851706649
0.134242072350876	0.151613225631505
-0.35809381520748	0.495403998036713
-0.404456426025075	0.426668734418367
0.732484097062364	1.01762147687871
0.0633916827090204	0.0772868371581235
-0.0484051858746962	0.0272047483481234
0.215586594661641	0.1522946156784
-0.369933452573827	0.23901991061362
1.64844222992845	2.32956695319783
-1.41787205756905	2.1500224472189
0.417210827990707	0.741103441220655
0.551919381335665	0.846603859223731
1.25249098321958	1.23496242186261
0.389903766586688	0.244253988381217
0.332732029090555	0.245800459143963
-0.302637631670557	0.255542243163811
0.39200012224064	0.511303360204144
0.739501713391356	1.18453808549633
0.223851460249918	0.149636301954913
0.485494054647377	0.357391123379241
1.45198573956192	1.60913587449819
0.116133359703684	0.0837240664355903
0.222417461349734	0.156083040282276
-0.475669345384732	0.458821596380441
-0.203912914367145	0.165253483979361
-0.0840550466491509	0.0570157252141043
0.960798524685012	1.16538471985172
-0.0495398556707234	0.266662666578333
0.460530697147539	6.02380867149436
0.30129662069522	2.52734199782327
0.139681676516701	0.748685133226504
-0.219389562097752	1.25880994911415
-0.287431988236783	1.54005763433529
0.116852682328696	0.245518820045464
0.347788505087403	0.908975063365283
0.431172743691518	1.060921151577
0.172845434458717	0.290279787169726
-0.0371661315191991	0.0576562035617783
0.343334352313812	0.732220336189334
0.289455152980218	0.513119374147522
0.289650372171648	0.41785930996185
0.554437361222286	1.2584170977356
0.171583731527725	0.27095244898753
-0.102853752502797	0.167426593808007
-0.0852493179519613	0.121255025818221
0.0736248345910753	0.10901045399933
0.525437658392337	1.00960962792058
0.63175419111876	1.46989107518904
-0.189689261557179	0.268321854795099
-0.0949455666393599	0.13888488932031
-0.13809169587322	0.214978197504694
-0.266286744269506	0.528394441506546
0.175786459659531	0.28579063953305
-0.201439659131018	0.372290964481731
-0.0399746893139349	0.0569782181715145
-0.221398517826008	0.341094179762198
-0.030992787589355	0.0377070453799143
-0.236619982163038	0.401011016340208
0.248237258164838	0.380294655485703
0.379645760705599	0.688584175617017
-0.129662214804665	0.149169853959562
0.0273349545552395	0.0313318698480197
-0.391314620212965	0.741334831097251
0.0674084906704351	0.0732413539327536
0.840176364682978	2.13741182313613
0.53434171815313	0.883330020764962
0.502593256605649	0.546175986911791
-0.0424154258247109	0.0296585201075266
0.215865436060921	0.244794248364969
0.0990674722543431	0.090995586970198
0.221612856834538	0.203131105148673
0.493027957913546	0.707151861227343
0.666695375990725	0.957698096829697
-0.267289048567868	0.291927833962253
0.177242344503096	0.209504411722778
-0.389256912911678	0.667163490545564
-0.0950903476781275	0.110759200808327
-0.281710229039294	0.377456707178588
0.223432548311965	0.288594038842162
-0.289736060806226	0.42179126751203
-0.0556056686752535	0.0588128635169183
-0.198518532409593	0.249215410106397
0.339121365649645	0.529714937052921
-0.361120886530527	0.581016177360393
0.412409198562833	0.781095225195892
0.402465441754761	0.733895148860295
0.0101900218508533	0.0082041940672201
0.453167474763391	0.66632103906604
-0.113596794928411	0.142949782051779
0.431824468047665	0.626735671460076
-0.0226552308099571	0.0211936858559413
-0.0675869329781631	0.0546197860203195
-0.61541136542342	1.03456088176638
-0.352416622076429	0.419282501298222
0.181349972040278	0.199033609518084
-0.460111491621964	0.653400618996437
-0.406276786919745	0.436611307393759
-0.139468053800707	0.116689407463173
0.0358297297980596	0.0405444119764223
0.382946846507717	0.443738890781629
-0.156908385901851	0.145232659719811
0.0349775320439804	0.0287614577616111
-0.02421141224952	0.0177410154424099
-0.348719516813629	0.396965477269585
0.679828880530164	1.0333306025099
0.272491448756894	0.302600883697242
-0.062643503975209	0.050191536105992
1.06719568936908	1.12608364160954
1.17895576209738	1.97167213115034
0.408732191891549	0.437579318406807
0.504308110317336	0.643654276759712
0.219671069290076	0.268569281577722
0.351832968479966	0.356779502538909
0.442005918275159	0.524221983745241
-0.616074359204173	0.78703163278792
0.0700965927736714	0.0554051193044518
-0.263629645070998	0.250784894750969
-0.313464947223396	0.289174299862322
0.214176332926772	0.20007979295172
0.480068445618857	0.644925728774229
0.0245654238006937	0.121576361266076
-0.174106584854676	1.41369054577343
0.106340057379758	0.263655967088383
0.0926343027928157	0.169752602279864
0.333351653118145	0.792288464051351
0.44279399246378	1.13458856970523
0.736130438952482	2.36378028670858
0.128062233433319	0.204471519420869
0.0200044840183352	0.0241973119073694
0.608361577706745	1.13335724137373
0.651223504707395	1.74944784668809
-0.479350896536533	1.1629889674639
-0.304664182191352	0.606280386409823
0.0708889173537191	0.0901923423474658
0.200196309242086	0.393550509635823
0.585239989653518	1.83987466288883
0.485930925423749	1.07818283216623
0.50195087227843	1.25346432301468
0.341120345924437	0.759487490910947
0.280008646130949	0.522525543206238
-0.0759148801647565	0.117652960046572
0.224755351403707	0.414037456034114
0.277457386114918	0.507555761470657
-0.076537312233435	0.103297267397811
-0.0401144429236477	0.053636914387209
0.156092258701653	0.238647639813261
0.134300972500982	0.184645111361761
-0.320827358219541	0.58474845388276
-0.0775189384339453	0.105594120392515
0.212416671573656	0.361209615184417
0.122912697613695	0.178184885006283
0.102245366523891	0.136787682205195
0.0381677095800019	0.0475118991873349
-0.476191226699186	0.895616572338477
-0.0857864655594719	0.105775385740085
0.162144049411299	0.167924348382695
0.938563495760974	1.5278669276534
-0.0768067715981946	0.07979601664518
0.496230146936278	0.730677599137329
-0.0772726833513652	0.0676522868418073
-0.151440721266982	0.178445129099505
0.193753688767086	0.285739252772887
-0.360388059525714	0.634276685309961
0.359353109395283	0.576819956721549
0.807264612040053	1.66230134506111
-0.451352027799823	0.71557444828253
-0.20516546186309	0.33016830408762
0.0816485752686719	0.0924660512338588
-0.0459328763413565	0.0455047700949858
-0.541284288323462	1.03367553132312
0.750440983728437	1.35847447053957
-0.117995625301636	0.151764135074303
-0.171333760391697	0.227706669609521
-0.105114926397739	0.13705370840121
-0.191060046323465	0.281341418206393
0.399437525794647	0.652613777947456
-0.175454408079784	0.236094082706264
0.154421062491942	0.194218648652374
0.095306688473387	0.109456961854532
0.294300879278202	0.434631354300342
0.18224845166636	0.195354864053384
0.045592066486317	0.0455217400785558
-0.164718749903115	0.18716357846183
0.481651663688361	0.699008631615689
0.517780017312723	0.776545675679374
0.22606452362819	0.293387673607217
-0.0878775687293677	0.0898461663492432
0.260348282348844	0.358875525775243
1.37764722167625	3.06137212449879
0.399889024476547	0.44459444217871
0.507346415626472	0.600362520973074
-0.104375299609783	0.108227787292769
0.377716098646517	0.523004154681719
0.649805484053363	1.35288269317277
-0.00123946034986699	0.00121584422134878
0.145685637834009	0.126359870572872
-0.78544434193697	1.0815020052774
0.868849579035005	1.15255157538893
0.373194592701865	0.360403863053273
0.377320513586554	0.613165674072536
0.806044169895054	1.24235725234089
0.565231783567147	0.570748259651646
-0.07276751966792	0.0634675899157681
0.449744758466846	0.554337653569578
0.1045747745624	0.0990509953005757
0.0799357409034351	0.076527496067041
0.452313145042535	0.548279502161528
0.11439239425912	0.110712885868552
0.0607849852758801	0.35852831728601
-0.068404231906247	0.371996141558188
-0.447607716592442	2.98423962182795
0.0831959906401059	0.204702757352246
0.455876238820711	1.63911416012516
0.132635769428898	0.270280350121444
0.343058969631713	0.819044058808603
0.195441549744228	0.38888579153578
0.398774020119504	1.04486314323621
-0.0816622218699758	0.118397468338336
0.298585534353793	0.501526336444628
0.240311034993627	0.458454390410767
-0.204690665853912	0.431415458267978
0.0357873137817155	0.0573436048807668
-0.209157940236371	0.413181516753937
-0.0505202149803737	0.0793226322083286
0.292095511652568	0.611606056002687
0.14173065292544	0.223564816307655
0.125202209200806	0.206266712136716
0.0979379725919206	0.166506150277632
0.490399565579	1.22519409146046
-0.0400267549966421	0.0628877204883129
-0.067627915960092	0.102185703657927
-0.297183073738669	0.590460977689092
0.14774318445326	0.242810154227824
0.108324487181015	0.155129843162539
-0.0673602812233717	0.0953238723708692
0.290727825846703	0.524015176921496
0.0938515035335141	0.142461075717267
0.388113102917057	0.832382775732136
-0.0176036229854623	0.0204180443996285
0.00318414145580838	0.00441361394503734
0.0968852392998954	0.149253305002947
0.2666887969179	0.463841203633983
0.363665581213556	0.656133049221
0.148802533513799	0.201726813683716
0.305965676813355	0.383738578745497
0.3196120637428	0.388886467147433
-0.8663744469982	1.52863798177633
0.214189456122282	0.260427252278748
0.159623659176653	0.16043824876875
0.536288744346444	0.95571955806349
0.109262340295528	0.125164340702158
-0.226146308460541	0.331269129113865
-0.27359475177022	0.41700196131239
-0.612355374718974	1.12382807824602
0.347664712546007	0.587928276590439
-0.000446926518266185	0.000334777409584232
-0.209189903281788	0.31405444974131
0.47177827613434	0.968435400252673
0.307557014595291	0.490842065303411
-0.650511339065743	1.3603014293103
0.0329260662006557	0.0404653433863799
-0.344945230613754	0.629196429671018
-0.29129686076959	0.50721443662221
-0.0181314094751447	0.0240176795211344
-0.227316825425125	0.27859800110727
0.242332977081294	0.34675336969047
0.329800555516314	0.537702886871945
-0.205337445788635	0.293218856698769
0.741158328374864	1.25497609937525
-0.239929023346571	0.281110037390426
0.393717045274432	0.705758125754404
0.398968826856404	0.549145697839541
0.393369203268543	0.615773314377003
0.214171506679739	0.298509306158013
0.649069685025088	1.27403484301183
0.152656906646366	0.142548365209011
0.442553824841837	0.843581382174651
0.449604346986639	0.547612559538644
-0.141680107039269	0.142063490406761
0.220654220641578	0.215088964604649
0.433506964883454	0.528024189071206
-0.0685754236711745	0.0763798154370417
0.120936286643129	0.132170771444412
0.538269366214701	0.823473016123749
-0.31838377926062	0.315327025759637
0.537660075783257	0.647745081226978
0.489768622000348	0.624962005096932
0.614338085444211	0.593824223979115
0.401437810042157	0.356861250597266
0.0710210327781878	0.0667336807326794
0.209746218511591	0.199763573220557
0.278772413834358	0.284641549272728
0.842066715790459	1.49850802681304
0.00570094632043215	0.0260696893377828
-0.123185057130477	0.796779830791716
-0.110190192886306	0.521914302155506
0.0750135251346872	0.265954161860703
-0.376330579648744	2.63168011400419
0.18481975024678	0.589113566289371
0.450558159736229	1.92026221994321
0.321698680716324	1.03534074993904
0.185788863059047	0.399615404244643
0.830483772929774	3.67531985913002
0.385414192600605	1.09279267514876
0.144364277669316	0.245242112214709
0.179686304096275	0.287071317608919
0.126878933709127	0.210151174909363
0.210583629751623	0.49954354234358
0.227650397720047	0.52891009716399
-0.0317443282634656	0.0508608946100274
0.410667188116572	1.15279848903639
0.52736213886605	1.34503176275137
0.214540967901932	0.388544331530137
0.396912594861484	0.90247812366554
-0.281537534334043	0.588242620647588
0.418869101669792	0.928036834915966
0.348590470479817	0.743787651489222
0.0832570976591595	0.127396003493942
0.342354971977508	0.707248242277077
0.0928102868367974	0.120374732533996
0.420423518523905	0.79389933541419
0.0985355616995555	0.135262458296809
0.462601859807687	1.0442963076384
-0.0319730256257836	0.0423501792857085
0.0801090194848188	0.12236239753104
-0.0162933053205575	0.0220594229095174
0.149928451858725	0.259542272725705
0.00162041580692893	0.00216916119349465
-0.496511584300877	1.05946405607254
-0.217699105949703	0.358569842855569
0.578598075697615	1.04664719049789
0.0542650960319281	0.0535677353333399
-0.543177724380403	0.754851713445547
-0.739635293242474	1.0181508941114
0.0624394652012706	0.0582485746927928
-0.173893648718938	0.181362196405568
0.949914869341332	2.09034981655431
0.252733911619316	0.402219049377799
-0.0992308315222064	0.119092505600003
-0.465797071500695	0.827905148852269
0.117804220111562	0.147118101083303
0.0129136856456212	0.0158550984317778
-0.380276455610891	0.685436213599421
-0.0161756493199904	0.0200160108054978
0.0717212157375789	0.091044492589816
0.325586020200059	0.495165837987768
-0.121996272974562	0.156908821168855
-0.142178493268143	0.181629524982896
-0.184649702680193	0.290922668808131
0.115230385745157	0.161709491129076
0.210416823534329	0.33086952344006
0.213869784474794	0.328192614850378
-0.535988391763625	0.931366909248256
0.130883323330697	0.179490110928864
0.359902863657733	0.568891600500652
-0.133146150542709	0.142415890744845
-0.693545569615703	0.956065362522795
0.744756916412398	1.89250922656132
0.188685216358865	0.261867486269689
-0.215675403360486	0.294990119208396
0.167002409939035	0.239730944868391
0.268391689220778	0.306167270240309
0.372030066826163	0.460631187695963
-0.190828593097377	0.28436531352092
0.0899441205939657	0.0952612051324692
0.0359283636481528	0.0309863991139762
-0.2359528796581	0.245841412683747
-0.160292718938927	0.160734073564668
-0.124674319795473	0.127259728960325
0.0370274028116016	0.0394500819327209
0.254327972257685	0.337934185529611
0.154103937191204	0.134199054753661
0.631518192961061	0.683555696410956
0.608177949890553	0.768909841972075
0.301084162911657	0.269212950232179
-0.0608618785359899	0.048932157326919
0.339509940346305	0.347829871507933
0.216063475264705	0.176301045142168
0.0731819083265024	0.46049011818285
-0.0739640085415897	0.395074833304099
-0.0382575351004365	0.146309613578187
-0.277609303483655	2.07065677724718
0.0836561969546045	0.281955171463966
0.647085660297051	3.59173633339457
0.501340525628166	2.1129694797646
0.460597301659341	1.61714373467786
0.459037489246342	1.45502332654218
0.459456534631755	1.49030314741658
0.64163303801569	2.11898202955144
0.50303163567679	1.09903215220774
0.281032833422641	0.682752886343059
0.109288489661115	0.222944210439919
-0.197775697935117	0.455110273975981
0.211238893874252	0.464464709233979
0.27430405794638	0.726835359313522
0.238280739498534	0.572011030282046
0.890880243341549	3.65032543539719
-0.044204604265535	0.0730439325115442
0.170690627601008	0.371098458346114
-0.0387008464781862	0.0572555594131839
0.344202104050847	0.797341574342462
-0.0288701778634157	0.0447821323324966
0.440424042937722	1.00749085316252
0.0931566669766223	0.125957163764534
0.507223789275211	1.23717866886871
-0.11918500872053	0.193020554285197
0.314204575922244	0.69262486266178
0.201408523524885	0.413624258121935
0.373610895846968	0.971971926839995
0.285399258538831	0.62225288933382
0.413474043574237	1.0804309892028
0.234496741883362	0.459148684890954
0.407400112614525	0.956910861199793
-0.224812046181005	0.380321845333582
-0.258792673228612	0.421988763007071
0.064876220494131	0.0674187208014867
0.573534399959387	0.915906783831065
0.500187925242004	0.831270323883965
0.222520245997695	0.266252104369678
0.198208076288655	0.229562471614828
0.20096379368471	0.26690212933019
0.442451606713853	0.838840797977575
-0.160569041700701	0.240832335584782
-0.16057044238846	0.251192727474598
-0.439193393053938	0.798347490197043
0.0164376755068009	0.0208484722627391
0.0207925286976032	0.0299022966168201
-0.259170687994386	0.429227524957671
0.200182549093651	0.273147536714897
-0.0128511688183707	0.0139883084831192
0.187283458538376	0.284817966083212
0.248664573986199	0.429465557692515
-0.192199540914707	0.321189087066503
0.0298129431006715	0.0410212923435871
-0.170560297238278	0.275492031866997
0.184140603146437	0.273292594503015
0.582106524515032	1.24239133793072
-0.202694376347959	0.325399377817298
0.0818780744429083	0.106957911811036
-0.440067134677178	0.759705359483579
0.470146025907312	0.74264345363853
0.171553026107298	0.267588015486344
0.505141041409158	0.929056237518505
-0.234134447795167	0.355566313756904
-0.0713041735325201	0.082302281306373
0.285919248187039	0.418666286121505
0.498881651447407	0.719121964075818
0.13570967056782	0.208421382635997
0.622082744239606	1.054577459074
-0.107309433398066	0.125137160170085
0.171346841429371	0.179980961157244
0.356643951138372	0.442908518041059
0.377249918052537	0.561080930195471
-0.496896287031727	0.874011705858177
-0.473255601908497	0.777861206212918
-0.0822497860108403	0.0723249715273874
-0.287085549701786	0.300556212106351
0.574126036283852	0.732255101629218
0.300584190279538	0.265188819128335
-0.493267850192611	0.6058261699774
0.047503204927171	0.0459408337961017
0.0839440711794999	0.0716038835300834
0.382078457549537	0.39462266657503
0.103758636560836	0.746455810087231
-0.0639200382306181	0.353768482321929
-0.360637655728443	3.29557897130046
0.152719771695495	0.729580705729551
0.328583247784384	2.02019879342965
0.441248803760488	2.63894696768874
0.722848480021843	4.80540261812693
0.642021571182675	4.14089332979529
0.250664866739842	0.945758447939468
0.320800504749398	1.06602196457169
0.320519888339253	0.986506215741934
0.15486808749481	0.381358729864295
-0.0894095978501758	0.208789633905003
-0.098991166426656	0.207731742553804
0.236907105041289	0.767992851074276
0.337786653182137	0.797917906545426
0.523201451889747	1.21126850198788
0.1600351161486	0.219132430548388
-0.0122649971965283	0.0139336018914425
0.214222578177439	0.449350114471351
0.459111066581665	0.962396738662818
0.444059927494423	1.41780725950649
-0.0923888067839316	0.138853069051805
0.0920739373976793	0.177317301654544
0.0535914260056135	0.0734205751894204
0.43309682367942	0.845094399856251
0.391633561321997	0.803745805990017
0.232085235122119	0.464009048352613
0.270472354341361	0.525278150027846
-0.196099566893032	0.371019467467016
0.293464553733724	0.505275417908164
-0.210957494160608	0.466423944528456
0.123428141001163	0.279033931660944
0.140774723605335	0.200079430173076
0.45524556966429	0.874462593205732
0.697657998785365	0.970390285160073
0.211540731351742	0.152942639017057
0.973737430256359	0.911362923810224
0.781085909294111	0.950708127484092
0.410240621479714	0.240685244599648
0.210837792124344	0.160422819745271
0.403958491193459	0.453034340668323
0.162560440360129	0.159316583221969
-0.060796559094237	0.0614240448879724
-0.185321952494335	0.318191750819329
-0.257442874164254	0.516866067599408
0.547202828317007	1.48765232082357
-0.853875661894496	2.1478765141861
0.135684180220848	0.24319362781759
0.425331511563874	1.09452517354202
-0.0644873812060716	0.0994004421091984
-0.0430083420100699	0.0684795028718999
-0.143810230246003	0.235721897140148
-0.410113103070575	1.21387535014177
-0.155447927188193	0.284786985713882
-0.222597575572088	0.445803714718653
0.302483730498634	0.382948531225599
0.00660546906920835	0.00518673062164029
-0.184342653947596	0.323508302426653
0.317328609677866	0.48954743164198
-0.0512246283696907	0.045630741802892
0.939476969261297	1.2497825777606
-0.0291413153066226	0.0406590870950259
0.379954980312659	0.524063411112924
0.099120816558794	0.128458374058502
0.148236032481763	0.224446006444022
-0.344645040301515	0.430225668657463
0.423886421379832	0.459403226696197
-0.0124707711434769	0.015520315800932
0.514796351613769	0.546533546710652
0.113529580324567	0.0784450851155949
-0.0920790453253979	0.0628553675406073
0.0520871809606321	0.0381785296597177
1.05697657700017	1.69554944238789
-0.23528031117232	0.332540013142802
0.162228958293917	0.181241663347772
-0.219484785100018	0.148925867839431
0.465160461695666	0.358958518453983
1.27453941798207	1.09055893550196
0.767663450838871	0.520127639654355
0.210679419333516	0.132373023633018
0.0927818553855982	0.0552349477882462
0.391808482007979	0.347475402973674
0.0305738236969366	0.15960202401273
-0.0845017036049173	0.486856912033302
0.153665725877087	0.886760705312953
0.43786379961069	3.82621265089008
0.684777973288973	6.68879096052433
0.428395538270009	2.38471430418805
0.611681781352562	3.65450749013812
0.655632016849403	4.20790078215677
0.544028096150376	3.14372849197675
0.620828383810655	2.92658375342553
0.505980705717816	1.88222155418432
0.145983429241718	0.36178339687316
-0.0958843785815568	0.231626682721019
0.0926782432860561	0.20147656854759
0.106679161279451	0.238079993452613
0.559624023012679	1.82993380000063
-0.0039469051674281	0.00549853650632219
0.299443038919139	0.553179108402978
-0.0538419534925503	0.0761194129246713
-0.19825888041572	0.421078432239701
0.258361893568109	0.507575018206081
0.202685939090254	0.478953335033783
0.227016443273099	0.401053305133032
0.355605896197282	0.956582863172129
0.33599230642258	0.720061752299742
-0.191587942766862	0.307731259809895
-0.0303595111458195	0.043202896422231
0.0683810888039833	0.11383190401991
-0.185308048172461	0.348210584092974
-0.0657282260413539	0.109969768785718
0.193666908881681	0.313199723288244
0.0341303374309863	0.0541077241431917
0.250633144156104	0.624253346973392
0.112405937900989	0.156585896223659
-0.118312825811258	0.173401121982417
-0.457547947596687	0.593221452828333
-0.225108011626233	0.200068195542103
-0.1799285081628	0.13299260194483
-0.0983347189574183	0.0860655707818389
0.472853111295666	0.463274103207927
0.27719075597248	0.275824087273214
0.213327305220279	0.212020911709766
-0.720877599323903	1.1679930627101
0.256164914849616	0.371268128707451
0.155672084463519	0.245656762937169
0.251811276088945	0.487514600775277
-0.134110529204275	0.223670718858293
-0.626690804018675	1.58013703595735
0.202573189314048	0.375769163440472
0.47711142255021	1.26988315513206
0.115759885238418	0.184672446601691
-0.0312089709336083	0.0431365845259434
-0.330983332205608	0.717054304162006
0.163240922846972	0.309019570728093
0.434662412502383	1.22091830039927
-0.130699192429364	0.227660041935744
0.0248843747137289	0.025645852284161
-0.0718639041129782	0.0792427174674342
-0.290981791114652	0.564238169605615
0.190032531367372	0.263154957328608
-0.0993181296361165	0.100993968917395
0.625956129628747	0.827592331441123
0.151005582764762	0.252094233502742
-0.0933736017734482	0.10104860456299
0.631386213436765	1.56701254877534
0.113938398472097	0.167938671355563
0.100952536796546	0.110742373182106
0.145578300328816	0.124348622083036
0.280663565072056	0.524640166961927
0.407596168492191	0.460812961488818
0.0496218748440336	0.036840322677033
0.22077158919263	0.166804732625022
0.0891715685468099	0.0770599607265953
0.00245757545446916	0.00219877406129123
-0.0202366257513976	0.023139841606638
-0.263692785187452	0.323902705248642
0.0099301365159486	0.00624109531260889
0.380427922397345	0.237481758368956
0.218832407111815	0.138847939475074
0.641068654325984	0.49408972242301
-0.0455771886464808	0.0260336404138553
0.305058683724959	0.261758633111507
0.22098644070185	0.207860685787537
-0.0285442458478063	0.149851771887232
0.00841144134549282	0.0353952080823512
0.732653855958225	10.0432681099517
0.967352074504534	11.2984795101256
0.60449732405202	3.31586315027301
0.817024174574841	5.34722695488305
1.05228262153025	7.47252951643088
0.82266584235217	4.46266072025921
0.392485017148633	1.25696699041015
0.712115962894273	2.1197645390439
0.751111750728209	3.81717113724979
-0.0363102675492507	0.0734740753979575
0.278026113924227	0.907988859837806
0.0676249108321904	0.105357928601634
0.223374046056253	0.679393321532837
0.384544287819106	1.46328863418987
0.560716099263678	2.68326313067785
0.559037802873392	2.66977923897196
0.0461997467550181	0.0919226125652207
0.17714846576917	0.412820092166189
0.203035547355544	0.410908778366363
0.341116012683841	1.04043737050567
0.364342061893069	0.757925316275003
0.261609198193651	0.517323302403742
0.216603871862818	0.447095743560092
0.223780333965168	0.499282241933355
-0.0968531760413231	0.183273999078226
-0.17213818872661	0.376613806525369
0.112412991552585	0.228141345822735
0.0706655198955317	0.12976366090476
0.0701188729367549	0.119209295990642
0.123996179825845	0.207003664005122
0.0282581124095019	0.0442992403866248
0.0626996267252909	0.0923450037180555
0.0703746819015695	0.102375056863255
-0.157186838385286	0.220278708307379
0.637237464381595	1.11207240463683
-0.38390078735289	0.534086046568758
-0.336720036901316	0.489587870123644
0.401788818058789	0.63533283458239
-0.0663561932178607	0.0941230130658469
0.310169387123079	0.660349107306642
-0.131163061948826	0.226696099283107
0.0382820513063079	0.0535499912212191
-0.378051075908399	0.631046578326829
0.112202952047138	0.162022513948222
0.268950298556478	0.608517292876578
0.663693286439793	1.33748500891434
0.269241412149693	0.4021650577154
0.119706094849676	0.160834249570698
0.169480447935711	0.229132903967152
-0.243587286924701	0.407774883883637
-0.148369361089719	0.255168162707088
-0.175317472339849	0.349804770993373
-0.686424924431058	2.16627120027594
-0.130807866641129	0.218312073410952
0.156155482288462	0.293361522068869
0.186565108754346	0.323446485994425
-0.329357552075823	0.674184684757094
-0.054974239076863	0.0781266824524874
0.294257498322541	0.481759616519755
-0.230396185374752	0.353265450164485
0.126796705556516	0.181868737568415
-0.0455077353965061	0.0572890882373238
-0.546872862767172	1.30271340990882
0.0685134188662824	0.0805287767909768
0.0585561952084715	0.06732115025149
-0.250170508317779	0.481907127296689
0.00773591828544897	0.00902482988188252
0.406799678303968	0.633154374239382
-0.107013802637254	0.110932346583316
0.0178909124138246	0.0184344284691989
0.167032240895156	0.199726090993734
-0.108710468553969	0.138791932306794
-0.0370112533887441	0.0399717446956646
0.267166454452263	0.3136525482761
-0.301639048656862	0.260844283764863
0.117600782364169	0.124302717151013
0.264390342715124	0.351091748579208
0.00801683911136392	0.0385554405748999
0.189474565846878	1.69007845773201
0.28579414743584	2.66238173247641
-0.00496116715269026	0.0165556663893175
0.448683902781561	3.27451637923948
0.613006548454258	5.85218403767287
0.343247612335844	2.09482933604674
0.484879627020157	2.48350817267998
0.490476885326078	1.99403482425381
0.135869897926935	0.395326100511082
-0.0428085748503772	0.107786446030682
-0.109565482476717	0.293886730568047
-0.197744669014873	0.623672957258272
0.125199759236868	0.301017728666031
0.178338568934459	0.415571951611217
-0.198432376340394	0.439230364307982
0.215994017548049	0.513083176713022
0.143140671083488	0.342762090144821
-0.000289947243048255	0.000431393831441657
-0.205504739144803	0.491946935095745
-0.30260238649069	0.743164678437484
0.0788003186170609	0.156305193437261
0.0934498480540059	0.152685065163663
-0.0518724340160782	0.0800540967105373
-0.341078331080508	0.877298588636844
-0.0744441587567449	0.138485263196006
-0.0593899538078358	0.101281048996428
-0.134704362744754	0.265780411389908
0.0218915864997509	0.0335621998913691
-0.577971760158509	2.22026468773808
-0.215195501689024	0.576524128452731
-0.0819299895049424	0.120246712555577
-0.012324222647982	0.0153849500136466
0.373696083793741	0.550615450182778
-0.405218863605006	0.577868058318385
-0.305940119652637	0.34435392477634
-0.44434286081233	0.52152530727266
-1.48852370043572	2.79993681283448
0.380100089851884	0.453807173362131
-0.0766152298980603	0.0797866329395228
-0.307696364766685	0.538553221993758
0.095817173899045	0.128224472093838
0.0719651777514486	0.115305749034617
-0.233344381168773	0.445881486718588
-0.06377061947567	0.0951050295378333
-0.392775698244324	0.939348790741252
0.0222524285668322	0.0362036436273574
-0.354190562664127	0.881165039585279
-0.0585571522755806	0.0874482088031999
-0.0377436182647337	0.0560649630102626
-0.0404716513533715	0.0614867112103812
-0.368617181686756	1.01426064988499
-0.275689004161448	0.620782859991084
-0.19533814513938	0.357711359333796
-0.380409008456624	0.69052562275197
0.0560519506037366	0.0710122678868791
-0.224174752804721	0.442725334831006
-0.0604967520247757	0.0859368004345457
0.0298745166509721	0.0302265338909325
-0.150252678668703	0.148569362421357
0.0638121869522463	0.0862452426791537
-0.359288966526127	0.510145243803419
0.105714948166869	0.141737035658952
0.0504678728415954	0.065321754387059
0.00262743145810609	0.00234715570799752
-0.384071177049481	0.774031177175027
0.128511678759952	0.13981058102345
-0.0264808065447052	0.019243533554556
-0.93054456928781	1.3681424569872
-0.900670968671	1.19618834024924
0.0506758910001259	0.051241259429434
0.0672054642490322	0.0764585439870292
0.270991739365169	0.343827023219682
-0.0963450929698345	0.0758164367906063
-0.0413915853022549	0.023744724198284
-0.141737858730437	0.103665052368174
0.304314836824937	0.247510423752515
-0.442322538468166	0.426236673095602
0.142751415077489	0.134956814748993
-0.0365738421757165	0.204378951369514
-0.187727627365657	1.76470246119567
-0.268938248860319	2.40752116269252
0.216686841405585	1.39602224761337
0.354454809769937	3.02873769711808
0.0140543057670668	0.0469253841665166
0.316546708253309	1.70465891799018
0.0720905251849892	0.187250681045733
0.0650264140263023	0.191034641799516
-0.287761029233266	1.37018787722604
-0.078620213749342	0.205681789153107
-0.346238142525349	1.5131859139696
0.717531391404541	3.65772770615448
0.172803543779502	0.30587477900556
0.729563464007913	2.05423696442875
0.404499666262259	0.962542524937908
-0.193340190971148	0.441454409273713
0.206282463173636	0.37155606092423
0.0551884592413672	0.106035780301759
-0.320573775163044	0.760270564056011
-0.426197691480275	1.59200630226397
-0.398349492950416	1.03405702287173
-0.343550327513819	0.699911557203198
0.0370442116765448	0.0562277505929347
-0.105252918576772	0.194474020575214
-0.0182113776110999	0.0275484106239801
0.0299372839997603	0.0446341071618559
-0.0915261605780837	0.133459958854424
-0.334177078380661	0.872047077268609
-0.244706032966867	0.678163736336391
0.325709390920099	0.54934083714833
0.154539633913426	0.220345409420848
0.891097250015318	1.17515895436655
1.24719074582974	1.47645409217925
0.234144709767855	0.131936147934592
0.383866293132381	0.351446898700976
0.857658114081804	0.894067911912343
0.680703882050784	0.61974499204672
0.0295005494625316	0.0241762109863899
0.280539932091734	0.29429809970009
-0.0461528972503051	0.0421225911942643
0.029687843702233	0.0385140194757726
-0.106614155455164	0.166654365849822
-0.0995466979117711	0.147679203208268
-0.00283984655667427	0.00346436247658096
0.116604003581133	0.216565378245197
-0.249496749322487	0.598232393865593
-0.600837898558829	1.89974539236123
-0.327702682108456	0.829699619001193
-0.57069645655522	1.72758792932604
-0.139365660009604	0.280246456843604
-0.528935220080041	1.5068092216464
-0.0165784290061594	0.0234012054194079
-0.366650046401058	0.357924594238296
0.227494877145441	0.265822592200733
-0.475960584894932	0.893308338639254
0.171072853931937	0.18226607147841
0.132905969642763	0.0997076393861087
1.00081955176507	1.08174591656518
-0.0450052016223005	0.0565591512480087
-0.48431836408776	0.627200328786794
-0.00234945515517655	0.00258607712226686
-0.191296991501263	0.281413411910918
0.0702841108456087	0.0378018248935485
-0.0853993930390009	0.0437422271767933
0.449889941806599	0.452980647404849
0.24411217082757	0.354096983990501
-0.523426265635846	0.618019213348515
-0.522811421880209	0.412910849204531
-0.00184754542098053	0.00119612035818897
0.818560826201758	0.65101254052298
0.412057041660709	0.342766762131151
-0.0859628069900885	0.604990981351937
0.047925135701632	0.255320471283294
0.491833579935569	6.25904485249543
0.489384797706305	6.12161695924317
0.0976563530477379	0.487673041559344
0.212833468043891	0.995439260677149
0.248679204479206	1.0763851798999
0.0484648070684572	0.136352971993999
-0.00361421485067023	0.00912682935986329
0.119936117320548	0.337255306620611
-0.00213690809355244	0.00493243253766794
0.941083222364336	4.25056022718757
0.633247746144286	1.31185676100368
0.602473321258368	1.07260341617288
0.313699474112466	0.498780630354337
0.305089686520019	0.67623740508506
0.364317594807092	0.6617131862748
0.00394795948663198	0.00648631448893003
-0.171109409000576	0.272810186784189
-0.0614808274411978	0.128607941203888
0.195970765962082	0.375693437112939
0.330443701335265	0.562113519117228
0.281104925810438	0.532164582111087
-0.181684062417813	0.333533692831039
-0.0523840244752308	0.0747235734321258
0.284172445631227	0.599739893132149
0.443283364267442	0.840019217189898
-0.0972600574703449	0.174080109037386
-0.326842482932473	1.05275958874859
0.24940731222644	0.313128757909806
0.143337229368061	0.170450367270278
-0.202892890956869	0.146364426497727
-0.163160081793596	0.102878835670775
1.25285835454097	1.17366901935838
1.15548566929934	1.17182262495788
-0.29084617672568	0.156213423143163
-0.285376683793367	0.155862841854888
-0.311431871378109	0.2085558789777
-0.779777462321524	0.628699413355038
0.348987926956556	0.351232110354031
-0.700713009510328	1.44563025538093
0.256389043202471	0.443300478245385
0.109962619686823	0.154819553623471
-0.282072540464162	0.43086270439772
0.0159207279536311	0.0274077156313998
0.0920917067283902	0.176026504198144
-0.0786586936311344	0.133658524345306
0.159358472430044	0.337206207974144
0.16413430174284	0.272033246063934
-0.295155474084354	0.650435747852992
-0.0528005163922815	0.0790311076505076
0.255570917770501	0.445120119218473
1.46822774431449	2.04740495346005
0.108455252852131	0.0737200341209763
0.0378260933587043	0.0471925967204056
-0.238615602436839	0.254530748044747
0.211118220126213	0.14758856426331
-0.0726681218070535	0.0397290048155387
0.0468041886264077	0.0577895715227822
-0.37415210674936	0.344130457792276
0.083625524558829	0.0478638535463409
-0.42578362648368	0.263273651983389
-0.46489898210033	0.375661013966775
0.00935722392228882	0.00854372517732175
0.465846888588251	0.458838252925775
0.596564868466581	0.187568213950597
2.03889200409726	0.908135882767002
-0.027195982027037	0.138907939563713
0.340978834430646	4.35465540869179
-0.227735357834107	2.08631583472981
-0.57671261732055	8.75290889816869
0.233984247520759	1.30522231473541
-0.0209659596765109	0.0581628665858297
-0.388861029203461	2.58132701417491
-0.325574328100322	1.91986903731489
-0.108025854317116	0.292286020100949
-0.107417402746661	0.348516916264552
0.764960274387396	3.10712923785882
0.730553957573696	1.85720788002664
1.33363625956683	3.1283288056335
0.768744971537012	1.45861110796701
0.348731113655686	0.882484294705297
-0.10850359854509	0.134298187267135
0.470467094737389	1.72282101309698
0.291068742029801	0.503639497138177
0.244184457694606	0.675533084433407
0.0776262405180177	0.119441256044542
-0.133760668806241	0.175890051609982
0.499012252270921	1.13090508166432
-0.217184581274016	0.356968338237183
0.248538227974219	0.436541018885946
0.340411014543023	0.747317018522131
-0.34944743221498	0.502427261432708
-0.205060427278203	0.413770768134127
-0.284412380146386	0.762711474301312
0.372984658952113	0.557141916655736
0.151453990307097	0.179631922283612
-0.132754344240015	0.0866123927771616
-0.277720677879634	0.152698792309622
0.624995085451312	0.384951459526537
1.79278664085939	1.83194473854727
-0.476377762577316	0.332702528395191
1.8204148582444	1.48088406378404
0.21463683841767	0.143489445594786
-0.378584762834456	0.317576938371108
0.141736221189338	0.123536137405219
0.256135979762711	0.405938855854534
0.106561143941354	0.166715663135664
-0.0706283399080008	0.0999573208464751
0.0800775149026243	0.0884595953211298
0.0577110876864674	0.0951474785083995
-0.0646170204599396	0.112348422531119
-0.10860939702025	0.170001925974816
0.174511297010923	0.310916263698705
0.169381216258955	0.269951834159061
0.210609619877447	0.334557366977222
-0.711361309215175	0.679548512353614
0.336363476247413	0.248522293087181
-0.784104141717831	0.695389173636906
0.0523565202185171	0.0686474607147644
-0.115751373686774	0.0566747950983494
-0.144559412831993	0.0625026034717266
0.395263911508239	0.353288679861512
0.226408813257592	0.27060678443725
-0.195402588412455	0.158712594060039
1.49128254334543	0.720675347223718
0.0115641493186556	0.0567767544990624
-0.239789461291553	2.42846194278763
-0.409791631572551	5.05527558323593
0.0831554292421518	0.327872302401514
0.131080289024296	0.481727543804597
-0.326375986312115	2.14296401164071
-0.396693963792985	2.66064379438937
-0.091034551773663	0.266119943847071
-0.0627308103892024	0.165156363763376
0.734186571517521	3.103659397047
0.588949343098652	1.46642158215439
0.249409978016956	0.415916523393908
0.169111999084638	0.263337075278071
-0.04132125442776	0.0652003178476488
0.421244588931548	0.786297679477398
0.0480381499011053	0.0905313221775112
0.0888617278679821	0.125096497057629
-0.154307777996729	0.359668258477185
-0.34971840421223	0.769474328700409
-0.256234024111576	0.419230529253015
-0.107597800935458	0.157313795113312
0.295310492727518	0.629182205650856
0.141704485858689	0.230006233670496
0.0804720397163671	0.127161860123287
-0.0295328135833725	0.0376439880147169
-0.254602815795651	0.500777070410165
0.00472729152597906	0.00744872143570962
0.831865774026129	1.58001470041786
0.222189952258483	0.231591157839259
-0.686523133474276	0.564930819724704
-0.368432202198139	0.236280692985101
0.565912516164938	0.37409134106377
0.334035883678473	0.229275540077344
-0.308929830826434	0.205991292185304
-0.490227487979978	0.340838024939073
-0.523125193667466	0.416358003061172
0.28536671872986	0.272337201334328
-0.063765563620577	0.0493487023695152
-0.148984884926532	0.186131774263691
-0.17309413025482	0.262152979864251
0.0728034354408282	0.0986499032806601
0.142154592363564	0.174932525123582
0.239959321948982	0.48583865022037
-0.116092203945308	0.204995751889198
0.152992411364611	0.300229061425344
0.00843485444322887	0.0113420477031535
0.0163377190061782	0.0219531658818546
0.330395397480644	0.721672963151239
0.142316142489926	0.204542156893279
0.445657917993784	0.449100582907984
-0.603493790657856	0.646039244050502
0.093876636126363	0.0595641750249982
0.128570299266129	0.171823622276957
-0.684943217332364	0.824277802125733
0.465948759496201	0.35870003827202
-0.364622972010701	0.302701954528555
0.0667858154371518	0.0640809022798462
0.215441373803688	0.164221716312491
-0.238854763255709	0.16953646962704
-0.0439601019660796	0.255071097052768
-0.112173722178146	0.775462675958968
0.42938616584658	4.16939593848191
0.174995454199107	0.821537861335422
-0.288517769747088	2.035530149298
-0.156830984226041	0.725968750843889
0.204481742957492	0.78688906778888
0.0622273720780009	0.178218756502703
0.790267117824035	1.85480621375618
0.753130136040947	1.90888067351417
-0.0383300851695104	0.0663311067767519
0.521580961409452	1.04722727701525
0.195137413080426	0.485938709142371
-0.062759276673572	0.0871357251476669
-0.0621935833758244	0.124765226818814
0.417271665110809	1.03835142412369
0.132694133546578	0.172843947063221
0.286828411061997	0.546848510997093
0.27373083776216	0.542541517927283
-0.139605227675116	0.227701626346419
0.489632712146757	0.92710082496495
0.652228079464624	2.13252124891828
0.033413067746965	0.0587891229006655
0.101456801270274	0.121996056016422
0.754814782656069	1.17566319474618
0.115828155465622	0.0800679634744653
-0.119041347326751	0.0570222464662628
1.16301940995023	0.771553331244302
-0.0994679861007783	0.0652569056607424
1.02634032935488	0.832387844427789
0.484226902722184	0.359889016195793
-0.327578969006973	0.274139604550149
0.523910913259735	0.641212445272343
0.136486286269964	0.115469941076435
0.35516441636686	0.501951538838481
0.315187277811735	0.610286385765054
0.74503799370141	1.86398955064505
0.0312240874022408	0.0470607517913539
0.360652234086865	0.963654792504797
0.0150470855521651	0.0209848887787806
0.0648397495133025	0.103585414241576
0.0912048605050692	0.130551215139101
0.159498618661381	0.251488131806126
-0.780788894863618	0.804500603336173
0.0403628605708303	0.0393319106145806
0.14141040565859	1.19564806476585
0.00984631372334931	0.0425096774015011
-0.0871086453537407	0.438390015083695
-0.381190384625252	3.72954576092225
0.0767294525633387	0.28504261976236
0.0398606839065643	0.136406118243699
0.693349917515502	2.13859901069788
0.114051158859433	0.172415829562405
0.302980516249115	0.855442228519996
0.36987159651597	0.786998227362511
0.0846767846412215	0.197784398180563
0.466432237100079	1.10977138269787
0.0386564991774369	0.0859964454978408
-0.093677386398878	0.175221353261436
0.0627433342172379	0.0873289576208441
0.246029800161773	0.522781587497228
0.0217105911000427	0.026265436933157
0.125598218394158	0.242900695409574
0.0308529445912034	0.0566443276072916
0.384506969669351	0.55112154606319
0.00599217066656556	0.00558443868815459
0.214865061843029	0.140914988367923
-1.21863648500313	1.34758241550654
0.362714199107968	0.142998347003327
0.815111730445852	0.428643533555
0.344752038850713	0.239962806387868
1.31001955122726	0.961793079837219
0.068742031061045	0.0281421572053343
0.872638246022211	0.805849263891649
1.12085077349199	1.69656925399373
-0.395511211331631	0.656831662066093
-0.0774587992511185	0.1106826823785
0.218185652369335	0.349061566219598
0.11464697813889	0.136651860824249
0.389957722392558	1.14538778250074
-0.157703475246423	0.311362512620003
0.125377070178326	0.250690891833701
0.150891250630289	0.269618480261119
-0.096120429049631	0.168709642249839
-0.18562423295414	0.297803218198763
-0.526555968271022	0.416329885431958
-0.742527432586917	0.448640271246147
-0.632432981243512	0.408729757628394
0.409920880544429	0.350243144393902
-0.230663463776175	0.270468553590163
-0.307616680602216	0.28746564668648
0.0166604156048006	0.0830778140719345
-0.0750977489941616	0.450603363136978
0.231893091886034	1.74631592250661
0.3752339971901	3.00912613613541
1.15819897011969	5.19795295592058
0.872959976521936	3.50315973301784
0.522668042279582	2.06252409055177
0.686355555424525	2.18961217159166
0.19115226908507	0.498926093670336
0.535020738647284	1.67847078405228
0.0886623986445956	0.215391169208555
0.226520632942252	0.541990648703943
-0.168141558449935	0.280291293315034
0.315038055685988	0.725521994625398
0.223385893564338	0.433979062927939
0.31172028772781	0.706037418172553
-0.0189503054321125	0.0235967341860113
-0.0032347171744779	0.00509861872611071
0.540052482978737	2.05557275045871
0.418715560911379	0.68935269817031
0.654031870474587	1.28534265093584
0.521395277816496	0.450392015300082
0.645208254163982	0.602297358690783
-0.115168408931839	0.0549854961988236
-0.204035023698796	0.124320904068558
0.708906973061283	0.405516043775666
0.517123719387064	0.364571096143728
-0.148919250835384	0.110324231972973
0.00346299754107086	0.00222470308438273
0.204570059623117	0.173641904328623
-0.250694068697915	0.34233300646236
0.250608568941071	0.414879337577469
0.0912179252930475	0.12046916174463
0.235252935876598	0.494670302442591
-0.887077650054416	0.690688924746215
-0.631221890064623	0.749709782539537
0.0768881053125281	0.486701040047961
-0.285155227023346	3.1044138044287
1.42896697486499	5.2653276518367
0.858781090878854	2.30144455348158
0.421335104386468	1.33161115587942
0.666115923825392	1.65433916376726
0.379683632751192	1.26139865761015
0.310661974909719	0.649323381750364
0.272683419669566	0.824410947657141
0.168029994205318	0.343907127971953
0.13015531608309	0.183988039737441
0.194116666089187	0.310511170091573
0.18356104884371	0.310532752859623
-0.1206291347976	0.131797160032244
0.326496356648248	0.718026011086125
0.555112051370288	0.786546641297454
0.224181298320769	0.194376953384047
-0.361170717618974	0.23076286897855
1.02097621178963	0.719964525390767
0.810900664051315	0.422617847045616
0.617942175689145	0.378296392376204
0.422609022801937	0.243124673761617
0.330724559541482	0.245101763789698
0.601419657935589	0.486880856553725
0.0611923131910355	0.0279225779213705
-0.329428959141482	0.253746738682892
-0.240082744325891	0.310897768491253
0.0295792046598982	0.0353415197390703
0.199293438663792	0.266011364908299
0.0798223776995766	0.0811388497309775
0.103551943064767	0.181375343350807
0.267000994156342	0.510120396607253
-0.0384749208104828	0.210135055459321
0.825329604858487	4.81190023176908
0.635697579970436	3.41382704462399
0.588156057085769	2.11199493892717
0.381194602158993	1.37029944791347
0.634614388679596	2.75266260861457
0.880466235821427	3.87440705501354
0.624775956787763	2.58539654573874
0.186701294619964	0.367417054790516
0.312149905137018	0.753931936609979
0.436687689812624	1.05226342296959
0.467073484676016	1.50053501121699
0.208978328035951	0.274002347083469
0.804154406488087	1.70510542909212
0.675257005151433	0.975787538072716
0.58117048352201	0.578459079841436
0.0541014993494978	0.040023991447593
1.24477727460841	1.49729033172073
0.908708211917756	0.913491603485607
0.211237519650375	0.158255930136044
0.00539588772869953	0.00422586350919206
0.098129161800585	0.0843891981147322
0.126711670243608	0.129444073625847
0.506754552694721	0.958379399086165
0.161871207111429	0.485670779446144
-0.0768410367268796	0.228039199057034
0.345936626330597	1.19480132928497
0.16715938561433	0.584893716114175
0.176555739175823	0.495207251574392
0.0587822513344866	0.0839072560166233
0.452652931080277	0.982826183764688
0.154239736672526	0.156779784228874
0.638589229637873	0.699568817573188
0.736500586841376	0.835899587841252
0.520522115867082	0.629457465214273
0.347059351468524	0.479400867550796
0.403586173163744	2.40210209683113
0.0543148133518593	0.168544342032823
0.158713257236206	0.467196021427494
0.262794369521626	1.02391477276264
0.196614925799503	0.256703946448189
0.636632653846318	1.2229344637058
0.150655565072126	0.210217148962649
0.117734293605528	0.112284771921523
